sku_id,location,shelf_stock,qty_on_order,avg_sales_day,leadtime_days,selling_price,Line,Online Reserved,Damaged Stock,wk8_sold,wk7_sold,wk6_sold,wk5_sold,wk4_sold,wk3_sold,wk2_sold,wk1_sold
BP-FACE-30ml,Mumbai,131, 28 ,6.9,8,₹699,Face Serum,4,1,36,40,49,60,53,45,46,53
BP-FACE-30ml,Delhi,36,0,2.9,6,₹699,Face Serum,0,1,18,25,24,18,19,16,20,17
BP-FACE-30ml,Bengaluru,6,59,11.0,4,699,Face Serum,4,0,90,89,72,76,75,89,64,76
BP-FACE-30ml,Hyderabad Kiosk,16,0,5.3,4,Rs. 699,Face Serum,12,0,32,30,34,43,39,29,36,29
BP-FACE-30ml,Chennai,73,0,3.7,8,₹699,Face Serum,12,1,20,25,22,26,28,31,32,20
BP-FACE-30ml,Kolkata,279,0,13.7,8,699.00,Face Serum,0,0,86,86,91,98,117,75,84,117
BP-FACE-30ml,Pune Kiosk,173,0,13.1,6,699,Face Serum,12,0,75,103,92,85,70,80,91,92
BP-FACE-30ml,Ahmedabad,70,0,13.9,6,Rs. 699,Face Serum,12,3,89,97,117,77,117,119,106,112
BP-FACE-30ml,Jaipur,43,0,4.6,4,₹699,Face Serum,4,3,35,34,27,33,25,26,33,25
BP-FACE-30ml,Lucknow,15,0,3.5,8,699,Face Serum,0,0,22,26,28,19,28,20,19,19
BP-FACE-30ml,Surat,327,0,12.8,8,₹699,Face Serum,12,3,74,79,85,103,97,75,75,87
BP-FACE-30ml,Indore,75,41,5.4,6,₹699,Face Serum,12,3,41,39,33,33,45,43,35,35
BP-FACE-30ml,Nagpur, 62 ,0,5.7,6,699,Face Serum,12,0,36,33,43,43,36,44,47,37
BP-FACE-30ml,Kochi,35,0,8.9,4,₹699,Face Serum,0,0,52,72,62,76,49,188,52,55
BP-FACE-30ml,Chandigarh,4,0,6.3,4,699.00,Face Serum,0,0,54,40,38,53,45,34,33,33
BP-FACE-30ml,Bhopal,268, 104 ,12.7,8,699.00,Face Serum,0,0,103,90,111,76,70,84,95,101
BP-FACE-30ml,Patna Kiosk,17,0,3.1,6,699.00,Face Serum,0,1,24,17,18,16,24,21,16,19
BP-FACE-30ml,Vadodara,122,54,7.1,6,699.00,Face Serum,4,0,52,41,38,56,55,54,61,45
BP-FACE-30ml,Ludhiana,16,0,7.5,8,699,Face Serum,0,0,57,48,47,40,42,65,54,60
BP-FACE-30ml,Agra,69,0,10.5,4,699,Face Serum,0,1,66,89,75,70,74,69,58,57
BP-FACE-30ml,Nashik,93,69,8.3,6,₹699,Face Serum,4,0,48,58,62,56,66,59,44,55
BP-FACE-30ml,Meerut,82,0,4.2,8,Rs. 699,Face Serum,0,0,23,25,28,28,28,23,26,28
BP-FACE-30ml,Rajkot,105,0,13.6,6,699,Face Serum,0,3,89,111,72,86,96,85,90,99
BP-FACE-30ml,Varanasi,75,0,5.4,8,₹699,Face Serum,0,0,37,31,46,34,38,47,31,30
BP-FACE-30ml,Amritsar,14,0,4.2,4,699,Face Serum,12,0,25,31,37,30,28,22,25,29
BP-FACE-30ml,Noida,73.5,0,6.3,4,₹699,Face Serum,12,0,38,39,41,41,50,49,45,34
BP-FACE-30ml,Gurugram,27,0,6.4,4,₹699,Face Serum,0,0,46,49,34,52,40,43,43,34
BP-FACE-30ml,Coimbatore,207,0,11.7,8,699,Face Serum,0,1,92,70,64,93,89,62,63,79
BP-FACE-30ml,Madurai,239,0,11.9,6,N/A,Face Serum,0,3,65,67,97,73,101,103,96,68
BP-FACE-30ml,Guwahati,26,0,12.4,6,699,Face Serum,0,1,76,106,82,90,81,73,99,79
BP-FACE-30ml,Mumbai City Mall,48,0,10.9,6,₹699,Face Serum,12,3,89,59,58,69,71,94,85,74
BP-FACE-30ml,Delhi City Mall, 142 ,51,8.5,8,699,Face Serum,0,3,57,63,67,68,57,57,66,57
BP-FACE-30ml,Bengaluru City Mall Kiosk,139,29,12.9,4,699,Face Serum,0,1,112,96,106,109,91,106,93,102
BP-FACE-30ml,Hyderabad City Mall,69,0,8.1,4,699,Face Serum,4,3,47,66,71,56,45,62,45,65
BP-FACE-30ml,Chennai City Mall,96,-12,9.4,8,₹699,Face Serum,12,0,60,62,79,77,53,64,77,82
BP-FACE-30ml,Kolkata City Mall,55,0,10.7,,699.00,Face Serum,0,1,65,68,73,78,88,84,90,80
BP-FACE-50ml,Mumbai,25,49,7.6,6,₹999,Face Serum,0,1,66,42,47,51,60,54,42,57
BP-FACE-50ml,Delhi,85,0,6.1,8,₹999,Face Serum,0,0,34,45,53,37,41,36,53,47
BP-FACE-50ml,Bengaluru,18,0,4.4,8 days,999,Face Serum,4,0,32,36,24,28,33,28,37,28
BP-FACE-50ml,Hyderabad Kiosk,92,0,13.5,6,Rs. 999,Face Serum,4,1,72,94,77,86,108,98,110,96
BP-FACE-50ml,Chennai,64,0,,6,999,Face Serum,12,1,42,57,66,44,66,50,58,58
BP-FACE-50ml,Kolkata,110,0,11.2,6,999,Face Serum,0,0,86,66,59,81,75,64,67,89
BP-FACE-50ml,Pune Kiosk,176,0,13.8,8,999,Face Serum,12,0,74,102,73,95,336,80,121,101
BP-FACE-50ml,Ahmedabad,(5),0,8.8,6,₹999,Face Serum,0,0,56,63,68,70,62,52,62,49
BP-FACE-50ml,Jaipur,173,93,12.8,8,₹999,Face Serum,12,0,100,110,86,70,71,76,100,81
BP-FACE-50ml,Lucknow,33,0,2.4,6,₹999,Face Serum,12,0,13,15,15,14,14,13,21,13
BP-FACE-50ml,Surat,128,103,12.0,8,₹999,Face Serum,0,0,70,76,94,89,75,65,80,104
BP-FACE-50ml,Indore,145,0,12.9,6,999,Face Serum,12,0,98,90,94,78,96,109,71,89
BP-FACE-50ml,Indore,145,0,12.9,6,999,Face Serum,12,0,98,90,94,78,96,109,71,89
BP-FACE-50ml,Nagpur,65,0,8.3,4,999.00,Face Serum,0,0,53,45,44,51,65,53,69,60
,Kochi,29,0,2.3,8,₹999,Face Serum,0,0,19,19,17,17,13,13,14,19
BP-FACE-50ml,Chandigarh,69,0,4.2,8,Rs. 999,Face Serum,0,0,35,36,26,32,34,34,22,23
BP-FACE-50ml,Bhopal,17,0,8.8,4,₹999,Face Serum,4,0,74,53,55,55,52,49,71,49
BP-FACE-50ml,Patna Kiosk,82,0,6.0,8,999.00,Face Serum,12,1,38,38,37,43,50,45,40,46
BP-FACE-50ml,Vadodara,32,0,2.5,8,999,Face Serum,0,3,20,19,17,17,18,20,22,15
BP-FACE-50ml,Ludhiana,183,0,9.2,6,999,Face Serum,0,1,74,63,71,65,69,72,58,74
BP-FACE-50ml,Agra,30,0,2.8,4,Rs. 999,Face Serum,0,1,23,16,21,18,23,24,24,17
BP-FACE-50ml,Nashik,92,0,7.2,4,999,Face Serum,0,3,53,47,62,53,54,41,40,38
BP-FACE-50ml,Meerut,36,0,5.3,6,Rs. 999,Face Serum,0,1,39,44,46,32,35,36,40,34
BP-FACE-50ml,Rajkot,98,0,12.6,8,999,Face Serum,4,1,109,75,69,102,106,71,84,77
BP-FACE-50ml,Varanasi,19,0,2.3,6,999,Face Serum,0,1,18,14,13,18,20,16,17,17
BP-FACE-50ml,Amritsar,88,0,4.9,8,999,Face Serum,0,0,37,31,31,43,39,35,37,31
BP-FACE-50ml,Noida,114,0,5.8,8,₹999,Face Serum,12,3,46,37,46,46,44,43,33,49
BP-FACE-50ml,Gurugram,76,0,6.3,6,₹999,Face Serum,0,3,33,52,33,41,39,49,38,51
BP-FACE-50ml,Coimbatore,18,0,10.7,6,999,Face Serum,4,1,74,58,91,74,82,61,93,82
BP-FACE-50ml,Madurai,40,0,12.7,6,₹999,Face Serum,0,3,105,84,75,100,82,108,84,80
BP-FACE-50ml,Guwahati,26,20,11.2,4,999,Face Serum,0,0,90,59,65,95,94,98,70,78
BP-FACE-50ml,Mumbai City Mall,102,0,8.5,4,₹999,Face Serum,0,1,59,47,52,71,74,48,52,50
BP-FACE-50ml,Delhi City Mall,140,53,7.0,8,999,Face Serum,0,1,38,58,39,51,55,46,56,51
BP-FACE-50ml,Bengaluru City Mall Kiosk,46,17,6.8,4,Rs. 999,Face Serum,4,0,58,42,49,49,57,46,42,47
BP-FACE-50ml,Hyderabad City Mall,91,0,10.7,6,999,Face Serum,0,0,68,78,71,85,82,87,90,69
BP-FACE-50ml,Chennai City Mall,35,16,2.5,6,999,Face Serum,0,0,21,22,14,14,20,20,13,14
BP-FACE-50ml,Kolkata City Mall,20,0,3.7,4,999,Face Serum,12,0,23,24,29,22,89,32,26,27
BP-FACE-100ml,Mumbai,92,0,12.2,4,₹999,Face Serum,4,0,76,83,79,77,64,96,87,89
BP-FACE-100ml,Delhi,129,0,12.2,6,999,Face Serum,0,3,84,67,74,104,104,100,98,97
BP-FACE-100ml,Bengaluru,234,0,10.7,8,999,Face Serum,4,3,93,64,90,82,88,90,81,85
BP-FACE-100ml,Hyderabad Kiosk, 40 ,0,3.7,8,₹999,Face Serum,12,0,24,25,30,20,29,25,22,21
BP-FACE-100ml,Chennai,212,0,10.4,6,999,Face Serum,0,0,63,75,72,58,88,85,79,72
BP-FACE-100ml,Kolkata,117,0,10.2,4,999,Face Serum,12,0,89,55,75,60,70,58,77,79
BP-FACE-100ml,Pune Kiosk,40.5,0,2.2,8,Rs. 999,Face Serum,0,0,13,14,18,16,13,15,15,19
BP-FACE-100ml,Ahmedabad,43,0,12.9,6,999,Face Serum,0,0,71,108,75,86,78,112,89,76
BP-FACE-100ml,Jaipur,10,0,2.1,4,999,Face Serum,4,0,12,17,16,15,15,13,12,14
BP-FACE-100ml,Lucknow, 50 ,0,3.3,8,999,Face Serum,4,3,25,18,21,20,20,18,26,19
BP-FACE-100ml,Surat,29,0,7.7,8,999.00,Face Serum,0,3,52,66,45,41,53,53,64,58
BP-FACE-100ml,Indore,22,0,6.6,4,Rs. 999,Face Serum,12,1,51,38,50,57,41,57,39,39
BP-FACE-100ml,Nagpur,40,0,13.9,6,999,Face Serum,12,0,95,98,110,119,111,121,118,114
BP-FACE-100ml,Kochi,214,0,10.8,6,₹999,Face Serum,12,0,60,71,79,65,90,61,79,75
BP-FACE-100ml,Chandigarh,75,0,3.4,8,₹999,Face Serum,0,3,23,22,19,20,18,22,23,29
BP-FACE-100ml,Bhopal,94,0,4.9,6,N/A,Face Serum,0,3,40,35,32,30,43,29,36,35
BP-FACE-100ml,Patna Kiosk,163,0,13.2,8,999,Face Serum,4,1,70,90,74,70,99,102,103,82
BP-FACE-100ml,Vadodara,47,0,7.5,4,999,Face Serum,0,0,64,50,42,54,55,56,65,57
BP-FACE-100ml,Ludhiana,14,0,3.7,4,999.00,Face Serum,4,0,29,29,28,29,28,19,26,30
BP-FACE-100ml,Agra,111,80,8.9,8,Rs. 999,Face Serum,4,0,57,67,65,64,74,57,70,60
BP-FACE-100ml,Nashik,24,0,2.3,6,₹999,Face Serum,0,0,20,18,12,20,15,15,19,19
BP-FACE-100ml,Meerut,132,63,5.8,8,999,Face Serum,0,3,32,37,37,39,44,31,31,37
BP-FACE-100ml,Rajkot,32,0,2.7,4,₹999,Face Serum,0,0,23,18,24,24,21,21,18,17
BP-FACE-100ml,Varanasi,226,0,13.2,6,999,Face Serum,12,1,103,111,92,85,111,72,85,92
BP-FACE-100ml,Amritsar,24,0,8.9,4,999,Face Serum,0,0,55,69,48,53,78,66,56,73
BP-FACE-100ml,Noida,128,0,10.3,4,₹999,Face Serum,0,1,83,63,70,71,86,54,72,78
BP-FACE-100ml,Gurugram,30,15,3.3,6,999,Face Serum,12,3,27,28,23,19,27,19,21,28
BP-FACE-100ml,Coimbatore,101,0,5.3,8,₹999,Face Serum,12,1,43,39,43,34,43,34,46,29
BP-FACE-100ml,Madurai,85,40,7.2,6,Rs. 999,Face Serum,0,3,61,46,55,51,59,46,156,63
BP-FACE-100ml,Guwahati,95,0,6.0,8,₹999,Face Serum,0,0,51,36,38,38,51,45,49,37
BP-FACE-100ml,Mumbai City Mall,93,61,13.4,4,999,Face Serum,0,3,84,89,81,75,87,76,99,71
BP-FACE-100ml,Delhi City Mall,87,17,8.0,4,₹999,Face Serum,0,0,54,48,68,52,69,47,57,49
BP-FACE-100ml,Bengaluru City Mall Kiosk,166,0,10.0,6,₹999,Face Serum,12,0,76,54,62,54,85,72,82,76
BP-FACE-100ml,Hyderabad City Mall,48,-18,9.8,8,₹999,Face Serum,0,0,76,85,57,58,66,74,78,69
BP-FACE-100ml,Chennai City Mall,8,12,3.3,4,Rs. 999,Face Serum,12,1,28,19,17,19,23,18,21,27
BP-FACE-100ml,Kolkata City Mall,136,0,10.1,6,999,Face Serum,0,0,75,72,73,62,59,80,88,72
BP-FACE-200ml,Mumbai,27,0,3.0,,₹199,Face Serum,4,0,25,18,21,21,26,21,18,25
BP-FACE-200ml,Delhi,36,0,3.9,4,199,Face Serum,0,0,23,22,23,27,32,31,34,27
BP-FACE-200ml,Bengaluru,249,44,12.8,8,₹199,Face Serum,12,0,75,109,70,110,97,97,70,108
BP-FACE-200ml,Hyderabad Kiosk,183,0,8.8,8,199.00,Face Serum,0,0,74,62,69,51,69,72,75,49
BP-FACE-200ml,Chennai,55,0,6.3,4,Rs. 199,Face Serum,4,1,48,41,34,45,49,50,51,34
BP-FACE-200ml,Kolkata,60,0,6.8,4,199,Face Serum,12,1,45,39,54,41,36,51,56,45
BP-FACE-200ml,Pune Kiosk,154,0,6.7,8,₹199,Face Serum,4,0,52,40,57,40,58,37,41,52
BP-FACE-200ml,Ahmedabad,22,0,4.1,8,199,Face Serum,12,0,26,25,24,35,28,22,31,27
BP-FACE-200ml,Jaipur,11,0,5.1,4,₹199,Face Serum,0,0,41,42,36,30,28,30,39,40
BP-FACE-200ml,Lucknow, 5 , 22 ,10.8,4 days,Rs. 199,Face Serum,0,0,85,92,83,57,68,72,85,74
BP-FACE-200ml,Surat,96,0,9.9,8,Rs. 199,Face Serum,12,0,82,74,54,62,61,63,82,70
BP-FACE-200ml,Indore,107,0,11.3,4,199,Face Serum,4,0,91,67,64,60,66,80,75,84
BP-FACE-200ml,Nagpur,66,24,10.2,4,199,Face Serum,0,3,68,78,78,87,65,69,75,77
BP-FACE-200ml,Kochi,28,0,3.1,6,₹199,Face Serum,12,3,17,24,22,25,24,20,23,16
BP-FACE-200ml,Chandigarh,22,0,3.2,4,199.00,Face Serum,4,0,18,19,19,23,19,21,24,23
BP-FACE-200ml,Bhopal,37,91,,8,Rs. 199,Face Serum,0,1,80,116,97,113,107,95,106,113
BP-FACE-200ml,Patna Kiosk,158,0,8.4,8,199,Face Serum,0,1,70,64,65,55,47,66,57,71
BP-FACE-200ml,Vadodara,204,0,10.9,8,199,Face Serum,0,3,85,83,62,82,63,59,92,64
BP-FACE-200ml,Ludhiana,26,0,10.0,6,₹199,Face Serum,0,0,59,75,54,65,72,85,85,53
BP-FACE-200ml,Agra,164, 43 ,12.5,4,199,Face Serum,4,3,89,82,104,106,71,78,103,85
BP-FACE-200ml,Nashik,213,0,11.9,8,199,Face Serum,4,0,99,84,99,72,103,86,104,93
BP-FACE-200ml,Meerut,67,34,6.4,4,199,Face Serum,0,0,54,52,39,36,34,137,38,53
BP-FACE-200ml,Rajkot,128,0,11.5,6,199,Face Serum,12,3,84,81,100,82,70,72,68,72
BP-FACE-200ml,Varanasi,3.5,0,2.7,4,₹199,Face Serum,4,3,21,15,17,17,19,23,16,16
BP-FACE-200ml,Amritsar,-7,21,7.7,6,₹199,Face Serum,0,1,41,43,66,53,65,47,59,42
BP-FACE-200ml,Noida,32,0,12.0,8,Rs. 199,Face Serum,4,0,80,71,77,92,75,101,64,86
BP-FACE-200ml,Gurugram,23,0,3.7,4,199,Face Serum,12,0,32,29,22,30,31,23,27,24
BP-FACE-200ml,Coimbatore,1,30,3.1,8,199,Face Serum,0,0,22,23,22,17,24,23,18,19
BP-FACE-200ml,Madurai, 92 ,0,12.6,4,₹199,Face Serum,4,0,74,86,103,82,109,78,83,75
BP-FACE-200ml,Guwahati,135,0,12.8,8,199,Face Serum,0,0,103,71,71,68,79,70,106,109
BP-FACE-200ml,Mumbai City Mall, 139 ,0,13.3,6,199,Face Serum,0,1,107,114,95,90,97,90,78,71
BP-FACE-200ml,Delhi City Mall,116,0,10.1,4,199,Face Serum,0,1,73,71,61,81,81,55,87,60
BP-FACE-200ml,Bengaluru City Mall Kiosk,95,0,8.0,8,199,Face Serum,0,0,57,50,62,61,64,65,48,58
BP-FACE-200ml,Hyderabad City Mall,30,0,10.8,4,199,Face Serum,4,1,81,61,61,78,71,80,61,91
BP-FACE-200ml,Chennai City Mall,110,0,13.5,4,₹199,Face Serum,4,1,73,95,103,108,117,117,89,72
BP-FACE-200ml,Kolkata City Mall,28,10,3.5,6,199.00,Face Serum,4,1,20,22,21,28,28,27,21,26
BP-VIT--30ml,Mumbai,181,0,10.7,8,₹349,Vit-C Cream,4,0,81,74,75,86,58,64,73,73
BP-VIT--30ml,Mumbai,181,0,10.7,8,₹349,Vit-C Cream,4,0,81,74,75,86,58,64,73,73
BP-VIT--30ml,Delhi,167,0,13.6,4,349,Vit-C Cream,0,0,99,96,98,95,80,104,118,99
BP-VIT--30ml,Bengaluru,108,0,10.1,6,N/A,Vit-C Cream,12,3,64,76,60,58,76,55,67,69
BP-VIT--30ml,Hyderabad Kiosk,59,0,9.9,8,349,Vit-C Cream,0,0,71,67,82,64,65,77,65,68
BP-VIT--30ml,Chennai,74,0,7.8,6,₹349,Vit-C Cream,0,0,43,49,55,57,47,46,52,44
BP-VIT--30ml,Kolkata,21,29,4.0,6,349,Vit-C Cream,4,0,34,35,34,34,34,28,28,22
,Pune Kiosk,14,0,6.3,8,₹349,Vit-C Cream,4,0,49,41,45,43,53,52,40,35
BP-VIT--30ml,Ahmedabad,49,109,10.9,8,349,Vit-C Cream,0,0,94,77,89,62,79,77,76,89
BP-VIT--30ml,Jaipur,232,0,13.2,8,₹349,Vit-C Cream,4,3,72,73,90,99,92,89,103,89
BP-VIT--30ml,Lucknow, 62 ,0,4.4,6,₹349,Vit-C Cream,12,0,35,34,32,32,32,28,33,33
BP-VIT--30ml,Surat,271,0,13.0,8,₹349,Vit-C Cream,12,1,77,94,82,89,95,104,101,107
BP-VIT--30ml,Indore,57,0,3.1,8,349,Vit-C Cream,4,1,23,20,21,21,19,19,22,24
BP-VIT--30ml,Nagpur,39,0,2.1,6,349,Vit-C Cream,12,0,16,14,15,12,16,14,18,13
BP-VIT--30ml,Kochi,77,0,7.6,4,349,Vit-C Cream,12,0,57,64,45,51,53,41,47,61
BP-VIT--30ml,Chandigarh, 32 ,0,2.9,4,349,Vit-C Cream,12,0,22,16,18,18,18,18,60,20
BP-VIT--30ml,Bhopal,49,56,8.8,8,Rs. 349,Vit-C Cream,4,0,62,47,58,62,63,60,66,68
BP-VIT--30ml,Patna Kiosk,94,0,5.9,6,₹349,Vit-C Cream,4,1,50,34,32,41,34,48,36,44
BP-VIT--30ml,Vadodara,40,0,7.0,4,Rs. 349,Vit-C Cream,0,0,53,58,49,46,37,40,54,52
BP-VIT--30ml,Ludhiana,58,0,6.3,4,349,Vit-C Cream,0,0,51,39,53,39,33,52,46,39
BP-VIT--30ml,Agra,183,0,8.5,8,₹349,Vit-C Cream,4,3,48,73,73,74,47,72,60,50
BP-VIT--30ml,Nashik,75,0,12.0,8,349,Vit-C Cream,0,0,75,64,96,66,99,82,65,88
BP-VIT--30ml,Meerut,233,78,12.8,8,₹349,Vit-C Cream,4,0,68,79,88,77,92,84,90,109
BP-VIT--30ml,Rajkot,97,0,10.4,8,349,Vit-C Cream,0,0,60,72,61,64,66,65,80,58
BP-VIT--30ml,Varanasi,1,0,2.5,4,349,Vit-C Cream,0,0,16,18,17,17,15,18,14,21
BP-VIT--30ml,Amritsar,52,38,7.6,6,349,Vit-C Cream,0,0,47,43,54,66,59,43,63,54
BP-VIT--30ml,Noida,73,11,5.9,4,349,Vit-C Cream,0,0,32,38,42,35,32,38,50,35
BP-VIT--30ml,Gurugram,216,0,10.7,8,349,Vit-C Cream,4,0,78,57,64,73,79,57,61,78
BP-VIT--30ml,Coimbatore,146,0,13.0,8,349,Vit-C Cream,12,0,104,77,112,69,98,104,72,74
BP-VIT--30ml,Madurai,6,0,6.4,4,Rs. 349,Vit-C Cream,4,1,47,46,37,52,34,40,48,54
BP-VIT--30ml,Guwahati,154,0,8.3,6,₹349,Vit-C Cream,12,0,72,50,59,59,51,54,47,71
BP-VIT--30ml,Mumbai City Mall,56,0,7.2,8,₹349,Vit-C Cream,0,3,39,47,57,48,43,59,42,40
BP-VIT--30ml,Delhi City Mall,116,119,13.9,8,₹349,Vit-C Cream,12,3,118,111,95,113,83,75,80,105
BP-VIT--30ml,Bengaluru City Mall Kiosk,56,-5,4.2,6,₹349,Vit-C Cream,4,1,25,35,35,32,27,37,35,34
BP-VIT--30ml,Hyderabad City Mall,137,64,12.9,4,₹349,Vit-C Cream,4,0,76,89,88,107,73,68,91,70
BP-VIT--30ml,Chennai City Mall,53,0,12.9,8,349,Vit-C Cream,12,3,68,77,95,98,95,68,107,82
BP-VIT--30ml,Kolkata City Mall,8,0,6.8,4,Rs. 349,Vit-C Cream,12,0,56,55,38,38,39,44,58,42
BP-VIT--50ml,Mumbai,91,0,4.9,8,699,Vit-C Cream,0,1,32,39,36,40,37,27,42,35
BP-VIT--50ml,Delhi,18,0,4.9,,Rs. 699,Vit-C Cream,0,3,39,35,34,27,40,40,35,30
BP-VIT--50ml,Bengaluru,22,0,4.5,4,Rs. 699,Vit-C Cream,0,0,29,37,33,34,24,29,25,24
BP-VIT--50ml,Hyderabad Kiosk,112,0,10.6,6,699,Vit-C Cream,12,3,80,88,69,60,70,67,90,67
BP-VIT--50ml,Chennai,202.5,37,7.8,8,₹699,Vit-C Cream,0,3,42,67,64,59,52,57,65,45
BP-VIT--50ml,Kolkata,101,0,4.0,8,699,Vit-C Cream,0,1,24,33,25,35,28,28,30,28
BP-VIT--50ml,Pune Kiosk,86,0,6.4,4,699,Vit-C Cream,0,0,35,41,55,45,38,45,45,36
BP-VIT--50ml,Ahmedabad,97,0,10.4,4,699,Vit-C Cream,0,0,79,66,62,68,68,198,66,86
BP-VIT--50ml,Jaipur,43,0,7.3,8,699.00,Vit-C Cream,4,0,64,41,60,50,43,56,42,48
BP-VIT--50ml,Lucknow,17,0,8.7,8,699.00,Vit-C Cream,0,0,53,51,74,58,64,59,70,72
BP-VIT--50ml,Surat,95,0,9.4,4,₹699,Vit-C Cream,4,0,66,64,50,68,73,53,54,55
BP-VIT--50ml,Indore,81,0,9.1,4,699,Vit-C Cream,0,0,57,61,76,62,72,59,58,53
BP-VIT--50ml,Nagpur,108,0,9.0,6,699.00,Vit-C Cream,0,0,64,54,68,74,71,49,54,66
BP-VIT--50ml,Kochi,115,0,12.8,8,699,Vit-C Cream,0,3,73,79,72,83,86,109,97,88
BP-VIT--50ml,Chandigarh,217,0,13.4,6,699,Vit-C Cream,0,3,76,95,76,105,71,106,99,97
BP-VIT--50ml,Bhopal,92,41,4.3,8,₹699,Vit-C Cream,12,0,24,36,24,30,24,31,24,24
BP-VIT--50ml,Patna Kiosk,120,0,10.4,8 days,699,Vit-C Cream,0,3,75,71,86,58,86,91,65,61
BP-VIT--50ml,Vadodara,111,0,12.6,8,699,Vit-C Cream,0,0,74,77,78,101,82,78,102,102
BP-VIT--50ml,Ludhiana,105,0,9.7,6,₹699,Vit-C Cream,0,1,66,69,53,55,52,56,81,59
BP-VIT--50ml,Agra,105,0,13.9,4,699,Vit-C Cream,12,0,78,75,109,90,112,102,82,76
BP-VIT--50ml,Nashik,63,0,7.8,4,₹699,Vit-C Cream,0,1,51,48,56,64,66,62,53,42
BP-VIT--50ml,Meerut,34,0,6.5,4,Rs. 699,Vit-C Cream,0,0,52,44,47,38,41,49,54,52
BP-VIT--50ml,Rajkot, 56 ,0,5.4,4,699,Vit-C Cream,12,0,46,32,40,36,34,39,29,31
BP-VIT--50ml,Varanasi,4,46,9.3,4,699,Vit-C Cream,4,1,62,67,73,57,72,59,64,54
BP-VIT--50ml,Amritsar,3,0,4.6,6,₹699,Vit-C Cream,0,3,37,27,35,37,38,34,30,33
BP-VIT--50ml,Noida,71,0,9.4,8,N/A,Vit-C Cream,12,0,75,53,52,55,78,61,76,60
BP-VIT--50ml,Gurugram,91,26,,4,699,Vit-C Cream,0,0,82,59,58,70,80,55,62,69
BP-VIT--50ml,Coimbatore,98,0,6.9,8,699,Vit-C Cream,0,1,54,38,43,38,44,53,55,36
BP-VIT--50ml,Madurai,83,0,11.9,6,₹699,Vit-C Cream,12,3,92,100,82,86,74,93,65,81
BP-VIT--50ml,Guwahati,186,0,9.3,6,Rs. 699,Vit-C Cream,0,3,52,66,79,79,68,56,75,66
BP-VIT--50ml,Mumbai City Mall,63,70,7.8,8,699,Vit-C Cream,0,0,66,57,54,52,43,45,43,68
BP-VIT--50ml,Delhi City Mall,10,0,7.0,4,699,Vit-C Cream,4,0,46,54,48,51,40,51,42,58
BP-VIT--50ml,Bengaluru City Mall Kiosk,6,0,13.0,4,699,Vit-C Cream,4,0,100,69,89,74,78,87,108,82
BP-VIT--50ml,Hyderabad City Mall,67,0,11.8,6,699,Vit-C Cream,12,0,79,83,94,98,84,73,62,72
BP-VIT--50ml,Chennai City Mall,159,54,13.6,4,Rs. 699,Vit-C Cream,4,3,96,96,102,79,81,106,89,106
BP-VIT--50ml,Kolkata City Mall,87,41,12.4,4,Rs. 699,Vit-C Cream,0,0,75,76,78,83,65,75,75,87
BP-VIT--100ml,Mumbai,2,65,10.7,6,349,Vit-C Cream,0,0,60,68,87,78,265,93,74,79
BP-VIT--100ml,Delhi,32,0,2.5,4,349,Vit-C Cream,0,0,18,18,20,19,14,20,21,18
BP-VIT--100ml,Bengaluru,24,0,4.8,6,349,Vit-C Cream,0,0,29,38,30,37,36,36,30,32
BP-VIT--100ml,Hyderabad Kiosk,168,0,6.3,8,₹349,Vit-C Cream,0,0,49,36,45,42,34,53,39,52
BP-VIT--100ml,Chennai,65,39,13.2,6,349,Vit-C Cream,4,3,105,109,91,70,71,99,85,88
BP-VIT--100ml,Kolkata,(4),0,8.1,6,₹349,Vit-C Cream,12,3,64,63,68,55,60,46,60,65
BP-VIT--100ml,Pune Kiosk,15,0,11.1,4,349,Vit-C Cream,4,0,66,62,73,87,97,89,91,97
BP-VIT--100ml,Ahmedabad,130,0,13.8,4,₹349,Vit-C Cream,0,1,80,98,81,99,86,101,114,101
BP-VIT--100ml,Jaipur,150,0,8.9,8,₹349,Vit-C Cream,0,1,66,61,73,58,53,69,77,54
BP-VIT--100ml,Lucknow,18,7,2.2,8,349,Vit-C Cream,4,0,16,13,19,14,15,17,15,16
BP-VIT--100ml,Surat,29,0,10.0,4,349.00,Vit-C Cream,0,0,57,84,66,61,84,60,71,74
BP-VIT--100ml,Indore,172,0,14.0,4,₹349,Vit-C Cream,0,3,110,106,90,112,118,120,86,75
BP-VIT--100ml,Nagpur,56,0,12.3,4,Rs. 349,Vit-C Cream,0,0,79,88,83,66,93,79,95,96
BP-VIT--100ml,Kochi,223,0,12.0,8,₹349,Vit-C Cream,12,0,81,94,74,84,87,103,89,104
BP-VIT--100ml,Chandigarh,87,35,3.3,8,349.00,Vit-C Cream,0,1,25,21,24,29,27,19,21,20
BP-VIT--100ml,Bhopal,44,0,3.2,8,349,Vit-C Cream,4,3,28,19,23,28,17,22,20,25
BP-VIT--100ml,Patna Kiosk,26,0,2.3,8,Rs. 349,Vit-C Cream,0,0,13,18,16,12,19,12,12,13
BP-VIT--100ml,Vadodara,20,0,13.9,4,349,Vit-C Cream,12,3,109,90,93,109,81,116,77,97
BP-VIT--100ml,Ludhiana,52,0,5.0,4,349,Vit-C Cream,0,0,37,42,29,39,36,31,41,36
BP-VIT--100ml,Agra,36,29,3.4,8,Rs. 349,Vit-C Cream,12,0,19,28,22,22,23,23,23,26
BP-VIT--100ml,Nashik,17,0,3.1,6,₹349,Vit-C Cream,0,1,27,17,17,25,26,27,16,26
BP-VIT--100ml,Meerut,44.5,0,10.5,6,349,Vit-C Cream,0,0,65,61,76,58,78,71,64,73
BP-VIT--100ml,Rajkot,13,25,5.8,6,₹349,Vit-C Cream,4,3,42,46,45,42,45,34,50,44
BP-VIT--100ml,Varanasi,63,0,12.9,6,₹349,Vit-C Cream,0,3,111,100,109,110,88,107,82,101
BP-VIT--100ml,Amritsar,49,0,8.8,6,349,Vit-C Cream,4,0,57,60,47,47,76,72,51,55
BP-VIT--100ml,Noida,105,42,13.7,6,₹349,Vit-C Cream,4,0,108,87,114,84,117,107,90,117
BP-VIT--100ml,Noida,105,42,13.7,6,₹349,Vit-C Cream,4,0,108,87,114,84,117,107,90,117
BP-VIT--100ml,Gurugram, 85 ,0,3.2,8,349.00,Vit-C Cream,0,0,23,19,19,22,22,21,19,18
BP-VIT--100ml,Coimbatore,53,0,6.6,4,349,Vit-C Cream,4,0,42,58,52,41,45,52,40,49
BP-VIT--100ml,Madurai,29,70,6.4,8,349,Vit-C Cream,12,3,54,52,53,46,40,56,44,35
BP-VIT--100ml,Guwahati, 220 ,95,12.2,6,349.00,Vit-C Cream,0,0,105,103,97,101,90,211,85,66
BP-VIT--100ml,Mumbai City Mall,27,27,6.8,4,349,Vit-C Cream,0,1,53,40,40,44,45,47,59,42
BP-VIT--100ml,Delhi City Mall,1,-19,3.7,6,₹349,Vit-C Cream,12,0,31,21,31,30,29,23,28,29
BP-VIT--100ml,Bengaluru City Mall Kiosk, 38 ,0,5.1,8,349,Vit-C Cream,12,3,36,42,28,29,43,27,44,30
BP-VIT--100ml,Hyderabad City Mall,28,0,2.1,4,349.00,Vit-C Cream,4,1,12,14,15,14,17,18,18,16
BP-VIT--100ml,Chennai City Mall,107,0,4.7,8,Rs. 349,Vit-C Cream,0,1,35,34,26,37,38,28,40,28
,Kolkata City Mall,99,47,10.0,4,349,Vit-C Cream,4,3,87,56,82,86,54,70,66,85
BP-VIT--200ml,Mumbai,88,0,5.1,8,₹499,Vit-C Cream,0,1,30,41,38,42,29,34,36,41
BP-VIT--200ml,Delhi,69,0,10.9,4,499,Vit-C Cream,0,0,79,95,88,89,94,92,62,88
BP-VIT--200ml,Bengaluru, 177 ,0,9.0,,499,Vit-C Cream,12,0,57,66,59,75,73,59,77,74
BP-VIT--200ml,Hyderabad Kiosk,111,0,9.2,8,499.00,Vit-C Cream,12,3,79,74,57,53,56,69,54,55
BP-VIT--200ml,Chennai,85,0,3.2,8,499.00,Vit-C Cream,12,0,27,23,26,27,20,23,27,22
BP-VIT--200ml,Kolkata,138,0,12.7,4,Rs. 499,Vit-C Cream,0,3,103,70,107,90,89,109,72,76
BP-VIT--200ml,Pune Kiosk,70,51,12.2,8,499.00,Vit-C Cream,0,0,88,100,105,97,89,98,102,94
BP-VIT--200ml,Ahmedabad,27,0,2.1,4,499,Vit-C Cream,0,1,13,17,12,12,16,13,14,15
BP-VIT--200ml,Jaipur,37,0,7.3,4,499,Vit-C Cream,0,0,46,58,43,39,50,52,53,47
BP-VIT--200ml,Lucknow,63,0,6.1,6,Rs. 499,Vit-C Cream,0,0,41,44,41,51,52,51,46,50
BP-VIT--200ml,Surat, 100 ,84,8.2,8,Rs. 499,Vit-C Cream,0,1,71,43,66,67,61,67,54,60
BP-VIT--200ml,Indore,4,0,6.7,4,499,Vit-C Cream,12,3,37,44,43,36,36,37,45,57
BP-VIT--200ml,Nagpur,84,27,3.8,8,N/A,Vit-C Cream,4,0,23,22,27,22,23,26,30,25
BP-VIT--200ml,Kochi,45,8,4.2,4,₹499,Vit-C Cream,0,1,29,30,27,36,35,35,28,36
BP-VIT--200ml,Chandigarh,4,60,10.3,8,499,Vit-C Cream,0,0,57,74,88,80,63,82,69,60
BP-VIT--200ml,Bhopal,60,0,11.4,4,₹499,Vit-C Cream,4,1,63,64,85,66,92,95,80,64
BP-VIT--200ml,Patna Kiosk,162,0,14.0,4,Rs. 499,Vit-C Cream,0,0,106,112,88,104,95,117,119,116
BP-VIT--200ml,Vadodara, 89 ,45,4.5,8,499,Vit-C Cream,12,0,26,39,32,31,39,25,24,32
BP-VIT--200ml,Ludhiana,3,0,2.1,8,499,Vit-C Cream,4,0,16,12,17,17,16,15,13,14
BP-VIT--200ml,Agra,45,0,4.4,8,499,Vit-C Cream,0,1,30,38,25,26,31,32,29,33
BP-VIT--200ml,Nashik,36,0,3.0,4,499,Vit-C Cream,0,0,25,26,17,25,16,24,25,17
BP-VIT--200ml,Meerut,20,0,4.9,6,₹499,Vit-C Cream,4,1,42,33,26,29,41,32,41,31
BP-VIT--200ml,Rajkot,166,0,13.2,6,499.00,Vit-C Cream,0,3,106,91,80,112,240,84,81,91
BP-VIT--200ml,Varanasi,123,40,11.0,4 days,Rs. 499,Vit-C Cream,0,1,93,96,73,60,65,63,69,90
BP-VIT--200ml,Amritsar,61,0,3.3,6,₹499,Vit-C Cream,0,1,25,27,21,25,21,22,23,25
BP-VIT--200ml,Noida,93,0,12.5,4,₹499,Vit-C Cream,0,1,102,100,80,93,67,86,79,101
BP-VIT--200ml,Gurugram,12,16,4.0,4,499,Vit-C Cream,4,3,24,30,22,27,30,25,28,23
BP-VIT--200ml,Coimbatore,161,0,11.0,8,₹499,Vit-C Cream,4,1,89,60,66,78,59,59,93,68
BP-VIT--200ml,Madurai,262,78,13.2,8,Rs. 499,Vit-C Cream,0,0,102,87,101,113,75,106,93,115
BP-VIT--200ml,Guwahati,93,0,9.8,6,499,Vit-C Cream,4,0,67,80,64,81,57,72,84,55
BP-VIT--200ml,Mumbai City Mall,36,0,11.2,4,499,Vit-C Cream,4,3,93,96,78,60,94,71,90,87
BP-VIT--200ml,Delhi City Mall,118,0,6.3,6,₹499,Vit-C Cream,12,3,39,38,52,35,41,51,35,47
BP-VIT--200ml,Bengaluru City Mall Kiosk,38,0,9.4,4,Rs. 499,Vit-C Cream,0,1,74,73,70,55,68,55,53,77
BP-VIT--200ml,Hyderabad City Mall,56,0,3.5,8,499,Vit-C Cream,0,1,30,26,27,27,21,22,24,20
BP-VIT--200ml,Chennai City Mall,44,0,8.5,8,499.00,Vit-C Cream,0,3,51,51,59,70,72,45,53,47
BP-VIT--200ml,Kolkata City Mall,48,126,11.3,8,₹499,Vit-C Cream,4,0,83,75,80,90,65,88,69,81
BP-SUNS-30ml,Mumbai,90,0,8.7,4,199,Sunscreen 50,12,0,47,71,64,75,64,61,64,46
BP-SUNS-30ml,Delhi,11,0,,4,₹199,Sunscreen 50,12,0,11,12,12,15,12,14,17,15
BP-SUNS-30ml,Bengaluru,30.5,54,9.8,4,199.00,Sunscreen 50,12,3,54,59,62,74,70,64,57,53
BP-SUNS-30ml,Hyderabad Kiosk,118,0,8.1,6,199,Sunscreen 50,12,0,45,49,67,55,46,64,43,48
BP-SUNS-30ml,Chennai,27,0,6.7,8,Rs. 199,Sunscreen 50,12,0,37,47,54,36,38,55,37,47
BP-SUNS-30ml,Kolkata,71,28,5.3,6,₹199,Sunscreen 50,0,1,42,46,41,30,44,32,45,46
BP-SUNS-30ml,Pune Kiosk,51,0,8.5,4,199,Sunscreen 50,0,0,74,50,69,57,49,45,69,64
BP-SUNS-30ml,Ahmedabad,69,0,7.2,8,199,Sunscreen 50,0,0,62,43,44,56,46,57,51,53
BP-SUNS-30ml,Jaipur,14,0,2.4,4,199,Sunscreen 50,0,1,13,16,21,18,19,17,16,19
BP-SUNS-30ml,Lucknow,254,0,10.2,8,199,Sunscreen 50,4,0,59,86,64,75,78,76,82,68
BP-SUNS-30ml,Surat,64,0,12.6,6,₹199,Sunscreen 50,0,3,109,104,108,70,95,76,100,79
BP-SUNS-30ml,Indore,109,0,4.2,8,199,Sunscreen 50,4,0,35,35,24,30,24,25,35,31
BP-SUNS-30ml,Nagpur,207,0,10.7,6,199,Sunscreen 50,0,3,61,69,82,84,73,71,58,91
BP-SUNS-30ml,Kochi,30,0,2.8,4,199,Sunscreen 50,12,0,23,19,16,15,16,22,24,15
BP-SUNS-30ml,Chandigarh,18,0,2.2,4,199,Sunscreen 50,12,3,12,16,19,13,13,13,16,13
BP-SUNS-30ml,Bhopal,170,0,10.0,8,₹199,Sunscreen 50,4,0,82,63,59,58,275,84,66,82
BP-SUNS-30ml,Patna Kiosk,208,78,11.0,6,₹199,Sunscreen 50,12,3,96,90,95,88,79,86,67,85
BP-SUNS-30ml,Vadodara,157,34,12.2,4,199,Sunscreen 50,12,0,77,82,74,99,71,65,100,106
BP-SUNS-30ml,Ludhiana,23,0,3.0,4,₹199,Sunscreen 50,0,0,21,16,19,21,19,25,21,21
BP-SUNS-30ml,Agra,6,21,3.7,6,Rs. 199,Sunscreen 50,0,1,29,26,30,21,26,32,31,29
BP-SUNS-30ml,Nashik,177,0,9.1,6,₹199,Sunscreen 50,12,0,53,60,50,59,72,71,59,58
BP-SUNS-30ml,Meerut,52,0,7.4,6,199,Sunscreen 50,0,1,56,45,54,59,53,49,39,54
BP-SUNS-30ml,Rajkot,(4),0,9.3,6,₹199,Sunscreen 50,0,3,60,57,67,56,74,68,66,59
BP-SUNS-30ml,Varanasi,4,0,11.9,4,199,Sunscreen 50,0,1,63,99,63,71,85,73,75,85
BP-SUNS-30ml,Amritsar,196,0,9.7,6,Rs. 199,Sunscreen 50,0,0,78,85,83,68,83,70,72,63
BP-SUNS-30ml,Noida,77,0,9.9,6,199,Sunscreen 50,4,3,80,69,68,83,66,82,73,54
BP-SUNS-30ml,Gurugram,38,0,5.3,4,₹199,Sunscreen 50,12,0,38,32,31,42,33,38,38,33
BP-SUNS-30ml,Coimbatore,22,0,10.2,4,199,Sunscreen 50,12,0,56,78,82,84,54,76,68,65
BP-SUNS-30ml,Madurai, 85 ,43,9.1,6,Rs. 199,Sunscreen 50,4,1,65,66,66,69,77,53,53,75
BP-SUNS-30ml,Guwahati,44,51,10.3,4,₹199,Sunscreen 50,0,3,72,71,62,64,90,56,69,78
BP-SUNS-30ml,Mumbai City Mall,88,-2,13.4,8,199.00,Sunscreen 50,4,0,112,76,106,88,92,94,94,92
BP-SUNS-30ml,Delhi City Mall,113,0,9.8,8,Rs. 199,Sunscreen 50,12,0,61,79,55,54,54,68,81,53
BP-SUNS-30ml,Bengaluru City Mall Kiosk,69,0,3.0,8,199,Sunscreen 50,12,1,23,23,20,22,18,26,24,24
BP-SUNS-30ml,Hyderabad City Mall,128,26,6.4,6,Rs. 199,Sunscreen 50,4,3,39,54,45,40,53,47,38,47
BP-SUNS-30ml,Chennai City Mall,220,67,9.5,8,Rs. 199,Sunscreen 50,0,0,63,53,72,63,61,55,64,50
BP-SUNS-30ml,Kolkata City Mall,131,0,12.9,8,N/A,Sunscreen 50,0,0,70,112,113,87,101,76,71,85
BP-SUNS-50ml,Mumbai,47,0,7.5,4,₹349,Sunscreen 50,4,3,46,60,43,58,47,51,44,49
BP-SUNS-50ml,Delhi,44,0,10.3,8,349,Sunscreen 50,0,1,84,86,56,72,78,59,72,67
BP-SUNS-50ml,Bengaluru,42,0,7.0,4,₹349,Sunscreen 50,12,1,57,59,53,57,49,47,57,48
BP-SUNS-50ml,Hyderabad Kiosk,66,0,10.2,,349,Sunscreen 50,12,1,55,70,55,69,63,88,64,64
BP-SUNS-50ml,Chennai,104,0,12.8,6,Rs. 349,Sunscreen 50,12,3,91,97,105,101,81,107,105,106
BP-SUNS-50ml,Kolkata,199,89,13.7,6,349,Sunscreen 50,0,0,82,89,83,113,115,81,106,97
BP-SUNS-50ml,Pune Kiosk,87,0,6.5,6,Rs. 349,Sunscreen 50,0,3,38,43,40,44,48,37,38,56
BP-SUNS-50ml,Ahmedabad,83,0,12.8,4,₹349,Sunscreen 50,4,0,100,87,110,105,85,105,96,107
BP-SUNS-50ml,Jaipur,24,0,8.6,4,349,Sunscreen 50,0,3,64,64,69,68,208,57,51,68
BP-SUNS-50ml,Lucknow,33,0,10.3,4,349,Sunscreen 50,12,0,58,76,84,63,65,65,63,76
BP-SUNS-50ml,Surat,169,0,12.9,8,349,Sunscreen 50,0,3,70,111,71,105,105,98,97,101
BP-SUNS-50ml,Indore,167,39,7.5,8,₹349,Sunscreen 50,12,0,61,49,65,59,55,62,58,51
BP-SUNS-50ml,Nagpur,59,53,10.6,4,349,Sunscreen 50,0,0,86,78,70,85,88,80,67,73
BP-SUNS-50ml,Kochi,0,0,6.3,6,Rs. 349,Sunscreen 50,0,0,38,47,41,48,41,49,0,0
BP-SUNS-50ml,Chandigarh,67,0,8.4,6,349.00,Sunscreen 50,4,0,61,72,67,63,44,73,52,50
BP-SUNS-50ml,Chandigarh,67,0,8.4,6,349.00,Sunscreen 50,4,0,61,72,67,63,44,73,52,50
BP-SUNS-50ml,Bhopal,2,0,13.9,4,349,Sunscreen 50,0,0,119,73,111,74,87,114,102,82
BP-SUNS-50ml,Patna Kiosk,73,54,13.9,4,349,Sunscreen 50,12,0,90,121,114,106,83,93,115,94
BP-SUNS-50ml,Vadodara,36,0,4.1,6,349,Sunscreen 50,0,1,31,28,32,27,22,27,31,32
BP-SUNS-50ml,Ludhiana,98, 35 ,12.3,4,349,Sunscreen 50,12,1,80,101,85,102,101,76,67,68
BP-SUNS-50ml,Agra,23.5,0,3.0,4,349,Sunscreen 50,4,1,25,21,17,21,25,23,17,17
BP-SUNS-50ml,Nashik,158,0,8.7,6,₹349,Sunscreen 50,12,1,63,67,49,50,73,73,66,66
BP-SUNS-50ml,Meerut,85,57,5.9,8,349,Sunscreen 50,0,3,45,51,35,45,32,52,40,33
BP-SUNS-50ml,Rajkot,11,0,2.5,4,349,Sunscreen 50,0,1,14,18,13,15,17,17,15,18
BP-SUNS-50ml,Varanasi,67,0,6.5,4,₹349,Sunscreen 50,12,0,46,51,48,57,40,38,45,35
BP-SUNS-50ml,Amritsar,14,30,3.8,6,349,Sunscreen 50,12,0,33,26,22,30,32,30,26,31
BP-SUNS-50ml,Noida,127,51,10.1,4,349,Sunscreen 50,12,0,66,56,64,62,53,59,57,88
BP-SUNS-50ml,Gurugram,5,0,12.0,8,349.00,Sunscreen 50,0,0,100,68,103,81,94,85,90,103
BP-SUNS-50ml,Coimbatore,100,0,5.8,8,₹349,Sunscreen 50,0,0,31,42,36,49,34,38,46,48
,Madurai,94,0,8.2,8,Rs. 349,Sunscreen 50,4,0,66,69,60,71,63,69,47,45
BP-SUNS-50ml,Guwahati,65,0,3.5,6,Rs. 349,Sunscreen 50,4,1,25,25,26,19,23,28,27,23
BP-SUNS-50ml,Mumbai City Mall,126,57,6.5,8 days,₹349,Sunscreen 50,0,3,41,53,55,40,39,37,51,55
BP-SUNS-50ml,Delhi City Mall,57,0,4.3,6,₹349,Sunscreen 50,0,0,26,29,26,35,25,25,34,35
BP-SUNS-50ml,Bengaluru City Mall Kiosk, 6 ,0,5.0,4,349,Sunscreen 50,4,0,44,30,31,33,37,41,37,28
BP-SUNS-50ml,Hyderabad City Mall,142,0,9.5,6,349,Sunscreen 50,12,1,62,81,53,52,83,81,68,82
BP-SUNS-50ml,Chennai City Mall,82,0,13.2,4,349.00,Sunscreen 50,0,0,93,96,108,109,71,72,96,80
BP-SUNS-50ml,Kolkata City Mall,137,34,12.3,4,349,Sunscreen 50,12,3,78,91,81,99,66,90,68,88
BP-SUNS-100ml,Mumbai,19,0,2.4,6,Rs. 199,Sunscreen 50,0,0,20,16,14,16,13,19,17,14
BP-SUNS-100ml,Delhi,45,31,5.0,6,₹199,Sunscreen 50,0,3,30,32,38,35,37,39,105,37
BP-SUNS-100ml,Bengaluru,22,44,8.7,4,199,Sunscreen 50,0,0,55,69,53,49,75,53,46,71
BP-SUNS-100ml,Hyderabad Kiosk,67,15,3.8,8,₹199,Sunscreen 50,0,1,27,23,25,32,33,30,28,27
BP-SUNS-100ml,Chennai,111,0,12.5,4,₹199,Sunscreen 50,4,3,79,83,86,96,108,86,107,92
BP-SUNS-100ml,Kolkata, 125 ,0,9.7,4,Rs. 199,Sunscreen 50,12,1,57,85,56,58,61,60,65,59
BP-SUNS-100ml,Pune Kiosk,60,38,11.0,6,₹199,Sunscreen 50,12,0,64,84,80,85,69,86,68,92
BP-SUNS-100ml,Ahmedabad,67,0,6.1,6,₹199,Sunscreen 50,12,3,51,36,42,47,46,45,49,48
BP-SUNS-100ml,Jaipur,93,0,11.6,6,199,Sunscreen 50,4,3,83,78,62,97,97,76,68,101
BP-SUNS-100ml,Lucknow,163,92,10.6,8,199,Sunscreen 50,0,0,91,93,59,90,59,73,67,56
BP-SUNS-100ml,Surat,106,44,9.6,4,₹199,Sunscreen 50,4,0,64,67,81,62,79,54,61,56
BP-SUNS-100ml,Indore,29,0,4.9,6,199,Sunscreen 50,4,0,28,38,31,33,34,32,42,32
BP-SUNS-100ml,Nagpur,98,0,,8,199.00,Sunscreen 50,0,0,38,42,56,51,52,54,41,49
BP-SUNS-100ml,Kochi,118,0,7.7,6,199,Sunscreen 50,4,0,65,64,44,45,45,46,49,41
BP-SUNS-100ml,Chandigarh,61,0,9.4,6,199,Sunscreen 50,0,0,70,53,56,80,74,53,76,62
BP-SUNS-100ml,Bhopal,102,0,8.6,6,199.00,Sunscreen 50,12,0,62,71,54,56,52,66,47,48
BP-SUNS-100ml,Patna Kiosk,44,0,7.2,8,₹199,Sunscreen 50,4,0,40,59,43,44,61,40,61,45
BP-SUNS-100ml,Vadodara,105,50,6.5,6,199,Sunscreen 50,0,0,53,51,34,56,38,40,53,54
BP-SUNS-100ml,Ludhiana,19,0,6.3,8,199,Sunscreen 50,0,0,39,51,43,40,52,46,55,51
BP-SUNS-100ml,Agra,65,54,6.4,8,Rs. 199,Sunscreen 50,12,0,50,48,46,36,40,35,45,35
BP-SUNS-100ml,Nashik,94,0,4.1,8,199,Sunscreen 50,0,0,23,35,34,26,23,34,23,33
BP-SUNS-100ml,Meerut,0,10,3.7,4,199,Sunscreen 50,0,0,22,23,29,20,29,28,0,0
BP-SUNS-100ml,Rajkot,160,49,8.3,8,N/A,Sunscreen 50,0,0,65,64,50,64,55,55,48,69
BP-SUNS-100ml,Varanasi,334,0,13.5,8,Rs. 199,Sunscreen 50,0,1,100,86,111,71,91,111,74,102
BP-SUNS-100ml,Amritsar,17,10,2.8,4,199,Sunscreen 50,4,0,21,22,18,18,15,22,17,21
BP-SUNS-100ml,Noida,62,28,3.6,6,₹199,Sunscreen 50,0,0,19,27,25,26,25,22,22,29
BP-SUNS-100ml,Gurugram,100,0,8.2,6,199,Sunscreen 50,4,0,47,46,45,55,58,43,64,48
BP-SUNS-100ml,Coimbatore,134,0,8.0,6,Rs. 199,Sunscreen 50,0,0,65,52,65,45,58,42,52,64
BP-SUNS-100ml,Madurai,25,0,2.8,4,199,Sunscreen 50,4,3,20,21,16,21,16,20,22,16
BP-SUNS-100ml,Guwahati,43,-6,12.1,8,₹199,Sunscreen 50,12,0,68,80,98,70,104,65,71,99
BP-SUNS-100ml,Mumbai City Mall,72,0,11.7,6,199.00,Sunscreen 50,12,1,64,64,88,83,69,100,304,89
BP-SUNS-100ml,Delhi City Mall,242,0,13.5,6,199,Sunscreen 50,4,3,97,91,100,98,84,111,96,83
BP-SUNS-100ml,Bengaluru City Mall Kiosk,126,0,8.4,6,₹199,Sunscreen 50,12,0,49,68,62,45,48,51,46,53
BP-SUNS-100ml,Hyderabad City Mall,184,0,9.9,8,Rs. 199,Sunscreen 50,12,3,67,77,69,82,81,62,83,77
BP-SUNS-100ml,Chennai City Mall,14,60,9.3,6,199,Sunscreen 50,0,0,73,61,51,59,52,54,58,64
BP-SUNS-100ml,Kolkata City Mall,49,0,7.6,4,₹199,Sunscreen 50,12,0,62,47,52,44,65,57,53,49
BP-SUNS-200ml,Mumbai,2.5,0,5.9,8,₹999,Sunscreen 50,0,0,37,37,52,38,43,38,43,45
BP-SUNS-200ml,Delhi, 0 , 29 ,3.7,8,₹999,Sunscreen 50,4,0,31,32,28,22,21,24,0,0
BP-SUNS-200ml,Bengaluru,0,0,2.1,4,999.00,Sunscreen 50,0,0,15,18,14,12,14,18,13,12
BP-SUNS-200ml,Hyderabad Kiosk,-9,0,4.7,6,999.00,Sunscreen 50,4,0,28,31,38,37,36,29,38,37
BP-SUNS-200ml,Chennai, 143 ,0,10.6,,₹999,Sunscreen 50,0,3,59,83,86,84,79,81,78,57
BP-SUNS-200ml,Kolkata,154,0,13.4,6,Rs. 999,Sunscreen 50,4,3,106,110,111,96,103,83,72,106
BP-SUNS-200ml,Pune Kiosk,28,0,2.1,4,999,Sunscreen 50,4,1,13,14,17,15,16,11,17,14
BP-SUNS-200ml,Ahmedabad,47,0,11.6,6,Rs. 999,Sunscreen 50,12,0,73,66,75,68,69,74,84,73
BP-SUNS-200ml,Jaipur,0,0,5.4,4,999,Sunscreen 50,0,0,44,33,44,40,38,37,42,38
BP-SUNS-200ml,Lucknow,90,0,7.2,4,999,Sunscreen 50,4,3,51,47,45,52,49,52,59,50
BP-SUNS-200ml,Surat,106,0,5.0,8,999,Sunscreen 50,0,0,38,27,30,43,35,35,43,35
BP-SUNS-200ml,Indore,23,0,6.5,6,999,Sunscreen 50,4,0,37,43,43,39,49,45,45,47
BP-SUNS-200ml,Nagpur,307,0,13.4,8,Rs. 999,Sunscreen 50,0,1,110,81,115,78,82,91,82,71
BP-SUNS-200ml,Kochi,25,0,2.2,4,999,Sunscreen 50,4,1,14,14,15,17,14,13,17,17
BP-SUNS-200ml,Chandigarh,171,0,13.1,4,999,Sunscreen 50,12,1,81,82,75,96,80,97,71,93
BP-SUNS-200ml,Bhopal,35,0,11.3,4,999,Sunscreen 50,4,0,95,71,80,66,73,95,79,70
BP-SUNS-200ml,Patna Kiosk,79,0,6.9,4,₹999,Sunscreen 50,4,0,45,49,43,56,55,44,50,50
BP-SUNS-200ml,Vadodara,69,21,3.7,6,999,Sunscreen 50,4,1,32,23,29,24,24,30,25,31
BP-SUNS-200ml,Ludhiana,191,31,8.5,8,999,Sunscreen 50,0,3,51,54,68,46,47,51,70,60
BP-SUNS-200ml,Agra,86,0,8.1,4,999,Sunscreen 50,0,0,63,57,54,47,59,52,51,54
BP-SUNS-200ml,Nashik,62,88,11.2,8,₹999,Sunscreen 50,0,0,70,75,67,83,91,70,90,95
BP-SUNS-200ml,Meerut,3,24,5.0,6,Rs. 999,Sunscreen 50,4,1,30,43,30,34,37,27,33,31
BP-SUNS-200ml,Rajkot,43,0,11.4,4,₹999,Sunscreen 50,0,0,94,81,65,80,91,82,70,65
BP-SUNS-200ml,Varanasi,53,0,9.4,4,Rs. 999,Sunscreen 50,4,0,80,70,53,76,79,68,220,76
BP-SUNS-200ml,Amritsar,100,0,13.4,4,Rs. 999,Sunscreen 50,0,0,71,110,101,117,89,103,98,107
BP-SUNS-200ml,Noida,92,0,5.9,6,999.00,Sunscreen 50,0,0,35,39,45,33,45,37,48,45
BP-SUNS-200ml,Gurugram,2,30,8.0,4,₹999,Sunscreen 50,0,0,48,49,64,65,59,60,55,61
BP-SUNS-200ml,Coimbatore,120,79,7.6,8,999,Sunscreen 50,0,3,58,63,58,43,56,43,54,58
BP-SUNS-200ml,Madurai,166, 40 ,6.4,8,₹999,Sunscreen 50,12,3,54,56,44,35,51,43,38,47
BP-SUNS-200ml,Guwahati,16,0,2.9,8,₹999,Sunscreen 50,4,0,22,20,18,21,25,18,20,18
BP-SUNS-200ml,Mumbai City Mall,103,0,9.7,6,₹999,Sunscreen 50,0,3,74,62,63,70,83,73,79,65
BP-SUNS-200ml,Delhi City Mall,23,0,6.6,8,999.00,Sunscreen 50,0,0,52,36,54,51,56,48,50,42
BP-SUNS-200ml,Bengaluru City Mall Kiosk,127,0,12.2,6,₹999,Sunscreen 50,0,0,80,97,96,87,98,75,98,80
BP-SUNS-200ml,Hyderabad City Mall,109,0,6.4,6,999,Sunscreen 50,0,1,38,41,35,34,46,42,37,53
BP-SUNS-200ml,Chennai City Mall,5,0,2.4,4,₹999,Sunscreen 50,12,0,13,18,13,20,15,17,19,15
BP-SUNS-200ml,Kolkata City Mall,160,0,12.1,6,999,Sunscreen 50,12,0,90,86,102,101,105,85,100,79
BP-SHAM-30ml,Mumbai, 126 ,0,9.9,6,199,Shampoo Argan,4,0,76,57,67,64,84,71,66,74
BP-SHAM-30ml,Delhi,82,0,11.3,4 days,₹199,Shampoo Argan,4,0,83,80,66,93,83,78,80,82
BP-SHAM-30ml,Bengaluru,76,0,6.4,4,199,Shampoo Argan,0,0,35,54,45,34,47,34,45,50
BP-SHAM-30ml,Hyderabad Kiosk,160,0,8.0,6,199.00,Shampoo Argan,0,1,54,45,48,57,61,61,61,62
BP-SHAM-30ml,Hyderabad Kiosk,160,0,8.0,6,199.00,Shampoo Argan,0,1,54,45,48,57,61,61,61,62
BP-SHAM-30ml,Chennai,9,0,5.1,4,199,Shampoo Argan,0,3,38,42,41,35,40,41,41,30
BP-SHAM-30ml,Kolkata,97,0,8.9,4,199,Shampoo Argan,4,0,64,67,69,55,55,58,70,57
BP-SHAM-30ml,Pune Kiosk,161,0,13.5,4,₹199,Shampoo Argan,0,0,81,111,77,98,84,84,75,114
BP-SHAM-30ml,Ahmedabad,0,0,3.1,6,199,Shampoo Argan,4,1,27,27,17,27,18,19,0,0
BP-SHAM-30ml,Jaipur,60,0,6.8,8,₹199,Shampoo Argan,0,1,48,56,53,48,58,49,54,40
BP-SHAM-30ml,Lucknow,4,8,2.9,4,N/A,Shampoo Argan,0,3,17,17,25,21,21,21,24,18
BP-SHAM-30ml,Surat,20,0,6.2,4,199,Shampoo Argan,0,1,40,50,51,49,39,51,34,39
BP-SHAM-30ml,Indore,70,0,9.0,4,₹199,Shampoo Argan,12,0,71,61,61,75,71,65,58,74
BP-SHAM-30ml,Nagpur,8,0,12.0,6,₹199,Shampoo Argan,0,0,97,90,81,99,94,68,91,85
BP-SHAM-30ml,Kochi,6,94,11.8,8,199,Shampoo Argan,0,1,95,83,64,89,85,77,81,84
BP-SHAM-30ml,Chandigarh,39,0,2.0,8,Rs. 199,Shampoo Argan,0,0,16,15,14,14,15,14,15,14
BP-SHAM-30ml,Bhopal,48,0,9.2,4,199.00,Shampoo Argan,0,1,68,55,70,74,77,52,60,71
BP-SHAM-30ml,Patna Kiosk,108,0,10.1,8,199.00,Shampoo Argan,0,0,56,64,79,61,85,198,66,61
BP-SHAM-30ml,Vadodara,21.5,18,3.9,4,Rs. 199,Shampoo Argan,0,3,23,26,23,33,21,29,26,25
BP-SHAM-30ml,Ludhiana,19,0,2.7,4,₹199,Shampoo Argan,12,1,18,20,23,16,20,21,18,14
BP-SHAM-30ml,Agra,93,0,8.5,8,199,Shampoo Argan,12,0,68,58,58,65,48,52,59,61
BP-SHAM-30ml,Nashik,92,0,8.1,4,Rs. 199,Shampoo Argan,12,0,66,44,49,50,52,55,64,51
,Meerut,96,0,10.1,6,₹199,Shampoo Argan,12,1,57,74,79,59,64,87,64,53
BP-SHAM-30ml,Rajkot,149,0,7.3,8,₹199,Shampoo Argan,0,0,63,54,63,59,44,53,57,48
BP-SHAM-30ml,Varanasi,135,0,,6,₹199,Shampoo Argan,4,0,103,96,69,75,106,85,80,65
BP-SHAM-30ml,Amritsar,64,0,4.0,6,199,Shampoo Argan,0,1,25,23,30,35,26,25,30,28
BP-SHAM-30ml,Noida,27,0,2.4,8,199,Shampoo Argan,12,0,13,18,18,18,19,16,18,15
BP-SHAM-30ml,Gurugram,64,16,5.6,4,199,Shampoo Argan,0,0,42,31,44,34,38,35,43,43
BP-SHAM-30ml,Coimbatore,21,0,6.3,4,199,Shampoo Argan,4,1,39,46,46,47,38,37,44,49
BP-SHAM-30ml,Madurai,73,-6,4.4,8,₹199,Shampoo Argan,0,0,27,24,33,38,33,37,37,35
BP-SHAM-30ml,Guwahati, 14 ,0,10.7,4,199,Shampoo Argan,0,1,69,79,85,68,58,63,92,57
BP-SHAM-30ml,Mumbai City Mall,196,0,11.4,6,199,Shampoo Argan,12,1,94,79,61,65,62,99,67,68
BP-SHAM-30ml,Delhi City Mall,64,66,8.9,8,199.00,Shampoo Argan,12,3,65,55,51,73,70,62,71,59
BP-SHAM-30ml,Bengaluru City Mall Kiosk,3,7,2.2,4,199.00,Shampoo Argan,0,0,18,13,13,17,12,16,18,19
BP-SHAM-30ml,Hyderabad City Mall,36,0,2.4,6,199,Shampoo Argan,12,0,18,15,13,13,19,20,19,16
BP-SHAM-30ml,Chennai City Mall,119,0,9.9,4,199,Shampoo Argan,12,0,74,78,73,84,72,74,68,66
BP-SHAM-30ml,Kolkata City Mall,24,16,2.7,6,199,Shampoo Argan,0,0,23,22,17,21,18,17,21,16
BP-SHAM-50ml,Mumbai,337,0,13.8,8,199,Shampoo Argan,0,0,109,81,108,79,102,74,118,77
BP-SHAM-50ml,Delhi,86,51,13.6,6,199,Shampoo Argan,0,3,114,78,84,111,107,79,72,106
BP-SHAM-50ml,Bengaluru,50,0,5.1,4,199.00,Shampoo Argan,4,1,39,27,29,37,44,41,30,30
BP-SHAM-50ml,Hyderabad Kiosk,270,0,10.5,8,199.00,Shampoo Argan,12,0,76,71,61,77,81,63,57,82
BP-SHAM-50ml,Chennai,62,0,6.8,4,199,Shampoo Argan,4,1,59,57,40,49,40,40,46,55
BP-SHAM-50ml,Kolkata,11,0,4.4,,Rs. 199,Shampoo Argan,0,0,30,31,28,24,28,25,27,24
BP-SHAM-50ml,Pune Kiosk,7,0,10.6,6,199,Shampoo Argan,4,0,85,71,79,84,86,56,67,63
BP-SHAM-50ml,Ahmedabad,77,17,7.2,4,199,Shampoo Argan,0,0,48,56,61,60,57,59,40,45
BP-SHAM-50ml,Jaipur,131,0,11.2,4,199,Shampoo Argan,4,0,85,65,98,92,70,89,59,75
BP-SHAM-50ml,Lucknow,29,0,2.6,4,Rs. 199,Shampoo Argan,4,0,16,21,14,18,73,14,17,18
BP-SHAM-50ml,Surat,10,0,2.7,4,Rs. 199,Shampoo Argan,12,1,20,21,17,18,17,16,19,19
BP-SHAM-50ml,Indore,97,0,6.8,8,199,Shampoo Argan,0,3,52,44,58,56,58,43,52,44
BP-SHAM-50ml,Nagpur,18,0,4.1,6,₹199,Shampoo Argan,12,0,33,31,31,31,29,35,23,25
BP-SHAM-50ml,Kochi,39,8,3.0,4,199,Shampoo Argan,0,0,25,21,23,22,21,17,24,18
BP-SHAM-50ml,Chandigarh, 171 ,0,13.9,8,199,Shampoo Argan,12,3,80,104,90,105,84,84,94,75
BP-SHAM-50ml,Bhopal,16,0,2.4,8,199,Shampoo Argan,4,3,15,19,16,18,17,21,16,20
BP-SHAM-50ml,Patna Kiosk,7,38,11.4,4,199,Shampoo Argan,0,3,68,88,82,92,89,82,88,86
BP-SHAM-50ml,Vadodara,111,0,4.3,8,199,Shampoo Argan,0,3,37,32,37,34,37,37,33,24
BP-SHAM-50ml,Ludhiana,50,0,8.8,6,199.00,Shampoo Argan,0,1,68,60,69,50,60,56,68,48
BP-SHAM-50ml,Agra,85,0,7.4,4,₹199,Shampoo Argan,0,0,63,45,57,49,43,43,58,53
BP-SHAM-50ml,Nashik,(7),0,5.1,6,₹199,Shampoo Argan,0,3,34,33,32,36,44,36,43,27
BP-SHAM-50ml,Meerut,84,0,3.5,8,₹199,Shampoo Argan,12,0,30,27,30,27,25,18,30,20
BP-SHAM-50ml,Rajkot,75,0,4.1,6,Rs. 199,Shampoo Argan,4,0,30,30,22,35,24,33,34,34
BP-SHAM-50ml,Varanasi,27,20,6.7,6,199,Shampoo Argan,4,0,44,48,40,51,46,39,46,50
BP-SHAM-50ml,Amritsar,12,0,7.2,6,₹199,Shampoo Argan,4,3,41,58,40,59,62,40,44,55
BP-SHAM-50ml,Noida,89,0,12.2,4,₹199,Shampoo Argan,0,1,72,85,89,69,85,93,78,80
BP-SHAM-50ml,Gurugram,63,0,3.9,8,₹199,Shampoo Argan,0,0,29,34,32,25,21,30,21,32
BP-SHAM-50ml,Coimbatore,64,0,8.8,6,₹199,Shampoo Argan,0,1,55,47,68,48,52,48,53,69
BP-SHAM-50ml,Madurai, 65 ,0,5.3,4,199,Shampoo Argan,12,0,44,33,37,45,36,37,31,29
BP-SHAM-50ml,Guwahati, 88 ,0,6.0,6,199,Shampoo Argan,0,0,35,46,43,36,49,42,34,48
BP-SHAM-50ml,Mumbai City Mall,61,0,6.1,4,₹199,Shampoo Argan,0,0,48,49,47,37,35,45,38,41
BP-SHAM-50ml,Delhi City Mall, 110 ,0,13.2,6,₹199,Shampoo Argan,0,0,80,111,95,77,71,89,76,115
BP-SHAM-50ml,Bengaluru City Mall Kiosk, 19 ,0,9.0,6,N/A,Shampoo Argan,12,1,52,49,64,77,51,69,54,51
BP-SHAM-50ml,Hyderabad City Mall, 171 ,0,12.2,6,₹199,Shampoo Argan,0,1,87,82,89,106,106,67,74,102
BP-SHAM-50ml,Chennai City Mall,10.5,0,2.8,6,199,Shampoo Argan,4,1,22,18,19,24,21,16,20,23
BP-SHAM-50ml,Kolkata City Mall,104,0,12.9,8,199,Shampoo Argan,12,1,73,69,85,79,111,70,99,100
BP-SHAM-100ml,Mumbai,67,0,6.7,4,Rs. 349,Shampoo Argan,12,1,46,57,38,50,36,42,43,44
BP-SHAM-100ml,Delhi,196,56,11.4,8,Rs. 349,Shampoo Argan,12,1,98,73,76,68,76,80,83,67
BP-SHAM-100ml,Bengaluru,50,0,9.8,4,349.00,Shampoo Argan,4,0,79,69,78,73,220,61,79,64
BP-SHAM-100ml,Hyderabad Kiosk,50,24,2.6,8,349,Shampoo Argan,4,1,19,16,22,18,14,20,15,14
BP-SHAM-100ml,Chennai,33,85,8.8,8,₹349,Shampoo Argan,0,3,54,55,58,50,57,57,76,53
BP-SHAM-100ml,Kolkata,17,0,2.1,6,349,Shampoo Argan,0,1,14,13,16,11,16,13,12,18
BP-SHAM-100ml,Pune Kiosk,94,0,5.8,8,349,Shampoo Argan,0,0,47,35,47,37,35,45,40,35
BP-SHAM-100ml,Ahmedabad, 143 ,46,10.0,8,349.00,Shampoo Argan,0,1,83,78,69,65,62,85,74,55
BP-SHAM-100ml,Jaipur,274,0,13.2,8 days,₹349,Shampoo Argan,0,3,78,100,71,84,76,84,111,99
BP-SHAM-100ml,Lucknow,104,0,9.3,6,349,Shampoo Argan,4,0,61,64,68,66,73,55,65,71
BP-SHAM-100ml,Surat,26,36,8.6,6,349,Shampoo Argan,0,3,63,63,75,65,64,66,61,63
BP-SHAM-100ml,Indore,76,34,6.9,4,₹349,Shampoo Argan,4,0,44,48,48,41,54,52,49,59
BP-SHAM-100ml,Nagpur,28,0,4.3,8,349,Shampoo Argan,12,3,34,26,27,24,32,36,37,36
BP-SHAM-100ml,Kochi,127,0,7.3,6,349,Shampoo Argan,4,0,56,49,58,55,53,61,62,61
BP-SHAM-100ml,Chandigarh,0,0,3.5,6,₹349,Shampoo Argan,0,0,26,23,29,28,19,22,23,30
BP-SHAM-100ml,Bhopal,32,0,5.2,6,349,Shampoo Argan,12,3,34,39,34,41,32,45,41,44
BP-SHAM-100ml,Patna Kiosk, 133 ,0,12.9,8,349,Shampoo Argan,0,3,95,100,101,77,102,102,73,110
BP-SHAM-100ml,Vadodara,88,0,10.5,6,349,Shampoo Argan,0,1,76,87,56,67,71,81,83,90
BP-SHAM-100ml,Ludhiana,6,46,6.7,8,Rs. 349,Shampoo Argan,12,0,46,37,55,41,56,51,43,52
BP-SHAM-100ml,Agra,25,55,8.2,8,349,Shampoo Argan,0,3,45,51,55,51,53,45,44,53
BP-SHAM-100ml,Nashik,94,0,12.6,4,Rs. 349,Shampoo Argan,0,1,95,78,66,103,79,79,83,69
BP-SHAM-100ml,Meerut,100,0,12.3,4,349,Shampoo Argan,4,0,91,102,79,68,100,106,79,92
BP-SHAM-100ml,Rajkot,302,0,12.3,8,349.00,Shampoo Argan,4,3,74,69,107,98,86,80,69,80
BP-SHAM-100ml,Varanasi,308,0,12.4,8,349,Shampoo Argan,0,0,91,106,72,104,107,104,71,90
BP-SHAM-100ml,Amritsar,43,0,6.8,4,349,Shampoo Argan,12,0,46,43,38,49,42,58,55,58
BP-SHAM-100ml,Noida,114,0,4.4,8,349,Shampoo Argan,0,1,31,24,32,27,30,37,27,25
BP-SHAM-100ml,Gurugram,195,0,8.8,8,₹349,Shampoo Argan,0,1,54,52,47,50,76,60,59,51
BP-SHAM-100ml,Coimbatore,57,-8,3.7,8,Rs. 349,Shampoo Argan,0,0,30,25,20,26,32,23,27,24
BP-SHAM-100ml,Madurai,17,0,5.6,6,₹349,Shampoo Argan,0,3,42,47,46,33,41,41,31,35
BP-SHAM-100ml,Madurai,17,0,5.6,6,₹349,Shampoo Argan,0,3,42,47,46,33,41,41,31,35
BP-SHAM-100ml,Guwahati,18,0,13.1,4,349,Shampoo Argan,12,0,113,100,110,107,96,72,95,83
BP-SHAM-100ml,Mumbai City Mall,56,0,6.5,8,₹349,Shampoo Argan,4,3,47,37,48,40,56,44,42,47
BP-SHAM-100ml,Delhi City Mall,78,0,7.3,4,349,Shampoo Argan,0,0,43,60,58,58,140,54,47,61
BP-SHAM-100ml,Bengaluru City Mall Kiosk,26,34,7.9,6,349,Shampoo Argan,0,0,55,53,64,50,66,43,52,54
BP-SHAM-100ml,Hyderabad City Mall,11,0,10.2,4,349,Shampoo Argan,0,1,81,73,63,71,84,56,64,65
BP-SHAM-100ml,Chennai City Mall,57,0,,6,₹349,Shampoo Argan,0,0,28,28,34,37,39,30,35,25
BP-SHAM-100ml,Kolkata City Mall,122,82,8.4,8,349,Shampoo Argan,4,3,63,60,46,60,72,64,55,53
BP-SHAM-200ml,Mumbai,148,39,5.6,8,₹999,Shampoo Argan,12,1,38,44,34,41,34,48,46,30
BP-SHAM-200ml,Delhi,147,135,13.0,8,999,Shampoo Argan,4,3,92,94,83,70,86,72,72,112
BP-SHAM-200ml,Bengaluru,79,29,5.9,4,Rs. 999,Shampoo Argan,0,1,49,44,48,42,43,34,41,34
BP-SHAM-200ml,Hyderabad Kiosk,86,16,3.6,8,Rs. 999,Shampoo Argan,0,3,24,25,27,21,29,26,28,28
BP-SHAM-200ml,Chennai,4,0,8.3,6,999,Shampoo Argan,0,0,64,62,67,45,51,47,57,53
BP-SHAM-200ml,Kolkata,71,20,6.4,4,999,Shampoo Argan,12,0,49,39,46,48,56,42,44,55
BP-SHAM-200ml,Pune Kiosk,21,0,6.0,,₹999,Shampoo Argan,0,0,38,37,39,42,32,36,33,32
BP-SHAM-200ml,Ahmedabad, 124 ,0,13.7,8,₹999,Shampoo Argan,0,0,72,107,88,113,82,120,78,80
BP-SHAM-200ml,Jaipur,97,0,6.4,6,999,Shampoo Argan,0,0,36,37,42,42,42,44,39,36
BP-SHAM-200ml,Lucknow,179,0,12.6,8,₹999,Shampoo Argan,0,3,103,79,101,107,84,88,108,104
BP-SHAM-200ml,Surat,1,0,2.9,8,₹999,Shampoo Argan,0,0,19,23,19,15,24,22,24,21
BP-SHAM-200ml,Indore,20,0,2.4,8,₹999,Shampoo Argan,4,0,18,19,16,18,20,15,13,14
BP-SHAM-200ml,Nagpur,118,0,6.1,6,999,Shampoo Argan,4,3,36,39,49,36,52,50,34,53
BP-SHAM-200ml,Kochi,72,47,6.9,6,Rs. 999,Shampoo Argan,0,0,52,54,60,39,43,40,40,37
,Chandigarh,21,0,2.6,4,Rs. 999,Shampoo Argan,4,1,21,16,22,14,21,15,14,19
BP-SHAM-200ml,Bhopal,92.5,0,7.0,6,999,Shampoo Argan,4,0,37,46,38,49,46,38,42,48
BP-SHAM-200ml,Patna Kiosk,175,41,11.4,8,₹999,Shampoo Argan,4,3,65,76,80,70,62,74,99,70
BP-SHAM-200ml,Vadodara,121,58,10.8,4,999.00,Shampoo Argan,4,1,67,80,71,87,75,93,65,75
BP-SHAM-200ml,Ludhiana,82,35,8.6,4,999,Shampoo Argan,12,3,66,74,53,51,52,57,71,68
BP-SHAM-200ml,Agra,246,0,10.8,8,N/A,Shampoo Argan,4,1,57,86,64,78,79,94,90,75
BP-SHAM-200ml,Nashik,123,0,10.0,6,₹999,Shampoo Argan,12,1,85,58,81,55,73,67,67,86
BP-SHAM-200ml,Meerut,14,0,6.5,4,999,Shampoo Argan,12,0,42,41,39,36,55,37,46,48
BP-SHAM-200ml,Rajkot,13, 7 ,2.2,8,999,Shampoo Argan,0,0,13,15,13,16,13,18,13,17
BP-SHAM-200ml,Varanasi,5,49,8.0,8,₹999,Shampoo Argan,12,1,63,52,64,54,62,51,52,49
BP-SHAM-200ml,Amritsar,36,0,3.3,4,₹999,Shampoo Argan,12,0,26,18,28,26,19,92,27,19
BP-SHAM-200ml,Noida,66,0,4.0,8,999,Shampoo Argan,12,0,34,25,29,29,25,32,31,27
BP-SHAM-200ml,Gurugram,62,31,9.4,8,999.00,Shampoo Argan,0,3,66,54,78,69,68,75,70,81
BP-SHAM-200ml,Coimbatore,75,0,11.6,4,999,Shampoo Argan,12,1,82,62,71,88,76,71,77,71
BP-SHAM-200ml,Madurai,19,10,2.1,4,999.00,Shampoo Argan,0,0,14,11,18,16,14,15,15,11
BP-SHAM-200ml,Guwahati,18,0,2.4,4,₹999,Shampoo Argan,0,3,17,17,17,18,19,18,18,14
BP-SHAM-200ml,Mumbai City Mall,39,0,9.1,4,999.00,Shampoo Argan,12,3,65,70,66,61,69,54,54,59
BP-SHAM-200ml,Delhi City Mall,12,0,12.7,4,₹999,Shampoo Argan,12,1,102,95,108,85,71,79,107,86
BP-SHAM-200ml,Bengaluru City Mall Kiosk,0,46,8.9,6,999.00,Shampoo Argan,4,0,76,53,58,48,52,49,60,72
BP-SHAM-200ml,Hyderabad City Mall,2,0,7.5,6,999.00,Shampoo Argan,4,1,47,45,60,65,44,48,64,40
BP-SHAM-200ml,Chennai City Mall,19,0,4.8,8,₹999,Shampoo Argan,0,1,32,34,30,28,35,34,31,28
BP-SHAM-200ml,Kolkata City Mall,134,0,7.0,8,999,Shampoo Argan,0,3,57,49,58,57,56,52,46,44
BP-KAJA-30ml,Mumbai,8, 37 ,3.4,8,₹499,Kajal Deep,12,0,27,20,27,20,28,28,26,27
BP-KAJA-30ml,Delhi,(8),0,7.2,4,499,Kajal Deep,0,1,57,61,61,49,44,60,43,58
BP-KAJA-30ml,Bengaluru,41,0,4.2,6,Rs. 499,Kajal Deep,4,0,31,23,36,24,31,34,22,26
BP-KAJA-30ml,Hyderabad Kiosk,10,0,9.5,4,499,Kajal Deep,4,1,67,59,55,78,65,79,79,62
BP-KAJA-30ml,Chennai,38,0,4.1,4,499,Kajal Deep,4,1,30,34,27,24,35,34,29,34
BP-KAJA-30ml,Kolkata,353,0,13.2,8,499,Kajal Deep,4,3,91,113,114,76,72,86,100,90
BP-KAJA-30ml,Pune Kiosk,247,0,10.9,8,₹499,Kajal Deep,0,0,60,75,91,62,68,92,60,63
BP-KAJA-30ml,Ahmedabad,100,0,7.5,8,₹499,Kajal Deep,12,0,42,46,59,40,44,55,44,54
BP-KAJA-30ml,Jaipur,27,0,4.4,6,Rs. 499,Kajal Deep,0,3,24,23,25,33,30,38,34,26
BP-KAJA-30ml,Lucknow,156, 50 ,12.0,4,₹499,Kajal Deep,0,0,100,82,94,92,96,90,79,78
BP-KAJA-30ml,Surat,125,0,11.6,8,₹499,Kajal Deep,0,3,95,83,67,81,70,87,101,99
BP-KAJA-30ml,Indore, 53 ,0,7.4,4,Rs. 499,Kajal Deep,0,0,56,52,43,50,53,46,63,44
BP-KAJA-30ml,Nagpur, 91 ,0,6.9,8,₹499,Kajal Deep,0,0,49,53,51,44,42,41,58,41
BP-KAJA-30ml,Kochi,65,0,3.8,8,499,Kajal Deep,12,0,24,26,33,24,29,30,23,23
BP-KAJA-30ml,Chandigarh,171,0,7.3,8,499,Kajal Deep,0,0,60,58,44,61,46,52,55,64
BP-KAJA-30ml,Bhopal,83,0,8.9,4 days,499,Kajal Deep,12,0,64,68,53,72,54,72,51,48
BP-KAJA-30ml,Patna Kiosk,241,0,9.6,8,₹499,Kajal Deep,12,0,62,60,67,74,71,71,59,61
BP-KAJA-30ml,Vadodara,67,0,6.7,4,499,Kajal Deep,0,0,43,44,51,51,169,53,54,45
BP-KAJA-30ml,Ludhiana,28,0,6.3,4,499,Kajal Deep,0,0,38,34,46,41,37,33,46,46
BP-KAJA-30ml,Agra,93,0,6.5,6,₹499,Kajal Deep,0,0,39,49,44,39,40,52,47,39
BP-KAJA-30ml,Nashik,182,61,12.7,6,₹499,Kajal Deep,12,3,84,71,110,105,88,100,95,71
BP-KAJA-30ml,Meerut,106,0,7.8,6,499,Kajal Deep,0,3,61,59,60,51,46,57,65,65
BP-KAJA-30ml,Rajkot,44,0,2.2,8,₹499,Kajal Deep,0,1,17,18,19,16,17,14,12,17
BP-KAJA-30ml,Varanasi,219,80,13.6,6,₹499,Kajal Deep,0,3,81,90,81,108,105,86,116,106
BP-KAJA-30ml,Amritsar,37,29,6.9,4,₹499,Kajal Deep,0,3,52,60,45,47,52,40,57,43
BP-KAJA-30ml,Noida,64,0,6.1,6,₹499,Kajal Deep,4,1,50,33,35,36,44,32,33,46
BP-KAJA-30ml,Gurugram,145,-6,11.1,4,Rs. 499,Kajal Deep,0,0,97,81,93,91,67,90,77,83
BP-KAJA-30ml,Coimbatore,148,0,12.2,4,₹499,Kajal Deep,4,0,74,71,87,98,106,101,93,89
BP-KAJA-30ml,Madurai,163,0,13.2,4,Rs. 499,Kajal Deep,0,3,95,76,105,78,85,102,71,82
BP-KAJA-30ml,Guwahati,56,22,6.1,4,₹499,Kajal Deep,0,3,38,35,36,33,32,41,39,49
BP-KAJA-30ml,Mumbai City Mall,82,0,11.3,4,₹499,Kajal Deep,0,1,61,79,98,92,87,80,76,76
BP-KAJA-30ml,Delhi City Mall,79,0,8.1,4,Rs. 499,Kajal Deep,4,3,43,65,68,55,68,70,55,46
BP-KAJA-30ml,Bengaluru City Mall Kiosk,25.5,0,3.8,6,₹499,Kajal Deep,12,3,22,31,26,21,30,29,31,30
BP-KAJA-30ml,Hyderabad City Mall,77,0,6.1,4,499,Kajal Deep,0,1,44,45,41,52,52,33,40,47
BP-KAJA-30ml,Chennai City Mall,139,0,6.5,8,₹499,Kajal Deep,12,1,51,41,52,57,49,39,37,45
BP-KAJA-30ml,Kolkata City Mall,222,0,13.1,6,499,Kajal Deep,4,3,111,109,74,74,84,110,85,96
BP-KAJA-50ml,Mumbai,22,0,5.0,4,699,Kajal Deep,0,1,37,42,31,29,34,31,29,37
BP-KAJA-50ml,Delhi,258,0,13.9,8,699,Kajal Deep,4,0,94,106,117,84,101,95,103,105
BP-KAJA-50ml,Bengaluru,162,67,12.3,6,₹699,Kajal Deep,0,0,82,101,103,75,66,77,71,96
BP-KAJA-50ml,Hyderabad Kiosk,70,0,3.7,8,Rs. 699,Kajal Deep,0,1,32,22,25,25,22,25,27,22
BP-KAJA-50ml,Chennai,35,0,9.7,8,699,Kajal Deep,0,0,71,72,73,76,53,54,63,62
BP-KAJA-50ml,Kolkata,42,0,11.4,4,₹699,Kajal Deep,4,1,85,86,81,83,74,92,65,76
BP-KAJA-50ml,Pune Kiosk,230,0,13.3,6,N/A,Kajal Deep,0,1,102,88,110,113,72,85,87,104
BP-KAJA-50ml,Ahmedabad,226,0,10.9,,₹699,Kajal Deep,12,0,91,63,76,72,95,63,58,69
BP-KAJA-50ml,Jaipur,118, 26 ,6.8,6,₹699,Kajal Deep,12,0,56,51,58,38,46,40,55,59
BP-KAJA-50ml,Lucknow, 85 ,0,,8,₹699,Kajal Deep,4,1,83,101,78,92,84,118,112,101
BP-KAJA-50ml,Surat,44,0,5.4,4,699,Kajal Deep,0,1,38,35,34,36,44,30,92,32
BP-KAJA-50ml,Indore,57,0,12.0,6,₹699,Kajal Deep,0,0,85,64,101,80,75,73,75,84
BP-KAJA-50ml,Nagpur,17,0,2.2,6,699,Kajal Deep,4,3,17,18,19,19,16,14,13,12
BP-KAJA-50ml,Kochi,179,40,11.2,8,₹699,Kajal Deep,12,3,77,95,89,87,94,60,81,92
BP-KAJA-50ml,Chandigarh,6,0,13.4,4,₹699,Kajal Deep,12,3,109,87,72,109,85,78,109,116
BP-KAJA-50ml,Bhopal,46,0,10.5,8,699,Kajal Deep,4,0,69,91,69,76,69,64,79,83
BP-KAJA-50ml,Patna Kiosk,113,0,6.5,8,699.00,Kajal Deep,4,0,55,49,35,48,36,37,39,45
BP-KAJA-50ml,Vadodara,153,56,12.0,4,Rs. 699,Kajal Deep,0,3,81,64,66,86,65,86,71,65
BP-KAJA-50ml,Vadodara,153,56,12.0,4,Rs. 699,Kajal Deep,0,3,81,64,66,86,65,86,71,65
BP-KAJA-50ml,Ludhiana,58,34,5.6,8,699.00,Kajal Deep,0,3,41,35,32,45,44,46,46,33
BP-KAJA-50ml,Agra,13,0,3.3,4,699.00,Kajal Deep,0,0,21,21,26,24,19,18,27,18
BP-KAJA-50ml,Nashik,83,0,5.3,6,₹699,Kajal Deep,4,3,35,40,30,31,36,28,34,28
BP-KAJA-50ml,Meerut,46,0,3.4,6,₹699,Kajal Deep,0,1,19,18,26,23,23,29,23,24
BP-KAJA-50ml,Rajkot,70,67,11.2,6,699.00,Kajal Deep,4,1,94,87,89,76,89,86,88,96
BP-KAJA-50ml,Varanasi,119,0,11.9,4,699,Kajal Deep,12,3,85,81,79,93,102,93,98,74
BP-KAJA-50ml,Amritsar,106,0,7.3,8,₹699,Kajal Deep,0,0,54,64,64,47,58,41,51,48
BP-KAJA-50ml,Noida,68,0,9.6,4,699,Kajal Deep,0,0,72,57,53,72,53,67,75,59
BP-KAJA-50ml,Gurugram,118,43,9.7,4,Rs. 699,Kajal Deep,0,3,58,69,62,57,79,55,63,68
BP-KAJA-50ml,Coimbatore, 90 ,0,7.4,4,₹699,Kajal Deep,0,3,42,53,51,45,64,46,43,53
BP-KAJA-50ml,Madurai,37,23,4.4,4,699,Kajal Deep,4,3,31,29,33,33,36,38,27,29
BP-KAJA-50ml,Guwahati,120,0,9.7,4,Rs. 699,Kajal Deep,0,0,65,77,66,72,70,78,75,66
BP-KAJA-50ml,Mumbai City Mall,122,0,9.6,8,699,Kajal Deep,12,1,58,72,66,68,78,75,56,55
BP-KAJA-50ml,Delhi City Mall, 44 ,0,6.5,4,699,Kajal Deep,12,0,46,51,53,34,34,42,48,36
BP-KAJA-50ml,Bengaluru City Mall Kiosk,26,0,11.8,6,₹699,Kajal Deep,12,3,80,86,87,66,70,88,94,93
BP-KAJA-50ml,Hyderabad City Mall,70,18,4.4,8,699,Kajal Deep,0,1,37,26,33,33,24,24,38,25
BP-KAJA-50ml,Chennai City Mall,50,0,4.4,4,699,Kajal Deep,4,0,30,29,38,25,25,35,32,23
BP-KAJA-50ml,Kolkata City Mall,207,0,12.9,6,₹699,Kajal Deep,4,0,110,90,87,83,77,86,71,99
BP-KAJA-100ml,Mumbai,43,0,4.2,4,Rs. 999,Kajal Deep,0,1,23,29,24,23,27,24,35,36
BP-KAJA-100ml,Delhi, 180 ,0,10.9,8,₹999,Kajal Deep,0,0,92,84,93,60,93,86,76,92
BP-KAJA-100ml,Bengaluru,53,0,13.5,6,Rs. 999,Kajal Deep,4,0,111,90,74,117,89,110,106,94
BP-KAJA-100ml,Hyderabad Kiosk,159,33,12.2,4,999,Kajal Deep,4,3,102,86,69,99,90,217,98,99
BP-KAJA-100ml,Chennai,47,0,13.8,4,999,Kajal Deep,0,0,112,118,79,98,110,90,104,101
BP-KAJA-100ml,Kolkata,33,0,3.3,8,999,Kajal Deep,12,1,19,21,23,25,22,19,27,26
BP-KAJA-100ml,Pune Kiosk,149,0,9.6,8,Rs. 999,Kajal Deep,4,1,78,74,60,52,71,77,65,69
,Ahmedabad,130,0,8.9,6,Rs. 999,Kajal Deep,0,3,64,64,74,64,75,53,72,48
BP-KAJA-100ml,Jaipur,45,0,6.5,8,999,Kajal Deep,12,0,55,38,46,47,54,44,53,47
BP-KAJA-100ml,Lucknow,72,12,6.5,4,₹999,Kajal Deep,12,1,50,47,52,55,54,53,50,44
BP-KAJA-100ml,Surat,106,0,5.8,6,999,Kajal Deep,0,3,40,41,39,48,37,43,50,50
BP-KAJA-100ml,Indore,8, 44 ,13.5,4,999,Kajal Deep,0,0,102,101,77,100,112,105,102,82
BP-KAJA-100ml,Nagpur,16,104,12.6,6,₹999,Kajal Deep,12,1,106,72,109,80,79,72,68,81
BP-KAJA-100ml,Kochi,57.5,0,4.8,6,Rs. 999,Kajal Deep,4,1,39,29,40,38,30,37,34,31
BP-KAJA-100ml,Chandigarh,70,0,10.2,6,Rs. 999,Kajal Deep,0,1,54,83,88,78,75,55,79,65
BP-KAJA-100ml,Bhopal,124,42,9.2,6,Rs. 999,Kajal Deep,12,0,50,80,74,77,78,63,69,80
BP-KAJA-100ml,Patna Kiosk,131,55,6.5,8,Rs. 999,Kajal Deep,0,1,50,50,52,35,43,50,49,53
BP-KAJA-100ml,Vadodara,159,0,11.6,6,₹999,Kajal Deep,4,0,101,85,93,81,84,72,79,88
BP-KAJA-100ml,Ludhiana,-6,41,8.0,6,₹999,Kajal Deep,12,0,43,69,58,64,62,43,48,60
BP-KAJA-100ml,Agra,229,0,12.7,6,999,Kajal Deep,0,3,107,111,74,69,89,93,101,110
BP-KAJA-100ml,Nashik, 10 ,14,4.5,4,999,Kajal Deep,12,0,25,30,24,33,29,29,30,32
BP-KAJA-100ml,Meerut,40,0,2.4,6,₹999,Kajal Deep,4,0,17,17,14,19,13,17,17,14
BP-KAJA-100ml,Rajkot,179,0,8.7,8 days,999.00,Kajal Deep,12,1,76,60,62,71,49,60,57,68
BP-KAJA-100ml,Varanasi,51,24,7.4,4,₹999,Kajal Deep,0,3,62,53,46,45,54,50,48,62
BP-KAJA-100ml,Amritsar,36,0,2.8,8,999,Kajal Deep,12,0,18,19,23,16,21,17,17,18
BP-KAJA-100ml,Noida,82,-7,11.6,8,999,Kajal Deep,0,0,78,67,92,79,94,79,92,90
BP-KAJA-100ml,Gurugram,57,0,7.9,4,999,Kajal Deep,0,3,66,61,50,53,42,45,57,69
BP-KAJA-100ml,Coimbatore,45,27,4.8,8,999,Kajal Deep,4,0,42,34,26,36,26,36,27,39
BP-KAJA-100ml,Madurai,92,0,10.8,4,₹999,Kajal Deep,4,0,57,59,61,58,90,80,72,94
BP-KAJA-100ml,Guwahati,46,0,8.6,4,N/A,Kajal Deep,0,0,54,53,71,60,68,74,65,47
BP-KAJA-100ml,Mumbai City Mall,49,21,6.1,4,999,Kajal Deep,12,0,47,50,37,49,45,53,43,51
BP-KAJA-100ml,Delhi City Mall,49,0,3.4,6,999.00,Kajal Deep,0,0,22,30,22,25,20,27,24,27
BP-KAJA-100ml,Bengaluru City Mall Kiosk, 40 ,0,3.5,4,999,Kajal Deep,4,3,28,28,22,27,83,24,28,30
BP-KAJA-100ml,Hyderabad City Mall,195,0,13.2,6,₹999,Kajal Deep,12,0,115,101,84,90,110,115,84,89
BP-KAJA-100ml,Chennai City Mall, 11 ,0,11.4,8,999,Kajal Deep,12,0,62,66,93,63,64,91,67,96
BP-KAJA-100ml,Kolkata City Mall,97,0,6.2,8,999.00,Kajal Deep,0,3,40,41,52,49,53,53,48,33
BP-KAJA-200ml,Mumbai,135,0,12.2,6,₹699,Kajal Deep,12,0,78,101,68,89,103,97,100,89
BP-KAJA-200ml,Delhi,165,0,7.6,8,699,Kajal Deep,0,0,43,46,61,54,56,54,65,62
BP-KAJA-200ml,Bengaluru, 60 ,0,5.9,4,₹699,Kajal Deep,12,0,43,46,47,36,51,45,37,43
BP-KAJA-200ml,Hyderabad Kiosk,33,0,11.1,4,₹699,Kajal Deep,12,3,66,67,77,87,97,80,80,92
BP-KAJA-200ml,Chennai,164,43,9.3,8,Rs. 699,Kajal Deep,0,3,74,66,53,52,66,59,57,52
BP-KAJA-200ml,Kolkata,7,0,4.6,4,₹699,Kajal Deep,0,3,34,40,38,35,35,31,34,31
BP-KAJA-200ml,Pune Kiosk,22,0,7.6,4,Rs. 699,Kajal Deep,12,3,44,51,54,50,55,51,52,66
BP-KAJA-200ml,Ahmedabad,59,0,8.8,4,699.00,Kajal Deep,4,0,72,65,54,51,47,57,60,71
BP-KAJA-200ml,Jaipur,75,0,4.4,,699,Kajal Deep,0,1,24,31,36,26,38,33,23,26
BP-KAJA-200ml,Lucknow,26,0,3.6,6,₹699,Kajal Deep,0,3,27,29,29,30,31,23,28,28
BP-KAJA-200ml,Surat,101,0,9.5,6,699,Kajal Deep,0,3,76,62,75,59,50,57,53,74
BP-KAJA-200ml,Indore,18,0,2.8,8,699,Kajal Deep,0,3,23,15,19,20,17,15,19,16
BP-KAJA-200ml,Nagpur,100,0,10.7,6,699,Kajal Deep,0,1,60,66,67,77,81,71,57,81
BP-KAJA-200ml,Kochi,16,0,12.0,4,Rs. 699,Kajal Deep,0,3,96,82,96,103,99,100,76,93
BP-KAJA-200ml,Chandigarh,164,0,11.7,8,699,Kajal Deep,0,0,67,65,88,71,92,70,100,95
BP-KAJA-200ml,Bhopal,139,0,10.9,4,₹699,Kajal Deep,0,0,64,85,92,59,84,83,90,61
BP-KAJA-200ml,Patna Kiosk,29,0,11.5,6,₹699,Kajal Deep,4,0,77,81,78,91,99,95,64,69
BP-KAJA-200ml,Vadodara,42,0,3.7,6,Rs. 699,Kajal Deep,0,0,20,24,23,26,31,24,26,26
BP-KAJA-200ml,Ludhiana,12,0,3.4,6,Rs. 699,Kajal Deep,12,3,26,21,21,18,25,25,24,29
BP-KAJA-200ml,Agra,33,0,6.1,8,₹699,Kajal Deep,12,0,40,38,33,51,51,34,35,53
BP-KAJA-200ml,Nashik,30,0,,8,699,Kajal Deep,0,1,19,14,19,21,17,22,19,20
BP-KAJA-200ml,Meerut,113,0,9.6,6,699,Kajal Deep,4,0,70,80,82,56,68,56,77,55
BP-KAJA-200ml,Rajkot,84,0,8.0,4,₹699,Kajal Deep,12,3,54,46,63,56,68,57,47,70
BP-KAJA-200ml,Varanasi,243,0,10.2,8,699.00,Kajal Deep,12,1,81,85,69,69,64,66,85,76
BP-KAJA-200ml,Amritsar,162,64,11.7,6,₹699,Kajal Deep,4,1,68,79,89,97,75,100,91,78
BP-KAJA-200ml,Noida,256,0,9.7,8,₹699,Kajal Deep,0,1,75,68,53,67,67,217,72,58
BP-KAJA-200ml,Gurugram,78,0,11.7,8,699,Kajal Deep,4,1,79,69,65,68,88,101,90,102
BP-KAJA-200ml,Coimbatore,1,13,3.5,6,699,Kajal Deep,0,3,25,28,26,27,20,30,20,28
BP-KAJA-200ml,Madurai,14,0,4.3,8,699,Kajal Deep,0,3,33,24,34,24,34,30,36,29
BP-KAJA-200ml,Guwahati,6,0,4.8,6,₹699,Kajal Deep,4,0,41,32,28,38,30,37,36,26
BP-KAJA-200ml,Mumbai City Mall,120.5,0,5.6,8,699,Kajal Deep,4,0,47,35,40,38,48,31,35,43
BP-KAJA-200ml,Delhi City Mall,170,0,13.8,4,Rs. 699,Kajal Deep,12,0,107,109,74,80,112,81,116,96
BP-KAJA-200ml,Bengaluru City Mall Kiosk,31,0,2.9,4,699,Kajal Deep,0,3,17,22,22,22,17,21,15,15
BP-KAJA-200ml,Hyderabad City Mall,121,0,5.0,8,699,Kajal Deep,4,1,35,28,27,31,32,44,42,30
BP-KAJA-200ml,Chennai City Mall,6,0,12.7,6,699,Kajal Deep,4,0,96,109,111,99,86,96,90,86
BP-KAJA-200ml,Kolkata City Mall,26,0,6.2,8,₹699,Kajal Deep,0,0,46,42,35,37,33,40,45,33
BP-LIP-30ml,Mumbai,237,0,11.8,6,499.00,Lip Tint,4,0,84,62,89,89,89,68,71,92
BP-LIP-30ml,Delhi,36,0,4.5,4,499.00,Lip Tint,0,3,33,37,30,36,37,35,38,27
BP-LIP-30ml,Bengaluru,41,0,3.2,4,499,Lip Tint,4,0,26,25,21,27,18,22,25,22
BP-LIP-30ml,Hyderabad Kiosk,104,0,13.0,4,₹499,Lip Tint,4,0,70,83,75,107,97,73,97,79
BP-LIP-30ml,Chennai,1,0,8.0,6,499.00,Lip Tint,0,0,63,45,42,69,51,46,48,52
BP-LIP-30ml,Kolkata,39,0,2.2,6,499,Lip Tint,12,1,15,18,13,18,14,16,19,12
BP-LIP-30ml,Pune Kiosk,38,0,2.4,6,499,Lip Tint,4,0,19,15,19,19,15,20,17,18
BP-LIP-30ml,Pune Kiosk,38,0,2.4,6,499,Lip Tint,4,0,19,15,19,19,15,20,17,18
BP-LIP-30ml,Ahmedabad,49,0,3.3,8,499,Lip Tint,4,0,28,29,18,25,23,28,21,20
BP-LIP-30ml,Jaipur,44,0,6.5,8,₹499,Lip Tint,0,1,45,42,48,43,56,52,38,49
BP-LIP-30ml,Lucknow,28,0,3.3,4,499,Lip Tint,4,3,20,24,22,21,27,28,22,19
BP-LIP-30ml,Surat,251,0,10.9,8,Rs. 499,Lip Tint,4,0,84,92,90,86,73,60,79,67
BP-LIP-30ml,Indore,70,0,9.2,8,499,Lip Tint,0,0,58,63,78,78,66,61,74,61
BP-LIP-30ml,Nagpur,76,34,9.8,6,499,Lip Tint,12,1,61,84,77,57,66,53,80,81
BP-LIP-30ml,Kochi,36,0,6.3,8,Rs. 499,Lip Tint,0,0,34,38,43,55,45,44,54,50
BP-LIP-30ml,Chandigarh,92,0,8.6,6,499,Lip Tint,4,1,60,55,63,65,74,56,72,72
BP-LIP-30ml,Bhopal,65,0,9.9,4,499,Lip Tint,0,0,83,81,66,76,74,80,63,59
BP-LIP-30ml,Patna Kiosk,42,0,2.5,8,N/A,Lip Tint,0,3,19,15,20,18,14,15,20,18
BP-LIP-30ml,Vadodara,121,0,12.5,8,499,Lip Tint,0,1,70,105,97,81,76,88,76,74
BP-LIP-30ml,Ludhiana,198,0,10.6,8,499,Lip Tint,0,1,72,63,69,84,68,88,233,68
BP-LIP-30ml,Agra,199,0,9.1,8,Rs. 499,Lip Tint,0,1,49,65,52,57,62,74,56,67
BP-LIP-30ml,Nashik, 106 ,0,10.2,8,499.00,Lip Tint,0,1,60,55,67,84,74,60,78,71
BP-LIP-30ml,Meerut,34,0,10.0,4,499.00,Lip Tint,0,0,72,77,87,63,72,53,75,85
BP-LIP-30ml,Rajkot,49,0,8.6,4,₹499,Lip Tint,4,0,58,65,63,55,55,72,49,69
BP-LIP-30ml,Varanasi,122,0,10.5,8,₹499,Lip Tint,0,0,64,59,61,62,66,82,64,91
BP-LIP-30ml,Amritsar,282,-3,11.7,8,₹499,Lip Tint,12,1,100,63,68,84,66,78,96,95
BP-LIP-30ml,Noida,168,0,8.4,6,499.00,Lip Tint,0,0,53,51,69,45,58,67,47,66
BP-LIP-30ml,Gurugram,35,0,5.5,8,499.00,Lip Tint,0,0,41,33,33,41,42,34,33,32
BP-LIP-30ml,Coimbatore,127,0,8.6,6,499,Lip Tint,0,0,63,57,68,63,52,52,74,48
BP-LIP-30ml,Madurai,51,0,13.3,8,499.00,Lip Tint,4,0,111,82,83,113,99,76,106,101
BP-LIP-30ml,Guwahati,25,60,12.8,4 days,499,Lip Tint,0,0,85,92,84,102,85,76,83,99
BP-LIP-30ml,Mumbai City Mall,24,0,3.5,4,499,Lip Tint,0,0,27,30,23,20,29,20,23,27
BP-LIP-30ml,Delhi City Mall,4,0,2.1,8,499.00,Lip Tint,12,0,16,14,13,18,15,12,17,14
BP-LIP-30ml,Bengaluru City Mall Kiosk,18,8,2.7,4,₹499,Lip Tint,12,0,19,16,20,23,20,20,19,23
BP-LIP-30ml,Hyderabad City Mall,115,48,4.8,8,₹499,Lip Tint,0,1,29,27,41,35,32,26,41,36
BP-LIP-30ml,Chennai City Mall,50,0,12.5,4,₹499,Lip Tint,0,0,89,101,106,100,72,88,79,66
BP-LIP-30ml,Kolkata City Mall,-1,43,10.8,4,499,Lip Tint,0,3,61,94,72,58,58,86,92,89
,Mumbai, 18 ,0,8.2,6,₹499,Lip Tint,12,0,47,46,57,48,43,47,72,53
BP-LIP-50ml,Delhi,142,0,6.2,8,499.00,Lip Tint,12,0,43,43,33,39,37,34,33,36
BP-LIP-50ml,Bengaluru,31,0,12.7,8,₹499,Lip Tint,4,0,90,83,90,69,70,71,101,67
BP-LIP-50ml,Hyderabad Kiosk, 25 ,49,9.4,6,₹499,Lip Tint,4,3,63,75,68,61,65,79,68,70
BP-LIP-50ml,Chennai,53,0,11.8,6,Rs. 499,Lip Tint,0,0,70,75,93,97,102,82,73,103
BP-LIP-50ml,Kolkata,42,0,6.4,8,Rs. 499,Lip Tint,0,0,51,38,51,53,43,39,55,36
BP-LIP-50ml,Pune Kiosk,142,0,7.1,6,499,Lip Tint,0,0,53,56,38,57,41,61,41,49
BP-LIP-50ml,Ahmedabad,9,0,2.6,8,499,Lip Tint,0,0,19,20,14,19,15,15,14,19
BP-LIP-50ml,Jaipur,2,0,7.9,6,₹499,Lip Tint,0,3,47,54,55,42,43,61,68,48
BP-LIP-50ml,Lucknow,98,0,5.8,,Rs. 499,Lip Tint,4,0,42,37,31,42,33,32,47,46
BP-LIP-50ml,Surat,0,13,3.4,6,499.00,Lip Tint,4,3,28,28,25,20,18,21,23,24
BP-LIP-50ml,Indore,101.5,0,10.9,4,499.00,Lip Tint,0,3,68,70,82,92,230,65,67,63
BP-LIP-50ml,Nagpur,191,0,10.0,8,499,Lip Tint,12,0,56,76,69,76,69,56,56,54
BP-LIP-50ml,Kochi,207,0,12.1,6,₹499,Lip Tint,0,1,92,79,96,100,66,85,103,99
BP-LIP-50ml,Chandigarh,105,29,6.0,6,₹499,Lip Tint,12,3,51,34,41,34,46,35,33,34
BP-LIP-50ml,Bhopal,45,8,2.3,6,499,Lip Tint,0,3,15,12,14,13,14,18,14,12
BP-LIP-50ml,Patna Kiosk,95,44,9.4,8,499.00,Lip Tint,4,0,73,65,76,78,60,81,67,81
BP-LIP-50ml,Vadodara,257,0,12.1,8,Rs. 499,Lip Tint,12,3,84,95,83,95,85,70,87,86
BP-LIP-50ml,Ludhiana,21,95,11.2,8,499,Lip Tint,0,3,90,69,95,64,78,84,79,75
BP-LIP-50ml,Agra,137,0,6.8,6,Rs. 499,Lip Tint,4,0,41,38,54,51,42,51,48,50
BP-LIP-50ml,Nashik,145,0,9.3,8,₹499,Lip Tint,12,3,52,57,67,60,72,51,68,72
BP-LIP-50ml,Meerut,198, 79 ,13.0,6,499.00,Lip Tint,0,1,84,71,106,98,73,91,112,93
BP-LIP-50ml,Rajkot,138,0,9.0,6,499,Lip Tint,0,1,67,51,67,54,69,76,48,64
BP-LIP-50ml,Varanasi,133,0,11.7,6,₹499,Lip Tint,4,3,87,80,74,96,81,80,65,86
BP-LIP-50ml,Amritsar, 9 ,0,13.8,4,Rs. 499,Lip Tint,0,1,76,92,89,83,88,78,101,85
BP-LIP-50ml,Noida,224,35,8.4,8,499,Lip Tint,0,0,71,55,53,63,73,48,56,67
BP-LIP-50ml,Gurugram,181,35,13.6,4,499,Lip Tint,0,0,100,73,115,102,106,104,103,76
BP-LIP-50ml,Coimbatore,115,0,11.5,6,₹499,Lip Tint,0,3,98,95,100,87,96,94,63,99
BP-LIP-50ml,Madurai,97,0,10.4,6,499,Lip Tint,4,0,74,55,81,90,66,79,70,62
BP-LIP-50ml,Guwahati,56,0,3.0,6,Rs. 499,Lip Tint,4,0,24,22,19,25,18,25,20,26
BP-LIP-50ml,Mumbai City Mall,33,0,13.5,8,499.00,Lip Tint,0,0,101,79,105,112,92,91,90,74
BP-LIP-50ml,Delhi City Mall,36,0,,6,499,Lip Tint,0,0,21,25,17,23,25,19,20,25
BP-LIP-50ml,Bengaluru City Mall Kiosk,129,0,12.9,4,499,Lip Tint,12,0,86,88,89,73,90,74,74,77
BP-LIP-50ml,Hyderabad City Mall,17,0,2.7,4,₹499,Lip Tint,0,0,18,19,16,15,16,23,21,15
BP-LIP-50ml,Chennai City Mall,58, 47 ,9.1,4,499,Lip Tint,0,3,75,48,67,76,63,51,53,79
BP-LIP-50ml,Kolkata City Mall,28,0,4.5,4,Rs. 499,Lip Tint,0,1,39,26,36,34,28,29,32,25
BP-LIP-100ml,Mumbai, 9 ,0,3.0,4,199,Lip Tint,0,3,26,17,24,21,17,19,17,22
BP-LIP-100ml,Delhi,130,32,10.2,4,₹199,Lip Tint,0,3,56,64,75,72,83,77,89,82
BP-LIP-100ml,Bengaluru,190,0,11.5,8,199,Lip Tint,4,3,99,96,80,77,87,79,82,73
BP-LIP-100ml,Hyderabad Kiosk,15,0,3.3,4,N/A,Lip Tint,0,0,25,21,18,18,27,23,23,28
BP-LIP-100ml,Chennai,99,64,13.2,8,Rs. 199,Lip Tint,12,3,73,88,110,93,275,71,85,72
BP-LIP-100ml,Kolkata,30,0,7.7,6,₹199,Lip Tint,0,3,51,43,59,60,50,57,42,47
BP-LIP-100ml,Pune Kiosk,99,0,9.8,4,Rs. 199,Lip Tint,0,3,63,64,83,73,61,72,79,64
BP-LIP-100ml,Ahmedabad,39,0,3.5,8,₹199,Lip Tint,12,1,30,22,23,27,21,19,26,30
BP-LIP-100ml,Jaipur,16,0,3.0,4,199.00,Lip Tint,0,3,24,16,22,21,24,21,17,17
BP-LIP-100ml,Lucknow,141,102,9.4,8,199,Lip Tint,0,3,68,62,79,68,81,70,69,72
BP-LIP-100ml,Surat, 162 ,0,10.4,6,₹199,Lip Tint,12,0,86,69,87,61,89,58,61,65
BP-LIP-100ml,Indore, 38 ,0,10.6,8,₹199,Lip Tint,12,3,91,63,77,83,87,92,88,75
BP-LIP-100ml,Nagpur,3,0,2.7,4,199,Lip Tint,12,3,23,16,17,23,18,23,21,16
BP-LIP-100ml,Kochi,127,0,7.3,6,₹199,Lip Tint,0,3,49,41,49,40,64,48,57,43
BP-LIP-100ml,Chandigarh,67,0,4.4,8,₹199,Lip Tint,0,0,28,28,29,34,34,30,24,38
BP-LIP-100ml,Bhopal,124,0,7.0,6,₹199,Lip Tint,0,1,46,58,45,41,42,45,54,42
BP-LIP-100ml,Patna Kiosk,51,19,10.4,4,199,Lip Tint,4,0,57,59,60,67,68,62,88,62
BP-LIP-100ml,Vadodara,20,0,13.7,4,199.00,Lip Tint,0,0,103,101,95,87,76,102,100,87
BP-LIP-100ml,Ludhiana,72,46,6.1,8,199,Lip Tint,0,3,40,45,35,49,35,35,51,35
BP-LIP-100ml,Agra,43,0,6.8,8,₹199,Lip Tint,12,1,54,45,38,49,56,40,57,50
BP-LIP-100ml,Nashik,61,0,3.6,8,₹199,Lip Tint,0,3,31,22,22,22,19,28,30,21
BP-LIP-100ml,Meerut,30,32,9.8,4,Rs. 199,Lip Tint,0,3,59,62,70,61,76,75,82,79
BP-LIP-100ml,Rajkot,84,0,7.0,4,₹199,Lip Tint,0,0,51,39,50,48,59,38,51,53
BP-LIP-100ml,Varanasi,96,-8,9.7,4,Rs. 199,Lip Tint,4,0,76,71,71,71,57,66,79,63
BP-LIP-100ml,Amritsar, 7 ,0,2.6,4,₹199,Lip Tint,4,0,18,18,18,21,20,16,22,21
BP-LIP-100ml,Noida,246,0,9.3,8,₹199,Lip Tint,4,0,55,79,53,66,61,52,67,65
BP-LIP-100ml,Gurugram,56,0,4.4,4,Rs. 199,Lip Tint,12,1,25,27,35,31,34,33,29,30
BP-LIP-100ml,Coimbatore,59,65,13.7,8,199,Lip Tint,4,1,114,94,111,92,92,77,76,73
BP-LIP-100ml,Madurai,85.5,0,5.6,8,Rs. 199,Lip Tint,0,0,39,43,33,41,34,39,45,40
BP-LIP-100ml,Guwahati,0,0,4.5,6,199,Lip Tint,12,1,28,27,29,27,32,33,0,0
BP-LIP-100ml,Mumbai City Mall,37,0,5.1,4,199.00,Lip Tint,0,0,27,38,36,44,36,43,40,44
BP-LIP-100ml,Delhi City Mall,11,0,3.6,4,₹199,Lip Tint,4,0,21,31,28,26,24,30,26,26
BP-LIP-100ml,Delhi City Mall,11,0,3.6,4,₹199,Lip Tint,4,0,21,31,28,26,24,30,26,26
BP-LIP-100ml,Bengaluru City Mall Kiosk,195,0,12.0,8,199,Lip Tint,12,0,77,91,82,85,83,102,86,93
BP-LIP-100ml,Hyderabad City Mall, 98 ,0,3.9,8,199,Lip Tint,12,1,23,22,26,29,20,105,27,31
BP-LIP-100ml,Chennai City Mall,92,0,6.3,6,199,Lip Tint,12,0,39,45,40,41,54,37,45,38
BP-LIP-100ml,Kolkata City Mall,51,18,8.4,4,199,Lip Tint,0,3,63,73,63,72,59,71,71,55
BP-LIP-200ml,Mumbai,205,0,9.6,8 days,499,Lip Tint,12,1,67,58,76,64,56,63,77,80
BP-LIP-200ml,Delhi,90,0,8.3,4,499.00,Lip Tint,12,0,59,45,63,49,58,52,58,70
BP-LIP-200ml,Bengaluru,17,0,2.9,4,₹499,Lip Tint,0,0,18,25,22,24,19,19,18,21
BP-LIP-200ml,Hyderabad Kiosk,39,0,2.9,8,499,Lip Tint,0,1,23,23,25,23,25,17,19,18
BP-LIP-200ml,Chennai,92,0,11.7,4,499,Lip Tint,0,3,78,81,90,101,100,71,76,100
BP-LIP-200ml,Kolkata,163,0,6.7,8,₹499,Lip Tint,0,0,54,38,42,39,46,39,37,40
BP-LIP-200ml,Pune Kiosk,115,0,11.5,4,499,Lip Tint,4,0,85,72,91,71,86,92,94,99
BP-LIP-200ml,Ahmedabad,18,0,3.6,4,₹499,Lip Tint,4,0,20,25,27,22,23,27,23,24
BP-LIP-200ml,Jaipur,57,0,8.1,6,₹499,Lip Tint,12,1,44,57,65,61,52,54,51,51
BP-LIP-200ml,Lucknow,60,0,5.7,4,Rs. 499,Lip Tint,12,0,36,42,46,43,39,48,32,47
BP-LIP-200ml,Surat,157,0,10.5,,499,Lip Tint,12,1,65,84,90,75,65,57,68,79
BP-LIP-200ml,Indore,11,0,9.4,4,Rs. 499,Lip Tint,4,3,54,50,81,55,77,57,61,64
BP-LIP-200ml,Nagpur,155,71,13.9,6,Rs. 499,Lip Tint,0,1,97,113,107,77,92,121,93,115
BP-LIP-200ml,Kochi,52,0,4.1,4,499.00,Lip Tint,4,3,23,33,34,27,32,31,26,30
BP-LIP-200ml,Chandigarh,23,0,4.1,6,499,Lip Tint,4,0,28,26,33,30,27,33,32,35
BP-LIP-200ml,Bhopal,13,0,2.3,6,₹499,Lip Tint,12,0,12,18,14,18,14,16,20,15
BP-LIP-200ml,Patna Kiosk,(4),0,13.1,4,499,Lip Tint,0,0,107,98,105,88,114,78,112,76
BP-LIP-200ml,Vadodara,115,0,9.3,4,₹499,Lip Tint,12,0,80,72,70,65,68,70,68,78
BP-LIP-200ml,Ludhiana,214,0,12.0,8,499,Lip Tint,12,1,102,77,93,83,97,82,79,92
BP-LIP-200ml,Agra,130,73,7.7,8,₹499,Lip Tint,12,1,57,53,66,65,46,54,57,48
BP-LIP-200ml,Nashik,26,7,3.3,4,₹499,Lip Tint,0,3,25,19,25,18,18,24,26,23
BP-LIP-200ml,Meerut,29,0,3.0,8,499.00,Lip Tint,4,3,19,25,23,17,26,18,19,19
BP-LIP-200ml,Rajkot,101,0,10.3,4,499,Lip Tint,4,0,81,60,67,73,66,70,70,84
BP-LIP-200ml,Varanasi,13,21,4.6,4,499,Lip Tint,0,0,32,26,40,40,38,39,28,28
BP-LIP-200ml,Amritsar,208,40,10.3,6,499,Lip Tint,0,1,80,60,65,62,75,90,55,88
BP-LIP-200ml,Noida, 30 ,0,9.6,4,499,Lip Tint,4,1,72,55,70,64,76,64,67,75
BP-LIP-200ml,Gurugram,64,11,6.5,4,N/A,Lip Tint,0,3,46,45,35,49,42,43,124,53
BP-LIP-200ml,Coimbatore,22,22,2.9,8,₹499,Lip Tint,12,3,21,18,18,20,20,24,23,23
BP-LIP-200ml,Madurai,27,60,5.6,8,499,Lip Tint,4,1,36,38,39,31,43,35,42,40
,Guwahati,70,32,7.8,6,499.00,Lip Tint,12,1,56,43,44,67,51,66,65,50
BP-LIP-200ml,Mumbai City Mall,6,0,3.3,4,Rs. 499,Lip Tint,0,0,21,20,25,24,28,18,28,25
BP-LIP-200ml,Delhi City Mall,28,0,2.4,4,₹499,Lip Tint,0,3,19,15,13,19,18,16,19,15
BP-LIP-200ml,Bengaluru City Mall Kiosk,14,0,8.2,4,Rs. 499,Lip Tint,12,1,69,56,67,52,53,48,70,47
BP-LIP-200ml,Hyderabad City Mall,68,87,10.4,6,₹499,Lip Tint,4,1,78,73,87,68,91,75,62,61
BP-LIP-200ml,Chennai City Mall,34,0,10.4,6,499,Lip Tint,4,0,71,72,60,79,86,84,56,79
BP-LIP-200ml,Kolkata City Mall,20,0,3.6,4,₹499,Lip Tint,0,0,21,27,24,31,25,24,30,30
BP-FACE-30ml,Mumbai,186,0,11.2,8,499,Face Wash Neem,4,1,84,85,90,88,61,76,84,94
BP-FACE-30ml,Delhi,70,28,7.2,6,499,Face Wash Neem,0,0,52,54,57,52,45,45,55,46
BP-FACE-30ml,Bengaluru,72,0,6.0,6,499,Face Wash Neem,4,0,51,32,43,46,38,45,44,50
BP-FACE-30ml,Hyderabad Kiosk,140,58,12.6,4,499,Face Wash Neem,4,0,102,86,87,90,88,84,94,88
BP-FACE-30ml,Chennai,171,0,8.4,8,₹499,Face Wash Neem,0,3,47,68,62,64,64,57,49,70
BP-FACE-30ml,Kolkata,84,0,5.5,6,499,Face Wash Neem,12,0,34,39,33,30,36,46,48,41
BP-FACE-30ml,Pune Kiosk,116,0,,8,Rs. 499,Face Wash Neem,4,1,61,57,56,58,56,66,59,72
BP-FACE-30ml,Ahmedabad,44,0,5.9,4,499.00,Face Wash Neem,0,0,37,44,37,34,50,36,37,31
BP-FACE-30ml,Jaipur,76,0,7.8,4,499,Face Wash Neem,0,0,61,59,50,62,42,56,49,67
BP-FACE-30ml,Lucknow,19.5,16,5.4,4,₹499,Face Wash Neem,0,3,39,46,29,39,46,34,41,40
BP-FACE-30ml,Surat,45,0,5.0,6,₹499,Face Wash Neem,0,3,31,33,35,34,33,41,28,39
BP-FACE-30ml,Indore,108,28,8.5,4,₹499,Face Wash Neem,0,0,52,48,72,51,59,62,54,67
BP-FACE-30ml,Nagpur, 27 ,0,2.8,6,499,Face Wash Neem,12,3,22,24,19,15,18,18,20,23
BP-FACE-30ml,Kochi,21,0,3.4,8,₹499,Face Wash Neem,4,3,18,19,27,21,26,25,28,28
BP-FACE-30ml,Chandigarh,36,0,3.9,4,Rs. 499,Face Wash Neem,0,3,27,22,34,31,26,21,27,23
BP-FACE-30ml,Bhopal,131,0,6.9,6,499,Face Wash Neem,0,3,44,37,40,48,60,54,57,53
BP-FACE-30ml,Patna Kiosk,24,0,4.2,4,₹499,Face Wash Neem,4,0,34,35,23,23,32,30,37,26
BP-FACE-30ml,Vadodara,58,0,6.0,4,499,Face Wash Neem,0,0,34,49,49,46,34,40,35,51
BP-FACE-30ml,Ludhiana,41,0,5.3,8,499,Face Wash Neem,0,0,44,31,33,31,39,36,33,37
BP-FACE-30ml,Agra,137,0,7.4,6,499.00,Face Wash Neem,0,0,41,64,53,56,188,42,44,58
BP-FACE-30ml,Nashik,37,54,7.2,6,₹499,Face Wash Neem,12,0,48,42,54,62,60,56,50,50
BP-FACE-30ml,Meerut,53,0,5.8,8,499,Face Wash Neem,4,3,50,42,40,50,51,50,32,42
BP-FACE-30ml,Rajkot,168,-1,13.6,6,499,Face Wash Neem,0,3,83,116,118,100,110,106,81,75
BP-FACE-30ml,Varanasi,98,20,7.6,6,₹499,Face Wash Neem,12,0,66,54,49,57,65,63,52,66
BP-FACE-30ml,Amritsar,57,0,13.1,6,499,Face Wash Neem,12,0,93,84,89,80,106,72,102,81
BP-FACE-30ml,Noida,37, 35 ,5.4,8,₹499,Face Wash Neem,12,1,42,42,36,45,39,45,29,42
BP-FACE-30ml,Gurugram,10,0,6.4,8,499,Face Wash Neem,12,0,52,45,40,50,39,46,34,46
BP-FACE-30ml,Coimbatore,30,28,2.6,8,₹499,Face Wash Neem,4,0,15,17,21,15,15,16,21,20
BP-FACE-30ml,Madurai,25,0,10.7,8,₹499,Face Wash Neem,12,0,76,79,60,78,65,75,79,67
BP-FACE-30ml,Guwahati,61,0,7.5,6,499,Face Wash Neem,0,0,43,59,55,42,43,48,63,46
BP-FACE-30ml,Mumbai City Mall,56,0,4.5,4,Rs. 499,Face Wash Neem,0,3,32,35,33,39,39,31,34,34
BP-FACE-30ml,Delhi City Mall,135,0,6.5,8,499,Face Wash Neem,4,1,44,40,47,47,51,47,38,52
BP-FACE-30ml,Bengaluru City Mall Kiosk,10,31,4.1,6,499,Face Wash Neem,0,0,34,36,22,32,36,31,32,35
BP-FACE-30ml,Hyderabad City Mall,17,0,8.8,8,499,Face Wash Neem,4,0,71,64,55,66,68,46,50,74
BP-FACE-30ml,Chennai City Mall,15,10,2.8,4,₹499,Face Wash Neem,4,3,16,21,20,16,24,23,15,21
BP-FACE-30ml,Kolkata City Mall,75,0,7.0,6,499,Face Wash Neem,12,0,60,51,47,47,54,47,48,57
BP-FACE-50ml,Mumbai,72,0,10.5,6,999,Face Wash Neem,0,0,80,75,71,77,81,57,70,75
BP-FACE-50ml,Delhi,18,0,13.3,6,999.00,Face Wash Neem,0,3,80,76,101,73,88,71,84,116
BP-FACE-50ml,Bengaluru,243,97,12.7,6,₹999,Face Wash Neem,12,0,92,80,86,102,70,78,71,93
BP-FACE-50ml,Hyderabad Kiosk,15,39,8.8,4,₹999,Face Wash Neem,4,0,64,59,66,60,65,57,59,48
BP-FACE-50ml,Chennai,98,0,6.2,6,₹999,Face Wash Neem,0,1,38,38,51,43,40,36,49,53
BP-FACE-50ml,Kolkata,73,0,4.2,6,999,Face Wash Neem,0,1,28,30,32,33,27,23,33,27
BP-FACE-50ml,Pune Kiosk,17,0,5.2,4,999,Face Wash Neem,12,3,37,41,32,35,39,32,37,36
BP-FACE-50ml,Ahmedabad,173,0,9.9,8 days,Rs. 999,Face Wash Neem,0,3,62,79,71,56,80,72,53,67
BP-FACE-50ml,Jaipur,48,18,3.2,8,₹999,Face Wash Neem,0,3,26,21,19,23,23,21,28,22
BP-FACE-50ml,Lucknow,25, 28 ,3.2,8,999,Face Wash Neem,12,1,27,21,19,20,23,27,22,21
BP-FACE-50ml,Surat,142,33,10.0,6,Rs. 999,Face Wash Neem,12,3,73,79,76,71,63,53,83,56
BP-FACE-50ml,Indore,10,0,4.2,,999,Face Wash Neem,0,3,26,35,33,30,23,33,25,30
BP-FACE-50ml,Nagpur,16,0,10.4,6,₹999,Face Wash Neem,0,3,74,58,57,85,249,60,79,66
BP-FACE-50ml,Kochi,33,0,5.8,4,N/A,Face Wash Neem,4,0,38,45,35,35,35,36,43,36
BP-FACE-50ml,Chandigarh,116,0,8.3,6,₹999,Face Wash Neem,12,0,60,66,67,46,70,72,61,46
BP-FACE-50ml,Bhopal,19,8,3.5,4,999,Face Wash Neem,0,3,24,18,22,26,28,30,28,25
BP-FACE-50ml,Patna Kiosk,17,0,4.3,8,999,Face Wash Neem,0,1,36,25,37,31,32,31,26,29
BP-FACE-50ml,Vadodara,39,0,10.1,4,999,Face Wash Neem,0,1,80,83,84,68,65,62,69,66
BP-FACE-50ml,Ludhiana,159,0,12.5,4,999,Face Wash Neem,0,3,78,69,79,77,72,91,87,104
BP-FACE-50ml,Agra,33,0,6.9,4,₹999,Face Wash Neem,12,3,53,51,39,57,60,40,57,59
BP-FACE-50ml,Nashik,89,41,5.0,6,Rs. 999,Face Wash Neem,12,0,40,28,36,27,34,31,37,27
BP-FACE-50ml,Nashik,89,41,5.0,6,Rs. 999,Face Wash Neem,12,0,40,28,36,27,34,31,37,27
BP-FACE-50ml,Meerut,117,0,11.1,6,₹999,Face Wash Neem,12,0,79,73,97,69,80,82,89,73
BP-FACE-50ml,Rajkot,7,0,6.5,4,999,Face Wash Neem,4,1,51,48,48,38,43,54,55,34
BP-FACE-50ml,Varanasi,58,0,9.4,4,999,Face Wash Neem,12,1,55,78,66,65,54,57,52,77
BP-FACE-50ml,Amritsar,36,0,3.1,8,₹999,Face Wash Neem,12,0,25,21,22,23,25,21,27,18
BP-FACE-50ml,Noida,147,57,9.2,6,999.00,Face Wash Neem,12,0,51,71,71,52,48,50,72,65
BP-FACE-50ml,Gurugram,154.5,0,9.8,6,Rs. 999,Face Wash Neem,0,1,83,70,59,79,53,55,79,65
BP-FACE-50ml,Coimbatore,41,0,3.8,4,999,Face Wash Neem,0,3,29,22,33,29,25,31,31,22
BP-FACE-50ml,Madurai,78,0,5.7,6,₹999,Face Wash Neem,0,1,36,40,49,30,37,30,31,31
BP-FACE-50ml,Guwahati,30,0,3.6,4,999,Face Wash Neem,12,3,28,21,30,21,21,22,20,28
BP-FACE-50ml,Mumbai City Mall,17,0,3.0,6,₹999,Face Wash Neem,0,1,22,20,26,25,24,25,19,16
BP-FACE-50ml,Delhi City Mall,103,0,8.6,4,999,Face Wash Neem,0,0,55,50,68,72,51,68,51,62
BP-FACE-50ml,Bengaluru City Mall Kiosk,182,0,9.8,6,999,Face Wash Neem,0,1,55,59,81,74,75,54,83,56
BP-FACE-50ml,Hyderabad City Mall,-5,49,7.0,8,₹999,Face Wash Neem,4,1,39,50,51,41,38,49,60,55
BP-FACE-50ml,Chennai City Mall,229,0,9.9,8,₹999,Face Wash Neem,4,3,86,77,73,55,60,70,73,76
BP-FACE-50ml,Kolkata City Mall,77,0,7.9,6,Rs. 999,Face Wash Neem,12,0,56,59,61,61,43,53,63,55
BP-FACE-100ml,Mumbai,40,14,2.9,8,349,Face Wash Neem,12,3,24,24,21,22,25,19,18,19
BP-FACE-100ml,Delhi,137,0,12.8,8,Rs. 349,Face Wash Neem,4,1,110,73,73,91,102,87,99,74
BP-FACE-100ml,Bengaluru,125,0,13.1,4,Rs. 349,Face Wash Neem,0,3,73,111,90,102,86,109,85,108
BP-FACE-100ml,Hyderabad Kiosk,65,0,12.0,4,349,Face Wash Neem,4,3,74,83,77,93,67,92,77,103
BP-FACE-100ml,Chennai,36,18,5.9,4,349.00,Face Wash Neem,0,0,47,35,33,34,39,35,36,42
BP-FACE-100ml,Kolkata,11,0,4.7,6,Rs. 349,Face Wash Neem,4,0,25,36,28,31,35,25,89,26
BP-FACE-100ml,Pune Kiosk,66,0,9.3,4,₹349,Face Wash Neem,12,1,51,58,71,49,58,65,74,77
BP-FACE-100ml,Ahmedabad,26,0,2.3,8,349,Face Wash Neem,4,1,14,13,14,14,13,14,17,15
BP-FACE-100ml,Jaipur,8,0,13.4,6,349,Face Wash Neem,0,0,114,106,100,105,104,106,96,97
BP-FACE-100ml,Lucknow, 21 ,11,4.4,6,Rs. 349,Face Wash Neem,4,1,34,25,38,26,29,30,33,29
BP-FACE-100ml,Surat,52,0,7.9,4,349,Face Wash Neem,0,0,49,56,44,61,56,42,45,57
BP-FACE-100ml,Indore,21,0,3.8,8,349,Face Wash Neem,12,1,27,28,25,32,24,28,23,29
BP-FACE-100ml,Nagpur,247,68,13.4,6,349.00,Face Wash Neem,0,3,94,99,75,113,96,100,85,105
BP-FACE-100ml,Kochi, 23 ,0,4.6,4,349,Face Wash Neem,4,3,31,27,35,29,31,38,27,24
BP-FACE-100ml,Chandigarh,60,0,8.4,6,₹349,Face Wash Neem,12,3,48,47,70,53,57,63,69,67
BP-FACE-100ml,Bhopal,31,0,2.5,4,₹349,Face Wash Neem,12,0,14,20,16,15,18,18,16,16
BP-FACE-100ml,Patna Kiosk,47,0,6.8,4,349,Face Wash Neem,12,0,55,40,56,46,46,59,42,36
BP-FACE-100ml,Vadodara,36, 105 ,,8,₹349,Face Wash Neem,0,0,96,90,66,61,73,88,62,99
BP-FACE-100ml,Ludhiana,120,0,12.8,4,349,Face Wash Neem,0,0,77,80,72,72,109,73,100,104
BP-FACE-100ml,Agra,15,0,2.6,4,349,Face Wash Neem,4,3,20,15,21,16,16,20,22,19
BP-FACE-100ml,Nashik,48,34,7.4,4,349.00,Face Wash Neem,4,0,46,51,51,52,51,54,64,60
BP-FACE-100ml,Meerut,6,-4,13.6,4,349,Face Wash Neem,0,0,75,77,87,101,97,105,109,78
,Rajkot,43,0,9.7,4,349,Face Wash Neem,12,1,76,65,66,72,70,70,68,57
BP-FACE-100ml,Varanasi,51,0,13.2,4,₹349,Face Wash Neem,0,0,113,86,85,78,112,72,99,111
BP-FACE-100ml,Amritsar,36, 33 ,11.4,4,349,Face Wash Neem,4,0,98,97,89,99,89,64,83,63
BP-FACE-100ml,Noida,152,0,10.7,6,₹349,Face Wash Neem,0,1,73,75,65,91,74,73,82,82
BP-FACE-100ml,Gurugram,89,0,8.0,4,349,Face Wash Neem,12,0,62,54,68,62,59,69,48,62
BP-FACE-100ml,Coimbatore,127,0,8.7,6,Rs. 349,Face Wash Neem,0,0,48,49,52,69,52,64,59,72
BP-FACE-100ml,Madurai,41,15,3.7,4,₹349,Face Wash Neem,4,0,26,26,31,32,25,22,26,28
BP-FACE-100ml,Guwahati,41,0,4.1,6,349,Face Wash Neem,12,0,22,24,23,22,34,33,36,30
BP-FACE-100ml,Mumbai City Mall,68,0,8.0,4,349.00,Face Wash Neem,0,1,65,44,69,69,65,51,43,61
BP-FACE-100ml,Delhi City Mall, 182 ,35,8.6,8,₹349,Face Wash Neem,12,3,55,66,60,53,49,61,53,68
BP-FACE-100ml,Bengaluru City Mall Kiosk,106,33,5.9,8,349,Face Wash Neem,0,0,37,36,37,49,51,48,38,42
BP-FACE-100ml,Hyderabad City Mall,186,0,9.7,8,349,Face Wash Neem,0,0,62,60,68,81,66,72,61,66
BP-FACE-100ml,Chennai City Mall,12,0,8.1,6,349,Face Wash Neem,0,0,49,50,44,49,49,66,188,48
BP-FACE-100ml,Kolkata City Mall,106,45,13.1,6,₹349,Face Wash Neem,12,1,73,101,87,112,97,102,77,74
BP-FACE-200ml,Mumbai,141,45,9.1,8,N/A,Face Wash Neem,4,1,60,72,49,66,70,58,62,75
BP-FACE-200ml,Delhi,169,0,10.8,8,Rs. 199,Face Wash Neem,0,1,88,60,69,71,89,76,67,77
BP-FACE-200ml,Bengaluru,17,9,5.0,4,199.00,Face Wash Neem,12,0,32,34,31,36,40,35,40,29
BP-FACE-200ml,Hyderabad Kiosk,158,52,12.4,4,₹199,Face Wash Neem,12,0,94,96,87,73,78,102,90,84
BP-FACE-200ml,Chennai,130,0,7.2,8,199.00,Face Wash Neem,12,1,42,48,55,61,60,62,52,51
BP-FACE-200ml,Kolkata,10,0,5.3,6,Rs. 199,Face Wash Neem,0,0,36,36,30,44,35,43,45,35
BP-FACE-200ml,Pune Kiosk,44,0,3.9,8,₹199,Face Wash Neem,0,1,23,23,22,28,31,31,29,31
BP-FACE-200ml,Ahmedabad,96.5,0,11.4,4,199,Face Wash Neem,0,0,73,86,92,100,69,99,65,88
BP-FACE-200ml,Jaipur,21,0,3.3,8,₹199,Face Wash Neem,4,1,26,21,25,22,25,24,28,26
BP-FACE-200ml,Lucknow,20,10,3.5,6,₹199,Face Wash Neem,0,1,22,23,25,19,23,27,23,20
BP-FACE-200ml,Surat,47,0,7.3,4,199,Face Wash Neem,12,0,63,62,44,53,57,52,59,61
BP-FACE-200ml,Indore,79,0,10.9,8,199,Face Wash Neem,0,1,63,81,79,62,63,65,82,66
BP-FACE-200ml,Nagpur,57,0,12.3,,₹199,Face Wash Neem,0,0,92,77,80,79,76,87,78,86
BP-FACE-200ml,Kochi,22,0,2.1,6,₹199,Face Wash Neem,0,0,18,15,16,12,16,18,16,14
BP-FACE-200ml,Chandigarh,326,0,13.5,8 days,Rs. 199,Face Wash Neem,4,0,115,109,90,88,81,79,104,74
BP-FACE-200ml,Bhopal,108,0,9.2,8,₹199,Face Wash Neem,0,1,71,74,53,75,58,53,68,64
BP-FACE-200ml,Patna Kiosk,25,0,2.0,4,Rs. 199,Face Wash Neem,0,0,15,12,15,15,16,13,13,14
BP-FACE-200ml,Vadodara,144,0,13.1,4,199,Face Wash Neem,0,1,78,80,95,84,69,87,69,89
BP-FACE-200ml,Ludhiana,99,0,12.0,6,Rs. 199,Face Wash Neem,4,3,88,96,93,68,65,84,86,97
BP-FACE-200ml,Agra,344,149,13.4,8,199,Face Wash Neem,4,0,103,81,89,102,97,106,94,92
BP-FACE-200ml,Nashik,104,0,4.6,8,199,Face Wash Neem,0,3,28,30,24,30,39,32,39,39
BP-FACE-200ml,Meerut,175,0,9.1,8,199,Face Wash Neem,4,0,68,56,56,68,72,48,50,77
BP-FACE-200ml,Rajkot,32,0,4.9,8,199,Face Wash Neem,0,0,29,40,34,39,35,33,26,35
BP-FACE-200ml,Varanasi,201,0,10.1,8,199.00,Face Wash Neem,0,0,87,85,58,69,69,64,63,68
BP-FACE-200ml,Amritsar,137,0,11.1,8,199,Face Wash Neem,4,0,71,81,83,67,84,71,75,77
BP-FACE-200ml,Noida,62,0,8.1,4,199,Face Wash Neem,0,3,44,50,70,55,57,43,44,70
BP-FACE-200ml,Gurugram,43,0,3.3,4,₹199,Face Wash Neem,12,1,18,28,23,24,27,20,21,27
BP-FACE-200ml,Coimbatore, 5 ,16,3.9,4,199,Face Wash Neem,4,0,21,33,27,34,33,102,30,31
BP-FACE-200ml,Madurai,135,0,12.6,8,199,Face Wash Neem,0,0,69,93,100,98,108,81,107,77
BP-FACE-200ml,Guwahati,60,0,6.2,6,199,Face Wash Neem,4,1,36,37,34,38,42,47,47,43
BP-FACE-200ml,Mumbai City Mall,136,0,9.2,8,199,Face Wash Neem,4,1,59,66,77,54,56,62,58,58
BP-FACE-200ml,Delhi City Mall,21,0,5.4,4,199,Face Wash Neem,0,0,36,31,29,31,46,35,40,42
BP-FACE-200ml,Bengaluru City Mall Kiosk,99,0,13.7,6,₹199,Face Wash Neem,0,0,87,82,73,81,107,100,119,91
BP-FACE-200ml,Hyderabad City Mall,159,45,8.3,8,199.00,Face Wash Neem,0,1,71,56,66,65,48,69,51,62
BP-FACE-200ml,Chennai City Mall,181,0,13.4,4,199,Face Wash Neem,0,0,96,107,100,116,76,105,82,93
BP-FACE-200ml,Kolkata City Mall,90,0,9.9,4,199,Face Wash Neem,12,1,77,67,74,62,61,81,65,57
BP-BODY-30ml,Mumbai,0,0,12.5,6,₹999,Body Lotion,0,0,101,76,108,107,86,76,91,94
BP-BODY-30ml,Delhi,240,0,13.5,8,999,Body Lotion,0,0,74,103,81,118,76,113,72,97
BP-BODY-30ml,Bengaluru,103,0,9.3,4,₹999,Body Lotion,12,3,77,59,51,57,76,63,51,51
BP-BODY-30ml,Hyderabad Kiosk,197,0,10.4,6,999,Body Lotion,0,0,87,85,66,56,87,76,68,83
BP-BODY-30ml,Chennai,82,0,6.1,8,₹999,Body Lotion,12,1,43,45,39,41,44,40,44,37
BP-BODY-30ml,Kolkata,40,0,9.3,6,999,Body Lotion,12,0,58,76,49,59,75,54,65,49
BP-BODY-30ml,Pune Kiosk,14,0,3.8,4,999,Body Lotion,0,0,21,31,28,31,29,33,30,24
BP-BODY-30ml,Ahmedabad,30,11,5.4,4,Rs. 999,Body Lotion,4,1,45,39,33,30,39,41,30,41
BP-BODY-30ml,Jaipur,29,0,8.4,4,₹999,Body Lotion,0,0,52,55,60,67,61,54,55,62
BP-BODY-30ml,Lucknow,48,20,5.8,4,999,Body Lotion,0,0,40,35,41,32,44,39,38,31
BP-BODY-30ml,Lucknow,48,20,5.8,4,999,Body Lotion,0,0,40,35,41,32,44,39,38,31
BP-BODY-30ml,Surat,107,0,11.5,4,999,Body Lotion,12,0,82,66,97,98,99,75,68,69
BP-BODY-30ml,Indore,50,67,11.5,6,999,Body Lotion,12,0,66,96,97,61,77,73,77,99
BP-BODY-30ml,Nagpur, 72 ,0,4.1,8,999.00,Body Lotion,0,3,22,26,35,29,25,28,26,22
BP-BODY-30ml,Kochi,150,0,13.3,6,999,Body Lotion,12,0,108,107,91,73,115,80,81,77
BP-BODY-30ml,Chandigarh,-3,0,5.7,8,999,Body Lotion,0,1,33,49,30,43,50,46,34,48
BP-BODY-30ml,Bhopal,19,0,4.4,4,₹999,Body Lotion,4,1,29,28,25,24,29,28,26,25
BP-BODY-30ml,Patna Kiosk,12,6,2.1,4,999,Body Lotion,12,1,18,13,17,16,12,13,13,17
BP-BODY-30ml,Vadodara,100,0,9.2,6,999,Body Lotion,0,0,69,58,50,53,61,53,60,57
BP-BODY-30ml,Ludhiana,54,0,6.6,4,₹999,Body Lotion,0,3,49,50,50,48,36,48,37,48
BP-BODY-30ml,Agra,4,40,9.3,4,₹999,Body Lotion,12,3,65,66,60,63,73,76,58,73
BP-BODY-30ml,Nashik,29,-9,2.1,6,₹999,Body Lotion,0,1,16,17,15,17,16,51,13,17
BP-BODY-30ml,Meerut,58,0,8.2,4,999,Body Lotion,12,1,70,54,69,43,64,49,44,64
BP-BODY-30ml,Rajkot,51,0,2.3,8,Rs. 999,Body Lotion,0,0,18,18,15,12,20,15,18,18
BP-BODY-30ml,Varanasi,185,0,10.3,8,N/A,Body Lotion,12,0,90,77,77,55,82,69,72,86
BP-BODY-30ml,Amritsar,104.5,0,5.4,8,999,Body Lotion,0,1,45,42,37,44,43,41,34,40
BP-BODY-30ml,Noida,51,0,4.8,4,999,Body Lotion,4,3,30,31,39,34,34,27,41,34
BP-BODY-30ml,Gurugram,7,0,8.2,4,999.00,Body Lotion,0,1,62,44,43,60,52,71,60,46
BP-BODY-30ml,Coimbatore,176,29,7.3,8,999,Body Lotion,0,3,46,39,58,58,49,55,62,49
BP-BODY-30ml,Madurai,115,0,,8,999,Body Lotion,4,0,70,57,68,59,48,67,68,50
BP-BODY-30ml,Guwahati,165,0,9.2,6,999.00,Body Lotion,12,0,59,75,52,73,65,73,71,76
BP-BODY-30ml,Mumbai City Mall,68,0,11.7,4,999.00,Body Lotion,0,0,65,100,84,71,73,97,100,101
BP-BODY-30ml,Delhi City Mall,43,0,6.1,4,999,Body Lotion,12,1,51,45,40,38,46,49,48,36
BP-BODY-30ml,Bengaluru City Mall Kiosk,30,0,13.6,4,₹999,Body Lotion,0,0,80,85,104,117,115,95,90,114
BP-BODY-30ml,Hyderabad City Mall,13,0,5.8,4,999,Body Lotion,12,1,50,34,47,38,35,46,42,49
BP-BODY-30ml,Chennai City Mall, 84 ,0,8.7,8,999,Body Lotion,12,1,52,53,68,74,47,70,48,58
BP-BODY-30ml,Kolkata City Mall,130,27,12.8,4,999,Body Lotion,0,0,87,83,77,89,69,76,108,88
BP-BODY-50ml,Mumbai,25,36,8.8,4,199,Body Lotion,4,0,74,51,66,73,77,63,51,49
BP-BODY-50ml,Delhi,29,47,6.3,8,199,Body Lotion,0,3,54,46,34,42,43,44,43,35
BP-BODY-50ml,Bengaluru,51,48,8.5,6,Rs. 199,Body Lotion,0,1,68,53,65,70,61,45,69,49
BP-BODY-50ml,Hyderabad Kiosk,179,0,7.4,8,199,Body Lotion,0,0,41,55,64,64,63,64,56,41
BP-BODY-50ml,Chennai,177,0,13.9,8,199,Body Lotion,4,0,95,81,88,87,120,104,109,82
BP-BODY-50ml,Kolkata,259,83,13.5,6,199,Body Lotion,0,3,115,84,84,84,111,85,81,116
BP-BODY-50ml,Pune Kiosk,102, 80 ,13.2,6,Rs. 199,Body Lotion,0,0,79,71,76,98,101,112,97,94
BP-BODY-50ml,Ahmedabad,184,0,9.5,6,199,Body Lotion,12,0,79,50,81,53,57,59,54,76
BP-BODY-50ml,Jaipur,347,0,13.9,8,₹199,Body Lotion,12,1,96,119,82,104,95,107,95,74
BP-BODY-50ml,Lucknow,10,0,3.5,6,199,Body Lotion,0,0,23,25,23,23,27,25,26,23
BP-BODY-50ml,Surat,69,0,5.4,6,199,Body Lotion,0,1,32,38,47,33,35,47,45,45
BP-BODY-50ml,Indore,212,0,12.5,6,199,Body Lotion,0,0,95,67,74,79,90,66,107,95
BP-BODY-50ml,Nagpur,137,43,13.4,4,₹199,Body Lotion,0,3,80,92,116,88,76,104,90,117
BP-BODY-50ml,Kochi,20,0,8.3,,Rs. 199,Body Lotion,12,1,54,53,66,69,217,57,57,48
BP-BODY-50ml,Chandigarh,152,0,11.2,6,199,Body Lotion,12,3,65,60,66,62,71,92,69,72
,Bhopal,17,34,4.4,6,₹199,Body Lotion,12,0,34,30,27,33,24,31,26,33
BP-BODY-50ml,Patna Kiosk,169,0,12.5,8,199,Body Lotion,4,0,68,83,89,96,83,70,78,75
BP-BODY-50ml,Vadodara,162,0,7.6,8,₹199,Body Lotion,0,0,48,66,62,64,62,47,64,45
BP-BODY-50ml,Ludhiana,95,0,10.9,4,₹199,Body Lotion,4,0,59,62,94,58,62,73,66,73
BP-BODY-50ml,Agra,125,0,6.2,6,199,Body Lotion,0,0,42,39,39,42,43,49,35,53
BP-BODY-50ml,Nashik,3,0,6.8,4,Rs. 199,Body Lotion,0,3,38,49,49,38,39,53,45,48
BP-BODY-50ml,Meerut,22,0,5.9,8 days,199,Body Lotion,12,0,46,43,39,49,50,32,40,38
BP-BODY-50ml,Rajkot,8,0,13.4,8,₹199,Body Lotion,0,0,77,77,117,77,80,98,80,75
BP-BODY-50ml,Varanasi,61,0,7.2,6,₹199,Body Lotion,0,0,59,41,45,59,53,62,55,60
BP-BODY-50ml,Amritsar,76,0,9.2,6,₹199,Body Lotion,0,0,53,54,61,74,68,56,59,73
BP-BODY-50ml,Noida,78,0,8.9,6,₹199,Body Lotion,0,0,73,75,57,55,60,48,65,59
BP-BODY-50ml,Gurugram,89,0,11.3,8,199.00,Body Lotion,12,1,96,79,87,70,82,98,68,83
BP-BODY-50ml,Coimbatore,43,0,10.3,4,199,Body Lotion,0,1,79,81,60,60,75,68,70,58
BP-BODY-50ml,Madurai,108,0,10.7,4,199,Body Lotion,0,0,84,75,84,89,74,86,78,88
BP-BODY-50ml,Guwahati,164,0,7.8,8,199.00,Body Lotion,4,1,63,50,59,66,45,67,43,49
BP-BODY-50ml,Mumbai City Mall, 57 ,0,8.9,4,₹199,Body Lotion,0,0,70,71,54,48,77,54,75,56
BP-BODY-50ml,Delhi City Mall,61,0,6.3,4,₹199,Body Lotion,0,0,37,43,44,47,53,42,52,34
BP-BODY-50ml,Bengaluru City Mall Kiosk,2,0,5.2,6,₹199,Body Lotion,0,1,45,34,41,33,28,31,43,38
BP-BODY-50ml,Hyderabad City Mall,57,39,11.0,6,199,Body Lotion,4,0,92,78,80,90,58,88,82,73
BP-BODY-50ml,Chennai City Mall,34,0,5.1,4,199.00,Body Lotion,0,3,36,29,30,43,31,30,36,37
BP-BODY-50ml,Kolkata City Mall,65,0,8.8,4,199,Body Lotion,0,1,76,65,58,54,69,47,50,51
BP-BODY-100ml,Mumbai,18,0,5.6,4,999,Body Lotion,0,0,39,48,45,39,33,32,40,42
BP-BODY-100ml,Delhi,3,0,4.1,8,999.00,Body Lotion,12,0,34,35,34,33,26,26,29,36
BP-BODY-100ml,Bengaluru,169,0,12.0,6,999,Body Lotion,4,3,101,103,97,84,70,65,88,98
BP-BODY-100ml,Hyderabad Kiosk,35,0,6.7,4,₹999,Body Lotion,0,0,45,55,48,47,52,46,41,40
BP-BODY-100ml,Chennai,109,40,9.1,4,₹999,Body Lotion,0,3,54,58,78,56,72,72,53,62
BP-BODY-100ml,Kolkata,16.5,0,4.4,4,999.00,Body Lotion,0,0,31,27,38,24,35,34,27,28
BP-BODY-100ml,Pune Kiosk,7,87,10.9,6,999.00,Body Lotion,4,0,91,86,61,61,243,88,58,78
BP-BODY-100ml,Ahmedabad,91,24,7.7,4,999,Body Lotion,12,0,61,66,41,43,45,64,42,48
BP-BODY-100ml,Jaipur,323,0,12.5,8,₹999,Body Lotion,0,0,92,101,104,67,77,102,100,88
BP-BODY-100ml,Lucknow,114,0,12.7,4,999,Body Lotion,0,1,97,110,71,95,79,77,89,79
BP-BODY-100ml,Surat, 19 ,0,2.3,8,N/A,Body Lotion,12,0,13,14,12,17,20,19,13,18
BP-BODY-100ml,Indore,224,0,11.1,6,₹999,Body Lotion,4,3,79,85,92,59,61,82,81,73
BP-BODY-100ml,Nagpur,35,0,6.1,6,Rs. 999,Body Lotion,0,0,42,40,39,46,52,39,36,33
BP-BODY-100ml,Kochi,18,29,3.1,8,₹999,Body Lotion,4,0,26,27,21,21,18,20,21,17
BP-BODY-100ml,Chandigarh,140,0,7.5,6,₹999,Body Lotion,0,0,58,59,57,56,45,58,65,50
BP-BODY-100ml,Bhopal,216,0,13.7,8,999,Body Lotion,4,1,77,74,82,95,119,80,110,109
BP-BODY-100ml,Patna Kiosk,40,0,12.2,6,999,Body Lotion,0,0,87,76,79,100,81,105,86,78
BP-BODY-100ml,Vadodara,39,0,14.0,6,999,Body Lotion,12,0,112,96,122,84,91,84,112,110
BP-BODY-100ml,Ludhiana,180,0,12.4,6,999,Body Lotion,0,3,102,85,91,106,72,66,90,74
BP-BODY-100ml,Agra,32,-7,8.6,8,₹999,Body Lotion,0,0,47,61,74,74,69,47,69,57
BP-BODY-100ml,Nashik,102,0,5.2,6,999,Body Lotion,4,0,44,28,37,30,40,29,36,28
BP-BODY-100ml,Meerut,218,0,13.9,8,999,Body Lotion,4,0,119,75,114,80,112,79,109,104
BP-BODY-100ml,Rajkot,191,0,8.2,8,Rs. 999,Body Lotion,12,1,58,62,57,53,45,67,67,53
BP-BODY-100ml,Varanasi,57,0,8.2,6,999,Body Lotion,12,0,44,49,45,72,48,71,59,48
BP-BODY-100ml,Amritsar,87,0,8.5,8,₹999,Body Lotion,12,3,61,73,67,45,55,46,63,47
BP-BODY-100ml,Noida,94,48,11.4,4,₹999,Body Lotion,4,0,60,64,85,74,97,83,81,99
BP-BODY-100ml,Gurugram,78,0,8.2,4,₹999,Body Lotion,0,0,60,47,63,59,60,46,48,62
BP-BODY-100ml,Coimbatore,14,0,2.3,4,999,Body Lotion,0,1,20,15,14,17,13,14,19,20
BP-BODY-100ml,Madurai,72,0,10.2,4,999,Body Lotion,4,3,86,63,73,56,83,84,57,75
BP-BODY-100ml,Guwahati,27,52,6.7,6,999,Body Lotion,0,0,58,50,39,53,42,56,44,58
BP-BODY-100ml,Mumbai City Mall,39,0,4.6,4,999.00,Body Lotion,12,0,39,39,27,24,32,36,32,27
BP-BODY-100ml,Delhi City Mall,-5,0,5.1,4,₹999,Body Lotion,4,0,28,35,39,44,35,41,29,29
BP-BODY-100ml,Bengaluru City Mall Kiosk,206,45,10.1,8,999,Body Lotion,0,1,71,70,57,57,70,66,76,54
BP-BODY-100ml,Hyderabad City Mall,66,0,6.1,6,999,Body Lotion,4,3,36,40,46,45,50,51,36,51
BP-BODY-100ml,Chennai City Mall,284,0,11.7,8,₹999,Body Lotion,4,3,102,90,76,81,90,88,79,101
BP-BODY-100ml,Chennai City Mall,284,0,11.7,8,₹999,Body Lotion,4,3,102,90,76,81,90,88,79,101
BP-BODY-100ml,Kolkata City Mall,64,21,3.3,8,₹999,Body Lotion,12,0,24,22,24,23,57,25,22,24
BP-BODY-200ml,Mumbai,37,0,5.9,4,199.00,Body Lotion,0,1,50,48,38,45,48,49,49,33
BP-BODY-200ml,Delhi,32,0,2.6,4,199,Body Lotion,0,1,21,19,17,19,22,16,17,20
BP-BODY-200ml,Bengaluru,69,0,4.6,8,199,Body Lotion,4,0,26,32,40,30,37,36,25,28
BP-BODY-200ml,Hyderabad Kiosk, 170 ,0,,6,199,Body Lotion,12,3,59,64,56,72,57,65,49,70
BP-BODY-200ml,Chennai,133,0,7.3,6,199.00,Body Lotion,4,0,53,42,39,63,63,50,45,45
BP-BODY-200ml,Kolkata,62,0,5.2,4,₹199,Body Lotion,4,1,34,36,29,30,28,33,36,34
BP-BODY-200ml,Pune Kiosk,67,0,10.6,4,199,Body Lotion,0,0,65,62,76,62,64,77,60,76
BP-BODY-200ml,Ahmedabad,180,0,12.5,6,199.00,Body Lotion,4,3,69,67,90,83,93,81,94,102
BP-BODY-200ml,Jaipur, 112 ,35,9.4,4,199,Body Lotion,0,1,57,56,55,78,63,78,61,57
BP-BODY-200ml,Lucknow,131,0,11.9,6,₹199,Body Lotion,12,3,82,63,65,73,94,84,98,66
BP-BODY-200ml,Surat,9,0,3.3,4,199,Body Lotion,0,0,26,28,23,25,23,27,18,27
BP-BODY-200ml,Indore,69,0,12.6,6,199,Body Lotion,0,0,106,82,76,104,100,71,74,106
BP-BODY-200ml,Nagpur,5,0,6.0,4,199.00,Body Lotion,0,0,34,42,34,38,52,34,32,39
BP-BODY-200ml,Kochi, 64 ,0,8.0,8,199,Body Lotion,0,0,46,57,68,66,62,48,62,64
BP-BODY-200ml,Chandigarh,4,0,3.6,,199,Body Lotion,12,0,29,31,30,29,28,31,25,19
BP-BODY-200ml,Bhopal,74,0,13.3,4,199,Body Lotion,0,0,79,73,98,72,74,101,88,78
BP-BODY-200ml,Patna Kiosk,313,120,12.1,8,199,Body Lotion,4,0,105,78,101,65,104,77,91,82
BP-BODY-200ml,Vadodara,192,0,13.9,6,Rs. 199,Body Lotion,4,0,101,82,113,93,76,110,76,85
BP-BODY-200ml,Ludhiana,123,0,10.6,8,₹199,Body Lotion,4,0,68,60,61,88,63,78,60,83
BP-BODY-200ml,Agra,91,27,7.6,4,199,Body Lotion,12,1,45,56,55,65,48,57,45,61
BP-BODY-200ml,Nashik,145,0,10.4,6,199,Body Lotion,12,0,81,63,72,74,84,71,89,73
BP-BODY-200ml,Meerut,45,0,5.3,6,199.00,Body Lotion,0,1,32,34,39,34,45,41,38,38
BP-BODY-200ml,Rajkot,43.5,17,5.4,4,₹199,Body Lotion,0,0,31,29,47,32,38,40,46,32
BP-BODY-200ml,Varanasi,12,0,4.1,8,₹199,Body Lotion,0,0,33,32,24,23,35,22,28,34
BP-BODY-200ml,Amritsar,7,35,13.9,6,199.00,Body Lotion,0,1,108,101,86,103,119,78,119,119
BP-BODY-200ml,Noida,0,0,13.5,6,Rs. 199,Body Lotion,4,0,99,116,97,82,116,118,0,0
BP-BODY-200ml,Gurugram,243,37,13.5,6,Rs. 199,Body Lotion,4,0,92,111,118,110,103,83,104,80
BP-BODY-200ml,Coimbatore,95,46,13.1,6,199,Body Lotion,12,0,73,95,79,82,104,69,84,72
BP-BODY-200ml,Madurai,170,69,10.6,6 days,199.00,Body Lotion,4,3,71,90,87,81,62,192,60,85
BP-BODY-200ml,Guwahati,9,0,6.9,6,199,Body Lotion,12,1,51,58,55,41,44,52,59,54
BP-BODY-200ml,Mumbai City Mall,52,0,5.4,6,₹199,Body Lotion,4,1,40,45,35,32,41,44,44,34
BP-BODY-200ml,Delhi City Mall,82,21,6.2,4,199,Body Lotion,0,0,39,39,50,51,34,46,39,43
BP-BODY-200ml,Bengaluru City Mall Kiosk,47,0,2.4,8,Rs. 199,Body Lotion,12,0,14,20,19,15,13,14,16,14
BP-BODY-200ml,Hyderabad City Mall,37,0,6.4,6,N/A,Body Lotion,0,1,49,49,43,37,35,49,36,42
BP-BODY-200ml,Chennai City Mall,17,0,6.1,4,199,Body Lotion,12,0,39,36,48,37,51,50,44,35
BP-BODY-200ml,Kolkata City Mall,123,0,11.2,8,199,Body Lotion,12,1,71,94,78,98,95,73,81,94
BP-HAIR-30ml,Mumbai,80,0,11.3,4,₹499,Hair Oil Onion,0,0,69,94,77,68,66,84,92,63
BP-HAIR-30ml,Delhi,120,0,4.5,8,₹499,Hair Oil Onion,0,0,28,24,36,24,32,24,29,27
BP-HAIR-30ml,Bengaluru,132,0,10.0,8,499.00,Hair Oil Onion,0,0,82,57,74,86,61,87,87,54
BP-HAIR-30ml,Hyderabad Kiosk,32,0,9.6,4,499.00,Hair Oil Onion,0,1,82,59,75,71,74,72,54,66
BP-HAIR-30ml,Chennai,108,0,9.6,4,Rs. 499,Hair Oil Onion,4,1,70,76,83,65,69,76,67,69
BP-HAIR-30ml,Kolkata,94,0,5.3,6,499,Hair Oil Onion,0,0,32,30,43,43,39,36,41,46
BP-HAIR-30ml,Pune Kiosk,44,0,5.8,4,₹499,Hair Oil Onion,12,0,44,43,37,41,49,33,40,50
BP-HAIR-30ml,Ahmedabad,95,0,7.4,8,₹499,Hair Oil Onion,12,0,61,64,57,43,57,43,63,46
,Jaipur,12,0,2.6,4,499,Hair Oil Onion,0,3,14,16,16,20,17,19,17,19
BP-HAIR-30ml,Lucknow,78,49,11.1,6,₹499,Hair Oil Onion,0,0,71,82,96,97,81,82,73,88
BP-HAIR-30ml,Surat,118,0,5.8,6,499,Hair Oil Onion,0,3,31,32,45,41,40,36,35,45
BP-HAIR-30ml,Indore,169,0,13.9,8,499,Hair Oil Onion,0,3,92,102,109,88,105,98,76,73
BP-HAIR-30ml,Nagpur,100,27,9.0,6,₹499,Hair Oil Onion,4,1,59,57,62,63,78,65,75,60
BP-HAIR-30ml,Kochi,10,0,2.1,4,499,Hair Oil Onion,12,1,11,13,18,18,14,18,16,15
BP-HAIR-30ml,Chandigarh,13,42,4.0,8,₹499,Hair Oil Onion,4,0,25,24,23,24,31,24,22,24
BP-HAIR-30ml,Bhopal, 10 ,31,3.8,8,Rs. 499,Hair Oil Onion,0,3,30,29,23,27,27,25,31,27
BP-HAIR-30ml,Patna Kiosk,29,0,11.6,4,Rs. 499,Hair Oil Onion,0,0,99,77,83,62,66,77,85,83
BP-HAIR-30ml,Vadodara,3,44,11.9,8,499,Hair Oil Onion,0,3,70,63,94,104,68,87,70,103
BP-HAIR-30ml,Ludhiana,45,-4,6.1,4,499,Hair Oil Onion,0,0,53,51,48,41,35,45,38,52
BP-HAIR-30ml,Agra,126,99,9.7,8,499,Hair Oil Onion,0,1,77,56,75,57,61,68,74,53
BP-HAIR-30ml,Nashik,237,0,13.8,8,₹499,Hair Oil Onion,4,1,84,92,79,115,87,118,118,95
BP-HAIR-30ml,Meerut,18,0,3.7,4,Rs. 499,Hair Oil Onion,4,3,26,26,25,22,31,89,27,30
BP-HAIR-30ml,Rajkot,1,0,3.8,4,499,Hair Oil Onion,0,0,32,30,32,28,24,23,29,26
BP-HAIR-30ml,Varanasi,34,0,4.6,4,₹499,Hair Oil Onion,0,1,26,28,37,32,25,33,26,33
BP-HAIR-30ml,Amritsar,96,30,4.0,8,499,Hair Oil Onion,0,1,27,23,26,35,33,32,34,33
BP-HAIR-30ml,Noida,12,0,3.9,6,₹499,Hair Oil Onion,0,0,31,27,23,34,28,30,21,33
BP-HAIR-30ml,Gurugram,81,0,9.9,6,499,Hair Oil Onion,4,1,82,67,76,65,81,55,65,69
BP-HAIR-30ml,Coimbatore,115,0,7.6,6,499,Hair Oil Onion,4,0,40,43,66,46,40,60,66,50
BP-HAIR-30ml,Madurai,28,7,3.7,4,499,Hair Oil Onion,4,1,32,24,21,20,23,31,22,24
BP-HAIR-30ml,Guwahati,97,0,4.7,8,499.00,Hair Oil Onion,0,1,27,25,37,38,39,25,33,35
BP-HAIR-30ml,Mumbai City Mall,283,80,12.8,8,₹499,Hair Oil Onion,12,3,104,80,107,80,98,68,94,72
BP-HAIR-30ml,Delhi City Mall,16,0,6.4,4,Rs. 499,Hair Oil Onion,0,1,38,50,52,34,37,45,44,36
BP-HAIR-30ml,Bengaluru City Mall Kiosk, 307 ,0,13.5,8,₹499,Hair Oil Onion,12,1,107,91,78,98,104,73,75,79
BP-HAIR-30ml,Hyderabad City Mall,4,28,5.5,4,499,Hair Oil Onion,0,0,41,29,39,35,47,37,46,46
BP-HAIR-30ml,Chennai City Mall,102,0,11.6,4,499,Hair Oil Onion,12,3,91,82,71,94,100,77,64,101
BP-HAIR-30ml,Kolkata City Mall,125,0,12.9,4,₹499,Hair Oil Onion,0,3,84,69,103,104,105,89,74,84
BP-HAIR-50ml,Mumbai,340,0,13.5,8,499,Hair Oil Onion,0,0,75,82,99,104,115,110,104,103
BP-HAIR-50ml,Delhi,6,0,12.7,4,499.00,Hair Oil Onion,0,1,79,72,107,74,98,76,108,76
BP-HAIR-50ml,Bengaluru,5,0,8.3,8,499,Hair Oil Onion,0,0,62,59,49,70,60,58,72,57
BP-HAIR-50ml,Hyderabad Kiosk,31.5,0,5.2,4,₹499,Hair Oil Onion,12,1,37,40,41,32,44,33,34,39
BP-HAIR-50ml,Chennai,22,8,4.3,4,₹499,Hair Oil Onion,0,1,38,38,35,26,33,23,37,25
BP-HAIR-50ml,Kolkata,145,0,7.7,8,₹499,Hair Oil Onion,4,0,47,41,60,53,41,53,52,43
BP-HAIR-50ml,Pune Kiosk,55,0,6.8,8,₹499,Hair Oil Onion,4,1,38,46,48,56,43,40,37,51
BP-HAIR-50ml,Ahmedabad, 10 ,0,2.4,4,499,Hair Oil Onion,4,0,16,16,18,17,15,17,20,13
BP-HAIR-50ml,Jaipur,16,22,4.3,4,₹499,Hair Oil Onion,0,0,31,37,23,33,31,23,32,24
BP-HAIR-50ml,Lucknow,36,0,2.2,6,₹499,Hair Oil Onion,0,3,18,16,17,19,19,13,16,19
BP-HAIR-50ml,Surat,228,0,11.8,8,Rs. 499,Hair Oil Onion,0,0,70,91,71,67,99,93,99,95
BP-HAIR-50ml,Indore,148,44,11.4,6,499,Hair Oil Onion,0,1,67,63,82,66,80,65,66,88
BP-HAIR-50ml,Nagpur,(7),118,11.9,8,499,Hair Oil Onion,4,0,85,63,88,85,84,98,91,68
BP-HAIR-50ml,Kochi,202,0,12.5,6,₹499,Hair Oil Onion,0,0,81,92,74,98,90,102,97,72
BP-HAIR-50ml,Chandigarh,20,0,,8,499,Hair Oil Onion,0,0,27,18,23,26,17,83,26,17
BP-HAIR-50ml,Bhopal,30,0,3.7,,₹499,Hair Oil Onion,12,0,30,28,32,21,20,23,31,26
BP-HAIR-50ml,Patna Kiosk,204,56,8.8,8,₹499,Hair Oil Onion,12,3,75,72,62,74,58,68,64,56
BP-HAIR-50ml,Vadodara,40,0,2.4,6,499,Hair Oil Onion,4,1,18,18,19,20,18,21,20,13
BP-HAIR-50ml,Ludhiana,28,23,4.4,6,499,Hair Oil Onion,4,0,36,24,30,25,25,34,27,24
BP-HAIR-50ml,Agra,230,0,9.4,8,499,Hair Oil Onion,4,3,77,74,55,60,52,56,72,56
BP-HAIR-50ml,Nashik,163,0,7.2,8,N/A,Hair Oil Onion,12,0,60,46,47,56,60,43,42,45
BP-HAIR-50ml,Meerut,54,24,5.2,4,499,Hair Oil Onion,0,1,40,37,28,41,34,39,38,28
BP-HAIR-50ml,Rajkot,63,0,4.4,6,Rs. 499,Hair Oil Onion,4,0,24,24,33,34,35,26,31,28
BP-HAIR-50ml,Varanasi,0,0,6.2,6,499,Hair Oil Onion,0,0,50,37,45,47,48,34,0,0
BP-HAIR-50ml,Varanasi,0,0,6.2,6,499,Hair Oil Onion,0,0,50,37,45,47,48,34,0,0
BP-HAIR-50ml,Amritsar,186,0,10.5,8,499.00,Hair Oil Onion,0,3,68,61,69,75,90,68,72,57
BP-HAIR-50ml,Noida,208,0,12.7,8,499.00,Hair Oil Onion,0,3,109,94,93,95,96,101,102,78
BP-HAIR-50ml,Gurugram,101,0,6.8,6,499,Hair Oil Onion,12,3,51,46,37,40,39,41,45,37
BP-HAIR-50ml,Coimbatore,125,0,12.2,4,499,Hair Oil Onion,0,1,86,99,85,72,97,85,84,84
BP-HAIR-50ml,Madurai,4,0,5.0,8,499,Hair Oil Onion,12,1,39,38,31,36,34,35,37,34
BP-HAIR-50ml,Guwahati,47,0,9.6,8,₹499,Hair Oil Onion,4,3,58,55,75,61,54,75,62,82
BP-HAIR-50ml,Mumbai City Mall,87,0,8.9,8,499,Hair Oil Onion,0,3,56,73,50,77,50,75,69,71
BP-HAIR-50ml,Delhi City Mall,99,0,6.9,6,₹499,Hair Oil Onion,12,1,37,58,49,38,45,53,59,56
BP-HAIR-50ml,Bengaluru City Mall Kiosk,16,29,8.1,4,499,Hair Oil Onion,4,0,61,61,54,64,47,68,55,43
BP-HAIR-50ml,Hyderabad City Mall,89,0,12.1,6,499,Hair Oil Onion,4,1,95,89,81,84,64,64,83,100
BP-HAIR-50ml,Chennai City Mall,143,0,7.8,6,Rs. 499,Hair Oil Onion,12,3,54,56,65,66,61,44,57,43
BP-HAIR-50ml,Kolkata City Mall,34,0,6.5,8 days,Rs. 499,Hair Oil Onion,0,0,45,42,54,37,36,45,51,51
BP-HAIR-100ml,Mumbai,82,11,4.6,6,₹199,Hair Oil Onion,0,3,38,38,30,30,34,38,38,28
BP-HAIR-100ml,Delhi,82,0,11.4,6,Rs. 199,Hair Oil Onion,4,1,92,96,92,97,63,86,74,90
BP-HAIR-100ml,Bengaluru,12,0,8.3,4,199,Hair Oil Onion,12,3,69,60,56,46,46,53,58,60
BP-HAIR-100ml,Hyderabad Kiosk, 22 ,48,7.8,6,199,Hair Oil Onion,4,3,62,44,61,44,42,54,61,50
BP-HAIR-100ml,Chennai, 107 ,0,8.7,4,199,Hair Oil Onion,4,0,62,66,58,48,51,66,75,48
BP-HAIR-100ml,Kolkata,4,0,3.2,4,199,Hair Oil Onion,0,0,26,21,23,25,26,26,26,19
BP-HAIR-100ml,Pune Kiosk,9,0,6.3,4,Rs. 199,Hair Oil Onion,4,0,42,54,48,55,50,38,39,47
BP-HAIR-100ml,Ahmedabad,162,0,13.1,4,199,Hair Oil Onion,12,0,81,111,101,93,294,89,101,82
BP-HAIR-100ml,Jaipur,23,0,9.8,6,Rs. 199,Hair Oil Onion,4,1,54,52,70,68,83,57,79,58
BP-HAIR-100ml,Lucknow,200,0,11.7,8,Rs. 199,Hair Oil Onion,0,1,68,94,90,92,63,68,102,97
BP-HAIR-100ml,Surat,257,96,11.4,8,199,Hair Oil Onion,4,3,72,79,100,92,63,92,79,85
BP-HAIR-100ml,Indore,13,56,10.2,8,₹199,Hair Oil Onion,0,1,89,70,60,86,58,61,73,77
BP-HAIR-100ml,Nagpur,281,83,10.6,8,₹199,Hair Oil Onion,0,0,60,56,89,69,58,74,56,89
BP-HAIR-100ml,Kochi,121,0,8.8,6,₹199,Hair Oil Onion,4,1,77,49,60,66,53,48,48,50
BP-HAIR-100ml,Chandigarh,105,0,6.8,6,199,Hair Oil Onion,4,0,56,49,56,58,38,41,51,54
BP-HAIR-100ml,Bhopal,23,0,3.5,4,₹199,Hair Oil Onion,12,0,30,26,27,22,24,24,19,21
BP-HAIR-100ml,Patna Kiosk,146,0,8.5,6,199,Hair Oil Onion,4,3,56,65,63,46,67,52,49,48
BP-HAIR-100ml,Vadodara,165,-7,13.6,4,₹199,Hair Oil Onion,0,0,74,100,78,84,91,79,75,89
BP-HAIR-100ml,Ludhiana,55,0,6.5,6,Rs. 199,Hair Oil Onion,0,3,39,44,56,38,44,48,38,55
BP-HAIR-100ml,Agra,9,0,7.9,6,199.00,Hair Oil Onion,0,0,45,47,62,55,46,59,65,68
BP-HAIR-100ml,Nashik,38.5,0,3.7,4,₹199,Hair Oil Onion,0,3,28,24,28,26,32,28,32,25
BP-HAIR-100ml,Meerut,46,36,5.0,6,Rs. 199,Hair Oil Onion,0,1,29,32,42,28,31,41,30,37
BP-HAIR-100ml,Rajkot,5,0,8.6,6,Rs. 199,Hair Oil Onion,4,3,75,74,51,57,52,71,73,74
BP-HAIR-100ml,Varanasi,59,46,8.5,4,Rs. 199,Hair Oil Onion,12,0,52,56,72,60,49,50,49,74
BP-HAIR-100ml,Amritsar,8,11,2.5,6,₹199,Hair Oil Onion,4,0,15,21,21,18,18,19,21,20
BP-HAIR-100ml,Noida, 123 ,34,7.8,8,₹199,Hair Oil Onion,0,1,47,53,48,57,64,45,52,66
BP-HAIR-100ml,Gurugram,107,0,8.4,8,Rs. 199,Hair Oil Onion,12,1,71,64,58,66,57,67,45,69
BP-HAIR-100ml,Coimbatore,221,0,11.8,6,Rs. 199,Hair Oil Onion,0,3,62,84,62,89,70,102,75,87
BP-HAIR-100ml,Madurai,77,0,5.8,4,₹199,Hair Oil Onion,0,3,38,31,39,44,43,44,45,35
BP-HAIR-100ml,Guwahati,259,62,12.3,8,₹199,Hair Oil Onion,12,3,86,74,83,75,94,80,86,93
BP-HAIR-100ml,Mumbai City Mall,82,0,6.3,4,Rs. 199,Hair Oil Onion,0,0,55,46,47,36,45,44,35,53
BP-HAIR-100ml,Delhi City Mall,51,0,5.0,4,Rs. 199,Hair Oil Onion,0,3,35,37,40,42,42,41,30,37
BP-HAIR-100ml,Bengaluru City Mall Kiosk,13,0,2.6,6,199.00,Hair Oil Onion,0,1,16,21,16,16,17,20,22,18
BP-HAIR-100ml,Hyderabad City Mall,66,35,6.9,8,199,Hair Oil Onion,0,0,53,43,49,46,50,38,46,37
BP-HAIR-100ml,Chennai City Mall,93,0,4.8,6,199,Hair Oil Onion,0,1,38,27,26,41,42,34,34,26
BP-HAIR-100ml,Kolkata City Mall,128,0,10.1,4,Rs. 199,Hair Oil Onion,0,0,57,78,83,58,75,68,61,87
BP-HAIR-200ml,Mumbai,32,0,3.7,4,499,Hair Oil Onion,12,1,26,20,21,25,31,67,31,25
,Delhi,34,0,12.1,6,499,Hair Oil Onion,12,3,91,74,76,99,64,105,105,92
BP-HAIR-200ml,Bengaluru,107,0,12.9,4,₹499,Hair Oil Onion,0,1,93,96,109,73,72,92,103,98
BP-HAIR-200ml,Hyderabad Kiosk,55,0,4.7,4,499,Hair Oil Onion,12,0,39,30,36,33,39,36,39,36
BP-HAIR-200ml,Chennai,98,0,13.2,4,Rs. 499,Hair Oil Onion,0,3,104,94,103,92,99,100,102,113
BP-HAIR-200ml,Kolkata,50,0,2.2,8,Rs. 499,Hair Oil Onion,0,3,12,16,13,19,13,18,13,17
BP-HAIR-200ml,Pune Kiosk,289,0,13.6,8,499.00,Hair Oil Onion,12,0,78,80,78,114,102,87,77,112
BP-HAIR-200ml,Ahmedabad,93,0,6.0,6,N/A,Hair Oil Onion,0,0,44,43,33,47,37,33,51,33
BP-HAIR-200ml,Jaipur, 152 ,0,6.8,8,499.00,Hair Oil Onion,12,3,45,40,50,42,44,38,59,42
BP-HAIR-200ml,Lucknow,2,5,2.5,4,₹499,Hair Oil Onion,4,0,17,19,17,19,19,20,19,17
BP-HAIR-200ml,Surat,77,0,5.5,6,499,Hair Oil Onion,0,1,38,37,38,40,48,35,48,43
BP-HAIR-200ml,Indore,13,0,5.1,6,Rs. 499,Hair Oil Onion,0,0,34,44,35,28,28,38,37,40
BP-HAIR-200ml,Nagpur,63,0,5.0,6,₹499,Hair Oil Onion,0,0,27,35,39,26,40,36,39,43
BP-HAIR-200ml,Kochi,137,0,8.4,8,₹499,Hair Oil Onion,12,3,58,56,56,57,62,59,65,46
BP-HAIR-200ml,Chandigarh,186,0,7.1,8,499,Hair Oil Onion,0,0,39,49,55,55,47,53,53,52
BP-HAIR-200ml,Bhopal, 28 ,0,4.8,8,499,Hair Oil Onion,0,0,34,37,39,41,36,27,37,34
BP-HAIR-200ml,Patna Kiosk,24,0,9.6,,₹499,Hair Oil Onion,4,1,68,66,71,82,65,78,63,68
BP-HAIR-200ml,Vadodara,90,59,5.4,8,499,Hair Oil Onion,4,0,44,30,29,35,39,40,38,40
BP-HAIR-200ml,Ludhiana,86,0,12.6,4,₹499,Hair Oil Onion,0,0,92,87,71,84,71,94,102,75
BP-HAIR-200ml,Agra,21,10,4.0,6,499,Hair Oil Onion,4,0,27,26,26,26,25,33,31,30
BP-HAIR-200ml,Nashik,21,0,7.1,6,499.00,Hair Oil Onion,0,1,49,37,42,56,54,56,52,54
BP-HAIR-200ml,Meerut,19,0,2.3,4,499,Hair Oil Onion,4,0,19,20,19,16,12,14,16,15
BP-HAIR-200ml,Rajkot,33,0,3.8,6,499,Hair Oil Onion,0,0,30,29,24,28,30,22,25,21
BP-HAIR-200ml,Varanasi,221,0,9.4,8,499,Hair Oil Onion,12,0,54,77,57,54,82,50,58,81
BP-HAIR-200ml,Amritsar,155,0,10.8,6,499.00,Hair Oil Onion,4,1,60,89,65,73,71,86,92,73
BP-HAIR-200ml,Noida,67,0,,4,Rs. 499,Hair Oil Onion,12,0,84,82,66,62,72,55,62,56
BP-HAIR-200ml,Gurugram,130,0,6.6,8,₹499,Hair Oil Onion,12,0,41,56,47,56,47,56,35,49
BP-HAIR-200ml,Coimbatore,68,0,3.7,6,499,Hair Oil Onion,0,0,25,31,27,28,28,29,32,29
BP-HAIR-200ml,Madurai,39,0,7.1,6,₹499,Hair Oil Onion,0,1,43,46,61,41,56,61,54,61
BP-HAIR-200ml,Guwahati,-5,0,5.0,8,₹499,Hair Oil Onion,4,3,36,29,35,29,112,27,36,31
BP-HAIR-200ml,Mumbai City Mall,52,0,13.7,4,499,Hair Oil Onion,0,0,81,100,81,77,104,118,108,85
BP-HAIR-200ml,Delhi City Mall,176,27,8.7,6,₹499,Hair Oil Onion,0,3,74,64,58,57,75,57,49,48
BP-HAIR-200ml,Bengaluru City Mall Kiosk,54,0,3.7,8,Rs. 499,Hair Oil Onion,0,1,20,22,20,31,22,27,25,25
BP-HAIR-200ml,Hyderabad City Mall,219,46,10.1,8,Rs. 499,Hair Oil Onion,0,3,57,82,83,84,84,84,66,59
BP-HAIR-200ml,Chennai City Mall,13,0,2.7,4,₹499,Hair Oil Onion,0,0,16,15,14,23,22,23,19,22
BP-HAIR-200ml,Kolkata City Mall,63,0,10.2,4,₹499,Hair Oil Onion,0,0,82,64,88,82,54,57,59,70
BP-PERF-30ml,Mumbai,15,18,6.4,4,Rs. 199,Perfume Musk,0,0,44,37,43,47,54,40,35,43
BP-PERF-30ml,Delhi,194.5,0,11.9,6,199,Perfume Musk,0,0,76,79,76,82,72,75,87,68
BP-PERF-30ml,Bengaluru,73,0,3.0,8,199,Perfume Musk,0,3,23,23,16,18,21,24,18,20
BP-PERF-30ml,Hyderabad Kiosk,9,12,2.8,4,199,Perfume Musk,12,3,17,15,22,18,18,19,21,23
BP-PERF-30ml,Chennai,20,31,7.2,4,199,Perfume Musk,0,0,51,38,61,54,45,43,43,57
BP-PERF-30ml,Kolkata,21,0,12.8,6,199,Perfume Musk,0,3,88,74,88,97,105,100,69,72
BP-PERF-30ml,Pune Kiosk,2,0,7.0,4 days,199,Perfume Musk,0,0,46,56,42,38,45,38,39,58
BP-PERF-30ml,Ahmedabad,11,11,3.1,4,₹199,Perfume Musk,4,3,21,21,25,25,20,26,16,17
BP-PERF-30ml,Jaipur,217,0,12.6,8,199,Perfume Musk,4,3,96,76,97,105,80,80,77,84
BP-PERF-30ml,Lucknow,5,0,10.3,6,199,Perfume Musk,0,3,76,67,66,62,82,67,86,77
BP-PERF-30ml,Surat,172,0,8.5,6,199,Perfume Musk,0,0,68,56,64,57,74,45,74,66
BP-PERF-30ml,Indore,24,0,6.6,4,199,Perfume Musk,4,0,48,55,54,42,53,53,48,35
BP-PERF-30ml,Nagpur,181,0,9.2,6,199.00,Perfume Musk,12,0,51,68,66,57,53,67,54,54
BP-PERF-30ml,Nagpur,181,0,9.2,6,199.00,Perfume Musk,12,0,51,68,66,57,53,67,54,54
BP-PERF-30ml,Kochi,120,0,10.9,4,199.00,Perfume Musk,0,3,70,63,90,86,86,81,87,83
BP-PERF-30ml,Chandigarh,291,0,11.4,8,199,Perfume Musk,12,1,62,92,95,66,66,77,71,94
BP-PERF-30ml,Bhopal,57,0,13.9,6,199,Perfume Musk,0,0,83,103,89,74,96,95,87,94
BP-PERF-30ml,Patna Kiosk,71,-1,7.9,4,199,Perfume Musk,0,3,43,45,46,49,56,64,54,62
BP-PERF-30ml,Vadodara,35,0,10.8,4,₹199,Perfume Musk,0,1,77,89,86,73,69,83,79,76
BP-PERF-30ml,Ludhiana,47,0,5.6,4,₹199,Perfume Musk,0,0,30,39,34,40,48,47,45,30
BP-PERF-30ml,Agra,22,54,7.8,8,₹199,Perfume Musk,0,3,64,48,62,59,58,53,46,53
BP-PERF-30ml,Nashik,33,109,13.0,8,199,Perfume Musk,0,0,75,83,96,85,99,81,89,84
BP-PERF-30ml,Meerut,115,0,8.5,4,199.00,Perfume Musk,4,1,60,73,67,45,51,51,53,57
BP-PERF-30ml,Rajkot,56,0,11.4,6,Rs. 199,Perfume Musk,12,0,92,62,64,77,313,95,66,83
BP-PERF-30ml,Varanasi,177,0,12.0,6,199,Perfume Musk,0,3,83,73,85,94,95,86,91,96
BP-PERF-30ml,Amritsar,174,53,9.3,6,199,Perfume Musk,0,3,66,75,73,60,56,59,77,78
BP-PERF-30ml,Noida,115,34,6.6,6,₹199,Perfume Musk,0,1,40,54,51,51,37,55,47,35
BP-PERF-30ml,Gurugram,34,0,2.7,6,199,Perfume Musk,4,0,18,17,20,22,23,23,22,23
BP-PERF-30ml,Coimbatore,26,0,13.7,6,199,Perfume Musk,12,0,98,75,99,112,88,74,94,76
BP-PERF-30ml,Madurai,44,0,6.2,4,₹199,Perfume Musk,0,1,51,34,46,54,42,37,35,39
BP-PERF-30ml,Guwahati,34,0,2.7,6,₹199,Perfume Musk,0,3,17,21,21,20,15,16,20,21
BP-PERF-30ml,Mumbai City Mall,123,0,11.6,4,N/A,Perfume Musk,0,1,89,88,79,68,95,76,98,82
BP-PERF-30ml,Delhi City Mall,27,0,11.1,6,₹199,Perfume Musk,0,0,70,93,79,59,62,88,76,74
BP-PERF-30ml,Bengaluru City Mall Kiosk,137,0,10.8,4,Rs. 199,Perfume Musk,4,0,85,86,75,89,80,63,81,68
BP-PERF-30ml,Hyderabad City Mall,15,56,10.7,4,199,Perfume Musk,4,3,69,87,75,64,70,63,62,73
BP-PERF-30ml,Chennai City Mall,68,52,5.5,8,Rs. 199,Perfume Musk,0,3,35,41,34,32,36,46,40,40
BP-PERF-30ml,Kolkata City Mall,104,0,5.7,6,199,Perfume Musk,4,0,31,36,49,47,37,49,47,32
BP-PERF-50ml,Mumbai,26,0,12.7,4,₹499,Perfume Musk,0,1,106,91,67,72,91,83,109,90
BP-PERF-50ml,Delhi, 168 ,0,9.2,8,499,Perfume Musk,0,0,70,54,55,55,61,59,65,63
BP-PERF-50ml,Bengaluru,65,0,4.3,8,499,Perfume Musk,4,0,34,32,27,24,36,25,35,25
BP-PERF-50ml,Hyderabad Kiosk,19,0,12.6,4,499,Perfume Musk,0,1,76,78,77,78,107,93,108,79
BP-PERF-50ml,Chennai,33,22,7.3,4,499,Perfume Musk,4,0,48,50,58,42,57,52,43,54
BP-PERF-50ml,Kolkata,28,0,7.1,8,₹499,Perfume Musk,4,1,45,52,46,39,56,59,42,48
BP-PERF-50ml,Pune Kiosk,103,75,13.8,4,499,Perfume Musk,12,0,100,103,76,99,115,112,107,101
BP-PERF-50ml,Ahmedabad,98,0,4.4,8,Rs. 499,Perfume Musk,0,0,29,33,27,33,32,33,29,35
BP-PERF-50ml,Jaipur,173,0,11.3,6,499,Perfume Musk,0,1,99,63,79,91,71,67,86,69
BP-PERF-50ml,Lucknow, 131 ,0,10.0,4,499,Perfume Musk,12,0,61,80,65,56,79,61,63,78
BP-PERF-50ml,Surat,13,28,6.2,4,499,Perfume Musk,0,0,54,45,45,45,41,34,46,42
BP-PERF-50ml,Indore,33,0,11.6,6,499,Perfume Musk,12,0,72,83,88,64,74,62,80,91
BP-PERF-50ml,Nagpur,217,0,9.5,8,499,Perfume Musk,0,3,52,65,61,70,79,59,57,57
BP-PERF-50ml,Kochi,25,59,11.8,8,₹499,Perfume Musk,12,3,96,93,98,84,87,65,94,68
BP-PERF-50ml,Chandigarh,30,0,5.1,4,499,Perfume Musk,12,3,37,30,35,27,27,33,40,31
BP-PERF-50ml,Bhopal,94,0,10.1,8,Rs. 499,Perfume Musk,12,0,87,53,78,69,70,84,233,66
BP-PERF-50ml,Patna Kiosk,35,21,5.9,4,Rs. 499,Perfume Musk,12,0,37,35,32,42,32,32,42,51
BP-PERF-50ml,Vadodara,16,0,4.1,,499.00,Perfume Musk,4,0,30,25,31,26,33,26,27,30
BP-PERF-50ml,Ludhiana,252.5,0,9.7,8,499,Perfume Musk,0,0,52,82,79,52,74,70,55,70
BP-PERF-50ml,Agra,17,0,5.1,8,499,Perfume Musk,0,0,41,29,44,31,39,39,35,29
BP-PERF-50ml,Nashik,90,0,10.4,8,499,Perfume Musk,4,1,82,79,71,81,87,58,57,76
BP-PERF-50ml,Meerut,98,0,11.7,6,499,Perfume Musk,12,1,89,88,93,62,97,98,83,80
BP-PERF-50ml,Rajkot,223,0,11.2,6,Rs. 499,Perfume Musk,0,0,76,84,96,81,94,79,75,82
BP-PERF-50ml,Varanasi,129,0,6.6,6,499,Perfume Musk,12,1,54,51,53,36,36,37,58,46
BP-PERF-50ml,Amritsar,241,0,11.3,8,₹499,Perfume Musk,12,3,90,88,82,98,69,96,68,94
BP-PERF-50ml,Noida,81,0,10.0,4,499,Perfume Musk,0,0,71,81,71,59,72,77,61,58
BP-PERF-50ml,Gurugram,8,37,5.8,6,₹499,Perfume Musk,0,3,38,31,43,36,36,37,49,31
BP-PERF-50ml,Coimbatore,52,0,4.3,4,499,Perfume Musk,12,0,24,27,23,27,37,34,35,32
BP-PERF-50ml,Madurai,22,0,4.6,6,499,Perfume Musk,0,0,35,31,25,36,29,31,39,31
BP-PERF-50ml,Guwahati,1,22,10.7,4,₹499,Perfume Musk,0,0,77,84,59,82,84,62,87,71
,Mumbai City Mall,4,0,12.8,4,499,Perfume Musk,12,1,104,76,90,93,103,106,90,80
BP-PERF-50ml,Delhi City Mall,71,132,12.8,8,499,Perfume Musk,4,3,106,81,101,105,111,86,85,86
BP-PERF-50ml,Bengaluru City Mall Kiosk,77,0,6.5,8,₹499,Perfume Musk,0,3,46,49,49,48,36,47,53,51
BP-PERF-50ml,Hyderabad City Mall,210,0,13.3,6,Rs. 499,Perfume Musk,0,0,80,82,111,91,77,72,97,110
BP-PERF-50ml,Chennai City Mall,5,0,7.9,6,499,Perfume Musk,4,1,68,63,44,56,56,63,68,45
BP-PERF-50ml,Kolkata City Mall,104,0,9.6,8,₹499,Perfume Musk,4,3,69,61,63,75,57,75,73,81
BP-PERF-100ml,Mumbai,184,0,,6,699,Perfume Musk,0,0,83,106,111,113,111,105,99,72
BP-PERF-100ml,Delhi,86,76,7.0,8,699,Perfume Musk,0,0,48,41,52,37,50,43,56,48
BP-PERF-100ml,Bengaluru,14,0,3.3,6,699,Perfume Musk,4,1,24,22,27,19,18,21,22,26
BP-PERF-100ml,Hyderabad Kiosk,39,0,3.9,4,699,Perfume Musk,12,1,27,29,33,25,25,21,31,21
BP-PERF-100ml,Chennai,51,0,3.6,6,Rs. 699,Perfume Musk,12,0,21,26,29,25,26,25,29,20
BP-PERF-100ml,Kolkata,57,0,6.3,6,699,Perfume Musk,12,3,36,42,46,36,39,53,52,41
BP-PERF-100ml,Pune Kiosk,103,0,9.6,8,699,Perfume Musk,4,0,66,53,68,64,51,55,71,69
BP-PERF-100ml,Ahmedabad,282,0,13.4,8,Rs. 699,Perfume Musk,0,0,96,100,94,73,107,105,104,89
BP-PERF-100ml,Jaipur,27,0,3.5,4,₹699,Perfume Musk,0,0,29,23,25,22,24,60,22,21
BP-PERF-100ml,Lucknow,11,0,11.1,6,₹699,Perfume Musk,4,1,87,92,80,79,77,85,63,86
BP-PERF-100ml,Surat,-6,0,10.8,8,699,Perfume Musk,4,0,61,89,85,94,63,90,91,89
BP-PERF-100ml,Indore,107,0,5.4,6,699,Perfume Musk,0,3,29,33,38,33,43,39,47,29
BP-PERF-100ml,Nagpur,43,0,9.0,4,699,Perfume Musk,0,1,76,52,57,79,65,72,62,59
BP-PERF-100ml,Kochi, 43 ,0,10.8,4 days,699,Perfume Musk,4,1,94,70,68,83,83,89,80,62
BP-PERF-100ml,Chandigarh,188,49,13.0,6,699,Perfume Musk,0,3,75,103,73,70,77,113,73,113
BP-PERF-100ml,Bhopal,148,-6,13.9,4,₹699,Perfume Musk,12,0,76,76,104,95,116,78,118,120
BP-PERF-100ml,Patna Kiosk,92,0,7.3,6,Rs. 699,Perfume Musk,0,0,39,61,42,62,56,39,63,63
BP-PERF-100ml,Vadodara,92,0,7.6,4,N/A,Perfume Musk,12,0,65,55,43,42,60,41,65,56
BP-PERF-100ml,Ludhiana,300,116,13.0,8,699.00,Perfume Musk,4,3,92,79,110,94,83,83,99,70
BP-PERF-100ml,Agra,34,0,4.5,4,Rs. 699,Perfume Musk,0,0,24,38,34,31,25,30,28,33
BP-PERF-100ml,Nashik,84,0,5.0,6,₹699,Perfume Musk,4,3,38,37,40,43,42,42,39,43
BP-PERF-100ml,Meerut,20,0,5.7,4,₹699,Perfume Musk,4,1,49,40,44,39,50,33,46,34
BP-PERF-100ml,Rajkot,2,0,4.2,4,699,Perfume Musk,12,0,27,30,32,23,32,26,35,31
BP-PERF-100ml,Varanasi,368,0,13.8,8,₹699,Perfume Musk,4,1,105,118,112,111,108,99,77,77
BP-PERF-100ml,Amritsar, 14 ,0,2.1,4,699,Perfume Musk,0,1,15,18,18,14,15,15,14,12
BP-PERF-100ml,Noida,136,0,13.9,6,699,Perfume Musk,12,3,120,88,84,117,79,81,105,82
BP-PERF-100ml,Gurugram,2,28,5.7,4,₹699,Perfume Musk,0,1,49,47,37,43,48,44,43,49
BP-PERF-100ml,Coimbatore,137,69,7.0,8,₹699,Perfume Musk,0,1,58,58,53,56,37,38,38,58
BP-PERF-100ml,Madurai,140,0,6.9,6,₹699,Perfume Musk,0,0,43,43,51,49,55,53,48,59
BP-PERF-100ml,Guwahati,126,57,10.9,6,699,Perfume Musk,0,1,82,64,84,68,75,75,73,76
BP-PERF-100ml,Mumbai City Mall,20,0,11.4,8,699,Perfume Musk,4,0,71,90,94,77,74,65,67,77
BP-PERF-100ml,Delhi City Mall,183,0,11.3,8,699,Perfume Musk,12,0,94,81,63,71,83,93,71,71
BP-PERF-100ml,Bengaluru City Mall Kiosk,100,0,13.2,8,699,Perfume Musk,0,3,89,103,107,84,100,92,113,106
BP-PERF-100ml,Hyderabad City Mall,57,0,3.9,8,699,Perfume Musk,4,3,21,32,30,26,32,26,28,32
BP-PERF-100ml,Chennai City Mall,237,0,10.3,8,₹699,Perfume Musk,12,3,76,77,84,79,63,82,88,88
BP-PERF-100ml,Kolkata City Mall,11.5,9,2.3,4,699,Perfume Musk,0,3,20,19,17,14,17,16,16,19
BP-PERF-200ml,Mumbai,139,0,7.3,6,199,Perfume Musk,4,3,48,54,44,57,46,58,46,55
BP-PERF-200ml,Delhi,30,0,12.1,4,₹199,Perfume Musk,0,0,76,105,97,70,265,83,95,77
BP-PERF-200ml,Delhi,30,0,12.1,4,₹199,Perfume Musk,0,0,76,105,97,70,265,83,95,77
BP-PERF-200ml,Bengaluru,2,0,8.8,8,₹199,Perfume Musk,0,0,58,70,71,63,51,70,59,48
BP-PERF-200ml,Hyderabad Kiosk, 210 ,0,10.9,8,199,Perfume Musk,0,1,69,62,82,67,77,74,95,69
BP-PERF-200ml,Chennai,139,0,12.4,8,199,Perfume Musk,4,0,73,73,71,79,103,88,67,105
BP-PERF-200ml,Kolkata,49,0,7.4,4,₹199,Perfume Musk,4,0,53,64,51,40,44,61,45,52
BP-PERF-200ml,Pune Kiosk,14,0,2.6,8,₹199,Perfume Musk,0,1,18,19,20,18,15,18,14,21
BP-PERF-200ml,Ahmedabad,48,0,9.1,4,Rs. 199,Perfume Musk,0,0,68,71,74,78,67,69,64,51
BP-PERF-200ml,Jaipur,88,0,12.8,6,199,Perfume Musk,0,1,81,71,106,92,95,88,96,70
BP-PERF-200ml,Lucknow,80,0,10.1,8,₹199,Perfume Musk,12,0,68,71,88,82,71,86,76,71
BP-PERF-200ml,Surat,194,56,12.7,6,₹199,Perfume Musk,0,0,101,96,67,86,70,82,75,92
BP-PERF-200ml,Indore,47,44,11.3,4,₹199,Perfume Musk,0,0,90,98,81,77,60,79,81,65
BP-PERF-200ml,Nagpur,68,0,5.1,8,₹199,Perfume Musk,0,0,29,30,33,40,39,32,40,38
BP-PERF-200ml,Kochi,68,0,2.8,8,₹199,Perfume Musk,0,0,15,24,15,23,17,22,22,18
BP-PERF-200ml,Chandigarh, 8 ,0,2.9,4,199,Perfume Musk,12,1,20,22,23,24,18,21,25,18
BP-PERF-200ml,Bhopal,20,0,10.1,4,₹199,Perfume Musk,0,0,79,76,60,84,54,86,83,62
BP-PERF-200ml,Patna Kiosk,59,0,13.5,8,199,Perfume Musk,0,1,78,102,94,79,105,87,75,79
BP-PERF-200ml,Vadodara,39,0,4.3,6,199,Perfume Musk,12,0,31,34,26,30,27,25,32,37
BP-PERF-200ml,Ludhiana,49,22,7.8,,Rs. 199,Perfume Musk,0,0,55,49,49,42,67,66,62,67
BP-PERF-200ml,Agra,18,0,2.8,4,199,Perfume Musk,0,0,20,17,16,16,16,15,24,16
BP-PERF-200ml,Nashik,94,0,11.8,8,₹199,Perfume Musk,0,0,90,70,75,84,80,76,99,69
BP-PERF-200ml,Meerut,67,0,3.7,6,₹199,Perfume Musk,0,0,25,31,21,31,22,26,27,20
BP-PERF-200ml,Rajkot,141,0,7.5,6,199,Perfume Musk,0,1,52,57,51,64,52,48,58,53
BP-PERF-200ml,Varanasi,8,0,3.4,8,Rs. 199,Perfume Musk,4,1,19,21,23,23,23,23,27,29
BP-PERF-200ml,Amritsar,140,49,10.4,4,Rs. 199,Perfume Musk,4,0,72,86,67,75,62,71,66,56
BP-PERF-200ml,Noida,145,63,13.3,6,199,Perfume Musk,12,1,91,111,92,74,91,106,93,102
BP-PERF-200ml,Gurugram,74,0,4.8,6,₹199,Perfume Musk,12,0,39,34,42,41,27,41,25,30
BP-PERF-200ml,Coimbatore,216,0,13.3,6,₹199,Perfume Musk,12,0,80,113,100,81,100,71,70,87
BP-PERF-200ml,Madurai,47,0,2.4,6,199,Perfume Musk,0,0,17,14,15,13,15,20,16,17
BP-PERF-200ml,Guwahati, 23 ,0,7.9,8,199,Perfume Musk,12,0,62,59,54,64,45,61,65,45
BP-PERF-200ml,Mumbai City Mall,114,0,13.9,8,199,Perfume Musk,0,0,96,77,107,117,74,94,249,105
BP-PERF-200ml,Delhi City Mall, 22 ,8,3.4,4,199,Perfume Musk,0,0,26,29,23,18,22,25,22,23
BP-PERF-200ml,Bengaluru City Mall Kiosk,44,0,9.6,6,₹199,Perfume Musk,4,1,62,67,55,53,59,61,73,71
BP-PERF-200ml,Hyderabad City Mall,64,0,3.8,6,199,Perfume Musk,0,3,21,24,20,32,20,26,23,33
BP-PERF-200ml,Chennai City Mall,186,32,8.7,8,199,Perfume Musk,12,0,55,46,61,46,46,64,60,55
BP-PERF-200ml,Kolkata City Mall,136,22,6.9,6,199,Perfume Musk,4,3,36,37,55,57,59,47,44,45
