Article,Branch,Qty On Hand,Open PO,run_rate,replenishment_days,Rate,Style,Colour,Size
FW-RUNN-BLK-UK6,Mumbai Store,23,29,2.9,10,2299,Runner Flex,BLK,UK6
FW-RUNN-BLK-UK6,Delhi Store,9,0,1.2,10,"₹2,299",Runner Flex,BLK,UK6
FW-RUNN-BLK-UK6,Bengaluru Store,112,0,1.7,21,"₹2,299",Runner Flex,BLK,UK6
FW-RUNN-BLK-UK6,Hyderabad Store,8,0,0.9,14,2299,Runner Flex,BLK,UK6
FW-RUNN-BLK-UK6,Chennai Store,13,0,0.9,14,"₹2,299",Runner Flex,BLK,UK6
FW-RUNN-BLK-UK6,Kolkata Store,4,0,2.1,14,"₹2,299",Runner Flex,BLK,UK6
FW-RUNN-BLK-UK6,Pune Store,18,0,1.0,14,"Rs. 2,299",Runner Flex,BLK,UK6
FW-RUNN-BLK-UK6,Ahmedabad Store,49,24,1.8,14,"Rs. 2,299",Runner Flex,BLK,UK6
FW-RUNN-BLK-UK6,Jaipur Store, 8 ,5,0.5,14,"₹2,299",Runner Flex,BLK,UK6
FW-RUNN-BLK-UK6,Lucknow Store, 2 ,0,0.9,10,"Rs. 2,299",Runner Flex,BLK,UK6
FW-RUNN-BLK-UK6,Surat Store,20,0,0.7,14,2299,Runner Flex,BLK,UK6
FW-RUNN-BLK-UK6,Indore Store,44,0,2.0,10,2299,Runner Flex,BLK,UK6
FW-RUNN-BLK-UK6,Nagpur Store,5,0,2.8,14,2299,Runner Flex,BLK,UK6
FW-RUNN-BLK-UK6,Kochi Store,52,0,2.3,14,"₹2,299",Runner Flex,BLK,UK6
FW-RUNN-BLK-UK6,Chandigarh Store,112,0,2.5,14,"Rs. 2,299",Runner Flex,BLK,UK6
FW-RUNN-BLK-UK6,Bhopal Store, 29 ,0,0.7,21,2299,Runner Flex,BLK,UK6
FW-RUNN-BLK-UK6,Patna Store,40,11,1.2,10,"₹2,299",Runner Flex,BLK,UK6
FW-RUNN-BLK-UK6,Vadodara Store,14,0,0.5,14,2299,Runner Flex,BLK,UK6
FW-RUNN-BLK-UK6,Ludhiana Store,20,0,2.5,10,2299,Runner Flex,BLK,UK6
FW-RUNN-BLK-UK6,Agra Store,51,22,2.0,10,"₹2,299",Runner Flex,BLK,UK6
FW-RUNN-BLK-UK6,Nashik Store, 113 ,0,2.8,21,"2,299.00",Runner Flex,BLK,UK6
FW-RUNN-BLK-UK6,Meerut Store,54,0,1.9,10,"₹2,299",Runner Flex,BLK,UK6
FW-RUNN-BLK-UK6,Rajkot Store,80,17,2.0,14,2299,Runner Flex,BLK,UK6
FW-RUNN-BLK-UK6,Varanasi Store,59,0,2.5,10,2299,Runner Flex,BLK,UK6
FW-RUNN-BLK-UK6,Amritsar Store,124,0,2.7,21,"₹2,299",Runner Flex,BLK,UK6
FW-RUNN-BLK-UK6,Noida Store,21.5,0,0.6,21,"₹2,299",Runner Flex,BLK,UK6
FW-RUNN-BLK-UK6,Gurugram Store,17,0,1.3,10,"₹2,299",Runner Flex,BLK,UK6
FW-RUNN-BLK-UK6,Coimbatore Store,31,0,2.8,14,"Rs. 2,299",Runner Flex,BLK,UK6
FW-RUNN-BLK-UK6,Madurai Store,51,0,2.9,10,N/A,Runner Flex,BLK,UK6
FW-RUNN-BLK-UK6,Guwahati Store,17,0,0.3,21,"₹2,299",Runner Flex,BLK,UK6
FW-RUNN-BLK-UK7,Mumbai Store,43,0,1.0,14,2299,Runner Flex,BLK,UK7
FW-RUNN-BLK-UK7,Delhi Store,73,0,2.4,10,"₹2,299",Runner Flex,BLK,UK7
FW-RUNN-BLK-UK7,Bengaluru Store,28,0,0.9,10,"₹2,299",Runner Flex,BLK,UK7
FW-RUNN-BLK-UK7,Hyderabad Store,118,0,2.7,14,"Rs. 2,299",Runner Flex,BLK,UK7
FW-RUNN-BLK-UK7,Chennai Store,27,-9,2.5,14,"2,299.00",Runner Flex,BLK,UK7
FW-RUNN-BLK-UK7,Kolkata Store,5,0,1.6,,"Rs. 2,299",Runner Flex,BLK,UK7
FW-RUNN-BLK-UK7,Pune Store,25,4,0.9,10,"Rs. 2,299",Runner Flex,BLK,UK7
FW-RUNN-BLK-UK7,Ahmedabad Store,27,27,2.1,10,"Rs. 2,299",Runner Flex,BLK,UK7
FW-RUNN-BLK-UK7,Jaipur Store,47,0,1.5,21 days,"₹2,299",Runner Flex,BLK,UK7
FW-RUNN-BLK-UK7,Lucknow Store,19,0,2.6,10,"₹2,299",Runner Flex,BLK,UK7
FW-RUNN-BLK-UK7,Surat Store,157,0,,21,"Rs. 2,299",Runner Flex,BLK,UK7
FW-RUNN-BLK-UK7,Indore Store,66,32,1.3,21,"₹2,299",Runner Flex,BLK,UK7
FW-RUNN-BLK-UK7,Nagpur Store,19,0,2.6,10,2299,Runner Flex,BLK,UK7
FW-RUNN-BLK-UK7,Kochi Store,(4),0,0.9,21,"₹2,299",Runner Flex,BLK,UK7
FW-RUNN-BLK-UK7,Chandigarh Store,11,0,1.2,21,"₹2,299",Runner Flex,BLK,UK7
FW-RUNN-BLK-UK7,Bhopal Store,127,0,2.5,21,"2,299.00",Runner Flex,BLK,UK7
FW-RUNN-BLK-UK7,Patna Store,0,0,2.3,10,2299,Runner Flex,BLK,UK7
FW-RUNN-BLK-UK7,Vadodara Store,38,0,1.6,10,"₹2,299",Runner Flex,BLK,UK7
FW-RUNN-BLK-UK7,Vadodara Store,38,0,1.6,10,"₹2,299",Runner Flex,BLK,UK7
FW-RUNN-BLK-UK7,Ludhiana Store,19,9,0.4,21,"Rs. 2,299",Runner Flex,BLK,UK7
,Agra Store,159,0,2.6,21,"₹2,299",Runner Flex,BLK,UK7
FW-RUNN-BLK-UK7,Nashik Store,50,17,1.7,14,2299,Runner Flex,BLK,UK7
FW-RUNN-BLK-UK7,Meerut Store,5,0,2.9,14,2299,Runner Flex,BLK,UK7
FW-RUNN-BLK-UK7,Rajkot Store,19,0,2.8,21,"₹2,299",Runner Flex,BLK,UK7
FW-RUNN-BLK-UK7,Varanasi Store,44,0,2.9,10,"₹2,299",Runner Flex,BLK,UK7
FW-RUNN-BLK-UK7,Amritsar Store,14,0,1.5,10,2299,Runner Flex,BLK,UK7
FW-RUNN-BLK-UK7,Noida Store,19,0,0.5,14,"₹2,299",Runner Flex,BLK,UK7
FW-RUNN-BLK-UK7,Gurugram Store,1,2,0.3,10,2299,Runner Flex,BLK,UK7
FW-RUNN-BLK-UK7,Coimbatore Store,33,0,2.3,14,"Rs. 2,299",Runner Flex,BLK,UK7
FW-RUNN-BLK-UK7,Madurai Store,21,0,0.6,14,2299,Runner Flex,BLK,UK7
FW-RUNN-BLK-UK7,Guwahati Store,94,0,1.5,21,2299,Runner Flex,BLK,UK7
FW-RUNN-BLK-UK8,Mumbai Store,8,0,0.3,10,1499,Runner Flex,BLK,UK8
FW-RUNN-BLK-UK8,Delhi Store,23,0,2.9,14,1499,Runner Flex,BLK,UK8
FW-RUNN-BLK-UK8,Bengaluru Store,54,0,2.1,10,1499,Runner Flex,BLK,UK8
FW-RUNN-BLK-UK8,Hyderabad Store,141,0,2.9,21,1499,Runner Flex,BLK,UK8
FW-RUNN-BLK-UK8,Chennai Store,136,0,2.1,21,"Rs. 1,499",Runner Flex,BLK,UK8
FW-RUNN-BLK-UK8,Kolkata Store,19,0,0.6,10,1499,Runner Flex,BLK,UK8
FW-RUNN-BLK-UK8,Pune Store,14,0,1.0,10,"₹1,499",Runner Flex,BLK,UK8
FW-RUNN-BLK-UK8,Ahmedabad Store,69,0,2.0,21,1499,Runner Flex,BLK,UK8
FW-RUNN-BLK-UK8,Jaipur Store,1,0,0.7,14,"Rs. 1,499",Runner Flex,BLK,UK8
FW-RUNN-BLK-UK8,Lucknow Store,86,0,2.4,21,"Rs. 1,499",Runner Flex,BLK,UK8
FW-RUNN-BLK-UK8,Surat Store, 50 ,0,2.9,10,1499,Runner Flex,BLK,UK8
FW-RUNN-BLK-UK8,Indore Store,8,0,1.7,14,1499,Runner Flex,BLK,UK8
FW-RUNN-BLK-UK8,Nagpur Store,35,0,1.9,14,"₹1,499",Runner Flex,BLK,UK8
FW-RUNN-BLK-UK8,Kochi Store,29,0,1.9,14,1499,Runner Flex,BLK,UK8
FW-RUNN-BLK-UK8,Chandigarh Store,14,0,1.1,14,1499,Runner Flex,BLK,UK8
FW-RUNN-BLK-UK8,Bhopal Store,17,0,1.4,21,1499,Runner Flex,BLK,UK8
FW-RUNN-BLK-UK8,Patna Store,57,0,2.4,10,1499,Runner Flex,BLK,UK8
FW-RUNN-BLK-UK8,Vadodara Store,5,14,1.4,14,"₹1,499",Runner Flex,BLK,UK8
FW-RUNN-BLK-UK8,Ludhiana Store,26.5,0,0.6,21,1499,Runner Flex,BLK,UK8
FW-RUNN-BLK-UK8,Agra Store,0,17,1.9,14,1499,Runner Flex,BLK,UK8
FW-RUNN-BLK-UK8,Nashik Store,182,0,2.9,21,"Rs. 1,499",Runner Flex,BLK,UK8
FW-RUNN-BLK-UK8,Meerut Store, 37 ,30,2.3,10,"Rs. 1,499",Runner Flex,BLK,UK8
FW-RUNN-BLK-UK8,Rajkot Store, 6 ,0,0.8,14,"₹1,499",Runner Flex,BLK,UK8
FW-RUNN-BLK-UK8,Varanasi Store,3,0,1.2,10,1499,Runner Flex,BLK,UK8
FW-RUNN-BLK-UK8,Amritsar Store, 58 ,0,1.6,21,"Rs. 1,499",Runner Flex,BLK,UK8
FW-RUNN-BLK-UK8,Noida Store,17,0,0.7,10,"₹1,499",Runner Flex,BLK,UK8
FW-RUNN-BLK-UK8,Gurugram Store,26,0,1.6,21,"₹1,499",Runner Flex,BLK,UK8
FW-RUNN-BLK-UK8,Coimbatore Store,20,0,1.1,10,N/A,Runner Flex,BLK,UK8
FW-RUNN-BLK-UK8,Madurai Store,22,0,2.1,10,"₹1,499",Runner Flex,BLK,UK8
FW-RUNN-BLK-UK8,Guwahati Store,28,6,0.6,21,"₹1,499",Runner Flex,BLK,UK8
FW-RUNN-BLK-UK9,Mumbai Store,54,35,1.6,21,"₹4,999",Runner Flex,BLK,UK9
FW-RUNN-BLK-UK9,Delhi Store,10,0,2.7,10,4999,Runner Flex,BLK,UK9
FW-RUNN-BLK-UK9,Bengaluru Store,25,0,1.3,14,4999,Runner Flex,BLK,UK9
FW-RUNN-BLK-UK9,Hyderabad Store,90,0,2.6,14,"Rs. 4,999",Runner Flex,BLK,UK9
FW-RUNN-BLK-UK9,Chennai Store,38,12,1.3,10,4999,Runner Flex,BLK,UK9
FW-RUNN-BLK-UK9,Kolkata Store,159,0,2.3,21,"₹4,999",Runner Flex,BLK,UK9
FW-RUNN-BLK-UK9,Pune Store,40,0,0.8,21,4999,Runner Flex,BLK,UK9
FW-RUNN-BLK-UK9,Ahmedabad Store,8,18,1.6,14,"₹4,999",Runner Flex,BLK,UK9
FW-RUNN-BLK-UK9,Jaipur Store,77,0,2.7,21,"4,999.00",Runner Flex,BLK,UK9
FW-RUNN-BLK-UK9,Lucknow Store,78,13,2.4,10,"Rs. 4,999",Runner Flex,BLK,UK9
FW-RUNN-BLK-UK9,Surat Store,20,0,0.9,14,"₹4,999",Runner Flex,BLK,UK9
FW-RUNN-BLK-UK9,Indore Store,13,0,1.9,21,"Rs. 4,999",Runner Flex,BLK,UK9
FW-RUNN-BLK-UK9,Nagpur Store,0,0,1.3,21,"Rs. 4,999",Runner Flex,BLK,UK9
FW-RUNN-BLK-UK9,Kochi Store,48,13,1.0,21,"Rs. 4,999",Runner Flex,BLK,UK9
FW-RUNN-BLK-UK9,Chandigarh Store,39,6,0.7,21,"₹4,999",Runner Flex,BLK,UK9
FW-RUNN-BLK-UK9,Bhopal Store,34,-13,2.8,14,"Rs. 4,999",Runner Flex,BLK,UK9
FW-RUNN-BLK-UK9,Patna Store,41,0,1.0,14,"₹4,999",Runner Flex,BLK,UK9
FW-RUNN-BLK-UK9,Vadodara Store,60,0,1.6,21,4999,Runner Flex,BLK,UK9
FW-RUNN-BLK-UK9,Ludhiana Store,12,33,3.0,,"₹4,999",Runner Flex,BLK,UK9
FW-RUNN-BLK-UK9,Agra Store,176,0,2.6,21,4999,Runner Flex,BLK,UK9
FW-RUNN-BLK-UK9,Nashik Store, 7 ,0,0.7,21,"₹4,999",Runner Flex,BLK,UK9
FW-RUNN-BLK-UK9,Meerut Store,94,28,2.1,21,"Rs. 4,999",Runner Flex,BLK,UK9
FW-RUNN-BLK-UK9,Rajkot Store,14,0,0.4,14,4999,Runner Flex,BLK,UK9
FW-RUNN-BLK-UK9,Varanasi Store,12,35,2.6,21,4999,Runner Flex,BLK,UK9
FW-RUNN-BLK-UK9,Amritsar Store,58,0,2.8,10,"Rs. 4,999",Runner Flex,BLK,UK9
FW-RUNN-BLK-UK9,Noida Store, 38 ,0,1.5,10,"₹4,999",Runner Flex,BLK,UK9
FW-RUNN-BLK-UK9,Gurugram Store,4,0,1.1,10,4999,Runner Flex,BLK,UK9
FW-RUNN-BLK-UK9,Coimbatore Store,37,0,0.9,14 days,"₹4,999",Runner Flex,BLK,UK9
FW-RUNN-BLK-UK9,Madurai Store,10,0,0.3,21,4999,Runner Flex,BLK,UK9
FW-RUNN-BLK-UK9,Guwahati Store,53,0,2.1,10,4999,Runner Flex,BLK,UK9
FW-RUNN-BLK-UK10,Mumbai Store,29,10,0.7,14,"₹2,299",Runner Flex,BLK,UK10
FW-RUNN-BLK-UK10,Delhi Store,1,0,0.7,10,"₹2,299",Runner Flex,BLK,UK10
FW-RUNN-BLK-UK10,Bengaluru Store,37,22,1.3,14,2299,Runner Flex,BLK,UK10
FW-RUNN-BLK-UK10,Hyderabad Store,153,0,,21,"Rs. 2,299",Runner Flex,BLK,UK10
FW-RUNN-BLK-UK10,Chennai Store,29,0,2.9,14,2299,Runner Flex,BLK,UK10
FW-RUNN-BLK-UK10,Kolkata Store,73,0,1.1,21,2299,Runner Flex,BLK,UK10
FW-RUNN-BLK-UK10,Pune Store,39,0,2.2,10,"Rs. 2,299",Runner Flex,BLK,UK10
FW-RUNN-BLK-UK10,Ahmedabad Store, 45 ,0,1.9,10,"₹2,299",Runner Flex,BLK,UK10
FW-RUNN-BLK-UK10,Jaipur Store,14,0,1.2,21,"₹2,299",Runner Flex,BLK,UK10
FW-RUNN-BLK-UK10,Lucknow Store,43,0,1.6,14,2299,Runner Flex,BLK,UK10
FW-RUNN-BLK-UK10,Surat Store,66,0,1.9,21,2299,Runner Flex,BLK,UK10
FW-RUNN-BLK-UK10,Indore Store,6.5,0,0.6,10,2299,Runner Flex,BLK,UK10
FW-RUNN-BLK-UK10,Nagpur Store,(6),0,0.6,14,"₹2,299",Runner Flex,BLK,UK10
FW-RUNN-BLK-UK10,Kochi Store,67,29,1.5,21,"₹2,299",Runner Flex,BLK,UK10
FW-RUNN-BLK-UK10,Chandigarh Store,26, 10 ,1.4,14,"₹2,299",Runner Flex,BLK,UK10
FW-RUNN-BLK-UK10,Bhopal Store,16,0,2.4,14,"Rs. 2,299",Runner Flex,BLK,UK10
FW-RUNN-BLK-UK10,Patna Store,68,0,1.6,21,"₹2,299",Runner Flex,BLK,UK10
FW-RUNN-BLK-UK10,Vadodara Store,32,14,1.1,14,2299,Runner Flex,BLK,UK10
FW-RUNN-BLK-UK10,Ludhiana Store,5,5,1.3,10,2299,Runner Flex,BLK,UK10
FW-RUNN-BLK-UK10,Agra Store,168,0,2.9,21,"Rs. 2,299",Runner Flex,BLK,UK10
FW-RUNN-BLK-UK10,Nashik Store,96,0,2.1,21,"₹2,299",Runner Flex,BLK,UK10
FW-RUNN-BLK-UK10,Meerut Store,107,0,1.5,21,2299,Runner Flex,BLK,UK10
FW-RUNN-BLK-UK10,Rajkot Store,20,0,1.4,10,2299,Runner Flex,BLK,UK10
FW-RUNN-BLK-UK10,Varanasi Store,37,0,0.6,21,2299,Runner Flex,BLK,UK10
FW-RUNN-BLK-UK10,Amritsar Store,8,0,1.3,10,2299,Runner Flex,BLK,UK10
FW-RUNN-BLK-UK10,Amritsar Store,8,0,1.3,10,2299,Runner Flex,BLK,UK10
FW-RUNN-BLK-UK10,Noida Store,17,0,0.6,10,"₹2,299",Runner Flex,BLK,UK10
FW-RUNN-BLK-UK10,Gurugram Store,9,0,1.1,14,N/A,Runner Flex,BLK,UK10
FW-RUNN-BLK-UK10,Coimbatore Store,70,17,2.7,10,2299,Runner Flex,BLK,UK10
FW-RUNN-BLK-UK10,Madurai Store,1,0,0.3,10,2299,Runner Flex,BLK,UK10
FW-RUNN-BLK-UK10,Guwahati Store,9,0,0.3,21,"₹2,299",Runner Flex,BLK,UK10
,Mumbai Store,28,0,1.0,14,"₹1,499",Runner Flex,BLK,UK11
FW-RUNN-BLK-UK11,Delhi Store,11,0,2.0,14,"1,499.00",Runner Flex,BLK,UK11
FW-RUNN-BLK-UK11,Bengaluru Store,16,0,1.3,14,"₹1,499",Runner Flex,BLK,UK11
FW-RUNN-BLK-UK11,Hyderabad Store,125,37,2.0,21,"₹1,499",Runner Flex,BLK,UK11
FW-RUNN-BLK-UK11,Chennai Store,32,24,2.2,14,1499,Runner Flex,BLK,UK11
FW-RUNN-BLK-UK11,Kolkata Store,57,0,1.4,14,1499,Runner Flex,BLK,UK11
FW-RUNN-BLK-UK11,Pune Store,27,0,1.5,10,1499,Runner Flex,BLK,UK11
FW-RUNN-BLK-UK11,Ahmedabad Store,16,0,1.6,10,1499,Runner Flex,BLK,UK11
FW-RUNN-BLK-UK11,Jaipur Store,47,0,1.6,21,"Rs. 1,499",Runner Flex,BLK,UK11
FW-RUNN-BLK-UK11,Lucknow Store,21,0,2.8,21,"₹1,499",Runner Flex,BLK,UK11
FW-RUNN-BLK-UK11,Surat Store,39,0,2.7,10,1499,Runner Flex,BLK,UK11
FW-RUNN-BLK-UK11,Indore Store,77,0,2.4,14,"₹1,499",Runner Flex,BLK,UK11
FW-RUNN-BLK-UK11,Nagpur Store,13,0,2.2,10,"₹1,499",Runner Flex,BLK,UK11
FW-RUNN-BLK-UK11,Kochi Store, 62 ,26,1.5,14,1499,Runner Flex,BLK,UK11
FW-RUNN-BLK-UK11,Chandigarh Store,8,0,1.5,10,1499,Runner Flex,BLK,UK11
FW-RUNN-BLK-UK11,Bhopal Store,10,0,0.9,14,"₹1,499",Runner Flex,BLK,UK11
FW-RUNN-BLK-UK11,Patna Store,10,0,0.8,10,"Rs. 1,499",Runner Flex,BLK,UK11
FW-RUNN-BLK-UK11,Vadodara Store, 75 ,0,1.8,21,1499,Runner Flex,BLK,UK11
FW-RUNN-BLK-UK11,Ludhiana Store,81,0,1.5,21,"1,499.00",Runner Flex,BLK,UK11
FW-RUNN-BLK-UK11,Agra Store,4,0,2.6,10,1499,Runner Flex,BLK,UK11
FW-RUNN-BLK-UK11,Nashik Store,68,0,2.3,10,"Rs. 1,499",Runner Flex,BLK,UK11
FW-RUNN-BLK-UK11,Meerut Store,95,0,2.5,14,"₹1,499",Runner Flex,BLK,UK11
FW-RUNN-BLK-UK11,Rajkot Store,0,0,0.4,21,"Rs. 1,499",Runner Flex,BLK,UK11
FW-RUNN-BLK-UK11,Varanasi Store,71,0,2.8,10,1499,Runner Flex,BLK,UK11
FW-RUNN-BLK-UK11,Amritsar Store,79,0,2.8,10,1499,Runner Flex,BLK,UK11
FW-RUNN-BLK-UK11,Noida Store,82,0,2.5,21,1499,Runner Flex,BLK,UK11
FW-RUNN-BLK-UK11,Gurugram Store,35,-18,2.3,14,"1,499.00",Runner Flex,BLK,UK11
FW-RUNN-BLK-UK11,Coimbatore Store,6,11,0.9,14,"Rs. 1,499",Runner Flex,BLK,UK11
FW-RUNN-BLK-UK11,Madurai Store,2,0,2.0,21,"1,499.00",Runner Flex,BLK,UK11
FW-RUNN-BLK-UK11,Guwahati Store,7,0,0.4,14,"Rs. 1,499",Runner Flex,BLK,UK11
FW-RUNN-WHT-UK6,Mumbai Store,1,0,0.8,21,"₹3,499",Runner Flex,WHT,UK6
FW-RUNN-WHT-UK6,Delhi Store,66,0,1.5,,3499,Runner Flex,WHT,UK6
FW-RUNN-WHT-UK6,Bengaluru Store,114,0,2.6,21,"Rs. 3,499",Runner Flex,WHT,UK6
FW-RUNN-WHT-UK6,Hyderabad Store,67,0,2.0,14,3499,Runner Flex,WHT,UK6
FW-RUNN-WHT-UK6,Chennai Store,6.5,11,0.7,14,"₹3,499",Runner Flex,WHT,UK6
FW-RUNN-WHT-UK6,Kolkata Store,42,0,2.0,14,"Rs. 3,499",Runner Flex,WHT,UK6
FW-RUNN-WHT-UK6,Pune Store,23,0,1.0,14,3499,Runner Flex,WHT,UK6
FW-RUNN-WHT-UK6,Ahmedabad Store,2,0,0.4,14,"₹3,499",Runner Flex,WHT,UK6
FW-RUNN-WHT-UK6,Jaipur Store,38,0,1.7,14,"3,499.00",Runner Flex,WHT,UK6
FW-RUNN-WHT-UK6,Lucknow Store,90,45,2.7,21,3499,Runner Flex,WHT,UK6
FW-RUNN-WHT-UK6,Surat Store,119,0,2.5,21,3499,Runner Flex,WHT,UK6
FW-RUNN-WHT-UK6,Indore Store,37,0,2.0,21,3499,Runner Flex,WHT,UK6
FW-RUNN-WHT-UK6,Nagpur Store,16,0,1.2,21,"₹3,499",Runner Flex,WHT,UK6
FW-RUNN-WHT-UK6,Kochi Store,60,0,2.0,10,3499,Runner Flex,WHT,UK6
FW-RUNN-WHT-UK6,Chandigarh Store,13,0,0.3,21,"₹3,499",Runner Flex,WHT,UK6
FW-RUNN-WHT-UK6,Bhopal Store,23,10,1.0,10,3499,Runner Flex,WHT,UK6
FW-RUNN-WHT-UK6,Patna Store,16,0,1.4,10 days,3499,Runner Flex,WHT,UK6
FW-RUNN-WHT-UK6,Vadodara Store,80,22,2.8,14,3499,Runner Flex,WHT,UK6
FW-RUNN-WHT-UK6,Ludhiana Store,6,0,0.4,14,3499,Runner Flex,WHT,UK6
FW-RUNN-WHT-UK6,Agra Store,74,60,2.5,21,3499,Runner Flex,WHT,UK6
FW-RUNN-WHT-UK6,Nashik Store,43,0,2.5,10,3499,Runner Flex,WHT,UK6
FW-RUNN-WHT-UK6,Meerut Store, 96 ,0,2.4,14,3499,Runner Flex,WHT,UK6
FW-RUNN-WHT-UK6,Rajkot Store,78,0,1.9,21,"₹3,499",Runner Flex,WHT,UK6
FW-RUNN-WHT-UK6,Varanasi Store,44,0,1.7,21,3499,Runner Flex,WHT,UK6
FW-RUNN-WHT-UK6,Amritsar Store,5,7,0.7,10,"₹3,499",Runner Flex,WHT,UK6
FW-RUNN-WHT-UK6,Noida Store,58,8,2.0,10,N/A,Runner Flex,WHT,UK6
FW-RUNN-WHT-UK6,Gurugram Store,24,0,,21,3499,Runner Flex,WHT,UK6
FW-RUNN-WHT-UK6,Coimbatore Store,63,0,2.9,21,3499,Runner Flex,WHT,UK6
FW-RUNN-WHT-UK6,Madurai Store, 19 ,0,1.2,14,3499,Runner Flex,WHT,UK6
FW-RUNN-WHT-UK6,Guwahati Store,113,0,2.2,21,3499,Runner Flex,WHT,UK6
FW-RUNN-WHT-UK7,Mumbai Store,8,0,0.4,10,"₹1,499",Runner Flex,WHT,UK7
FW-RUNN-WHT-UK7,Delhi Store,24,0,1.6,21,1499,Runner Flex,WHT,UK7
FW-RUNN-WHT-UK7,Bengaluru Store,9,0,0.7,14,1499,Runner Flex,WHT,UK7
FW-RUNN-WHT-UK7,Hyderabad Store,144,0,2.7,21,"1,499.00",Runner Flex,WHT,UK7
FW-RUNN-WHT-UK7,Chennai Store,172,0,2.8,21,1499,Runner Flex,WHT,UK7
FW-RUNN-WHT-UK7,Kolkata Store,36,0,1.7,14,1499,Runner Flex,WHT,UK7
FW-RUNN-WHT-UK7,Pune Store,32,17,1.8,10,1499,Runner Flex,WHT,UK7
FW-RUNN-WHT-UK7,Ahmedabad Store,0,0,0.6,14,"₹1,499",Runner Flex,WHT,UK7
FW-RUNN-WHT-UK7,Jaipur Store,10,0,0.4,10,1499,Runner Flex,WHT,UK7
FW-RUNN-WHT-UK7,Lucknow Store,68,0,1.5,14,"₹1,499",Runner Flex,WHT,UK7
FW-RUNN-WHT-UK7,Surat Store, 21 ,0,2.9,10,1499,Runner Flex,WHT,UK7
FW-RUNN-WHT-UK7,Indore Store,-8,0,0.7,14,"Rs. 1,499",Runner Flex,WHT,UK7
FW-RUNN-WHT-UK7,Nagpur Store,97, 34 ,2.6,21,1499,Runner Flex,WHT,UK7
FW-RUNN-WHT-UK7,Kochi Store,87,0,2.2,14,1499,Runner Flex,WHT,UK7
FW-RUNN-WHT-UK7,Chandigarh Store,21,0,0.6,21,"₹1,499",Runner Flex,WHT,UK7
FW-RUNN-WHT-UK7,Bhopal Store,36,0,2.2,21,1499,Runner Flex,WHT,UK7
FW-RUNN-WHT-UK7,Patna Store,55,0,0.8,21,"₹1,499",Runner Flex,WHT,UK7
FW-RUNN-WHT-UK7,Vadodara Store, 29 ,0,1.4,14,"1,499.00",Runner Flex,WHT,UK7
FW-RUNN-WHT-UK7,Ludhiana Store,22,0,0.7,10,1499,Runner Flex,WHT,UK7
FW-RUNN-WHT-UK7,Agra Store,11,0,0.4,14,"₹1,499",Runner Flex,WHT,UK7
FW-RUNN-WHT-UK7,Nashik Store,68,0,1.7,21,"₹1,499",Runner Flex,WHT,UK7
FW-RUNN-WHT-UK7,Meerut Store,69,37,2.7,14,"1,499.00",Runner Flex,WHT,UK7
FW-RUNN-WHT-UK7,Rajkot Store,169,0,2.9,21,"₹1,499",Runner Flex,WHT,UK7
FW-RUNN-WHT-UK7,Varanasi Store,9,13,1.4,21,1499,Runner Flex,WHT,UK7
FW-RUNN-WHT-UK7,Amritsar Store,18,5,0.6,14,1499,Runner Flex,WHT,UK7
FW-RUNN-WHT-UK7,Noida Store,12,43,2.3,14,1499,Runner Flex,WHT,UK7
FW-RUNN-WHT-UK7,Gurugram Store, 54 ,48,2.5,21,"1,499.00",Runner Flex,WHT,UK7
FW-RUNN-WHT-UK7,Coimbatore Store,79.5,0,1.7,21,1499,Runner Flex,WHT,UK7
FW-RUNN-WHT-UK7,Madurai Store,20,0,2.6,14,"₹1,499",Runner Flex,WHT,UK7
FW-RUNN-WHT-UK7,Guwahati Store,17,0,2.6,10,1499,Runner Flex,WHT,UK7
FW-RUNN-WHT-UK8,Mumbai Store,0,0,1.7,10,"₹2,299",Runner Flex,WHT,UK8
FW-RUNN-WHT-UK8,Delhi Store, 97 ,18,3.0,14,2299,Runner Flex,WHT,UK8
FW-RUNN-WHT-UK8,Delhi Store, 97 ,18,3.0,14,2299,Runner Flex,WHT,UK8
FW-RUNN-WHT-UK8,Bengaluru Store,38,16,2.5,14,2299,Runner Flex,WHT,UK8
FW-RUNN-WHT-UK8,Hyderabad Store,59,0,2.4,21,"₹2,299",Runner Flex,WHT,UK8
FW-RUNN-WHT-UK8,Chennai Store,61,0,0.9,21,"₹2,299",Runner Flex,WHT,UK8
FW-RUNN-WHT-UK8,Kolkata Store, 52 ,0,1.2,14,"Rs. 2,299",Runner Flex,WHT,UK8
FW-RUNN-WHT-UK8,Pune Store, 36 ,0,1.5,21,"Rs. 2,299",Runner Flex,WHT,UK8
FW-RUNN-WHT-UK8,Ahmedabad Store,0,-15,0.3,10,"₹2,299",Runner Flex,WHT,UK8
FW-RUNN-WHT-UK8,Jaipur Store,68,0,2.7,10,2299,Runner Flex,WHT,UK8
FW-RUNN-WHT-UK8,Lucknow Store,72,0,2.0,14,"2,299.00",Runner Flex,WHT,UK8
FW-RUNN-WHT-UK8,Surat Store,20,0,1.0,14,"₹2,299",Runner Flex,WHT,UK8
,Indore Store,16,0,1.1,10,2299,Runner Flex,WHT,UK8
FW-RUNN-WHT-UK8,Nagpur Store,129,0,2.8,14,"Rs. 2,299",Runner Flex,WHT,UK8
FW-RUNN-WHT-UK8,Kochi Store,35,0,2.9,10,"₹2,299",Runner Flex,WHT,UK8
FW-RUNN-WHT-UK8,Chandigarh Store,74,0,3.0,,2299,Runner Flex,WHT,UK8
FW-RUNN-WHT-UK8,Bhopal Store,53,0,1.5,14,"2,299.00",Runner Flex,WHT,UK8
FW-RUNN-WHT-UK8,Patna Store,25,0,2.3,14,2299,Runner Flex,WHT,UK8
FW-RUNN-WHT-UK8,Vadodara Store,36, 8 ,1.3,10,2299,Runner Flex,WHT,UK8
FW-RUNN-WHT-UK8,Ludhiana Store,1,0,0.2,10,"2,299.00",Runner Flex,WHT,UK8
FW-RUNN-WHT-UK8,Agra Store,23,0,1.6,21,"Rs. 2,299",Runner Flex,WHT,UK8
FW-RUNN-WHT-UK8,Nashik Store,27,0,1.0,14,2299,Runner Flex,WHT,UK8
FW-RUNN-WHT-UK8,Meerut Store,61,19,2.3,10,2299,Runner Flex,WHT,UK8
FW-RUNN-WHT-UK8,Rajkot Store,53,12,1.3,14,2299,Runner Flex,WHT,UK8
FW-RUNN-WHT-UK8,Varanasi Store,0,17,2.8,14,"₹2,299",Runner Flex,WHT,UK8
FW-RUNN-WHT-UK8,Amritsar Store,3,18,2.6,10,N/A,Runner Flex,WHT,UK8
FW-RUNN-WHT-UK8,Noida Store,23,20,0.7,21,"₹2,299",Runner Flex,WHT,UK8
FW-RUNN-WHT-UK8,Gurugram Store, 15 ,0,2.8,10,2299,Runner Flex,WHT,UK8
FW-RUNN-WHT-UK8,Coimbatore Store, 105 ,0,2.5,14,"₹2,299",Runner Flex,WHT,UK8
FW-RUNN-WHT-UK8,Madurai Store,63, 22 ,2.2,14,"₹2,299",Runner Flex,WHT,UK8
FW-RUNN-WHT-UK8,Guwahati Store,10,25,2.1,21,"2,299.00",Runner Flex,WHT,UK8
FW-RUNN-WHT-UK9,Mumbai Store,26,17,1.6,14,"₹3,499",Runner Flex,WHT,UK9
FW-RUNN-WHT-UK9,Delhi Store,64,0,2.4,14,"₹3,499",Runner Flex,WHT,UK9
FW-RUNN-WHT-UK9,Bengaluru Store,20,39,2.9,14,"₹3,499",Runner Flex,WHT,UK9
FW-RUNN-WHT-UK9,Hyderabad Store,55,0,1.5,14,3499,Runner Flex,WHT,UK9
FW-RUNN-WHT-UK9,Chennai Store,8,0,1.0,14,"3,499.00",Runner Flex,WHT,UK9
FW-RUNN-WHT-UK9,Kolkata Store,168,0,2.4,21 days,"Rs. 3,499",Runner Flex,WHT,UK9
FW-RUNN-WHT-UK9,Pune Store,23,32,1.3,21,"₹3,499",Runner Flex,WHT,UK9
FW-RUNN-WHT-UK9,Ahmedabad Store,34,0,1.8,10,"₹3,499",Runner Flex,WHT,UK9
FW-RUNN-WHT-UK9,Jaipur Store,9,0,1.6,10,"3,499.00",Runner Flex,WHT,UK9
FW-RUNN-WHT-UK9,Lucknow Store,87,0,2.7,14,"₹3,499",Runner Flex,WHT,UK9
FW-RUNN-WHT-UK9,Surat Store,39,0,1.1,14,3499,Runner Flex,WHT,UK9
FW-RUNN-WHT-UK9,Indore Store,29,0,2.4,14,3499,Runner Flex,WHT,UK9
FW-RUNN-WHT-UK9,Nagpur Store,36,0,3.0,10,"Rs. 3,499",Runner Flex,WHT,UK9
FW-RUNN-WHT-UK9,Kochi Store,1,8,1.1,10,"3,499.00",Runner Flex,WHT,UK9
FW-RUNN-WHT-UK9,Chandigarh Store,69,0,3.0,21,"3,499.00",Runner Flex,WHT,UK9
FW-RUNN-WHT-UK9,Bhopal Store,13,0,0.4,21,"₹3,499",Runner Flex,WHT,UK9
FW-RUNN-WHT-UK9,Patna Store,0,22,1.2,14,3499,Runner Flex,WHT,UK9
FW-RUNN-WHT-UK9,Vadodara Store,87,0,2.4,14,"₹3,499",Runner Flex,WHT,UK9
FW-RUNN-WHT-UK9,Ludhiana Store,20,12,2.0,10,3499,Runner Flex,WHT,UK9
FW-RUNN-WHT-UK9,Agra Store,45,0,,14,"₹3,499",Runner Flex,WHT,UK9
FW-RUNN-WHT-UK9,Nashik Store,18.5,0,0.8,10,"Rs. 3,499",Runner Flex,WHT,UK9
FW-RUNN-WHT-UK9,Meerut Store,110,44,2.5,14,3499,Runner Flex,WHT,UK9
FW-RUNN-WHT-UK9,Rajkot Store,6,4,0.5,14,3499,Runner Flex,WHT,UK9
FW-RUNN-WHT-UK9,Varanasi Store,34,45,2.2,21,3499,Runner Flex,WHT,UK9
FW-RUNN-WHT-UK9,Amritsar Store,52,31,2.7,21,"₹3,499",Runner Flex,WHT,UK9
FW-RUNN-WHT-UK9,Noida Store,18,0,0.6,14,3499,Runner Flex,WHT,UK9
FW-RUNN-WHT-UK9,Gurugram Store,28,6,0.9,10,"Rs. 3,499",Runner Flex,WHT,UK9
FW-RUNN-WHT-UK9,Coimbatore Store,10,0,1.2,14,"₹3,499",Runner Flex,WHT,UK9
FW-RUNN-WHT-UK9,Madurai Store,10,0,0.5,10,3499,Runner Flex,WHT,UK9
FW-RUNN-WHT-UK9,Guwahati Store,88,0,1.9,14,3499,Runner Flex,WHT,UK9
FW-RUNN-WHT-UK10,Mumbai Store,93, 31 ,2.1,14,1499,Runner Flex,WHT,UK10
FW-RUNN-WHT-UK10,Delhi Store,12,0,0.3,14,"₹1,499",Runner Flex,WHT,UK10
FW-RUNN-WHT-UK10,Bengaluru Store,18,0,0.9,10,"1,499.00",Runner Flex,WHT,UK10
FW-RUNN-WHT-UK10,Hyderabad Store,15,0,0.3,21,1499,Runner Flex,WHT,UK10
FW-RUNN-WHT-UK10,Chennai Store,17,29,2.2,21,"₹1,499",Runner Flex,WHT,UK10
FW-RUNN-WHT-UK10,Kolkata Store,11,0,1.4,10,"Rs. 1,499",Runner Flex,WHT,UK10
FW-RUNN-WHT-UK10,Pune Store,75,0,2.6,14,"₹1,499",Runner Flex,WHT,UK10
FW-RUNN-WHT-UK10,Ahmedabad Store,30,0,1.4,14,"Rs. 1,499",Runner Flex,WHT,UK10
FW-RUNN-WHT-UK10,Jaipur Store,135,59,2.5,21,"₹1,499",Runner Flex,WHT,UK10
FW-RUNN-WHT-UK10,Lucknow Store,7,0,0.3,10,1499,Runner Flex,WHT,UK10
FW-RUNN-WHT-UK10,Surat Store,-7,0,0.3,10,1499,Runner Flex,WHT,UK10
FW-RUNN-WHT-UK10,Indore Store,52,0,1.7,10,1499,Runner Flex,WHT,UK10
FW-RUNN-WHT-UK10,Nagpur Store,133,0,2.3,21,"₹1,499",Runner Flex,WHT,UK10
FW-RUNN-WHT-UK10,Kochi Store,35,0,2.8,10,1499,Runner Flex,WHT,UK10
FW-RUNN-WHT-UK10,Chandigarh Store,9,4,0.3,21,"₹1,499",Runner Flex,WHT,UK10
FW-RUNN-WHT-UK10,Bhopal Store,54,0,0.9,21,1499,Runner Flex,WHT,UK10
FW-RUNN-WHT-UK10,Patna Store,62,46,2.6,14,1499,Runner Flex,WHT,UK10
FW-RUNN-WHT-UK10,Vadodara Store,27,0,0.8,14,"₹1,499",Runner Flex,WHT,UK10
FW-RUNN-WHT-UK10,Ludhiana Store,17,-11,0.7,14,"₹1,499",Runner Flex,WHT,UK10
FW-RUNN-WHT-UK10,Agra Store,46,0,1.1,14,1499,Runner Flex,WHT,UK10
FW-RUNN-WHT-UK10,Nashik Store,59,17,2.0,10,1499,Runner Flex,WHT,UK10
FW-RUNN-WHT-UK10,Meerut Store,49,13,1.4,14,"Rs. 1,499",Runner Flex,WHT,UK10
FW-RUNN-WHT-UK10,Rajkot Store,4,0,0.7,10,1499,Runner Flex,WHT,UK10
FW-RUNN-WHT-UK10,Varanasi Store,29,36,2.0,14,N/A,Runner Flex,WHT,UK10
FW-RUNN-WHT-UK10,Amritsar Store,164,0,2.9,21,"₹1,499",Runner Flex,WHT,UK10
FW-RUNN-WHT-UK10,Noida Store,15,0,1.4,10,"₹1,499",Runner Flex,WHT,UK10
FW-RUNN-WHT-UK10,Gurugram Store,6,5,0.4,14,"₹1,499",Runner Flex,WHT,UK10
FW-RUNN-WHT-UK10,Coimbatore Store, 9 ,0,1.2,,1499,Runner Flex,WHT,UK10
FW-RUNN-WHT-UK10,Madurai Store,10,0,2.6,21,1499,Runner Flex,WHT,UK10
FW-RUNN-WHT-UK10,Guwahati Store,5,10,1.7,14,"₹1,499",Runner Flex,WHT,UK10
FW-RUNN-WHT-UK11,Mumbai Store,21,0,1.5,10,"₹3,499",Runner Flex,WHT,UK11
FW-RUNN-WHT-UK11,Delhi Store,34,0,1.1,14,"Rs. 3,499",Runner Flex,WHT,UK11
FW-RUNN-WHT-UK11,Bengaluru Store,13,0,0.5,10,3499,Runner Flex,WHT,UK11
FW-RUNN-WHT-UK11,Hyderabad Store,4,0,1.6,21,"₹3,499",Runner Flex,WHT,UK11
FW-RUNN-WHT-UK11,Chennai Store,61,0,1.5,21,3499,Runner Flex,WHT,UK11
FW-RUNN-WHT-UK11,Kolkata Store,9,0,1.8,14,3499,Runner Flex,WHT,UK11
FW-RUNN-WHT-UK11,Pune Store,164,0,2.6,21,3499,Runner Flex,WHT,UK11
FW-RUNN-WHT-UK11,Ahmedabad Store,13, 16 ,1.2,21,3499,Runner Flex,WHT,UK11
FW-RUNN-WHT-UK11,Jaipur Store,84,0,2.2,21,"₹3,499",Runner Flex,WHT,UK11
FW-RUNN-WHT-UK11,Jaipur Store,84,0,2.2,21,"₹3,499",Runner Flex,WHT,UK11
FW-RUNN-WHT-UK11,Lucknow Store,29,0,1.5,10,3499,Runner Flex,WHT,UK11
FW-RUNN-WHT-UK11,Surat Store,4,0,0.6,14,"₹3,499",Runner Flex,WHT,UK11
FW-RUNN-WHT-UK11,Indore Store,42,0,0.9,21,"₹3,499",Runner Flex,WHT,UK11
FW-RUNN-WHT-UK11,Nagpur Store,42,0,2.8,14,"₹3,499",Runner Flex,WHT,UK11
FW-RUNN-WHT-UK11,Kochi Store,37.5,23,0.9,21,"₹3,499",Runner Flex,WHT,UK11
FW-RUNN-WHT-UK11,Chandigarh Store,45,0,1.5,10,3499,Runner Flex,WHT,UK11
FW-RUNN-WHT-UK11,Bhopal Store,30,0,1.5,10,3499,Runner Flex,WHT,UK11
FW-RUNN-WHT-UK11,Patna Store,33,0,2.6,10,"Rs. 3,499",Runner Flex,WHT,UK11
FW-RUNN-WHT-UK11,Vadodara Store,30,0,1.9,10,"Rs. 3,499",Runner Flex,WHT,UK11
FW-RUNN-WHT-UK11,Ludhiana Store,21,0,1.0,10,3499,Runner Flex,WHT,UK11
FW-RUNN-WHT-UK11,Agra Store,3,0,0.2,10,3499,Runner Flex,WHT,UK11
FW-RUNN-WHT-UK11,Nashik Store,9,0,0.8,10,3499,Runner Flex,WHT,UK11
FW-RUNN-WHT-UK11,Meerut Store,97,0,2.2,14,"Rs. 3,499",Runner Flex,WHT,UK11
,Rajkot Store,63,23,2.1,10,3499,Runner Flex,WHT,UK11
FW-RUNN-WHT-UK11,Varanasi Store,11,0,1.5,21,"Rs. 3,499",Runner Flex,WHT,UK11
FW-RUNN-WHT-UK11,Amritsar Store,23,0,1.1,10 days,"3,499.00",Runner Flex,WHT,UK11
FW-RUNN-WHT-UK11,Noida Store,42,73,2.6,21,"₹3,499",Runner Flex,WHT,UK11
FW-RUNN-WHT-UK11,Gurugram Store,121,0,2.1,21,3499,Runner Flex,WHT,UK11
FW-RUNN-WHT-UK11,Coimbatore Store,19,0,1.4,10,"₹3,499",Runner Flex,WHT,UK11
FW-RUNN-WHT-UK11,Madurai Store,99,0,2.0,21,3499,Runner Flex,WHT,UK11
FW-RUNN-WHT-UK11,Guwahati Store,15,20,1.8,10,"₹3,499",Runner Flex,WHT,UK11
FW-RUNN-TAN-UK6,Mumbai Store,8,0,0.6,14,"₹2,299",Runner Flex,TAN,UK6
FW-RUNN-TAN-UK6,Delhi Store, 0 ,0,1.1,21,2299,Runner Flex,TAN,UK6
FW-RUNN-TAN-UK6,Bengaluru Store,44,13,1.4,14,2299,Runner Flex,TAN,UK6
FW-RUNN-TAN-UK6,Hyderabad Store, 136 ,0,2.7,21,2299,Runner Flex,TAN,UK6
FW-RUNN-TAN-UK6,Chennai Store,57,0,1.0,21,"₹2,299",Runner Flex,TAN,UK6
FW-RUNN-TAN-UK6,Kolkata Store,55,0,1.7,10,"Rs. 2,299",Runner Flex,TAN,UK6
FW-RUNN-TAN-UK6,Pune Store,92,0,2.0,21,2299,Runner Flex,TAN,UK6
FW-RUNN-TAN-UK6,Ahmedabad Store,24,0,1.1,14,2299,Runner Flex,TAN,UK6
FW-RUNN-TAN-UK6,Jaipur Store,1,5,0.8,10,"Rs. 2,299",Runner Flex,TAN,UK6
FW-RUNN-TAN-UK6,Lucknow Store,28,21,2.4,10,2299,Runner Flex,TAN,UK6
FW-RUNN-TAN-UK6,Surat Store,20,0,2.3,14,"2,299.00",Runner Flex,TAN,UK6
FW-RUNN-TAN-UK6,Indore Store,90,0,2.4,21,"₹2,299",Runner Flex,TAN,UK6
FW-RUNN-TAN-UK6,Nagpur Store,61,0,,10,2299,Runner Flex,TAN,UK6
FW-RUNN-TAN-UK6,Kochi Store,14, 35 ,2.6,10,2299,Runner Flex,TAN,UK6
FW-RUNN-TAN-UK6,Chandigarh Store,3,0,2.9,21,"₹2,299",Runner Flex,TAN,UK6
FW-RUNN-TAN-UK6,Bhopal Store,19,0,1.3,10,"₹2,299",Runner Flex,TAN,UK6
FW-RUNN-TAN-UK6,Patna Store,25,0,2.1,10,"Rs. 2,299",Runner Flex,TAN,UK6
FW-RUNN-TAN-UK6,Vadodara Store,67,0,1.6,21,2299,Runner Flex,TAN,UK6
FW-RUNN-TAN-UK6,Ludhiana Store,59,0,2.3,14,2299,Runner Flex,TAN,UK6
FW-RUNN-TAN-UK6,Agra Store, 59 ,0,1.3,21,2299,Runner Flex,TAN,UK6
FW-RUNN-TAN-UK6,Nashik Store,20,0,0.8,14,2299,Runner Flex,TAN,UK6
FW-RUNN-TAN-UK6,Meerut Store, 10 ,0,0.3,21,2299,Runner Flex,TAN,UK6
FW-RUNN-TAN-UK6,Rajkot Store,47,0,2.3,14,N/A,Runner Flex,TAN,UK6
FW-RUNN-TAN-UK6,Varanasi Store,84,0,1.8,21,2299,Runner Flex,TAN,UK6
FW-RUNN-TAN-UK6,Amritsar Store,41,0,2.0,10,2299,Runner Flex,TAN,UK6
FW-RUNN-TAN-UK6,Noida Store,8,0,0.5,10,"Rs. 2,299",Runner Flex,TAN,UK6
FW-RUNN-TAN-UK6,Gurugram Store,69,0,2.1,21,2299,Runner Flex,TAN,UK6
FW-RUNN-TAN-UK6,Coimbatore Store,60,16,1.7,21,2299,Runner Flex,TAN,UK6
FW-RUNN-TAN-UK6,Madurai Store,119,0,2.9,21,2299,Runner Flex,TAN,UK6
FW-RUNN-TAN-UK6,Guwahati Store,53,-2,2.4,14,2299,Runner Flex,TAN,UK6
FW-RUNN-TAN-UK7,Mumbai Store,11,0,1.0,10,4999,Runner Flex,TAN,UK7
FW-RUNN-TAN-UK7,Delhi Store,5,2,0.4,10,"Rs. 4,999",Runner Flex,TAN,UK7
FW-RUNN-TAN-UK7,Bengaluru Store,103,27,1.8,21,4999,Runner Flex,TAN,UK7
FW-RUNN-TAN-UK7,Hyderabad Store,12,0,0.8,14,"₹4,999",Runner Flex,TAN,UK7
FW-RUNN-TAN-UK7,Chennai Store,90,49,1.8,21,4999,Runner Flex,TAN,UK7
FW-RUNN-TAN-UK7,Kolkata Store,25,0,2.9,10,4999,Runner Flex,TAN,UK7
FW-RUNN-TAN-UK7,Pune Store,33.5,0,1.5,21,"₹4,999",Runner Flex,TAN,UK7
FW-RUNN-TAN-UK7,Ahmedabad Store,37,0,0.9,14,4999,Runner Flex,TAN,UK7
FW-RUNN-TAN-UK7,Jaipur Store, 45 ,28,1.0,21,4999,Runner Flex,TAN,UK7
FW-RUNN-TAN-UK7,Lucknow Store,(9),0,1.7,14,"₹4,999",Runner Flex,TAN,UK7
FW-RUNN-TAN-UK7,Surat Store,9,0,2.0,,4999,Runner Flex,TAN,UK7
FW-RUNN-TAN-UK7,Indore Store,20,0,0.9,10,4999,Runner Flex,TAN,UK7
FW-RUNN-TAN-UK7,Nagpur Store,2,0,0.3,21,4999,Runner Flex,TAN,UK7
FW-RUNN-TAN-UK7,Kochi Store,21,0,1.8,10,"₹4,999",Runner Flex,TAN,UK7
FW-RUNN-TAN-UK7,Chandigarh Store, 18 ,72,2.5,21,"₹4,999",Runner Flex,TAN,UK7
FW-RUNN-TAN-UK7,Bhopal Store,125,0,2.9,14,"Rs. 4,999",Runner Flex,TAN,UK7
FW-RUNN-TAN-UK7,Patna Store,72,0,2.7,10,4999,Runner Flex,TAN,UK7
FW-RUNN-TAN-UK7,Vadodara Store,45,47,2.2,21,"₹4,999",Runner Flex,TAN,UK7
FW-RUNN-TAN-UK7,Ludhiana Store,12,0,1.4,14,"₹4,999",Runner Flex,TAN,UK7
FW-RUNN-TAN-UK7,Agra Store,29,10,0.8,21,4999,Runner Flex,TAN,UK7
FW-RUNN-TAN-UK7,Nashik Store,117,59,2.4,21,"4,999.00",Runner Flex,TAN,UK7
FW-RUNN-TAN-UK7,Meerut Store,4,6,0.7,10,"₹4,999",Runner Flex,TAN,UK7
FW-RUNN-TAN-UK7,Rajkot Store,1,1,0.2,10,"₹4,999",Runner Flex,TAN,UK7
FW-RUNN-TAN-UK7,Varanasi Store,70,0,2.5,14,4999,Runner Flex,TAN,UK7
FW-RUNN-TAN-UK7,Amritsar Store,25,0,2.3,10,"₹4,999",Runner Flex,TAN,UK7
FW-RUNN-TAN-UK7,Noida Store,82,0,2.8,21,"₹4,999",Runner Flex,TAN,UK7
FW-RUNN-TAN-UK7,Gurugram Store,14,0,0.6,10,"₹4,999",Runner Flex,TAN,UK7
FW-RUNN-TAN-UK7,Coimbatore Store,4,2,0.3,14,"₹4,999",Runner Flex,TAN,UK7
FW-RUNN-TAN-UK7,Madurai Store,45,0,2.3,10,"₹4,999",Runner Flex,TAN,UK7
FW-RUNN-TAN-UK7,Guwahati Store,73,0,1.4,21,4999,Runner Flex,TAN,UK7
FW-RUNN-TAN-UK8,Mumbai Store,3,0,2.0,14,1499,Runner Flex,TAN,UK8
FW-RUNN-TAN-UK8,Delhi Store,11,0,0.4,14,"₹1,499",Runner Flex,TAN,UK8
FW-RUNN-TAN-UK8,Bengaluru Store, 45 ,0,1.6,14,"₹1,499",Runner Flex,TAN,UK8
FW-RUNN-TAN-UK8,Hyderabad Store,50,0,2.4,21,"₹1,499",Runner Flex,TAN,UK8
FW-RUNN-TAN-UK8,Chennai Store,0,31,1.7,14,"1,499.00",Runner Flex,TAN,UK8
FW-RUNN-TAN-UK8,Kolkata Store,12,0,0.3,21,1499,Runner Flex,TAN,UK8
FW-RUNN-TAN-UK8,Pune Store,72,0,1.1,21,1499,Runner Flex,TAN,UK8
FW-RUNN-TAN-UK8,Ahmedabad Store,3,12,0.7,21,"Rs. 1,499",Runner Flex,TAN,UK8
FW-RUNN-TAN-UK8,Jaipur Store,62,0,2.3,14,"₹1,499",Runner Flex,TAN,UK8
FW-RUNN-TAN-UK8,Lucknow Store,75,0,2.8,10,"Rs. 1,499",Runner Flex,TAN,UK8
FW-RUNN-TAN-UK8,Surat Store,57,0,2.4,10,1499,Runner Flex,TAN,UK8
FW-RUNN-TAN-UK8,Indore Store,65,28,1.9,14,"Rs. 1,499",Runner Flex,TAN,UK8
FW-RUNN-TAN-UK8,Nagpur Store,113,0,1.7,21,1499,Runner Flex,TAN,UK8
FW-RUNN-TAN-UK8,Kochi Store,0,1,0.2,10 days,"₹1,499",Runner Flex,TAN,UK8
FW-RUNN-TAN-UK8,Chandigarh Store,56,0,1.0,21,1499,Runner Flex,TAN,UK8
FW-RUNN-TAN-UK8,Bhopal Store,92,31,2.1,14,"₹1,499",Runner Flex,TAN,UK8
FW-RUNN-TAN-UK8,Bhopal Store,92,31,2.1,14,"₹1,499",Runner Flex,TAN,UK8
FW-RUNN-TAN-UK8,Patna Store,9,0,2.6,10,"₹1,499",Runner Flex,TAN,UK8
FW-RUNN-TAN-UK8,Vadodara Store,54, 34 ,2.8,14,"1,499.00",Runner Flex,TAN,UK8
FW-RUNN-TAN-UK8,Ludhiana Store,183,0,2.6,21,1499,Runner Flex,TAN,UK8
FW-RUNN-TAN-UK8,Agra Store,34,0,2.2,10,1499,Runner Flex,TAN,UK8
FW-RUNN-TAN-UK8,Nashik Store,38,0,1.6,10,"₹1,499",Runner Flex,TAN,UK8
FW-RUNN-TAN-UK8,Meerut Store,122,0,1.8,21,N/A,Runner Flex,TAN,UK8
FW-RUNN-TAN-UK8,Rajkot Store,35,0,2.7,14,1499,Runner Flex,TAN,UK8
FW-RUNN-TAN-UK8,Varanasi Store,50,0,2.9,14,"1,499.00",Runner Flex,TAN,UK8
FW-RUNN-TAN-UK8,Amritsar Store,13,0,2.5,14,1499,Runner Flex,TAN,UK8
FW-RUNN-TAN-UK8,Noida Store,6,0,0.4,10,"Rs. 1,499",Runner Flex,TAN,UK8
FW-RUNN-TAN-UK8,Gurugram Store,70,0,1.9,14,1499,Runner Flex,TAN,UK8
FW-RUNN-TAN-UK8,Coimbatore Store,0,0,2.9,14,"₹1,499",Runner Flex,TAN,UK8
FW-RUNN-TAN-UK8,Madurai Store,0,13,1.0,14,1499,Runner Flex,TAN,UK8
FW-RUNN-TAN-UK8,Guwahati Store,15.5,0,0.5,10,"Rs. 1,499",Runner Flex,TAN,UK8
FW-RUNN-TAN-UK9,Mumbai Store,7,9,2.0,10,1499,Runner Flex,TAN,UK9
FW-RUNN-TAN-UK9,Delhi Store,22,0,0.7,10,"Rs. 1,499",Runner Flex,TAN,UK9
FW-RUNN-TAN-UK9,Bengaluru Store,7,0,0.4,10,"₹1,499",Runner Flex,TAN,UK9
,Hyderabad Store,24,0,1.5,21,"₹1,499",Runner Flex,TAN,UK9
FW-RUNN-TAN-UK9,Chennai Store,0,0,1.5,10,"Rs. 1,499",Runner Flex,TAN,UK9
FW-RUNN-TAN-UK9,Kolkata Store,29,0,,10,"₹1,499",Runner Flex,TAN,UK9
FW-RUNN-TAN-UK9,Pune Store,0,0,0.4,14,"₹1,499",Runner Flex,TAN,UK9
FW-RUNN-TAN-UK9,Ahmedabad Store,4,0,0.3,10,"₹1,499",Runner Flex,TAN,UK9
FW-RUNN-TAN-UK9,Jaipur Store,60,0,1.7,21,"Rs. 1,499",Runner Flex,TAN,UK9
FW-RUNN-TAN-UK9,Lucknow Store,106,0,2.6,14,1499,Runner Flex,TAN,UK9
FW-RUNN-TAN-UK9,Surat Store,51,-2,2.4,10,1499,Runner Flex,TAN,UK9
FW-RUNN-TAN-UK9,Indore Store,6,0,1.2,14,"1,499.00",Runner Flex,TAN,UK9
FW-RUNN-TAN-UK9,Nagpur Store,13,0,0.6,21,1499,Runner Flex,TAN,UK9
FW-RUNN-TAN-UK9,Kochi Store,3,0,0.8,10,"₹1,499",Runner Flex,TAN,UK9
FW-RUNN-TAN-UK9,Chandigarh Store,55,21,2.2,14,"₹1,499",Runner Flex,TAN,UK9
FW-RUNN-TAN-UK9,Bhopal Store,6,16,1.2,14,1499,Runner Flex,TAN,UK9
FW-RUNN-TAN-UK9,Patna Store,42,0,2.3,14,1499,Runner Flex,TAN,UK9
FW-RUNN-TAN-UK9,Vadodara Store,127,0,2.0,21,"1,499.00",Runner Flex,TAN,UK9
FW-RUNN-TAN-UK9,Ludhiana Store,96,71,2.9,21,"₹1,499",Runner Flex,TAN,UK9
FW-RUNN-TAN-UK9,Agra Store,3,0,0.6,10,"1,499.00",Runner Flex,TAN,UK9
FW-RUNN-TAN-UK9,Nashik Store,0,0,1.7,21,"₹1,499",Runner Flex,TAN,UK9
FW-RUNN-TAN-UK9,Meerut Store,20,22,2.0,14,1499,Runner Flex,TAN,UK9
FW-RUNN-TAN-UK9,Rajkot Store,5,7,0.8,21,1499,Runner Flex,TAN,UK9
FW-RUNN-TAN-UK9,Varanasi Store,10,0,1.7,,1499,Runner Flex,TAN,UK9
FW-RUNN-TAN-UK9,Amritsar Store,62,15,2.0,10,1499,Runner Flex,TAN,UK9
FW-RUNN-TAN-UK9,Noida Store,122,0,2.9,21,"1,499.00",Runner Flex,TAN,UK9
FW-RUNN-TAN-UK9,Gurugram Store,40,0,2.4,14,"₹1,499",Runner Flex,TAN,UK9
FW-RUNN-TAN-UK9,Coimbatore Store,13,0,0.2,21,1499,Runner Flex,TAN,UK9
FW-RUNN-TAN-UK9,Madurai Store,50,8,1.1,14,1499,Runner Flex,TAN,UK9
FW-RUNN-TAN-UK9,Guwahati Store,30,0,0.8,21,"₹1,499",Runner Flex,TAN,UK9
FW-RUNN-TAN-UK10,Mumbai Store,2,8,0.6,14,"3,499.00",Runner Flex,TAN,UK10
FW-RUNN-TAN-UK10,Delhi Store,52,0,1.9,10,3499,Runner Flex,TAN,UK10
FW-RUNN-TAN-UK10,Bengaluru Store,45,32,2.6,10,3499,Runner Flex,TAN,UK10
FW-RUNN-TAN-UK10,Hyderabad Store,71,0,2.1,14,3499,Runner Flex,TAN,UK10
FW-RUNN-TAN-UK10,Chennai Store,19,0,2.7,21,3499,Runner Flex,TAN,UK10
FW-RUNN-TAN-UK10,Kolkata Store,4,0,1.7,14,"₹3,499",Runner Flex,TAN,UK10
FW-RUNN-TAN-UK10,Pune Store,9,0,0.5,10,"₹3,499",Runner Flex,TAN,UK10
FW-RUNN-TAN-UK10,Ahmedabad Store,116,0,2.0,21,3499,Runner Flex,TAN,UK10
FW-RUNN-TAN-UK10,Jaipur Store,(2),0,0.5,14,"₹3,499",Runner Flex,TAN,UK10
FW-RUNN-TAN-UK10,Lucknow Store,21, 8 ,0.7,10,"3,499.00",Runner Flex,TAN,UK10
FW-RUNN-TAN-UK10,Surat Store,118,0,2.1,21,"₹3,499",Runner Flex,TAN,UK10
FW-RUNN-TAN-UK10,Indore Store,16,0,1.4,14,3499,Runner Flex,TAN,UK10
FW-RUNN-TAN-UK10,Nagpur Store,18,6,0.5,14,3499,Runner Flex,TAN,UK10
FW-RUNN-TAN-UK10,Kochi Store,110,58,2.0,21,"Rs. 3,499",Runner Flex,TAN,UK10
FW-RUNN-TAN-UK10,Chandigarh Store,2,0,0.3,10,"3,499.00",Runner Flex,TAN,UK10
FW-RUNN-TAN-UK10,Bhopal Store,7,3,0.3,14,3499,Runner Flex,TAN,UK10
FW-RUNN-TAN-UK10,Patna Store,62,0,1.5,14,"₹3,499",Runner Flex,TAN,UK10
FW-RUNN-TAN-UK10,Vadodara Store,18,0,1.9,10,3499,Runner Flex,TAN,UK10
FW-RUNN-TAN-UK10,Ludhiana Store,11,0,0.2,21,"₹3,499",Runner Flex,TAN,UK10
FW-RUNN-TAN-UK10,Agra Store,76,0,1.9,21,3499,Runner Flex,TAN,UK10
FW-RUNN-TAN-UK10,Nashik Store,5,7,0.7,14,N/A,Runner Flex,TAN,UK10
FW-RUNN-TAN-UK10,Meerut Store,20,4,1.0,10,3499,Runner Flex,TAN,UK10
FW-RUNN-TAN-UK10,Rajkot Store,15.5,19,1.8,14,3499,Runner Flex,TAN,UK10
FW-RUNN-TAN-UK10,Varanasi Store,10,0,0.4,10,3499,Runner Flex,TAN,UK10
FW-RUNN-TAN-UK10,Amritsar Store,49,0,1.4,14,3499,Runner Flex,TAN,UK10
FW-RUNN-TAN-UK10,Noida Store,27,0,1.2,10,3499,Runner Flex,TAN,UK10
FW-RUNN-TAN-UK10,Gurugram Store,28,0,2.0,10,3499,Runner Flex,TAN,UK10
FW-RUNN-TAN-UK10,Coimbatore Store,1,0,1.7,10,"Rs. 3,499",Runner Flex,TAN,UK10
FW-RUNN-TAN-UK10,Madurai Store,3,0,0.7,14,3499,Runner Flex,TAN,UK10
FW-RUNN-TAN-UK10,Guwahati Store,45,0,0.9,21,3499,Runner Flex,TAN,UK10
FW-RUNN-TAN-UK11,Mumbai Store,23,0,1.4,10,3499,Runner Flex,TAN,UK11
FW-RUNN-TAN-UK11,Delhi Store,137,76,2.7,21,"₹3,499",Runner Flex,TAN,UK11
FW-RUNN-TAN-UK11,Bengaluru Store,106,43,2.7,14 days,"3,499.00",Runner Flex,TAN,UK11
FW-RUNN-TAN-UK11,Hyderabad Store,21,7,0.6,14,"₹3,499",Runner Flex,TAN,UK11
FW-RUNN-TAN-UK11,Chennai Store,74,0,1.9,14,"₹3,499",Runner Flex,TAN,UK11
FW-RUNN-TAN-UK11,Kolkata Store,29,14,2.2,10,3499,Runner Flex,TAN,UK11
FW-RUNN-TAN-UK11,Pune Store,21,0,1.0,10,"₹3,499",Runner Flex,TAN,UK11
FW-RUNN-TAN-UK11,Ahmedabad Store,41,0,2.8,10,"₹3,499",Runner Flex,TAN,UK11
FW-RUNN-TAN-UK11,Jaipur Store,26,0,0.9,10,"₹3,499",Runner Flex,TAN,UK11
FW-RUNN-TAN-UK11,Lucknow Store,21,0,1.1,10,"₹3,499",Runner Flex,TAN,UK11
FW-RUNN-TAN-UK11,Surat Store,63,0,1.1,21,"3,499.00",Runner Flex,TAN,UK11
FW-RUNN-TAN-UK11,Indore Store,38,0,1.8,21,"₹3,499",Runner Flex,TAN,UK11
FW-RUNN-TAN-UK11,Nagpur Store,27, 16 ,1.4,10,"₹3,499",Runner Flex,TAN,UK11
FW-RUNN-TAN-UK11,Kochi Store,23,0,0.9,14,"₹3,499",Runner Flex,TAN,UK11
FW-RUNN-TAN-UK11,Chandigarh Store,31,0,0.7,14,3499,Runner Flex,TAN,UK11
FW-RUNN-TAN-UK11,Bhopal Store,23,8,1.2,10,"₹3,499",Runner Flex,TAN,UK11
FW-RUNN-TAN-UK11,Patna Store,27,15,2.8,10,"3,499.00",Runner Flex,TAN,UK11
FW-RUNN-TAN-UK11,Vadodara Store,7,0,0.4,10,3499,Runner Flex,TAN,UK11
FW-RUNN-TAN-UK11,Ludhiana Store,28,8,1.2,10,3499,Runner Flex,TAN,UK11
FW-RUNN-TAN-UK11,Agra Store,114,21,2.0,21,3499,Runner Flex,TAN,UK11
FW-RUNN-TAN-UK11,Nashik Store,9,0,1.2,10,"3,499.00",Runner Flex,TAN,UK11
FW-RUNN-TAN-UK11,Meerut Store,79,-3,1.5,21,3499,Runner Flex,TAN,UK11
FW-RUNN-TAN-UK11,Rajkot Store,48,19,1.6,10,3499,Runner Flex,TAN,UK11
FW-RUNN-TAN-UK11,Rajkot Store,48,19,1.6,10,3499,Runner Flex,TAN,UK11
FW-RUNN-TAN-UK11,Varanasi Store,111,0,2.5,14,"Rs. 3,499",Runner Flex,TAN,UK11
FW-RUNN-TAN-UK11,Amritsar Store,39,0,0.9,14,"₹3,499",Runner Flex,TAN,UK11
FW-RUNN-TAN-UK11,Noida Store,6,0,0.4,10,"Rs. 3,499",Runner Flex,TAN,UK11
FW-RUNN-TAN-UK11,Gurugram Store,56,0,2.9,21,"₹3,499",Runner Flex,TAN,UK11
FW-RUNN-TAN-UK11,Coimbatore Store,7,0,0.3,14,3499,Runner Flex,TAN,UK11
FW-RUNN-TAN-UK11,Madurai Store,18,0,,10,3499,Runner Flex,TAN,UK11
FW-RUNN-TAN-UK11,Guwahati Store,72,0,1.6,14,3499,Runner Flex,TAN,UK11
FW-COUR-BLK-UK6,Mumbai Store,42,38,2.5,14,4999,Court Classic,BLK,UK6
FW-COUR-BLK-UK6,Delhi Store,8,0,1.7,14,"₹4,999",Court Classic,BLK,UK6
FW-COUR-BLK-UK6,Bengaluru Store,104,0,2.6,14,4999,Court Classic,BLK,UK6
FW-COUR-BLK-UK6,Hyderabad Store,54,0,3.0,21,4999,Court Classic,BLK,UK6
FW-COUR-BLK-UK6,Chennai Store, 20 ,7,0.5,21,"₹4,999",Court Classic,BLK,UK6
FW-COUR-BLK-UK6,Kolkata Store,24,0,0.9,10,"₹4,999",Court Classic,BLK,UK6
FW-COUR-BLK-UK6,Pune Store,1,0,0.4,,"₹4,999",Court Classic,BLK,UK6
FW-COUR-BLK-UK6,Ahmedabad Store,4,0,0.7,10,4999,Court Classic,BLK,UK6
FW-COUR-BLK-UK6,Jaipur Store, 12 ,0,0.6,21,4999,Court Classic,BLK,UK6
FW-COUR-BLK-UK6,Lucknow Store,22,10,0.8,14,4999,Court Classic,BLK,UK6
FW-COUR-BLK-UK6,Surat Store,1,0,0.5,14,"Rs. 4,999",Court Classic,BLK,UK6
FW-COUR-BLK-UK6,Indore Store,20,0,1.3,14,"Rs. 4,999",Court Classic,BLK,UK6
FW-COUR-BLK-UK6,Nagpur Store,47,0,2.3,10,4999,Court Classic,BLK,UK6
FW-COUR-BLK-UK6,Kochi Store,102,0,3.0,14,"₹4,999",Court Classic,BLK,UK6
,Chandigarh Store,23,0,0.8,14,"Rs. 4,999",Court Classic,BLK,UK6
FW-COUR-BLK-UK6,Bhopal Store,54.5,18,2.9,10,"₹4,999",Court Classic,BLK,UK6
FW-COUR-BLK-UK6,Patna Store,7,0,0.9,14,4999,Court Classic,BLK,UK6
FW-COUR-BLK-UK6,Vadodara Store,92,0,1.5,21,"4,999.00",Court Classic,BLK,UK6
FW-COUR-BLK-UK6,Ludhiana Store, 41 ,0,1.9,14,"₹4,999",Court Classic,BLK,UK6
FW-COUR-BLK-UK6,Agra Store,43,0,2.7,14,N/A,Court Classic,BLK,UK6
FW-COUR-BLK-UK6,Nashik Store,16,0,1.0,10,"₹4,999",Court Classic,BLK,UK6
FW-COUR-BLK-UK6,Meerut Store,80,0,2.3,14,"₹4,999",Court Classic,BLK,UK6
FW-COUR-BLK-UK6,Rajkot Store,24,0,2.0,10,"Rs. 4,999",Court Classic,BLK,UK6
FW-COUR-BLK-UK6,Varanasi Store,18,0,1.6,21,"Rs. 4,999",Court Classic,BLK,UK6
FW-COUR-BLK-UK6,Amritsar Store,3,0,1.4,14,4999,Court Classic,BLK,UK6
FW-COUR-BLK-UK6,Noida Store,92,0,3.0,14,"₹4,999",Court Classic,BLK,UK6
FW-COUR-BLK-UK6,Gurugram Store,2,0,1.7,14,4999,Court Classic,BLK,UK6
FW-COUR-BLK-UK6,Coimbatore Store,39,0,1.9,14,4999,Court Classic,BLK,UK6
FW-COUR-BLK-UK6,Madurai Store,0,0,0.2,14,"₹4,999",Court Classic,BLK,UK6
FW-COUR-BLK-UK6,Guwahati Store,8,0,1.7,10,"₹4,999",Court Classic,BLK,UK6
FW-COUR-BLK-UK7,Mumbai Store, 22 ,0,0.9,10,2299,Court Classic,BLK,UK7
FW-COUR-BLK-UK7,Delhi Store,13,0,1.3,10,"₹2,299",Court Classic,BLK,UK7
FW-COUR-BLK-UK7,Bengaluru Store,131,0,3.0,14,"Rs. 2,299",Court Classic,BLK,UK7
FW-COUR-BLK-UK7,Hyderabad Store,61,38,1.5,21,"2,299.00",Court Classic,BLK,UK7
FW-COUR-BLK-UK7,Chennai Store,193,0,2.9,21,2299,Court Classic,BLK,UK7
FW-COUR-BLK-UK7,Kolkata Store,74,38,1.8,21,"Rs. 2,299",Court Classic,BLK,UK7
FW-COUR-BLK-UK7,Pune Store,18,0,0.6,14,"₹2,299",Court Classic,BLK,UK7
FW-COUR-BLK-UK7,Ahmedabad Store,-8,4,0.5,14,2299,Court Classic,BLK,UK7
FW-COUR-BLK-UK7,Jaipur Store, 28 ,6,0.9,10,2299,Court Classic,BLK,UK7
FW-COUR-BLK-UK7,Lucknow Store, 110 ,51,3.0,14,"Rs. 2,299",Court Classic,BLK,UK7
FW-COUR-BLK-UK7,Surat Store,0,0,1.1,10,2299,Court Classic,BLK,UK7
FW-COUR-BLK-UK7,Indore Store,126,0,1.9,21,2299,Court Classic,BLK,UK7
FW-COUR-BLK-UK7,Nagpur Store,74,0,1.9,21,2299,Court Classic,BLK,UK7
FW-COUR-BLK-UK7,Kochi Store,55,0,1.9,21,2299,Court Classic,BLK,UK7
FW-COUR-BLK-UK7,Chandigarh Store,47,22,1.6,10,2299,Court Classic,BLK,UK7
FW-COUR-BLK-UK7,Bhopal Store,4,0,2.8,14,"₹2,299",Court Classic,BLK,UK7
FW-COUR-BLK-UK7,Patna Store,17,10,0.8,10,"₹2,299",Court Classic,BLK,UK7
FW-COUR-BLK-UK7,Vadodara Store,109,0,2.6,14,2299,Court Classic,BLK,UK7
FW-COUR-BLK-UK7,Ludhiana Store,29,0,2.9,10,"₹2,299",Court Classic,BLK,UK7
FW-COUR-BLK-UK7,Agra Store,6,0,0.6,14,2299,Court Classic,BLK,UK7
FW-COUR-BLK-UK7,Nashik Store,83,40,1.5,21,"₹2,299",Court Classic,BLK,UK7
FW-COUR-BLK-UK7,Meerut Store,54,20,2.4,10 days,"Rs. 2,299",Court Classic,BLK,UK7
FW-COUR-BLK-UK7,Rajkot Store,27,0,1.7,10,"₹2,299",Court Classic,BLK,UK7
FW-COUR-BLK-UK7,Varanasi Store,24,0,2.0,14,2299,Court Classic,BLK,UK7
FW-COUR-BLK-UK7,Amritsar Store,64,0,2.5,10,"₹2,299",Court Classic,BLK,UK7
FW-COUR-BLK-UK7,Noida Store, 9 ,0,2.2,14,"2,299.00",Court Classic,BLK,UK7
FW-COUR-BLK-UK7,Gurugram Store,88,0,2.5,14,"Rs. 2,299",Court Classic,BLK,UK7
FW-COUR-BLK-UK7,Coimbatore Store,39,0,1.0,14,"₹2,299",Court Classic,BLK,UK7
FW-COUR-BLK-UK7,Madurai Store,22,0,2.3,10,"Rs. 2,299",Court Classic,BLK,UK7
FW-COUR-BLK-UK7,Guwahati Store,130,0,2.7,21,2299,Court Classic,BLK,UK7
FW-COUR-BLK-UK8,Mumbai Store,21,0,0.8,14,"2,299.00",Court Classic,BLK,UK8
FW-COUR-BLK-UK8,Delhi Store, 33 ,23,2.9,10,"Rs. 2,299",Court Classic,BLK,UK8
FW-COUR-BLK-UK8,Bengaluru Store,144,-5,2.2,21,2299,Court Classic,BLK,UK8
FW-COUR-BLK-UK8,Hyderabad Store,7,0,0.4,14,2299,Court Classic,BLK,UK8
FW-COUR-BLK-UK8,Chennai Store,11,0,0.5,10,"₹2,299",Court Classic,BLK,UK8
FW-COUR-BLK-UK8,Kolkata Store,63,0,2.5,10,"₹2,299",Court Classic,BLK,UK8
FW-COUR-BLK-UK8,Pune Store,27,0,2.0,14,2299,Court Classic,BLK,UK8
FW-COUR-BLK-UK8,Ahmedabad Store,6,0,1.1,10,2299,Court Classic,BLK,UK8
FW-COUR-BLK-UK8,Jaipur Store,0,0,1.9,14,"2,299.00",Court Classic,BLK,UK8
FW-COUR-BLK-UK8,Lucknow Store,82,0,2.6,10,"₹2,299",Court Classic,BLK,UK8
FW-COUR-BLK-UK8,Surat Store,38,0,2.7,10,2299,Court Classic,BLK,UK8
FW-COUR-BLK-UK8,Indore Store,44,0,1.3,14,2299,Court Classic,BLK,UK8
FW-COUR-BLK-UK8,Nagpur Store,7,6,0.4,14,2299,Court Classic,BLK,UK8
FW-COUR-BLK-UK8,Kochi Store,85,0,2.2,14,2299,Court Classic,BLK,UK8
FW-COUR-BLK-UK8,Chandigarh Store,32,0,0.6,21,"₹2,299",Court Classic,BLK,UK8
FW-COUR-BLK-UK8,Bhopal Store,59,12,1.1,21,2299,Court Classic,BLK,UK8
FW-COUR-BLK-UK8,Patna Store,66,0,1.8,14,"₹2,299",Court Classic,BLK,UK8
FW-COUR-BLK-UK8,Vadodara Store,62,0,2.9,21,"₹2,299",Court Classic,BLK,UK8
FW-COUR-BLK-UK8,Ludhiana Store,23,0,0.9,14,N/A,Court Classic,BLK,UK8
FW-COUR-BLK-UK8,Agra Store,16,7,1.3,,"₹2,299",Court Classic,BLK,UK8
FW-COUR-BLK-UK8,Nashik Store,37,17,1.7,14,"₹2,299",Court Classic,BLK,UK8
FW-COUR-BLK-UK8,Meerut Store,7,0,,14,"₹2,299",Court Classic,BLK,UK8
FW-COUR-BLK-UK8,Rajkot Store,10,0,0.9,10,2299,Court Classic,BLK,UK8
FW-COUR-BLK-UK8,Varanasi Store,83,0,2.8,10,2299,Court Classic,BLK,UK8
FW-COUR-BLK-UK8,Amritsar Store,11,2,0.4,10,2299,Court Classic,BLK,UK8
FW-COUR-BLK-UK8,Noida Store,6,0,1.4,14,"Rs. 2,299",Court Classic,BLK,UK8
FW-COUR-BLK-UK8,Gurugram Store,18,0,0.7,10,"₹2,299",Court Classic,BLK,UK8
FW-COUR-BLK-UK8,Coimbatore Store,41,0,1.9,14,"₹2,299",Court Classic,BLK,UK8
FW-COUR-BLK-UK8,Madurai Store,2,0,0.5,21,2299,Court Classic,BLK,UK8
FW-COUR-BLK-UK8,Guwahati Store,8,32,2.6,10,"₹2,299",Court Classic,BLK,UK8
FW-COUR-BLK-UK8,Guwahati Store,8,32,2.6,10,"₹2,299",Court Classic,BLK,UK8
FW-COUR-BLK-UK9,Mumbai Store,85,0,2.9,14,"Rs. 1,499",Court Classic,BLK,UK9
FW-COUR-BLK-UK9,Delhi Store,0,0,2.3,10,1499,Court Classic,BLK,UK9
FW-COUR-BLK-UK9,Bengaluru Store, 35 ,0,2.3,21,"Rs. 1,499",Court Classic,BLK,UK9
FW-COUR-BLK-UK9,Hyderabad Store,64,0,1.6,21,"₹1,499",Court Classic,BLK,UK9
FW-COUR-BLK-UK9,Chennai Store,64,0,2.9,14,"₹1,499",Court Classic,BLK,UK9
FW-COUR-BLK-UK9,Kolkata Store,70,33,1.8,14,1499,Court Classic,BLK,UK9
FW-COUR-BLK-UK9,Pune Store,111,0,3.0,21,"1,499.00",Court Classic,BLK,UK9
FW-COUR-BLK-UK9,Ahmedabad Store,3,0,0.2,14,"1,499.00",Court Classic,BLK,UK9
FW-COUR-BLK-UK9,Jaipur Store,38,0,2.4,14,1499,Court Classic,BLK,UK9
FW-COUR-BLK-UK9,Lucknow Store,14,4,0.5,10,"₹1,499",Court Classic,BLK,UK9
FW-COUR-BLK-UK9,Surat Store,56,0,1.3,21,"₹1,499",Court Classic,BLK,UK9
FW-COUR-BLK-UK9,Indore Store,67,0,2.1,14,1499,Court Classic,BLK,UK9
FW-COUR-BLK-UK9,Nagpur Store, 44 ,0,1.1,14,1499,Court Classic,BLK,UK9
FW-COUR-BLK-UK9,Kochi Store,39,0,2.1,10,"Rs. 1,499",Court Classic,BLK,UK9
FW-COUR-BLK-UK9,Chandigarh Store,141,0,3.0,21,"Rs. 1,499",Court Classic,BLK,UK9
FW-COUR-BLK-UK9,Bhopal Store,25,0,2.5,10,"₹1,499",Court Classic,BLK,UK9
FW-COUR-BLK-UK9,Patna Store,82,0,1.9,14,1499,Court Classic,BLK,UK9
FW-COUR-BLK-UK9,Vadodara Store,175,0,2.6,21,1499,Court Classic,BLK,UK9
FW-COUR-BLK-UK9,Ludhiana Store,55,0,0.8,21,1499,Court Classic,BLK,UK9
FW-COUR-BLK-UK9,Agra Store,55,0,1.8,14,"₹1,499",Court Classic,BLK,UK9
FW-COUR-BLK-UK9,Nashik Store,24,18,1.7,10,"₹1,499",Court Classic,BLK,UK9
FW-COUR-BLK-UK9,Meerut Store,15,0,0.4,14,1499,Court Classic,BLK,UK9
FW-COUR-BLK-UK9,Rajkot Store,20,0,0.9,14,"₹1,499",Court Classic,BLK,UK9
FW-COUR-BLK-UK9,Varanasi Store,12,0,0.7,14,1499,Court Classic,BLK,UK9
FW-COUR-BLK-UK9,Amritsar Store,0,0,2.8,21,"Rs. 1,499",Court Classic,BLK,UK9
,Noida Store,0,3,0.6,14,"Rs. 1,499",Court Classic,BLK,UK9
FW-COUR-BLK-UK9,Gurugram Store,37,0,2.0,14,"₹1,499",Court Classic,BLK,UK9
FW-COUR-BLK-UK9,Coimbatore Store,4,0,2.9,21,"Rs. 1,499",Court Classic,BLK,UK9
FW-COUR-BLK-UK9,Madurai Store,12,0,2.1,21,"₹1,499",Court Classic,BLK,UK9
FW-COUR-BLK-UK9,Guwahati Store, 24 ,0,1.5,10,"₹1,499",Court Classic,BLK,UK9
FW-COUR-BLK-UK10,Mumbai Store,20,13,0.8,14,"Rs. 1,499",Court Classic,BLK,UK10
FW-COUR-BLK-UK10,Delhi Store,91.5,0,2.7,21,"Rs. 1,499",Court Classic,BLK,UK10
FW-COUR-BLK-UK10,Bengaluru Store,115,0,2.7,21,"₹1,499",Court Classic,BLK,UK10
FW-COUR-BLK-UK10,Hyderabad Store,11,0,1.4,21,1499,Court Classic,BLK,UK10
FW-COUR-BLK-UK10,Chennai Store,51, 28 ,1.0,21,"₹1,499",Court Classic,BLK,UK10
FW-COUR-BLK-UK10,Kolkata Store,85,0,2.8,14,"₹1,499",Court Classic,BLK,UK10
FW-COUR-BLK-UK10,Pune Store,-6,0,0.2,21,1499,Court Classic,BLK,UK10
FW-COUR-BLK-UK10,Ahmedabad Store,7,0,1.7,14,1499,Court Classic,BLK,UK10
FW-COUR-BLK-UK10,Jaipur Store, 20 ,4,0.8,10,1499,Court Classic,BLK,UK10
FW-COUR-BLK-UK10,Lucknow Store,39,0,2.8,21,1499,Court Classic,BLK,UK10
FW-COUR-BLK-UK10,Surat Store,32,0,2.3,21 days,"₹1,499",Court Classic,BLK,UK10
FW-COUR-BLK-UK10,Indore Store, 5 ,0,0.4,14,1499,Court Classic,BLK,UK10
FW-COUR-BLK-UK10,Nagpur Store,1,0,2.6,14,"Rs. 1,499",Court Classic,BLK,UK10
FW-COUR-BLK-UK10,Kochi Store,18,-13,0.4,21,"₹1,499",Court Classic,BLK,UK10
FW-COUR-BLK-UK10,Chandigarh Store, 19 ,5,0.7,14,"₹1,499",Court Classic,BLK,UK10
FW-COUR-BLK-UK10,Bhopal Store, 17 ,0,0.5,21,"Rs. 1,499",Court Classic,BLK,UK10
FW-COUR-BLK-UK10,Patna Store,0,18,3.0,10,"Rs. 1,499",Court Classic,BLK,UK10
FW-COUR-BLK-UK10,Vadodara Store,1,0,2.3,10,N/A,Court Classic,BLK,UK10
FW-COUR-BLK-UK10,Ludhiana Store,9,0,0.5,14,1499,Court Classic,BLK,UK10
FW-COUR-BLK-UK10,Agra Store,1,0,2.7,21,1499,Court Classic,BLK,UK10
FW-COUR-BLK-UK10,Nashik Store,12,9,0.5,14,"₹1,499",Court Classic,BLK,UK10
FW-COUR-BLK-UK10,Meerut Store,5,0,0.5,10,1499,Court Classic,BLK,UK10
FW-COUR-BLK-UK10,Rajkot Store,128,0,2.8,14,1499,Court Classic,BLK,UK10
FW-COUR-BLK-UK10,Varanasi Store,24,0,0.8,10,"₹1,499",Court Classic,BLK,UK10
FW-COUR-BLK-UK10,Amritsar Store,7,0,1.1,10,1499,Court Classic,BLK,UK10
FW-COUR-BLK-UK10,Noida Store,54,0,1.5,14,1499,Court Classic,BLK,UK10
FW-COUR-BLK-UK10,Gurugram Store,103,0,2.6,21,"₹1,499",Court Classic,BLK,UK10
FW-COUR-BLK-UK10,Coimbatore Store,1,0,0.8,14,1499,Court Classic,BLK,UK10
FW-COUR-BLK-UK10,Madurai Store,2,0,0.9,14,1499,Court Classic,BLK,UK10
FW-COUR-BLK-UK10,Guwahati Store,19,0,2.5,14,"1,499.00",Court Classic,BLK,UK10
FW-COUR-BLK-UK11,Mumbai Store,55,0,2.9,14,3499,Court Classic,BLK,UK11
FW-COUR-BLK-UK11,Delhi Store,32,0,1.3,14,"3,499.00",Court Classic,BLK,UK11
FW-COUR-BLK-UK11,Bengaluru Store,20,0,2.4,,3499,Court Classic,BLK,UK11
FW-COUR-BLK-UK11,Hyderabad Store,41,12,2.0,10,3499,Court Classic,BLK,UK11
FW-COUR-BLK-UK11,Chennai Store,104,0,2.4,14,"₹3,499",Court Classic,BLK,UK11
FW-COUR-BLK-UK11,Kolkata Store,11,0,0.4,14,3499,Court Classic,BLK,UK11
FW-COUR-BLK-UK11,Pune Store,135,0,2.9,14,"₹3,499",Court Classic,BLK,UK11
FW-COUR-BLK-UK11,Ahmedabad Store,46,0,1.7,21,"3,499.00",Court Classic,BLK,UK11
FW-COUR-BLK-UK11,Jaipur Store,9,0,0.4,14,3499,Court Classic,BLK,UK11
FW-COUR-BLK-UK11,Lucknow Store,22,0,1.1,21,3499,Court Classic,BLK,UK11
FW-COUR-BLK-UK11,Surat Store,47,0,1.7,10,"3,499.00",Court Classic,BLK,UK11
FW-COUR-BLK-UK11,Indore Store,51,0,1.8,14,"₹3,499",Court Classic,BLK,UK11
FW-COUR-BLK-UK11,Nagpur Store,69,0,3.0,10,"₹3,499",Court Classic,BLK,UK11
FW-COUR-BLK-UK11,Kochi Store,51,0,1.1,21,"₹3,499",Court Classic,BLK,UK11
FW-COUR-BLK-UK11,Chandigarh Store,88,38,,14,"Rs. 3,499",Court Classic,BLK,UK11
FW-COUR-BLK-UK11,Bhopal Store,34,13,1.2,10,"3,499.00",Court Classic,BLK,UK11
FW-COUR-BLK-UK11,Patna Store,45,0,2.1,21,3499,Court Classic,BLK,UK11
FW-COUR-BLK-UK11,Vadodara Store,21,0,0.9,10,"Rs. 3,499",Court Classic,BLK,UK11
FW-COUR-BLK-UK11,Ludhiana Store,39,36,1.4,21,3499,Court Classic,BLK,UK11
FW-COUR-BLK-UK11,Agra Store, 94 ,0,2.6,21,"₹3,499",Court Classic,BLK,UK11
FW-COUR-BLK-UK11,Nashik Store,171,0,2.6,21,3499,Court Classic,BLK,UK11
FW-COUR-BLK-UK11,Meerut Store,67,0,1.4,21,"3,499.00",Court Classic,BLK,UK11
FW-COUR-BLK-UK11,Rajkot Store,93,0,3.0,21,3499,Court Classic,BLK,UK11
FW-COUR-BLK-UK11,Varanasi Store,61,0,2.0,10,"₹3,499",Court Classic,BLK,UK11
FW-COUR-BLK-UK11,Amritsar Store,76.5,0,2.1,14,3499,Court Classic,BLK,UK11
FW-COUR-BLK-UK11,Noida Store,57,0,2.1,14,3499,Court Classic,BLK,UK11
FW-COUR-BLK-UK11,Gurugram Store,0,0,0.9,10,"3,499.00",Court Classic,BLK,UK11
FW-COUR-BLK-UK11,Coimbatore Store, 19 ,13,2.1,10,"Rs. 3,499",Court Classic,BLK,UK11
FW-COUR-BLK-UK11,Madurai Store,53,0,1.8,10,"₹3,499",Court Classic,BLK,UK11
FW-COUR-BLK-UK11,Guwahati Store,71,35,1.6,21,3499,Court Classic,BLK,UK11
FW-COUR-WHT-UK6,Mumbai Store,61,0,2.9,10,3499,Court Classic,WHT,UK6
FW-COUR-WHT-UK6,Delhi Store,21,0,0.7,21,3499,Court Classic,WHT,UK6
FW-COUR-WHT-UK6,Bengaluru Store,34,16,0.9,14,"₹3,499",Court Classic,WHT,UK6
FW-COUR-WHT-UK6,Hyderabad Store,105,0,1.9,21,3499,Court Classic,WHT,UK6
FW-COUR-WHT-UK6,Chennai Store,80,0,2.1,14,"₹3,499",Court Classic,WHT,UK6
FW-COUR-WHT-UK6,Kolkata Store,10,0,0.3,14,"₹3,499",Court Classic,WHT,UK6
FW-COUR-WHT-UK6,Pune Store,6,0,0.3,14,"₹3,499",Court Classic,WHT,UK6
FW-COUR-WHT-UK6,Pune Store,6,0,0.3,14,"₹3,499",Court Classic,WHT,UK6
FW-COUR-WHT-UK6,Ahmedabad Store,46,0,1.5,21,"₹3,499",Court Classic,WHT,UK6
FW-COUR-WHT-UK6,Jaipur Store,11,2,0.4,10,3499,Court Classic,WHT,UK6
FW-COUR-WHT-UK6,Lucknow Store,2,0,0.2,10,3499,Court Classic,WHT,UK6
FW-COUR-WHT-UK6,Surat Store,25,0,2.7,10,"₹3,499",Court Classic,WHT,UK6
FW-COUR-WHT-UK6,Indore Store,29,0,1.8,21,"Rs. 3,499",Court Classic,WHT,UK6
FW-COUR-WHT-UK6,Nagpur Store,18,0,1.8,10,3499,Court Classic,WHT,UK6
FW-COUR-WHT-UK6,Kochi Store,4,0,0.7,10,3499,Court Classic,WHT,UK6
FW-COUR-WHT-UK6,Chandigarh Store,115,0,1.7,21,"₹3,499",Court Classic,WHT,UK6
FW-COUR-WHT-UK6,Bhopal Store, 80 ,0,2.7,10,3499,Court Classic,WHT,UK6
FW-COUR-WHT-UK6,Patna Store,34,0,1.7,14,N/A,Court Classic,WHT,UK6
FW-COUR-WHT-UK6,Vadodara Store,81,0,1.3,21,"₹3,499",Court Classic,WHT,UK6
FW-COUR-WHT-UK6,Ludhiana Store,109,58,2.7,21,"Rs. 3,499",Court Classic,WHT,UK6
FW-COUR-WHT-UK6,Agra Store,34,22,2.7,10,3499,Court Classic,WHT,UK6
FW-COUR-WHT-UK6,Nashik Store,11,0,0.6,21,"Rs. 3,499",Court Classic,WHT,UK6
FW-COUR-WHT-UK6,Meerut Store,26,0,1.0,21,"3,499.00",Court Classic,WHT,UK6
FW-COUR-WHT-UK6,Rajkot Store,17,0,1.8,10,"3,499.00",Court Classic,WHT,UK6
FW-COUR-WHT-UK6,Varanasi Store,21,0,2.7,21,"Rs. 3,499",Court Classic,WHT,UK6
FW-COUR-WHT-UK6,Amritsar Store,0,-4,0.3,10,3499,Court Classic,WHT,UK6
FW-COUR-WHT-UK6,Noida Store, 53 ,0,1.4,14,"₹3,499",Court Classic,WHT,UK6
FW-COUR-WHT-UK6,Gurugram Store,65,19,1.5,21,"₹3,499",Court Classic,WHT,UK6
FW-COUR-WHT-UK6,Coimbatore Store,48,0,0.7,21,"₹3,499",Court Classic,WHT,UK6
FW-COUR-WHT-UK6,Madurai Store,75,0,3.0,10,"₹3,499",Court Classic,WHT,UK6
FW-COUR-WHT-UK6,Guwahati Store,7,7,0.6,14 days,"Rs. 3,499",Court Classic,WHT,UK6
FW-COUR-WHT-UK7,Mumbai Store,20,0,1.4,14,3499,Court Classic,WHT,UK7
FW-COUR-WHT-UK7,Delhi Store,13,6,0.7,10,3499,Court Classic,WHT,UK7
FW-COUR-WHT-UK7,Bengaluru Store,12,0,1.3,14,3499,Court Classic,WHT,UK7
FW-COUR-WHT-UK7,Hyderabad Store,24,0,1.9,14,3499,Court Classic,WHT,UK7
FW-COUR-WHT-UK7,Chennai Store,11,5,0.5,14,"Rs. 3,499",Court Classic,WHT,UK7
FW-COUR-WHT-UK7,Kolkata Store,-8,0,1.6,21,3499,Court Classic,WHT,UK7
,Pune Store,12,0,0.7,10,3499,Court Classic,WHT,UK7
FW-COUR-WHT-UK7,Ahmedabad Store,32,15,1.3,10,"₹3,499",Court Classic,WHT,UK7
FW-COUR-WHT-UK7,Jaipur Store,14,0,0.5,14,"3,499.00",Court Classic,WHT,UK7
FW-COUR-WHT-UK7,Lucknow Store,22,0,0.9,10,"₹3,499",Court Classic,WHT,UK7
FW-COUR-WHT-UK7,Surat Store,11,0,0.6,10,"Rs. 3,499",Court Classic,WHT,UK7
FW-COUR-WHT-UK7,Indore Store,4,0,0.2,14,"₹3,499",Court Classic,WHT,UK7
FW-COUR-WHT-UK7,Nagpur Store,29,0,1.6,21,3499,Court Classic,WHT,UK7
FW-COUR-WHT-UK7,Kochi Store,24,18,1.6,10,3499,Court Classic,WHT,UK7
FW-COUR-WHT-UK7,Chandigarh Store,1,0,0.5,10,"Rs. 3,499",Court Classic,WHT,UK7
FW-COUR-WHT-UK7,Bhopal Store,136,0,2.5,,"Rs. 3,499",Court Classic,WHT,UK7
FW-COUR-WHT-UK7,Patna Store,7,0,0.2,14,"₹3,499",Court Classic,WHT,UK7
FW-COUR-WHT-UK7,Vadodara Store,2.5,0,3.0,10,"3,499.00",Court Classic,WHT,UK7
FW-COUR-WHT-UK7,Ludhiana Store,12,0,2.8,14,"3,499.00",Court Classic,WHT,UK7
FW-COUR-WHT-UK7,Agra Store, 23 ,0,1.3,21,"Rs. 3,499",Court Classic,WHT,UK7
FW-COUR-WHT-UK7,Nashik Store,98,0,2.2,14,3499,Court Classic,WHT,UK7
FW-COUR-WHT-UK7,Meerut Store,150,58,3.0,21,"Rs. 3,499",Court Classic,WHT,UK7
FW-COUR-WHT-UK7,Rajkot Store,36,0,1.6,10,"₹3,499",Court Classic,WHT,UK7
FW-COUR-WHT-UK7,Varanasi Store,16,16,1.9,14,"3,499.00",Court Classic,WHT,UK7
FW-COUR-WHT-UK7,Amritsar Store,8,19,2.3,14,"₹3,499",Court Classic,WHT,UK7
FW-COUR-WHT-UK7,Noida Store,67,17,1.5,14,"₹3,499",Court Classic,WHT,UK7
FW-COUR-WHT-UK7,Gurugram Store,30,28,2.4,10,3499,Court Classic,WHT,UK7
FW-COUR-WHT-UK7,Coimbatore Store,54,36,2.2,21,"3,499.00",Court Classic,WHT,UK7
FW-COUR-WHT-UK7,Madurai Store,71,0,2.5,21,3499,Court Classic,WHT,UK7
FW-COUR-WHT-UK7,Guwahati Store,103,0,2.5,21,3499,Court Classic,WHT,UK7
FW-COUR-WHT-UK8,Mumbai Store,17,25,2.9,10,2299,Court Classic,WHT,UK8
FW-COUR-WHT-UK8,Delhi Store,78,23,2.3,21,"2,299.00",Court Classic,WHT,UK8
FW-COUR-WHT-UK8,Bengaluru Store,136,40,2.0,21,"₹2,299",Court Classic,WHT,UK8
FW-COUR-WHT-UK8,Hyderabad Store,43,20,2.0,10,2299,Court Classic,WHT,UK8
FW-COUR-WHT-UK8,Chennai Store,11,21,1.6,21,"₹2,299",Court Classic,WHT,UK8
FW-COUR-WHT-UK8,Kolkata Store,116,0,2.2,21,"₹2,299",Court Classic,WHT,UK8
FW-COUR-WHT-UK8,Pune Store,16,0,2.6,10,2299,Court Classic,WHT,UK8
FW-COUR-WHT-UK8,Ahmedabad Store,39,18,,21,2299,Court Classic,WHT,UK8
FW-COUR-WHT-UK8,Jaipur Store,33,0,0.5,21,2299,Court Classic,WHT,UK8
FW-COUR-WHT-UK8,Lucknow Store,114,0,1.7,21,2299,Court Classic,WHT,UK8
FW-COUR-WHT-UK8,Surat Store,23,0,0.7,14,2299,Court Classic,WHT,UK8
FW-COUR-WHT-UK8,Indore Store,29,0,0.7,21,"₹2,299",Court Classic,WHT,UK8
FW-COUR-WHT-UK8,Nagpur Store,0,23,2.9,10,"Rs. 2,299",Court Classic,WHT,UK8
FW-COUR-WHT-UK8,Kochi Store,139,0,3.0,14,"₹2,299",Court Classic,WHT,UK8
FW-COUR-WHT-UK8,Chandigarh Store,97,0,2.4,21,2299,Court Classic,WHT,UK8
FW-COUR-WHT-UK8,Bhopal Store,52,29,1.0,21,N/A,Court Classic,WHT,UK8
FW-COUR-WHT-UK8,Patna Store,105,0,2.6,14,"₹2,299",Court Classic,WHT,UK8
FW-COUR-WHT-UK8,Vadodara Store,38,0,2.9,10,"₹2,299",Court Classic,WHT,UK8
FW-COUR-WHT-UK8,Ludhiana Store,11,0,0.8,10,"₹2,299",Court Classic,WHT,UK8
FW-COUR-WHT-UK8,Agra Store,36,0,0.8,21,2299,Court Classic,WHT,UK8
FW-COUR-WHT-UK8,Nashik Store,3,0,0.5,21,"Rs. 2,299",Court Classic,WHT,UK8
FW-COUR-WHT-UK8,Meerut Store,74,0,1.7,14,"₹2,299",Court Classic,WHT,UK8
FW-COUR-WHT-UK8,Rajkot Store,15,3,0.6,10,2299,Court Classic,WHT,UK8
FW-COUR-WHT-UK8,Varanasi Store,0,70,2.9,21,2299,Court Classic,WHT,UK8
FW-COUR-WHT-UK8,Amritsar Store,27,21,0.8,21,"₹2,299",Court Classic,WHT,UK8
FW-COUR-WHT-UK8,Noida Store,80,0,1.6,21,2299,Court Classic,WHT,UK8
FW-COUR-WHT-UK8,Gurugram Store,48,0,1.0,21,"₹2,299",Court Classic,WHT,UK8
FW-COUR-WHT-UK8,Coimbatore Store,22,11,1.1,14,2299,Court Classic,WHT,UK8
FW-COUR-WHT-UK8,Madurai Store,22,0,0.7,14,2299,Court Classic,WHT,UK8
FW-COUR-WHT-UK8,Guwahati Store,50,0,1.2,14,2299,Court Classic,WHT,UK8
FW-COUR-WHT-UK9,Mumbai Store,16,0,2.1,10,4999,Court Classic,WHT,UK9
FW-COUR-WHT-UK9,Delhi Store,9,0,0.3,14,"Rs. 4,999",Court Classic,WHT,UK9
FW-COUR-WHT-UK9,Bengaluru Store, 126 ,0,2.9,14,4999,Court Classic,WHT,UK9
FW-COUR-WHT-UK9,Hyderabad Store,28,0,1.8,10,"Rs. 4,999",Court Classic,WHT,UK9
FW-COUR-WHT-UK9,Chennai Store,26,0,1.5,10,"₹4,999",Court Classic,WHT,UK9
FW-COUR-WHT-UK9,Kolkata Store,0,-1,2.3,10,"₹4,999",Court Classic,WHT,UK9
FW-COUR-WHT-UK9,Pune Store,49,0,1.5,14,4999,Court Classic,WHT,UK9
FW-COUR-WHT-UK9,Ahmedabad Store, 150 ,0,2.6,21,"₹4,999",Court Classic,WHT,UK9
FW-COUR-WHT-UK9,Jaipur Store,63,0,2.4,21,"₹4,999",Court Classic,WHT,UK9
FW-COUR-WHT-UK9,Lucknow Store,12,0,1.9,10,"₹4,999",Court Classic,WHT,UK9
FW-COUR-WHT-UK9,Surat Store,155.5,0,2.3,21,4999,Court Classic,WHT,UK9
FW-COUR-WHT-UK9,Indore Store,64,0,2.3,14,4999,Court Classic,WHT,UK9
FW-COUR-WHT-UK9,Nagpur Store,2,46,2.5,14,4999,Court Classic,WHT,UK9
FW-COUR-WHT-UK9,Kochi Store,67,0,2.1,10,"₹4,999",Court Classic,WHT,UK9
FW-COUR-WHT-UK9,Kochi Store,67,0,2.1,10,"₹4,999",Court Classic,WHT,UK9
FW-COUR-WHT-UK9,Chandigarh Store,91,0,2.5,14,"Rs. 4,999",Court Classic,WHT,UK9
FW-COUR-WHT-UK9,Bhopal Store,13,6,1.0,14,"Rs. 4,999",Court Classic,WHT,UK9
FW-COUR-WHT-UK9,Patna Store,86,0,1.9,21,4999,Court Classic,WHT,UK9
FW-COUR-WHT-UK9,Vadodara Store,1,8,1.1,10,"Rs. 4,999",Court Classic,WHT,UK9
FW-COUR-WHT-UK9,Ludhiana Store,58,0,1.9,14 days,4999,Court Classic,WHT,UK9
FW-COUR-WHT-UK9,Agra Store,74,0,1.7,14,"Rs. 4,999",Court Classic,WHT,UK9
FW-COUR-WHT-UK9,Nashik Store,133, 65 ,2.7,21,"₹4,999",Court Classic,WHT,UK9
FW-COUR-WHT-UK9,Meerut Store,38,0,1.4,14,"₹4,999",Court Classic,WHT,UK9
FW-COUR-WHT-UK9,Rajkot Store,86,0,2.5,14,4999,Court Classic,WHT,UK9
FW-COUR-WHT-UK9,Varanasi Store,60,0,2.9,10,4999,Court Classic,WHT,UK9
FW-COUR-WHT-UK9,Amritsar Store,27,0,2.0,14,"₹4,999",Court Classic,WHT,UK9
FW-COUR-WHT-UK9,Noida Store, 3 ,15,0.9,14,4999,Court Classic,WHT,UK9
FW-COUR-WHT-UK9,Gurugram Store,44,0,1.4,21,4999,Court Classic,WHT,UK9
FW-COUR-WHT-UK9,Coimbatore Store,4,0,0.2,14,"₹4,999",Court Classic,WHT,UK9
FW-COUR-WHT-UK9,Madurai Store,0,0,2.1,,"₹4,999",Court Classic,WHT,UK9
FW-COUR-WHT-UK9,Guwahati Store,67,38,2.1,21,"Rs. 4,999",Court Classic,WHT,UK9
FW-COUR-WHT-UK10,Mumbai Store,5,0,2.2,14,"₹3,499",Court Classic,WHT,UK10
FW-COUR-WHT-UK10,Delhi Store,23,31,2.0,14,3499,Court Classic,WHT,UK10
FW-COUR-WHT-UK10,Bengaluru Store, 17 ,0,1.7,21,"₹3,499",Court Classic,WHT,UK10
FW-COUR-WHT-UK10,Hyderabad Store,1,0,2.2,10,"3,499.00",Court Classic,WHT,UK10
FW-COUR-WHT-UK10,Chennai Store,(3),0,2.7,21,"₹3,499",Court Classic,WHT,UK10
FW-COUR-WHT-UK10,Kolkata Store,19,42,1.8,21,"₹3,499",Court Classic,WHT,UK10
FW-COUR-WHT-UK10,Pune Store,42,0,0.8,21,3499,Court Classic,WHT,UK10
FW-COUR-WHT-UK10,Ahmedabad Store,9,21,1.7,14,3499,Court Classic,WHT,UK10
FW-COUR-WHT-UK10,Jaipur Store,131,48,2.4,21,"₹3,499",Court Classic,WHT,UK10
FW-COUR-WHT-UK10,Lucknow Store,10,9,1.5,14,3499,Court Classic,WHT,UK10
FW-COUR-WHT-UK10,Surat Store,82,0,1.8,14,3499,Court Classic,WHT,UK10
FW-COUR-WHT-UK10,Indore Store,60,0,1.5,14,"₹3,499",Court Classic,WHT,UK10
FW-COUR-WHT-UK10,Nagpur Store,9,0,1.9,10,"₹3,499",Court Classic,WHT,UK10
FW-COUR-WHT-UK10,Kochi Store,13,7,1.3,10,"3,499.00",Court Classic,WHT,UK10
FW-COUR-WHT-UK10,Chandigarh Store,61,0,2.3,14,N/A,Court Classic,WHT,UK10
FW-COUR-WHT-UK10,Bhopal Store, 41 ,0,1.4,10,3499,Court Classic,WHT,UK10
FW-COUR-WHT-UK10,Patna Store,70,0,2.2,10,"Rs. 3,499",Court Classic,WHT,UK10
,Vadodara Store,27,0,2.8,10,3499,Court Classic,WHT,UK10
FW-COUR-WHT-UK10,Ludhiana Store,16,6,1.2,10,3499,Court Classic,WHT,UK10
FW-COUR-WHT-UK10,Agra Store,38,0,2.5,14,"₹3,499",Court Classic,WHT,UK10
FW-COUR-WHT-UK10,Nashik Store,22,0,0.5,14,"Rs. 3,499",Court Classic,WHT,UK10
FW-COUR-WHT-UK10,Meerut Store,37,0,2.0,10,3499,Court Classic,WHT,UK10
FW-COUR-WHT-UK10,Rajkot Store,17,0,2.7,14,"₹3,499",Court Classic,WHT,UK10
FW-COUR-WHT-UK10,Varanasi Store,36,0,2.6,10,3499,Court Classic,WHT,UK10
FW-COUR-WHT-UK10,Amritsar Store, 10 ,0,2.0,21,"3,499.00",Court Classic,WHT,UK10
FW-COUR-WHT-UK10,Noida Store,19,0,0.7,14,"Rs. 3,499",Court Classic,WHT,UK10
FW-COUR-WHT-UK10,Gurugram Store,2,3,0.3,10,"₹3,499",Court Classic,WHT,UK10
FW-COUR-WHT-UK10,Coimbatore Store,12,0,2.6,14,3499,Court Classic,WHT,UK10
FW-COUR-WHT-UK10,Madurai Store,0,11,0.8,14,3499,Court Classic,WHT,UK10
FW-COUR-WHT-UK10,Guwahati Store,1,0,1.3,10,3499,Court Classic,WHT,UK10
FW-COUR-WHT-UK11,Mumbai Store, 31 ,11,,10,2299,Court Classic,WHT,UK11
FW-COUR-WHT-UK11,Delhi Store,68,0,2.9,10,"2,299.00",Court Classic,WHT,UK11
FW-COUR-WHT-UK11,Bengaluru Store,6,19,0.7,21,"₹2,299",Court Classic,WHT,UK11
FW-COUR-WHT-UK11,Hyderabad Store,25.5,21,2.6,14,"₹2,299",Court Classic,WHT,UK11
FW-COUR-WHT-UK11,Chennai Store,108,0,2.4,21,2299,Court Classic,WHT,UK11
FW-COUR-WHT-UK11,Kolkata Store,50,33,1.3,21,"2,299.00",Court Classic,WHT,UK11
FW-COUR-WHT-UK11,Pune Store,29,0,0.5,21,"2,299.00",Court Classic,WHT,UK11
FW-COUR-WHT-UK11,Ahmedabad Store, 7 ,11,0.9,21,"2,299.00",Court Classic,WHT,UK11
FW-COUR-WHT-UK11,Jaipur Store,29,0,1.8,14,"₹2,299",Court Classic,WHT,UK11
FW-COUR-WHT-UK11,Lucknow Store,44,0,2.5,21,"Rs. 2,299",Court Classic,WHT,UK11
FW-COUR-WHT-UK11,Surat Store,111,0,2.8,14,"Rs. 2,299",Court Classic,WHT,UK11
FW-COUR-WHT-UK11,Indore Store,56,0,1.5,14,2299,Court Classic,WHT,UK11
FW-COUR-WHT-UK11,Nagpur Store,13,0,0.3,14,"2,299.00",Court Classic,WHT,UK11
FW-COUR-WHT-UK11,Kochi Store,61,0,2.5,10,"₹2,299",Court Classic,WHT,UK11
FW-COUR-WHT-UK11,Chandigarh Store,19,0,1.0,14,2299,Court Classic,WHT,UK11
FW-COUR-WHT-UK11,Bhopal Store,49,0,1.1,14,2299,Court Classic,WHT,UK11
FW-COUR-WHT-UK11,Patna Store,11,-8,1.4,14,2299,Court Classic,WHT,UK11
FW-COUR-WHT-UK11,Vadodara Store,38,0,1.0,14,2299,Court Classic,WHT,UK11
FW-COUR-WHT-UK11,Ludhiana Store,83,0,2.4,14,"₹2,299",Court Classic,WHT,UK11
FW-COUR-WHT-UK11,Agra Store,23,0,2.0,14,2299,Court Classic,WHT,UK11
FW-COUR-WHT-UK11,Nashik Store,36,0,1.6,10,2299,Court Classic,WHT,UK11
FW-COUR-WHT-UK11,Meerut Store,8,0,0.2,14,"2,299.00",Court Classic,WHT,UK11
FW-COUR-WHT-UK11,Rajkot Store,91,25,2.2,21,2299,Court Classic,WHT,UK11
FW-COUR-WHT-UK11,Varanasi Store,5,0,0.4,10,"Rs. 2,299",Court Classic,WHT,UK11
FW-COUR-WHT-UK11,Amritsar Store,15,0,0.6,21,2299,Court Classic,WHT,UK11
FW-COUR-WHT-UK11,Noida Store,65,0,1.6,14,2299,Court Classic,WHT,UK11
FW-COUR-WHT-UK11,Gurugram Store,1,0,1.6,10,2299,Court Classic,WHT,UK11
FW-COUR-WHT-UK11,Coimbatore Store,6,0,0.7,10,2299,Court Classic,WHT,UK11
FW-COUR-WHT-UK11,Madurai Store,12,0,0.5,10,2299,Court Classic,WHT,UK11
FW-COUR-WHT-UK11,Guwahati Store,6,0,0.6,14,"Rs. 2,299",Court Classic,WHT,UK11
FW-COUR-TAN-UK6,Mumbai Store,53,0,0.9,21,3499,Court Classic,TAN,UK6
FW-COUR-TAN-UK6,Delhi Store,135,0,2.2,21,3499,Court Classic,TAN,UK6
FW-COUR-TAN-UK6,Bengaluru Store,21,0,1.9,21,3499,Court Classic,TAN,UK6
FW-COUR-TAN-UK6,Hyderabad Store,5,0,2.0,10,3499,Court Classic,TAN,UK6
FW-COUR-TAN-UK6,Chennai Store,39,0,0.7,21,"Rs. 3,499",Court Classic,TAN,UK6
FW-COUR-TAN-UK6,Kolkata Store,40,0,3.0,14,"₹3,499",Court Classic,TAN,UK6
FW-COUR-TAN-UK6,Pune Store,2,12,1.2,14,3499,Court Classic,TAN,UK6
FW-COUR-TAN-UK6,Ahmedabad Store,6,0,2.2,10 days,3499,Court Classic,TAN,UK6
FW-COUR-TAN-UK6,Jaipur Store,94,0,3.0,21,"₹3,499",Court Classic,TAN,UK6
FW-COUR-TAN-UK6,Lucknow Store,111,50,3.0,14,"₹3,499",Court Classic,TAN,UK6
FW-COUR-TAN-UK6,Surat Store,63,0,2.2,14,"Rs. 3,499",Court Classic,TAN,UK6
FW-COUR-TAN-UK6,Indore Store, 47 ,0,1.3,,"3,499.00",Court Classic,TAN,UK6
FW-COUR-TAN-UK6,Nagpur Store,34,0,2.1,10,"3,499.00",Court Classic,TAN,UK6
FW-COUR-TAN-UK6,Kochi Store, 128 ,0,2.1,21,N/A,Court Classic,TAN,UK6
FW-COUR-TAN-UK6,Chandigarh Store,0,0,0.3,14,"₹3,499",Court Classic,TAN,UK6
FW-COUR-TAN-UK6,Bhopal Store,72,0,2.9,14,"3,499.00",Court Classic,TAN,UK6
FW-COUR-TAN-UK6,Patna Store,18,0,1.1,14,"Rs. 3,499",Court Classic,TAN,UK6
FW-COUR-TAN-UK6,Vadodara Store, 37 ,0,1.9,10,"₹3,499",Court Classic,TAN,UK6
FW-COUR-TAN-UK6,Ludhiana Store,45,0,2.1,14,"₹3,499",Court Classic,TAN,UK6
FW-COUR-TAN-UK6,Agra Store,4,0,0.6,21,"₹3,499",Court Classic,TAN,UK6
FW-COUR-TAN-UK6,Nashik Store,44,0,1.0,14,3499,Court Classic,TAN,UK6
FW-COUR-TAN-UK6,Nashik Store,44,0,1.0,14,3499,Court Classic,TAN,UK6
FW-COUR-TAN-UK6,Meerut Store,44,0,2.8,10,"Rs. 3,499",Court Classic,TAN,UK6
FW-COUR-TAN-UK6,Rajkot Store,6,32,1.7,14,"Rs. 3,499",Court Classic,TAN,UK6
FW-COUR-TAN-UK6,Varanasi Store,43,0,2.4,10,"3,499.00",Court Classic,TAN,UK6
FW-COUR-TAN-UK6,Amritsar Store,4,0,0.3,10,3499,Court Classic,TAN,UK6
FW-COUR-TAN-UK6,Noida Store,0,0,1.2,14,"₹3,499",Court Classic,TAN,UK6
FW-COUR-TAN-UK6,Gurugram Store,142.5,37,2.1,21,"Rs. 3,499",Court Classic,TAN,UK6
FW-COUR-TAN-UK6,Coimbatore Store,20,9,0.7,10,3499,Court Classic,TAN,UK6
FW-COUR-TAN-UK6,Madurai Store,70,0,2.6,14,"Rs. 3,499",Court Classic,TAN,UK6
FW-COUR-TAN-UK6,Guwahati Store,15,0,2.9,10,"₹3,499",Court Classic,TAN,UK6
FW-COUR-TAN-UK7,Mumbai Store,114,0,2.5,14,"Rs. 3,499",Court Classic,TAN,UK7
FW-COUR-TAN-UK7,Delhi Store,4,0,0.2,10,3499,Court Classic,TAN,UK7
FW-COUR-TAN-UK7,Bengaluru Store,156,0,2.4,21,"Rs. 3,499",Court Classic,TAN,UK7
FW-COUR-TAN-UK7,Hyderabad Store,-1,0,1.0,21,"₹3,499",Court Classic,TAN,UK7
FW-COUR-TAN-UK7,Chennai Store,90,74,2.9,21,"₹3,499",Court Classic,TAN,UK7
FW-COUR-TAN-UK7,Kolkata Store,111,0,2.7,14,"Rs. 3,499",Court Classic,TAN,UK7
FW-COUR-TAN-UK7,Pune Store,23,0,2.9,21,"₹3,499",Court Classic,TAN,UK7
FW-COUR-TAN-UK7,Ahmedabad Store,51,32,1.9,14,"₹3,499",Court Classic,TAN,UK7
FW-COUR-TAN-UK7,Jaipur Store,38,0,1.5,10,"Rs. 3,499",Court Classic,TAN,UK7
FW-COUR-TAN-UK7,Lucknow Store,92,0,1.6,21,3499,Court Classic,TAN,UK7
FW-COUR-TAN-UK7,Surat Store,44,0,2.1,14,3499,Court Classic,TAN,UK7
FW-COUR-TAN-UK7,Indore Store,115,0,2.8,21,3499,Court Classic,TAN,UK7
FW-COUR-TAN-UK7,Nagpur Store,156,0,2.3,21,"₹3,499",Court Classic,TAN,UK7
FW-COUR-TAN-UK7,Kochi Store,19,42,2.2,14,3499,Court Classic,TAN,UK7
FW-COUR-TAN-UK7,Chandigarh Store,9,0,1.9,10,3499,Court Classic,TAN,UK7
FW-COUR-TAN-UK7,Bhopal Store,123,0,2.2,21,"Rs. 3,499",Court Classic,TAN,UK7
FW-COUR-TAN-UK7,Patna Store,12,0,0.9,14,3499,Court Classic,TAN,UK7
FW-COUR-TAN-UK7,Vadodara Store,22,0,0.7,14,3499,Court Classic,TAN,UK7
FW-COUR-TAN-UK7,Ludhiana Store,81,0,1.6,21,3499,Court Classic,TAN,UK7
FW-COUR-TAN-UK7,Agra Store,0,0,0.3,14,"3,499.00",Court Classic,TAN,UK7
FW-COUR-TAN-UK7,Nashik Store,56,0,0.9,21,3499,Court Classic,TAN,UK7
FW-COUR-TAN-UK7,Meerut Store,79,0,2.2,14,3499,Court Classic,TAN,UK7
FW-COUR-TAN-UK7,Rajkot Store,19,0,0.8,14,3499,Court Classic,TAN,UK7
FW-COUR-TAN-UK7,Varanasi Store,71,0,,14,"₹3,499",Court Classic,TAN,UK7
FW-COUR-TAN-UK7,Amritsar Store, 42 ,0,2.1,21,"₹3,499",Court Classic,TAN,UK7
FW-COUR-TAN-UK7,Noida Store,81,38,1.5,21,"Rs. 3,499",Court Classic,TAN,UK7
FW-COUR-TAN-UK7,Gurugram Store, 178 ,64,2.9,21,3499,Court Classic,TAN,UK7
FW-COUR-TAN-UK7,Coimbatore Store,136,-1,2.1,21,"3,499.00",Court Classic,TAN,UK7
,Madurai Store,116,0,1.7,21,3499,Court Classic,TAN,UK7
FW-COUR-TAN-UK7,Guwahati Store,1,3,0.3,21,3499,Court Classic,TAN,UK7
FW-COUR-TAN-UK8,Mumbai Store,4,0,0.3,14,2299,Court Classic,TAN,UK8
FW-COUR-TAN-UK8,Delhi Store,49,0,2.3,14,"Rs. 2,299",Court Classic,TAN,UK8
FW-COUR-TAN-UK8,Bengaluru Store,34,0,2.6,21,"₹2,299",Court Classic,TAN,UK8
FW-COUR-TAN-UK8,Hyderabad Store,78,0,1.8,14,2299,Court Classic,TAN,UK8
FW-COUR-TAN-UK8,Chennai Store, 6 ,0,0.7,10,2299,Court Classic,TAN,UK8
FW-COUR-TAN-UK8,Kolkata Store,4,0,0.3,21,2299,Court Classic,TAN,UK8
FW-COUR-TAN-UK8,Pune Store,3,1,0.2,10,"Rs. 2,299",Court Classic,TAN,UK8
FW-COUR-TAN-UK8,Ahmedabad Store,17,0,1.1,10,2299,Court Classic,TAN,UK8
FW-COUR-TAN-UK8,Jaipur Store,3,0,1.1,14,2299,Court Classic,TAN,UK8
FW-COUR-TAN-UK8,Lucknow Store,23,0,2.4,21,"Rs. 2,299",Court Classic,TAN,UK8
FW-COUR-TAN-UK8,Surat Store,45,0,1.2,21,"Rs. 2,299",Court Classic,TAN,UK8
FW-COUR-TAN-UK8,Indore Store,39,0,2.0,10,"2,299.00",Court Classic,TAN,UK8
FW-COUR-TAN-UK8,Nagpur Store,105,0,3.0,14,N/A,Court Classic,TAN,UK8
FW-COUR-TAN-UK8,Kochi Store,20,0,0.5,21,"Rs. 2,299",Court Classic,TAN,UK8
FW-COUR-TAN-UK8,Chandigarh Store,9,0,0.8,10,"₹2,299",Court Classic,TAN,UK8
FW-COUR-TAN-UK8,Bhopal Store,8,0,0.5,10,2299,Court Classic,TAN,UK8
FW-COUR-TAN-UK8,Patna Store,0,0,1.5,10,"₹2,299",Court Classic,TAN,UK8
FW-COUR-TAN-UK8,Vadodara Store,53,0,2.4,14,"₹2,299",Court Classic,TAN,UK8
FW-COUR-TAN-UK8,Ludhiana Store,29,0,2.4,14,"₹2,299",Court Classic,TAN,UK8
FW-COUR-TAN-UK8,Agra Store,89.5,0,3.0,10,2299,Court Classic,TAN,UK8
FW-COUR-TAN-UK8,Nashik Store,7,0,0.2,14,2299,Court Classic,TAN,UK8
FW-COUR-TAN-UK8,Meerut Store,32,0,1.3,14,2299,Court Classic,TAN,UK8
FW-COUR-TAN-UK8,Rajkot Store,106,24,2.8,14,2299,Court Classic,TAN,UK8
FW-COUR-TAN-UK8,Varanasi Store,28,11,1.0,10,2299,Court Classic,TAN,UK8
FW-COUR-TAN-UK8,Amritsar Store,22,0,1.7,,"₹2,299",Court Classic,TAN,UK8
FW-COUR-TAN-UK8,Noida Store,8,0,0.2,14,2299,Court Classic,TAN,UK8
FW-COUR-TAN-UK8,Gurugram Store,26,0,1.9,21 days,"2,299.00",Court Classic,TAN,UK8
FW-COUR-TAN-UK8,Coimbatore Store,74,0,1.3,21,2299,Court Classic,TAN,UK8
FW-COUR-TAN-UK8,Madurai Store,9,0,0.4,10,"2,299.00",Court Classic,TAN,UK8
FW-COUR-TAN-UK8,Guwahati Store, 18 ,0,0.9,21,2299,Court Classic,TAN,UK8
FW-COUR-TAN-UK9,Mumbai Store, 56 ,0,1.8,14,"Rs. 4,999",Court Classic,TAN,UK9
FW-COUR-TAN-UK9,Delhi Store,22,0,1.3,10,4999,Court Classic,TAN,UK9
FW-COUR-TAN-UK9,Bengaluru Store,18,0,1.5,10,4999,Court Classic,TAN,UK9
FW-COUR-TAN-UK9,Hyderabad Store,17,0,1.4,21,"Rs. 4,999",Court Classic,TAN,UK9
FW-COUR-TAN-UK9,Chennai Store,0,0,0.2,14,4999,Court Classic,TAN,UK9
FW-COUR-TAN-UK9,Kolkata Store,25,0,1.2,10,4999,Court Classic,TAN,UK9
FW-COUR-TAN-UK9,Pune Store,48,0,2.7,10,4999,Court Classic,TAN,UK9
FW-COUR-TAN-UK9,Ahmedabad Store,28,0,2.1,14,"₹4,999",Court Classic,TAN,UK9
FW-COUR-TAN-UK9,Jaipur Store, 89 ,0,2.8,10,4999,Court Classic,TAN,UK9
FW-COUR-TAN-UK9,Lucknow Store,0,51,2.7,14,"₹4,999",Court Classic,TAN,UK9
FW-COUR-TAN-UK9,Surat Store,85,0,2.6,10,4999,Court Classic,TAN,UK9
FW-COUR-TAN-UK9,Indore Store,7,0,1.8,10,4999,Court Classic,TAN,UK9
FW-COUR-TAN-UK9,Nagpur Store,0,0,1.2,21,4999,Court Classic,TAN,UK9
FW-COUR-TAN-UK9,Kochi Store,28,9,1.7,10,"₹4,999",Court Classic,TAN,UK9
FW-COUR-TAN-UK9,Chandigarh Store,8,0,0.5,14,4999,Court Classic,TAN,UK9
FW-COUR-TAN-UK9,Bhopal Store,52,0,2.3,10,"₹4,999",Court Classic,TAN,UK9
FW-COUR-TAN-UK9,Patna Store,83,21,2.7,10,"Rs. 4,999",Court Classic,TAN,UK9
FW-COUR-TAN-UK9,Vadodara Store,50,0,1.1,14,"Rs. 4,999",Court Classic,TAN,UK9
FW-COUR-TAN-UK9,Ludhiana Store,12,0,0.4,10,"Rs. 4,999",Court Classic,TAN,UK9
FW-COUR-TAN-UK9,Agra Store,25,34,2.5,21,"₹4,999",Court Classic,TAN,UK9
FW-COUR-TAN-UK9,Nashik Store,28,0,1.6,21,"4,999.00",Court Classic,TAN,UK9
FW-COUR-TAN-UK9,Meerut Store,25,0,1.8,14,4999,Court Classic,TAN,UK9
FW-COUR-TAN-UK9,Rajkot Store,13,0,1.9,14,4999,Court Classic,TAN,UK9
FW-COUR-TAN-UK9,Varanasi Store,17,0,0.7,21,"Rs. 4,999",Court Classic,TAN,UK9
FW-COUR-TAN-UK9,Amritsar Store, 94 ,0,2.9,21,4999,Court Classic,TAN,UK9
FW-COUR-TAN-UK9,Noida Store,41,0,1.4,21,"4,999.00",Court Classic,TAN,UK9
FW-COUR-TAN-UK9,Gurugram Store,6,5,0.2,21,4999,Court Classic,TAN,UK9
FW-COUR-TAN-UK9,Coimbatore Store,39,0,1.6,14,4999,Court Classic,TAN,UK9
FW-COUR-TAN-UK9,Coimbatore Store,39,0,1.6,14,4999,Court Classic,TAN,UK9
FW-COUR-TAN-UK9,Madurai Store,25,21,1.2,14,4999,Court Classic,TAN,UK9
FW-COUR-TAN-UK9,Guwahati Store,34,9,1.3,14,"4,999.00",Court Classic,TAN,UK9
FW-COUR-TAN-UK10,Mumbai Store,139,58,2.8,21,"₹1,499",Court Classic,TAN,UK10
FW-COUR-TAN-UK10,Delhi Store,50,0,2.8,10,1499,Court Classic,TAN,UK10
FW-COUR-TAN-UK10,Bengaluru Store,-7,0,2.6,14,1499,Court Classic,TAN,UK10
FW-COUR-TAN-UK10,Hyderabad Store,34,0,0.7,21,1499,Court Classic,TAN,UK10
FW-COUR-TAN-UK10,Chennai Store,2,12,0.9,14,"₹1,499",Court Classic,TAN,UK10
FW-COUR-TAN-UK10,Kolkata Store,80,48,2.1,21,"Rs. 1,499",Court Classic,TAN,UK10
FW-COUR-TAN-UK10,Pune Store,35,0,0.8,14,"Rs. 1,499",Court Classic,TAN,UK10
FW-COUR-TAN-UK10,Ahmedabad Store,2,0,0.8,10,1499,Court Classic,TAN,UK10
FW-COUR-TAN-UK10,Jaipur Store,21,-13,0.5,21,1499,Court Classic,TAN,UK10
FW-COUR-TAN-UK10,Lucknow Store,54,0,2.0,14,1499,Court Classic,TAN,UK10
FW-COUR-TAN-UK10,Surat Store,2,16,0.9,14,1499,Court Classic,TAN,UK10
FW-COUR-TAN-UK10,Indore Store,15,0,2.6,10,N/A,Court Classic,TAN,UK10
FW-COUR-TAN-UK10,Nagpur Store,50.5,0,2.1,14,"₹1,499",Court Classic,TAN,UK10
FW-COUR-TAN-UK10,Kochi Store,30,0,2.7,10,1499,Court Classic,TAN,UK10
FW-COUR-TAN-UK10,Chandigarh Store,82,49,2.7,14,"₹1,499",Court Classic,TAN,UK10
FW-COUR-TAN-UK10,Bhopal Store,5,5,1.3,10,1499,Court Classic,TAN,UK10
FW-COUR-TAN-UK10,Patna Store,42,8,,21,1499,Court Classic,TAN,UK10
FW-COUR-TAN-UK10,Vadodara Store,64,0,1.6,14,1499,Court Classic,TAN,UK10
FW-COUR-TAN-UK10,Ludhiana Store,22,0,1.6,10,1499,Court Classic,TAN,UK10
FW-COUR-TAN-UK10,Agra Store,27,0,1.0,21,"₹1,499",Court Classic,TAN,UK10
FW-COUR-TAN-UK10,Nashik Store,4,14,2.2,10,1499,Court Classic,TAN,UK10
FW-COUR-TAN-UK10,Meerut Store,14,0,1.8,10,"₹1,499",Court Classic,TAN,UK10
FW-COUR-TAN-UK10,Rajkot Store,13,0,0.8,10,1499,Court Classic,TAN,UK10
FW-COUR-TAN-UK10,Varanasi Store, 44 ,0,1.9,21,1499,Court Classic,TAN,UK10
FW-COUR-TAN-UK10,Amritsar Store,77,0,2.8,10,"Rs. 1,499",Court Classic,TAN,UK10
FW-COUR-TAN-UK10,Noida Store,179,0,3.0,21,"1,499.00",Court Classic,TAN,UK10
FW-COUR-TAN-UK10,Gurugram Store,43,26,1.7,21,1499,Court Classic,TAN,UK10
FW-COUR-TAN-UK10,Coimbatore Store,49,0,2.0,21,"1,499.00",Court Classic,TAN,UK10
FW-COUR-TAN-UK10,Madurai Store,5,0,0.7,10,1499,Court Classic,TAN,UK10
FW-COUR-TAN-UK10,Guwahati Store,11,0,0.9,21,1499,Court Classic,TAN,UK10
FW-COUR-TAN-UK11,Mumbai Store,0,0,0.3,10,3499,Court Classic,TAN,UK11
FW-COUR-TAN-UK11,Delhi Store,28,0,2.8,14,"₹3,499",Court Classic,TAN,UK11
FW-COUR-TAN-UK11,Bengaluru Store, 31 ,0,2.1,10,3499,Court Classic,TAN,UK11
FW-COUR-TAN-UK11,Hyderabad Store,5,0,0.9,10,"Rs. 3,499",Court Classic,TAN,UK11
FW-COUR-TAN-UK11,Chennai Store,70,39,2.7,14,3499,Court Classic,TAN,UK11
FW-COUR-TAN-UK11,Kolkata Store,28,0,1.7,21,3499,Court Classic,TAN,UK11
FW-COUR-TAN-UK11,Pune Store,4,4,0.4,14,"3,499.00",Court Classic,TAN,UK11
FW-COUR-TAN-UK11,Ahmedabad Store,19,0,0.4,,3499,Court Classic,TAN,UK11
FW-COUR-TAN-UK11,Jaipur Store,26,0,0.9,10,3499,Court Classic,TAN,UK11
,Lucknow Store,8,0,1.2,21,"Rs. 3,499",Court Classic,TAN,UK11
FW-COUR-TAN-UK11,Surat Store,16,0,0.7,14,"Rs. 3,499",Court Classic,TAN,UK11
FW-COUR-TAN-UK11,Indore Store,52,0,2.5,10,3499,Court Classic,TAN,UK11
FW-COUR-TAN-UK11,Nagpur Store,35,0,0.6,21,3499,Court Classic,TAN,UK11
FW-COUR-TAN-UK11,Kochi Store,17,0,1.9,21,"₹3,499",Court Classic,TAN,UK11
FW-COUR-TAN-UK11,Chandigarh Store,0,0,0.2,10,3499,Court Classic,TAN,UK11
FW-COUR-TAN-UK11,Bhopal Store,32,0,1.0,10 days,"₹3,499",Court Classic,TAN,UK11
FW-COUR-TAN-UK11,Patna Store,119,0,1.7,21,"₹3,499",Court Classic,TAN,UK11
FW-COUR-TAN-UK11,Vadodara Store,61,0,1.9,21,3499,Court Classic,TAN,UK11
FW-COUR-TAN-UK11,Ludhiana Store,14,3,0.6,10,3499,Court Classic,TAN,UK11
FW-COUR-TAN-UK11,Agra Store,55,0,2.9,14,3499,Court Classic,TAN,UK11
FW-COUR-TAN-UK11,Nashik Store, 1 ,0,2.6,14,3499,Court Classic,TAN,UK11
FW-COUR-TAN-UK11,Meerut Store,7,0,0.4,14,3499,Court Classic,TAN,UK11
FW-COUR-TAN-UK11,Rajkot Store,58,0,1.8,10,3499,Court Classic,TAN,UK11
FW-COUR-TAN-UK11,Varanasi Store,94,38,1.6,21,3499,Court Classic,TAN,UK11
FW-COUR-TAN-UK11,Amritsar Store,1,5,1.1,10,"₹3,499",Court Classic,TAN,UK11
FW-COUR-TAN-UK11,Noida Store,9,0,0.5,14,"3,499.00",Court Classic,TAN,UK11
FW-COUR-TAN-UK11,Gurugram Store,9,0,0.3,10,3499,Court Classic,TAN,UK11
FW-COUR-TAN-UK11,Coimbatore Store, 108 ,57,2.5,21,3499,Court Classic,TAN,UK11
FW-COUR-TAN-UK11,Madurai Store,18, 8 ,0.5,21,3499,Court Classic,TAN,UK11
FW-COUR-TAN-UK11,Guwahati Store,58,0,1.3,21,"Rs. 3,499",Court Classic,TAN,UK11
FW-TRAI-BLK-UK6,Mumbai Store,18,11,0.9,10,"1,499.00",Trail Grip,BLK,UK6
FW-TRAI-BLK-UK6,Delhi Store,7,0,0.2,14,"₹1,499",Trail Grip,BLK,UK6
FW-TRAI-BLK-UK6,Bengaluru Store,11,31,2.0,14,"₹1,499",Trail Grip,BLK,UK6
FW-TRAI-BLK-UK6,Hyderabad Store,23,0,0.7,10,"₹1,499",Trail Grip,BLK,UK6
FW-TRAI-BLK-UK6,Chennai Store,51,0,2.9,14,"₹1,499",Trail Grip,BLK,UK6
FW-TRAI-BLK-UK6,Kolkata Store,2.5,0,1.6,10,"₹1,499",Trail Grip,BLK,UK6
FW-TRAI-BLK-UK6,Pune Store,25,0,1.0,10,"₹1,499",Trail Grip,BLK,UK6
FW-TRAI-BLK-UK6,Ahmedabad Store,63,0,2.7,10,1499,Trail Grip,BLK,UK6
FW-TRAI-BLK-UK6,Jaipur Store,13,0,0.8,14,"Rs. 1,499",Trail Grip,BLK,UK6
FW-TRAI-BLK-UK6,Lucknow Store,50,0,2.6,21,"1,499.00",Trail Grip,BLK,UK6
FW-TRAI-BLK-UK6,Surat Store,39,0,1.7,10,N/A,Trail Grip,BLK,UK6
FW-TRAI-BLK-UK6,Indore Store,100,0,2.5,21,"₹1,499",Trail Grip,BLK,UK6
FW-TRAI-BLK-UK6,Nagpur Store,26,0,1.1,21,1499,Trail Grip,BLK,UK6
FW-TRAI-BLK-UK6,Kochi Store,53, 26 ,2.8,10,"1,499.00",Trail Grip,BLK,UK6
FW-TRAI-BLK-UK6,Chandigarh Store,75,0,2.2,14,"Rs. 1,499",Trail Grip,BLK,UK6
FW-TRAI-BLK-UK6,Bhopal Store,97,0,2.4,14,1499,Trail Grip,BLK,UK6
FW-TRAI-BLK-UK6,Patna Store,30,5,0.5,21,1499,Trail Grip,BLK,UK6
FW-TRAI-BLK-UK6,Vadodara Store,77,0,2.6,14,"Rs. 1,499",Trail Grip,BLK,UK6
FW-TRAI-BLK-UK6,Ludhiana Store,9,0,2.4,10,1499,Trail Grip,BLK,UK6
FW-TRAI-BLK-UK6,Agra Store, 23 ,-5,1.4,21,1499,Trail Grip,BLK,UK6
FW-TRAI-BLK-UK6,Nashik Store,45,0,0.8,21,1499,Trail Grip,BLK,UK6
FW-TRAI-BLK-UK6,Meerut Store, 77 ,0,2.7,14,"1,499.00",Trail Grip,BLK,UK6
FW-TRAI-BLK-UK6,Rajkot Store,184,0,2.9,21,"₹1,499",Trail Grip,BLK,UK6
FW-TRAI-BLK-UK6,Varanasi Store,6,0,0.3,14,"₹1,499",Trail Grip,BLK,UK6
FW-TRAI-BLK-UK6,Amritsar Store,48,0,0.7,21,1499,Trail Grip,BLK,UK6
FW-TRAI-BLK-UK6,Noida Store,7,0,0.2,21,"₹1,499",Trail Grip,BLK,UK6
FW-TRAI-BLK-UK6,Gurugram Store,14,0,1.4,14,"₹1,499",Trail Grip,BLK,UK6
FW-TRAI-BLK-UK6,Coimbatore Store,17,0,2.0,10,"₹1,499",Trail Grip,BLK,UK6
FW-TRAI-BLK-UK6,Madurai Store,26,0,0.5,21,1499,Trail Grip,BLK,UK6
FW-TRAI-BLK-UK6,Guwahati Store,4,9,1.0,14,"Rs. 1,499",Trail Grip,BLK,UK6
FW-TRAI-BLK-UK7,Mumbai Store,24,0,0.9,10,"Rs. 4,999",Trail Grip,BLK,UK7
FW-TRAI-BLK-UK7,Delhi Store,-4,0,2.4,21,"₹4,999",Trail Grip,BLK,UK7
FW-TRAI-BLK-UK7,Bengaluru Store,63,19,2.1,10,"4,999.00",Trail Grip,BLK,UK7
FW-TRAI-BLK-UK7,Hyderabad Store,5,2,0.6,10,"Rs. 4,999",Trail Grip,BLK,UK7
FW-TRAI-BLK-UK7,Chennai Store, 41 ,0,0.9,21,"4,999.00",Trail Grip,BLK,UK7
FW-TRAI-BLK-UK7,Chennai Store, 41 ,0,0.9,21,"4,999.00",Trail Grip,BLK,UK7
FW-TRAI-BLK-UK7,Kolkata Store,21,0,0.5,14,"Rs. 4,999",Trail Grip,BLK,UK7
FW-TRAI-BLK-UK7,Pune Store,28,0,0.5,21,"Rs. 4,999",Trail Grip,BLK,UK7
FW-TRAI-BLK-UK7,Ahmedabad Store,25,12,1.3,10,4999,Trail Grip,BLK,UK7
FW-TRAI-BLK-UK7,Jaipur Store,4,0,0.4,10,"Rs. 4,999",Trail Grip,BLK,UK7
FW-TRAI-BLK-UK7,Lucknow Store,8,11,,21,4999,Trail Grip,BLK,UK7
FW-TRAI-BLK-UK7,Surat Store,28,0,2.6,14,"₹4,999",Trail Grip,BLK,UK7
FW-TRAI-BLK-UK7,Indore Store,54,0,2.9,14,4999,Trail Grip,BLK,UK7
FW-TRAI-BLK-UK7,Nagpur Store, 110 ,0,2.5,14,4999,Trail Grip,BLK,UK7
FW-TRAI-BLK-UK7,Kochi Store,73,22,2.9,10,"Rs. 4,999",Trail Grip,BLK,UK7
FW-TRAI-BLK-UK7,Chandigarh Store,130,0,2.8,14,4999,Trail Grip,BLK,UK7
FW-TRAI-BLK-UK7,Bhopal Store,103,34,2.8,14,"4,999.00",Trail Grip,BLK,UK7
FW-TRAI-BLK-UK7,Patna Store,39,0,1.2,14,"4,999.00",Trail Grip,BLK,UK7
FW-TRAI-BLK-UK7,Vadodara Store,110,0,1.7,21,"₹4,999",Trail Grip,BLK,UK7
FW-TRAI-BLK-UK7,Ludhiana Store,39,0,2.3,21,"₹4,999",Trail Grip,BLK,UK7
FW-TRAI-BLK-UK7,Agra Store,8,46,2.4,14,"₹4,999",Trail Grip,BLK,UK7
FW-TRAI-BLK-UK7,Nashik Store,83,0,2.8,,"₹4,999",Trail Grip,BLK,UK7
FW-TRAI-BLK-UK7,Meerut Store,101,0,2.2,21,"Rs. 4,999",Trail Grip,BLK,UK7
FW-TRAI-BLK-UK7,Rajkot Store,7,0,0.7,10,"₹4,999",Trail Grip,BLK,UK7
FW-TRAI-BLK-UK7,Varanasi Store,117,0,2.7,14,4999,Trail Grip,BLK,UK7
FW-TRAI-BLK-UK7,Amritsar Store, 42 ,16,0.6,21,"₹4,999",Trail Grip,BLK,UK7
FW-TRAI-BLK-UK7,Noida Store,12,0,1.2,21,"4,999.00",Trail Grip,BLK,UK7
FW-TRAI-BLK-UK7,Gurugram Store,57,0,1.4,14,"₹4,999",Trail Grip,BLK,UK7
FW-TRAI-BLK-UK7,Coimbatore Store,31,0,1.1,10,4999,Trail Grip,BLK,UK7
FW-TRAI-BLK-UK7,Madurai Store,36.5,0,2.4,10,"4,999.00",Trail Grip,BLK,UK7
FW-TRAI-BLK-UK7,Guwahati Store,27,9,2.0,10,"₹4,999",Trail Grip,BLK,UK7
FW-TRAI-BLK-UK8,Mumbai Store,17,0,0.6,14,3499,Trail Grip,BLK,UK8
FW-TRAI-BLK-UK8,Delhi Store,88,0,1.9,21,"3,499.00",Trail Grip,BLK,UK8
FW-TRAI-BLK-UK8,Bengaluru Store,60,46,2.2,21,3499,Trail Grip,BLK,UK8
FW-TRAI-BLK-UK8,Hyderabad Store,24,19,2.3,14,"3,499.00",Trail Grip,BLK,UK8
FW-TRAI-BLK-UK8,Chennai Store,21,0,1.1,21 days,3499,Trail Grip,BLK,UK8
FW-TRAI-BLK-UK8,Kolkata Store,41,0,2.2,14,"₹3,499",Trail Grip,BLK,UK8
FW-TRAI-BLK-UK8,Pune Store,47,0,1.9,10,3499,Trail Grip,BLK,UK8
FW-TRAI-BLK-UK8,Ahmedabad Store,47,0,1.5,21,3499,Trail Grip,BLK,UK8
FW-TRAI-BLK-UK8,Jaipur Store,6,0,0.2,10,"₹3,499",Trail Grip,BLK,UK8
FW-TRAI-BLK-UK8,Lucknow Store,0,0,0.3,14,N/A,Trail Grip,BLK,UK8
FW-TRAI-BLK-UK8,Surat Store,36,0,1.0,14,"3,499.00",Trail Grip,BLK,UK8
FW-TRAI-BLK-UK8,Indore Store,135,0,2.6,21,"₹3,499",Trail Grip,BLK,UK8
FW-TRAI-BLK-UK8,Nagpur Store,44,20,1.5,10,3499,Trail Grip,BLK,UK8
FW-TRAI-BLK-UK8,Kochi Store,66,0,1.2,21,3499,Trail Grip,BLK,UK8
FW-TRAI-BLK-UK8,Chandigarh Store,60,17,1.8,14,3499,Trail Grip,BLK,UK8
FW-TRAI-BLK-UK8,Bhopal Store,2,0,0.2,21,3499,Trail Grip,BLK,UK8
FW-TRAI-BLK-UK8,Patna Store,31,0,1.2,10,3499,Trail Grip,BLK,UK8
FW-TRAI-BLK-UK8,Vadodara Store,47,0,2.0,14,3499,Trail Grip,BLK,UK8
FW-TRAI-BLK-UK8,Ludhiana Store,8,0,0.7,21,3499,Trail Grip,BLK,UK8
FW-TRAI-BLK-UK8,Agra Store,36,0,2.0,10,3499,Trail Grip,BLK,UK8
,Nashik Store,0,0,1.2,14,"₹3,499",Trail Grip,BLK,UK8
FW-TRAI-BLK-UK8,Meerut Store,145,56,2.2,21,"₹3,499",Trail Grip,BLK,UK8
FW-TRAI-BLK-UK8,Rajkot Store,127,42,2.7,14,"₹3,499",Trail Grip,BLK,UK8
FW-TRAI-BLK-UK8,Varanasi Store,120,0,3.0,21,"₹3,499",Trail Grip,BLK,UK8
FW-TRAI-BLK-UK8,Amritsar Store,50,0,1.8,21,3499,Trail Grip,BLK,UK8
FW-TRAI-BLK-UK8,Noida Store,52,0,0.9,21,"₹3,499",Trail Grip,BLK,UK8
FW-TRAI-BLK-UK8,Gurugram Store,41,35,2.1,14,"3,499.00",Trail Grip,BLK,UK8
FW-TRAI-BLK-UK8,Coimbatore Store, 74 ,0,2.2,14,3499,Trail Grip,BLK,UK8
FW-TRAI-BLK-UK8,Madurai Store,10,0,1.9,14,"3,499.00",Trail Grip,BLK,UK8
FW-TRAI-BLK-UK8,Guwahati Store,36,0,2.9,10,"3,499.00",Trail Grip,BLK,UK8
FW-TRAI-BLK-UK9,Mumbai Store,21,-20,1.2,10,"3,499.00",Trail Grip,BLK,UK9
FW-TRAI-BLK-UK9,Delhi Store,18,0,1.0,10,3499,Trail Grip,BLK,UK9
FW-TRAI-BLK-UK9,Bengaluru Store,90,0,1.5,21,"3,499.00",Trail Grip,BLK,UK9
FW-TRAI-BLK-UK9,Hyderabad Store,4,0,2.0,14,"₹3,499",Trail Grip,BLK,UK9
FW-TRAI-BLK-UK9,Chennai Store,36, 18 ,1.4,14,"Rs. 3,499",Trail Grip,BLK,UK9
FW-TRAI-BLK-UK9,Kolkata Store,7,0,0.2,21,3499,Trail Grip,BLK,UK9
FW-TRAI-BLK-UK9,Pune Store,30,0,1.7,10,"₹3,499",Trail Grip,BLK,UK9
FW-TRAI-BLK-UK9,Ahmedabad Store,46,0,2.4,10,3499,Trail Grip,BLK,UK9
FW-TRAI-BLK-UK9,Jaipur Store,6, 20 ,2.9,10,"₹3,499",Trail Grip,BLK,UK9
FW-TRAI-BLK-UK9,Lucknow Store,29,27,2.6,10,"Rs. 3,499",Trail Grip,BLK,UK9
FW-TRAI-BLK-UK9,Surat Store,1,0,0.6,14,"₹3,499",Trail Grip,BLK,UK9
FW-TRAI-BLK-UK9,Indore Store,59,0,1.6,21,"3,499.00",Trail Grip,BLK,UK9
FW-TRAI-BLK-UK9,Nagpur Store,42,0,2.8,21,3499,Trail Grip,BLK,UK9
FW-TRAI-BLK-UK9,Kochi Store,0, 6 ,1.0,10,"₹3,499",Trail Grip,BLK,UK9
FW-TRAI-BLK-UK9,Chandigarh Store,71,0,2.9,14,3499,Trail Grip,BLK,UK9
FW-TRAI-BLK-UK9,Bhopal Store,12,27,2.1,10,3499,Trail Grip,BLK,UK9
FW-TRAI-BLK-UK9,Patna Store,38,0,1.2,21,3499,Trail Grip,BLK,UK9
FW-TRAI-BLK-UK9,Vadodara Store,15,0,0.8,10,"₹3,499",Trail Grip,BLK,UK9
FW-TRAI-BLK-UK9,Ludhiana Store, 11 ,0,1.1,14,"Rs. 3,499",Trail Grip,BLK,UK9
FW-TRAI-BLK-UK9,Agra Store,49,0,2.2,10,"₹3,499",Trail Grip,BLK,UK9
FW-TRAI-BLK-UK9,Nashik Store,54,0,2.8,21,"3,499.00",Trail Grip,BLK,UK9
FW-TRAI-BLK-UK9,Meerut Store,18.5,0,0.7,10,3499,Trail Grip,BLK,UK9
FW-TRAI-BLK-UK9,Rajkot Store,40,9,1.3,14,"Rs. 3,499",Trail Grip,BLK,UK9
FW-TRAI-BLK-UK9,Varanasi Store,40,22,1.2,14,3499,Trail Grip,BLK,UK9
FW-TRAI-BLK-UK9,Amritsar Store,20,16,1.7,10,3499,Trail Grip,BLK,UK9
FW-TRAI-BLK-UK9,Noida Store,79,0,1.8,21,3499,Trail Grip,BLK,UK9
FW-TRAI-BLK-UK9,Gurugram Store,37,0,0.9,14,"Rs. 3,499",Trail Grip,BLK,UK9
FW-TRAI-BLK-UK9,Coimbatore Store,19,0,1.6,14,"₹3,499",Trail Grip,BLK,UK9
FW-TRAI-BLK-UK9,Madurai Store,21,0,2.0,14,3499,Trail Grip,BLK,UK9
FW-TRAI-BLK-UK9,Guwahati Store,27,0,1.9,21,3499,Trail Grip,BLK,UK9
FW-TRAI-BLK-UK10,Mumbai Store,(9),0,1.4,14,"Rs. 4,999",Trail Grip,BLK,UK10
FW-TRAI-BLK-UK10,Delhi Store,62,32,2.0,14,4999,Trail Grip,BLK,UK10
FW-TRAI-BLK-UK10,Bengaluru Store,80,0,,14,"₹4,999",Trail Grip,BLK,UK10
FW-TRAI-BLK-UK10,Hyderabad Store,19,0,2.8,,"4,999.00",Trail Grip,BLK,UK10
FW-TRAI-BLK-UK10,Chennai Store,10,0,1.3,10,"4,999.00",Trail Grip,BLK,UK10
FW-TRAI-BLK-UK10,Kolkata Store, 136 ,0,2.6,21,"4,999.00",Trail Grip,BLK,UK10
FW-TRAI-BLK-UK10,Pune Store,44,0,2.4,14,4999,Trail Grip,BLK,UK10
FW-TRAI-BLK-UK10,Ahmedabad Store,5,3,0.3,10,"₹4,999",Trail Grip,BLK,UK10
FW-TRAI-BLK-UK10,Jaipur Store,139,33,2.4,21,N/A,Trail Grip,BLK,UK10
FW-TRAI-BLK-UK10,Lucknow Store,10,0,0.4,14,4999,Trail Grip,BLK,UK10
FW-TRAI-BLK-UK10,Surat Store,8,0,1.4,10,4999,Trail Grip,BLK,UK10
FW-TRAI-BLK-UK10,Indore Store,39,0,1.2,14,4999,Trail Grip,BLK,UK10
FW-TRAI-BLK-UK10,Indore Store,39,0,1.2,14,4999,Trail Grip,BLK,UK10
FW-TRAI-BLK-UK10,Nagpur Store, 17 ,10,1.0,10,4999,Trail Grip,BLK,UK10
FW-TRAI-BLK-UK10,Kochi Store, 6 ,0,0.6,21,4999,Trail Grip,BLK,UK10
FW-TRAI-BLK-UK10,Chandigarh Store,38,0,1.9,14,"4,999.00",Trail Grip,BLK,UK10
FW-TRAI-BLK-UK10,Bhopal Store,60,0,1.1,21,4999,Trail Grip,BLK,UK10
FW-TRAI-BLK-UK10,Patna Store,15,0,1.7,14,4999,Trail Grip,BLK,UK10
FW-TRAI-BLK-UK10,Vadodara Store,44,0,1.5,10,4999,Trail Grip,BLK,UK10
FW-TRAI-BLK-UK10,Ludhiana Store,98,0,2.9,14,"₹4,999",Trail Grip,BLK,UK10
FW-TRAI-BLK-UK10,Agra Store,0,0,2.9,21,4999,Trail Grip,BLK,UK10
FW-TRAI-BLK-UK10,Nashik Store,75,20,2.3,10,4999,Trail Grip,BLK,UK10
FW-TRAI-BLK-UK10,Meerut Store,7,0,0.3,21,4999,Trail Grip,BLK,UK10
FW-TRAI-BLK-UK10,Rajkot Store,76,0,2.2,21,"Rs. 4,999",Trail Grip,BLK,UK10
FW-TRAI-BLK-UK10,Varanasi Store,28,0,1.0,14 days,4999,Trail Grip,BLK,UK10
FW-TRAI-BLK-UK10,Amritsar Store,67,0,1.5,14,"Rs. 4,999",Trail Grip,BLK,UK10
FW-TRAI-BLK-UK10,Noida Store,45,0,1.8,10,4999,Trail Grip,BLK,UK10
FW-TRAI-BLK-UK10,Gurugram Store,53,0,2.6,10,4999,Trail Grip,BLK,UK10
FW-TRAI-BLK-UK10,Coimbatore Store,7,23,3.0,14,4999,Trail Grip,BLK,UK10
FW-TRAI-BLK-UK10,Madurai Store,15,0,0.8,10,"₹4,999",Trail Grip,BLK,UK10
FW-TRAI-BLK-UK10,Guwahati Store,51,0,1.6,10,"Rs. 4,999",Trail Grip,BLK,UK10
FW-TRAI-BLK-UK11,Mumbai Store,23,45,2.4,21,"₹4,999",Trail Grip,BLK,UK11
FW-TRAI-BLK-UK11,Delhi Store,5,1,0.4,10,"₹4,999",Trail Grip,BLK,UK11
FW-TRAI-BLK-UK11,Bengaluru Store,52,0,1.3,21,4999,Trail Grip,BLK,UK11
FW-TRAI-BLK-UK11,Hyderabad Store,41,0,2.2,10,4999,Trail Grip,BLK,UK11
FW-TRAI-BLK-UK11,Chennai Store,8,8,0.3,21,4999,Trail Grip,BLK,UK11
FW-TRAI-BLK-UK11,Kolkata Store,40,0,3.0,14,"₹4,999",Trail Grip,BLK,UK11
FW-TRAI-BLK-UK11,Pune Store,22,0,1.5,10,"₹4,999",Trail Grip,BLK,UK11
FW-TRAI-BLK-UK11,Ahmedabad Store,77,0,2.7,10,4999,Trail Grip,BLK,UK11
FW-TRAI-BLK-UK11,Jaipur Store,50,10,1.6,14,"₹4,999",Trail Grip,BLK,UK11
FW-TRAI-BLK-UK11,Lucknow Store,9,24,1.7,14,4999,Trail Grip,BLK,UK11
FW-TRAI-BLK-UK11,Surat Store,0,8,2.0,10,4999,Trail Grip,BLK,UK11
FW-TRAI-BLK-UK11,Indore Store,5,-14,0.5,10,4999,Trail Grip,BLK,UK11
FW-TRAI-BLK-UK11,Nagpur Store,29,0,1.5,14,"4,999.00",Trail Grip,BLK,UK11
FW-TRAI-BLK-UK11,Kochi Store, 77 ,0,2.6,10,4999,Trail Grip,BLK,UK11
FW-TRAI-BLK-UK11,Chandigarh Store,4.5,1,0.2,21,"₹4,999",Trail Grip,BLK,UK11
FW-TRAI-BLK-UK11,Bhopal Store,5,12,0.9,10,"₹4,999",Trail Grip,BLK,UK11
FW-TRAI-BLK-UK11,Patna Store, 80 ,0,2.2,21,"₹4,999",Trail Grip,BLK,UK11
FW-TRAI-BLK-UK11,Vadodara Store,23,18,2.6,14,4999,Trail Grip,BLK,UK11
FW-TRAI-BLK-UK11,Ludhiana Store,11,0,0.3,14,4999,Trail Grip,BLK,UK11
FW-TRAI-BLK-UK11,Agra Store,50,0,1.9,14,4999,Trail Grip,BLK,UK11
FW-TRAI-BLK-UK11,Nashik Store,8,0,1.7,10,"₹4,999",Trail Grip,BLK,UK11
FW-TRAI-BLK-UK11,Meerut Store,50,0,1.5,14,4999,Trail Grip,BLK,UK11
FW-TRAI-BLK-UK11,Rajkot Store,22,0,2.8,10,"4,999.00",Trail Grip,BLK,UK11
FW-TRAI-BLK-UK11,Varanasi Store,20,7,0.7,10,4999,Trail Grip,BLK,UK11
FW-TRAI-BLK-UK11,Amritsar Store,3,2,0.4,10,4999,Trail Grip,BLK,UK11
FW-TRAI-BLK-UK11,Noida Store,12,0,2.0,14,"₹4,999",Trail Grip,BLK,UK11
FW-TRAI-BLK-UK11,Gurugram Store,9,0,2.0,14,4999,Trail Grip,BLK,UK11
FW-TRAI-BLK-UK11,Coimbatore Store,57,0,1.0,21,4999,Trail Grip,BLK,UK11
FW-TRAI-BLK-UK11,Madurai Store,13,0,0.5,14,"₹4,999",Trail Grip,BLK,UK11
FW-TRAI-BLK-UK11,Guwahati Store,33,0,0.8,14,4999,Trail Grip,BLK,UK11
FW-TRAI-WHT-UK6,Mumbai Store,7,0,0.5,10,2299,Trail Grip,WHT,UK6
,Delhi Store,0,10,0.4,21,"Rs. 2,299",Trail Grip,WHT,UK6
FW-TRAI-WHT-UK6,Bengaluru Store,86,0,2.1,14,"₹2,299",Trail Grip,WHT,UK6
FW-TRAI-WHT-UK6,Hyderabad Store,1,0,2.3,10,2299,Trail Grip,WHT,UK6
FW-TRAI-WHT-UK6,Chennai Store,10,0,1.6,21,2299,Trail Grip,WHT,UK6
FW-TRAI-WHT-UK6,Kolkata Store,10,0,1.7,14,"₹2,299",Trail Grip,WHT,UK6
FW-TRAI-WHT-UK6,Pune Store,1,0,0.3,10,"2,299.00",Trail Grip,WHT,UK6
FW-TRAI-WHT-UK6,Ahmedabad Store,31,0,0.8,21,N/A,Trail Grip,WHT,UK6
FW-TRAI-WHT-UK6,Jaipur Store,12,0,0.3,14,"2,299.00",Trail Grip,WHT,UK6
FW-TRAI-WHT-UK6,Lucknow Store,74,0,2.7,10,2299,Trail Grip,WHT,UK6
FW-TRAI-WHT-UK6,Surat Store,9,0,0.2,14,"₹2,299",Trail Grip,WHT,UK6
FW-TRAI-WHT-UK6,Indore Store,39,23,2.3,10,2299,Trail Grip,WHT,UK6
FW-TRAI-WHT-UK6,Nagpur Store,34,22,1.1,21,2299,Trail Grip,WHT,UK6
FW-TRAI-WHT-UK6,Kochi Store,73,0,1.5,21,2299,Trail Grip,WHT,UK6
FW-TRAI-WHT-UK6,Chandigarh Store,23,9,0.4,21,2299,Trail Grip,WHT,UK6
FW-TRAI-WHT-UK6,Bhopal Store,9,2,0.3,14,"₹2,299",Trail Grip,WHT,UK6
FW-TRAI-WHT-UK6,Patna Store,9,0,2.2,,"Rs. 2,299",Trail Grip,WHT,UK6
FW-TRAI-WHT-UK6,Vadodara Store,14,0,1.2,21,"₹2,299",Trail Grip,WHT,UK6
FW-TRAI-WHT-UK6,Ludhiana Store,51,0,2.8,10,2299,Trail Grip,WHT,UK6
FW-TRAI-WHT-UK6,Agra Store,39,31,1.9,21,"₹2,299",Trail Grip,WHT,UK6
FW-TRAI-WHT-UK6,Nashik Store,2,0,0.3,10,"Rs. 2,299",Trail Grip,WHT,UK6
FW-TRAI-WHT-UK6,Meerut Store,92,0,2.2,21,"2,299.00",Trail Grip,WHT,UK6
FW-TRAI-WHT-UK6,Rajkot Store,11,0,2.3,21,"₹2,299",Trail Grip,WHT,UK6
FW-TRAI-WHT-UK6,Varanasi Store,31,0,1.2,14,"2,299.00",Trail Grip,WHT,UK6
FW-TRAI-WHT-UK6,Amritsar Store,3,4,0.4,14,2299,Trail Grip,WHT,UK6
FW-TRAI-WHT-UK6,Noida Store,17,0,,10,"Rs. 2,299",Trail Grip,WHT,UK6
FW-TRAI-WHT-UK6,Gurugram Store,5,0,0.6,10,"₹2,299",Trail Grip,WHT,UK6
FW-TRAI-WHT-UK6,Coimbatore Store,11,0,0.4,14,2299,Trail Grip,WHT,UK6
FW-TRAI-WHT-UK6,Madurai Store,51,0,1.4,14,"₹2,299",Trail Grip,WHT,UK6
FW-TRAI-WHT-UK6,Guwahati Store,-4,0,2.4,14,2299,Trail Grip,WHT,UK6
FW-TRAI-WHT-UK7,Mumbai Store,15,0,0.5,10,"₹3,499",Trail Grip,WHT,UK7
FW-TRAI-WHT-UK7,Delhi Store,42,0,2.8,21,3499,Trail Grip,WHT,UK7
FW-TRAI-WHT-UK7,Bengaluru Store,33,0,1.1,10,3499,Trail Grip,WHT,UK7
FW-TRAI-WHT-UK7,Hyderabad Store,29,0,0.7,14,3499,Trail Grip,WHT,UK7
FW-TRAI-WHT-UK7,Chennai Store,47,0,1.1,21,3499,Trail Grip,WHT,UK7
FW-TRAI-WHT-UK7,Kolkata Store,74,0,2.4,21,3499,Trail Grip,WHT,UK7
FW-TRAI-WHT-UK7,Pune Store,49,21,2.0,10,3499,Trail Grip,WHT,UK7
FW-TRAI-WHT-UK7,Ahmedabad Store,6.5,0,0.9,14,"3,499.00",Trail Grip,WHT,UK7
FW-TRAI-WHT-UK7,Jaipur Store,48,0,2.5,14,"Rs. 3,499",Trail Grip,WHT,UK7
FW-TRAI-WHT-UK7,Lucknow Store,85,0,1.6,21,3499,Trail Grip,WHT,UK7
FW-TRAI-WHT-UK7,Surat Store,71,0,2.5,14,3499,Trail Grip,WHT,UK7
FW-TRAI-WHT-UK7,Indore Store, 187 ,0,3.0,21,"3,499.00",Trail Grip,WHT,UK7
FW-TRAI-WHT-UK7,Nagpur Store,5,3,0.4,10 days,"3,499.00",Trail Grip,WHT,UK7
FW-TRAI-WHT-UK7,Kochi Store,23,0,0.5,21,"3,499.00",Trail Grip,WHT,UK7
FW-TRAI-WHT-UK7,Chandigarh Store,36,22,2.0,10,3499,Trail Grip,WHT,UK7
FW-TRAI-WHT-UK7,Bhopal Store,132,0,2.9,14,"₹3,499",Trail Grip,WHT,UK7
FW-TRAI-WHT-UK7,Patna Store,0,0,0.4,14,3499,Trail Grip,WHT,UK7
FW-TRAI-WHT-UK7,Vadodara Store, 0 ,0,2.3,10,"₹3,499",Trail Grip,WHT,UK7
FW-TRAI-WHT-UK7,Ludhiana Store,20,11,1.6,10,"Rs. 3,499",Trail Grip,WHT,UK7
FW-TRAI-WHT-UK7,Ludhiana Store,20,11,1.6,10,"Rs. 3,499",Trail Grip,WHT,UK7
FW-TRAI-WHT-UK7,Agra Store,53,0,2.0,10,3499,Trail Grip,WHT,UK7
FW-TRAI-WHT-UK7,Nashik Store,24,0,1.1,10,"Rs. 3,499",Trail Grip,WHT,UK7
FW-TRAI-WHT-UK7,Meerut Store,6,0,0.9,14,"₹3,499",Trail Grip,WHT,UK7
FW-TRAI-WHT-UK7,Rajkot Store,27,-13,1.5,14,3499,Trail Grip,WHT,UK7
FW-TRAI-WHT-UK7,Varanasi Store, 42 ,19,2.7,10,3499,Trail Grip,WHT,UK7
FW-TRAI-WHT-UK7,Amritsar Store,102,0,2.5,21,"₹3,499",Trail Grip,WHT,UK7
FW-TRAI-WHT-UK7,Noida Store,87,38,2.9,14,3499,Trail Grip,WHT,UK7
FW-TRAI-WHT-UK7,Gurugram Store,37,0,1.7,10,"3,499.00",Trail Grip,WHT,UK7
FW-TRAI-WHT-UK7,Coimbatore Store,1,0,1.2,10,"Rs. 3,499",Trail Grip,WHT,UK7
FW-TRAI-WHT-UK7,Madurai Store,43,0,2.4,21,3499,Trail Grip,WHT,UK7
FW-TRAI-WHT-UK7,Guwahati Store,37,0,1.1,10,"₹3,499",Trail Grip,WHT,UK7
FW-TRAI-WHT-UK8,Mumbai Store,26,0,2.2,14,"Rs. 3,499",Trail Grip,WHT,UK8
FW-TRAI-WHT-UK8,Delhi Store,0,0,0.2,21,"₹3,499",Trail Grip,WHT,UK8
FW-TRAI-WHT-UK8,Bengaluru Store,35,0,1.7,14,"₹3,499",Trail Grip,WHT,UK8
FW-TRAI-WHT-UK8,Hyderabad Store,26,0,3.0,21,"Rs. 3,499",Trail Grip,WHT,UK8
FW-TRAI-WHT-UK8,Chennai Store,50,17,2.6,14,"₹3,499",Trail Grip,WHT,UK8
FW-TRAI-WHT-UK8,Kolkata Store,12,0,0.4,14,"Rs. 3,499",Trail Grip,WHT,UK8
FW-TRAI-WHT-UK8,Pune Store,2,0,0.5,21,N/A,Trail Grip,WHT,UK8
FW-TRAI-WHT-UK8,Ahmedabad Store,23,11,1.8,14,3499,Trail Grip,WHT,UK8
FW-TRAI-WHT-UK8,Jaipur Store,53,0,0.9,21,"₹3,499",Trail Grip,WHT,UK8
FW-TRAI-WHT-UK8,Lucknow Store,101,28,3.0,14,"₹3,499",Trail Grip,WHT,UK8
FW-TRAI-WHT-UK8,Surat Store,38,0,1.4,10,3499,Trail Grip,WHT,UK8
FW-TRAI-WHT-UK8,Indore Store,20,0,2.4,10,3499,Trail Grip,WHT,UK8
FW-TRAI-WHT-UK8,Nagpur Store,8,0,2.9,10,3499,Trail Grip,WHT,UK8
FW-TRAI-WHT-UK8,Kochi Store,12,0,1.5,14,3499,Trail Grip,WHT,UK8
FW-TRAI-WHT-UK8,Chandigarh Store,16,0,0.6,14,"3,499.00",Trail Grip,WHT,UK8
FW-TRAI-WHT-UK8,Bhopal Store,16,0,2.1,10,"Rs. 3,499",Trail Grip,WHT,UK8
FW-TRAI-WHT-UK8,Patna Store,10,0,1.6,10,3499,Trail Grip,WHT,UK8
FW-TRAI-WHT-UK8,Vadodara Store,80,0,1.7,21,"₹3,499",Trail Grip,WHT,UK8
FW-TRAI-WHT-UK8,Ludhiana Store,1,11,1.2,14,3499,Trail Grip,WHT,UK8
FW-TRAI-WHT-UK8,Agra Store,73,0,2.1,21,"Rs. 3,499",Trail Grip,WHT,UK8
FW-TRAI-WHT-UK8,Nashik Store,60,0,1.8,10,3499,Trail Grip,WHT,UK8
FW-TRAI-WHT-UK8,Meerut Store,3,0,0.8,10,"Rs. 3,499",Trail Grip,WHT,UK8
FW-TRAI-WHT-UK8,Rajkot Store,7,2,0.3,21,"3,499.00",Trail Grip,WHT,UK8
FW-TRAI-WHT-UK8,Varanasi Store,1,0,0.3,14,3499,Trail Grip,WHT,UK8
FW-TRAI-WHT-UK8,Amritsar Store,0,0,0.4,21,"Rs. 3,499",Trail Grip,WHT,UK8
FW-TRAI-WHT-UK8,Noida Store,52,0,1.0,21,"3,499.00",Trail Grip,WHT,UK8
FW-TRAI-WHT-UK8,Gurugram Store,114,0,2.8,14,3499,Trail Grip,WHT,UK8
FW-TRAI-WHT-UK8,Coimbatore Store,89,0,2.2,14,"₹3,499",Trail Grip,WHT,UK8
FW-TRAI-WHT-UK8,Madurai Store,26,0,0.7,21,3499,Trail Grip,WHT,UK8
FW-TRAI-WHT-UK8,Guwahati Store,65,0,1.4,,"Rs. 3,499",Trail Grip,WHT,UK8
FW-TRAI-WHT-UK9,Mumbai Store,8.5,0,2.0,21,4999,Trail Grip,WHT,UK9
FW-TRAI-WHT-UK9,Delhi Store,8,0,3.0,10,4999,Trail Grip,WHT,UK9
FW-TRAI-WHT-UK9,Bengaluru Store,113,0,2.9,21,"₹4,999",Trail Grip,WHT,UK9
FW-TRAI-WHT-UK9,Hyderabad Store,47,12,0.7,21,4999,Trail Grip,WHT,UK9
FW-TRAI-WHT-UK9,Chennai Store,90,0,2.3,14,4999,Trail Grip,WHT,UK9
FW-TRAI-WHT-UK9,Kolkata Store,45,36,1.9,14,4999,Trail Grip,WHT,UK9
FW-TRAI-WHT-UK9,Pune Store,76,0,2.8,14,"₹4,999",Trail Grip,WHT,UK9
FW-TRAI-WHT-UK9,Ahmedabad Store,17,0,1.9,10,4999,Trail Grip,WHT,UK9
FW-TRAI-WHT-UK9,Jaipur Store,8,19,1.7,10,"Rs. 4,999",Trail Grip,WHT,UK9
FW-TRAI-WHT-UK9,Lucknow Store,57,0,1.7,21,4999,Trail Grip,WHT,UK9
FW-TRAI-WHT-UK9,Surat Store,6,0,0.3,10,4999,Trail Grip,WHT,UK9
FW-TRAI-WHT-UK9,Indore Store,99,0,1.4,21,4999,Trail Grip,WHT,UK9
,Nagpur Store, 54 ,0,1.1,21,"₹4,999",Trail Grip,WHT,UK9
FW-TRAI-WHT-UK9,Kochi Store,70,0,1.7,14,4999,Trail Grip,WHT,UK9
FW-TRAI-WHT-UK9,Chandigarh Store,17,10,0.6,21,"₹4,999",Trail Grip,WHT,UK9
FW-TRAI-WHT-UK9,Bhopal Store,40,0,2.0,10,"₹4,999",Trail Grip,WHT,UK9
FW-TRAI-WHT-UK9,Patna Store,19,5,0.8,10,"₹4,999",Trail Grip,WHT,UK9
FW-TRAI-WHT-UK9,Vadodara Store,0,3,0.4,10,4999,Trail Grip,WHT,UK9
FW-TRAI-WHT-UK9,Ludhiana Store,36,37,,21,4999,Trail Grip,WHT,UK9
FW-TRAI-WHT-UK9,Agra Store,51,0,2.7,14,4999,Trail Grip,WHT,UK9
FW-TRAI-WHT-UK9,Nashik Store, 6 ,0,0.6,10,"₹4,999",Trail Grip,WHT,UK9
FW-TRAI-WHT-UK9,Meerut Store,1,0,0.7,10,4999,Trail Grip,WHT,UK9
FW-TRAI-WHT-UK9,Rajkot Store,54,16,1.4,14,"₹4,999",Trail Grip,WHT,UK9
FW-TRAI-WHT-UK9,Varanasi Store,133,0,2.6,21,"₹4,999",Trail Grip,WHT,UK9
FW-TRAI-WHT-UK9,Amritsar Store,64,0,1.4,14,4999,Trail Grip,WHT,UK9
FW-TRAI-WHT-UK9,Noida Store,42,0,0.9,14,4999,Trail Grip,WHT,UK9
FW-TRAI-WHT-UK9,Gurugram Store,2,2,0.2,10,"Rs. 4,999",Trail Grip,WHT,UK9
FW-TRAI-WHT-UK9,Coimbatore Store, 54 ,0,1.0,21,"4,999.00",Trail Grip,WHT,UK9
FW-TRAI-WHT-UK9,Madurai Store,-4,0,1.3,10,4999,Trail Grip,WHT,UK9
FW-TRAI-WHT-UK9,Guwahati Store,50,0,0.9,21,4999,Trail Grip,WHT,UK9
FW-TRAI-WHT-UK10,Mumbai Store,1,0,0.2,21,"Rs. 1,499",Trail Grip,WHT,UK10
FW-TRAI-WHT-UK10,Delhi Store,70,0,2.9,14 days,"Rs. 1,499",Trail Grip,WHT,UK10
FW-TRAI-WHT-UK10,Bengaluru Store,30,0,2.0,14,"₹1,499",Trail Grip,WHT,UK10
FW-TRAI-WHT-UK10,Hyderabad Store,26,-7,0.9,21,1499,Trail Grip,WHT,UK10
FW-TRAI-WHT-UK10,Chennai Store,78,14,2.3,14,1499,Trail Grip,WHT,UK10
FW-TRAI-WHT-UK10,Kolkata Store,5,7,0.6,10,N/A,Trail Grip,WHT,UK10
FW-TRAI-WHT-UK10,Pune Store, 4 ,30,1.6,14,"Rs. 1,499",Trail Grip,WHT,UK10
FW-TRAI-WHT-UK10,Ahmedabad Store,72,0,2.6,14,"₹1,499",Trail Grip,WHT,UK10
FW-TRAI-WHT-UK10,Jaipur Store,79,41,1.8,21,1499,Trail Grip,WHT,UK10
FW-TRAI-WHT-UK10,Lucknow Store,16,29,1.6,14,"₹1,499",Trail Grip,WHT,UK10
FW-TRAI-WHT-UK10,Surat Store,77,0,2.9,10,1499,Trail Grip,WHT,UK10
FW-TRAI-WHT-UK10,Indore Store,8,0,0.3,14,1499,Trail Grip,WHT,UK10
FW-TRAI-WHT-UK10,Nagpur Store,52,0,1.8,10,"Rs. 1,499",Trail Grip,WHT,UK10
FW-TRAI-WHT-UK10,Kochi Store,17,0,0.6,10,"1,499.00",Trail Grip,WHT,UK10
FW-TRAI-WHT-UK10,Chandigarh Store,2,19,0.8,21,1499,Trail Grip,WHT,UK10
FW-TRAI-WHT-UK10,Bhopal Store,72,0,2.0,14,1499,Trail Grip,WHT,UK10
FW-TRAI-WHT-UK10,Patna Store,3,22,1.6,21,1499,Trail Grip,WHT,UK10
FW-TRAI-WHT-UK10,Vadodara Store, 40 ,44,2.8,21,"₹1,499",Trail Grip,WHT,UK10
FW-TRAI-WHT-UK10,Ludhiana Store, 24 ,0,0.8,14,1499,Trail Grip,WHT,UK10
FW-TRAI-WHT-UK10,Agra Store,7,4,0.4,10,"1,499.00",Trail Grip,WHT,UK10
FW-TRAI-WHT-UK10,Nashik Store,41,17,1.5,10,"Rs. 1,499",Trail Grip,WHT,UK10
FW-TRAI-WHT-UK10,Meerut Store,17,0,2.6,14,"₹1,499",Trail Grip,WHT,UK10
FW-TRAI-WHT-UK10,Rajkot Store,6,0,0.9,14,"Rs. 1,499",Trail Grip,WHT,UK10
FW-TRAI-WHT-UK10,Varanasi Store,17.5,0,1.9,14,1499,Trail Grip,WHT,UK10
FW-TRAI-WHT-UK10,Amritsar Store,32,0,1.8,10,"₹1,499",Trail Grip,WHT,UK10
FW-TRAI-WHT-UK10,Noida Store,3,0,0.5,21,"₹1,499",Trail Grip,WHT,UK10
FW-TRAI-WHT-UK10,Noida Store,3,0,0.5,21,"₹1,499",Trail Grip,WHT,UK10
FW-TRAI-WHT-UK10,Gurugram Store,56,68,2.9,21,1499,Trail Grip,WHT,UK10
FW-TRAI-WHT-UK10,Coimbatore Store,5,0,1.0,10,"Rs. 1,499",Trail Grip,WHT,UK10
FW-TRAI-WHT-UK10,Madurai Store,2,10,1.9,10,"₹1,499",Trail Grip,WHT,UK10
FW-TRAI-WHT-UK10,Guwahati Store,114,0,2.9,14,"1,499.00",Trail Grip,WHT,UK10
FW-TRAI-WHT-UK11,Mumbai Store,21,0,1.2,10,"₹3,499",Trail Grip,WHT,UK11
FW-TRAI-WHT-UK11,Delhi Store,3,0,1.1,14,"₹3,499",Trail Grip,WHT,UK11
FW-TRAI-WHT-UK11,Bengaluru Store,137,0,2.9,14,"3,499.00",Trail Grip,WHT,UK11
FW-TRAI-WHT-UK11,Hyderabad Store,2,0,0.5,10,3499,Trail Grip,WHT,UK11
FW-TRAI-WHT-UK11,Chennai Store,24,0,0.5,21,3499,Trail Grip,WHT,UK11
FW-TRAI-WHT-UK11,Kolkata Store,16,21,1.2,14,"₹3,499",Trail Grip,WHT,UK11
FW-TRAI-WHT-UK11,Pune Store,81,0,2.0,14,3499,Trail Grip,WHT,UK11
FW-TRAI-WHT-UK11,Ahmedabad Store,49,0,1.2,14,"₹3,499",Trail Grip,WHT,UK11
FW-TRAI-WHT-UK11,Jaipur Store,54,0,1.9,10,"Rs. 3,499",Trail Grip,WHT,UK11
FW-TRAI-WHT-UK11,Lucknow Store,14,0,1.6,14,"₹3,499",Trail Grip,WHT,UK11
FW-TRAI-WHT-UK11,Surat Store,9,8,0.8,14,3499,Trail Grip,WHT,UK11
FW-TRAI-WHT-UK11,Indore Store,32,16,1.0,14,3499,Trail Grip,WHT,UK11
FW-TRAI-WHT-UK11,Nagpur Store,25,44,2.5,,3499,Trail Grip,WHT,UK11
FW-TRAI-WHT-UK11,Kochi Store,9,0,0.8,21,"Rs. 3,499",Trail Grip,WHT,UK11
FW-TRAI-WHT-UK11,Chandigarh Store,53,0,1.2,14,"₹3,499",Trail Grip,WHT,UK11
FW-TRAI-WHT-UK11,Bhopal Store,39,28,1.0,21,"₹3,499",Trail Grip,WHT,UK11
FW-TRAI-WHT-UK11,Patna Store,40,0,1.9,21,"₹3,499",Trail Grip,WHT,UK11
FW-TRAI-WHT-UK11,Vadodara Store,71,0,2.1,14,"₹3,499",Trail Grip,WHT,UK11
FW-TRAI-WHT-UK11,Ludhiana Store, 46 ,0,0.8,21,3499,Trail Grip,WHT,UK11
FW-TRAI-WHT-UK11,Agra Store,8,0,0.6,10,3499,Trail Grip,WHT,UK11
FW-TRAI-WHT-UK11,Nashik Store,36,0,2.0,14,"₹3,499",Trail Grip,WHT,UK11
FW-TRAI-WHT-UK11,Meerut Store,76,0,1.4,21,"₹3,499",Trail Grip,WHT,UK11
FW-TRAI-WHT-UK11,Rajkot Store,97,0,1.4,21,"Rs. 3,499",Trail Grip,WHT,UK11
FW-TRAI-WHT-UK11,Varanasi Store,64,0,2.6,10,3499,Trail Grip,WHT,UK11
FW-TRAI-WHT-UK11,Amritsar Store,57,0,1.8,10,3499,Trail Grip,WHT,UK11
FW-TRAI-WHT-UK11,Noida Store,30,0,1.5,14,"₹3,499",Trail Grip,WHT,UK11
FW-TRAI-WHT-UK11,Gurugram Store,44,0,2.6,10,"3,499.00",Trail Grip,WHT,UK11
FW-TRAI-WHT-UK11,Coimbatore Store,79,0,1.5,21,3499,Trail Grip,WHT,UK11
FW-TRAI-WHT-UK11,Madurai Store,75,0,1.3,21,"₹3,499",Trail Grip,WHT,UK11
FW-TRAI-WHT-UK11,Guwahati Store,46,0,2.1,14,"Rs. 3,499",Trail Grip,WHT,UK11
FW-TRAI-TAN-UK6,Mumbai Store,14,8,0.5,14,"₹4,999",Trail Grip,TAN,UK6
FW-TRAI-TAN-UK6,Delhi Store,33,0,1.4,14,"4,999.00",Trail Grip,TAN,UK6
FW-TRAI-TAN-UK6,Bengaluru Store,9,0,1.0,14,4999,Trail Grip,TAN,UK6
FW-TRAI-TAN-UK6,Hyderabad Store,33,0,2.2,14,4999,Trail Grip,TAN,UK6
FW-TRAI-TAN-UK6,Chennai Store,24,0,1.1,14,N/A,Trail Grip,TAN,UK6
FW-TRAI-TAN-UK6,Kolkata Store,15,0,1.0,21,4999,Trail Grip,TAN,UK6
FW-TRAI-TAN-UK6,Pune Store,16,0,0.3,21,"₹4,999",Trail Grip,TAN,UK6
FW-TRAI-TAN-UK6,Ahmedabad Store,131,58,2.6,21,"Rs. 4,999",Trail Grip,TAN,UK6
FW-TRAI-TAN-UK6,Jaipur Store,55,27,2.6,10,"₹4,999",Trail Grip,TAN,UK6
FW-TRAI-TAN-UK6,Lucknow Store,1,0,2.5,21,4999,Trail Grip,TAN,UK6
FW-TRAI-TAN-UK6,Surat Store, 56 ,21,1.5,14,4999,Trail Grip,TAN,UK6
FW-TRAI-TAN-UK6,Indore Store,18,26,,14,4999,Trail Grip,TAN,UK6
FW-TRAI-TAN-UK6,Nagpur Store,14,7,0.5,21,4999,Trail Grip,TAN,UK6
FW-TRAI-TAN-UK6,Kochi Store,29,0,1.1,14,"Rs. 4,999",Trail Grip,TAN,UK6
FW-TRAI-TAN-UK6,Chandigarh Store, 19 ,-3,0.3,21,4999,Trail Grip,TAN,UK6
FW-TRAI-TAN-UK6,Bhopal Store,4,0,1.3,14,4999,Trail Grip,TAN,UK6
FW-TRAI-TAN-UK6,Patna Store,12.5,0,0.7,14,4999,Trail Grip,TAN,UK6
FW-TRAI-TAN-UK6,Vadodara Store,6,0,1.7,21,4999,Trail Grip,TAN,UK6
FW-TRAI-TAN-UK6,Ludhiana Store,84,0,2.8,14,"₹4,999",Trail Grip,TAN,UK6
FW-TRAI-TAN-UK6,Agra Store,48,16,1.4,21,4999,Trail Grip,TAN,UK6
FW-TRAI-TAN-UK6,Nashik Store,38,0,2.3,21 days,"4,999.00",Trail Grip,TAN,UK6
FW-TRAI-TAN-UK6,Meerut Store,15,0,0.4,14,"4,999.00",Trail Grip,TAN,UK6
FW-TRAI-TAN-UK6,Rajkot Store,30,0,1.5,14,"₹4,999",Trail Grip,TAN,UK6
,Varanasi Store,2,0,1.7,21,4999,Trail Grip,TAN,UK6
FW-TRAI-TAN-UK6,Amritsar Store,65,0,2.5,21,4999,Trail Grip,TAN,UK6
FW-TRAI-TAN-UK6,Noida Store,61,26,1.4,21,"4,999.00",Trail Grip,TAN,UK6
FW-TRAI-TAN-UK6,Gurugram Store,13,0,1.4,14,4999,Trail Grip,TAN,UK6
FW-TRAI-TAN-UK6,Coimbatore Store,-9,0,2.4,21,4999,Trail Grip,TAN,UK6
FW-TRAI-TAN-UK6,Madurai Store,72,0,1.9,21,"₹4,999",Trail Grip,TAN,UK6
FW-TRAI-TAN-UK6,Guwahati Store,58,0,2.8,10,"₹4,999",Trail Grip,TAN,UK6
FW-TRAI-TAN-UK7,Mumbai Store,50,0,2.6,14,4999,Trail Grip,TAN,UK7
FW-TRAI-TAN-UK7,Delhi Store,55,0,2.5,14,"Rs. 4,999",Trail Grip,TAN,UK7
FW-TRAI-TAN-UK7,Bengaluru Store,70,0,2.1,10,"4,999.00",Trail Grip,TAN,UK7
FW-TRAI-TAN-UK7,Hyderabad Store,3,0,0.2,10,"Rs. 4,999",Trail Grip,TAN,UK7
FW-TRAI-TAN-UK7,Chennai Store,25,0,1.5,10,"4,999.00",Trail Grip,TAN,UK7
FW-TRAI-TAN-UK7,Kolkata Store,2,7,0.6,21,4999,Trail Grip,TAN,UK7
FW-TRAI-TAN-UK7,Pune Store,75,0,2.8,21,"4,999.00",Trail Grip,TAN,UK7
FW-TRAI-TAN-UK7,Ahmedabad Store,89,0,2.3,21,4999,Trail Grip,TAN,UK7
FW-TRAI-TAN-UK7,Jaipur Store,1,0,2.9,10,4999,Trail Grip,TAN,UK7
FW-TRAI-TAN-UK7,Lucknow Store,4,0,0.4,21,"4,999.00",Trail Grip,TAN,UK7
FW-TRAI-TAN-UK7,Surat Store,31,0,1.6,10,4999,Trail Grip,TAN,UK7
FW-TRAI-TAN-UK7,Indore Store,41,11,1.6,14,"Rs. 4,999",Trail Grip,TAN,UK7
FW-TRAI-TAN-UK7,Nagpur Store,19,0,2.9,14,"₹4,999",Trail Grip,TAN,UK7
FW-TRAI-TAN-UK7,Kochi Store,28,21,2.2,14,"Rs. 4,999",Trail Grip,TAN,UK7
FW-TRAI-TAN-UK7,Chandigarh Store,44,0,0.7,21,4999,Trail Grip,TAN,UK7
FW-TRAI-TAN-UK7,Bhopal Store,55,0,2.4,10,"₹4,999",Trail Grip,TAN,UK7
FW-TRAI-TAN-UK7,Patna Store,76,0,2.6,10,"₹4,999",Trail Grip,TAN,UK7
FW-TRAI-TAN-UK7,Vadodara Store,36,0,0.9,21,4999,Trail Grip,TAN,UK7
FW-TRAI-TAN-UK7,Ludhiana Store,19,0,1.8,21,"₹4,999",Trail Grip,TAN,UK7
FW-TRAI-TAN-UK7,Agra Store,61,0,1.8,21,4999,Trail Grip,TAN,UK7
FW-TRAI-TAN-UK7,Nashik Store,99,0,2.5,14,"₹4,999",Trail Grip,TAN,UK7
FW-TRAI-TAN-UK7,Meerut Store,88,0,2.1,14,"Rs. 4,999",Trail Grip,TAN,UK7
FW-TRAI-TAN-UK7,Rajkot Store, 12 ,0,0.4,14,"₹4,999",Trail Grip,TAN,UK7
FW-TRAI-TAN-UK7,Varanasi Store,10,0,0.3,14,4999,Trail Grip,TAN,UK7
FW-TRAI-TAN-UK7,Amritsar Store,2,0,0.5,21,"4,999.00",Trail Grip,TAN,UK7
FW-TRAI-TAN-UK7,Noida Store,21,0,0.4,,"₹4,999",Trail Grip,TAN,UK7
FW-TRAI-TAN-UK7,Gurugram Store,20,0,1.3,14,4999,Trail Grip,TAN,UK7
FW-TRAI-TAN-UK7,Coimbatore Store,0,0,0.7,21,4999,Trail Grip,TAN,UK7
FW-TRAI-TAN-UK7,Madurai Store,65,0,2.1,10,"₹4,999",Trail Grip,TAN,UK7
FW-TRAI-TAN-UK7,Guwahati Store,1,0,2.7,14,"4,999.00",Trail Grip,TAN,UK7
FW-TRAI-TAN-UK8,Mumbai Store,141,0,2.4,21,"₹1,499",Trail Grip,TAN,UK8
FW-TRAI-TAN-UK8,Delhi Store,159,0,2.5,21,1499,Trail Grip,TAN,UK8
FW-TRAI-TAN-UK8,Bengaluru Store,16,8,0.3,21,"Rs. 1,499",Trail Grip,TAN,UK8
FW-TRAI-TAN-UK8,Bengaluru Store,16,8,0.3,21,"Rs. 1,499",Trail Grip,TAN,UK8
FW-TRAI-TAN-UK8,Hyderabad Store,61,29,2.0,14,N/A,Trail Grip,TAN,UK8
FW-TRAI-TAN-UK8,Chennai Store,40,7,1.1,14,1499,Trail Grip,TAN,UK8
FW-TRAI-TAN-UK8,Kolkata Store,0,0,1.3,14,"1,499.00",Trail Grip,TAN,UK8
FW-TRAI-TAN-UK8,Pune Store,27,0,2.4,21,1499,Trail Grip,TAN,UK8
FW-TRAI-TAN-UK8,Ahmedabad Store,13,0,0.5,21,"1,499.00",Trail Grip,TAN,UK8
FW-TRAI-TAN-UK8,Jaipur Store,2,0,0.4,14,"Rs. 1,499",Trail Grip,TAN,UK8
FW-TRAI-TAN-UK8,Lucknow Store,14.5,0,2.7,21,1499,Trail Grip,TAN,UK8
FW-TRAI-TAN-UK8,Surat Store,25,0,1.1,21,"1,499.00",Trail Grip,TAN,UK8
FW-TRAI-TAN-UK8,Indore Store,22,0,1.5,14,1499,Trail Grip,TAN,UK8
FW-TRAI-TAN-UK8,Nagpur Store,94,0,2.4,21,"₹1,499",Trail Grip,TAN,UK8
FW-TRAI-TAN-UK8,Kochi Store,14,4,0.5,10,1499,Trail Grip,TAN,UK8
FW-TRAI-TAN-UK8,Chandigarh Store,6,0,0.2,14,"Rs. 1,499",Trail Grip,TAN,UK8
FW-TRAI-TAN-UK8,Bhopal Store,3,0,0.8,14,"₹1,499",Trail Grip,TAN,UK8
FW-TRAI-TAN-UK8,Patna Store,57,0,2.3,10,"1,499.00",Trail Grip,TAN,UK8
FW-TRAI-TAN-UK8,Vadodara Store,9,0,0.9,21,"₹1,499",Trail Grip,TAN,UK8
FW-TRAI-TAN-UK8,Ludhiana Store,0,8,1.0,21,"₹1,499",Trail Grip,TAN,UK8
FW-TRAI-TAN-UK8,Agra Store,14,0,1.7,14,"1,499.00",Trail Grip,TAN,UK8
FW-TRAI-TAN-UK8,Nashik Store,35,0,2.5,14,"Rs. 1,499",Trail Grip,TAN,UK8
FW-TRAI-TAN-UK8,Meerut Store,1,16,1.6,21,1499,Trail Grip,TAN,UK8
FW-TRAI-TAN-UK8,Rajkot Store,2,0,1.6,14,"Rs. 1,499",Trail Grip,TAN,UK8
FW-TRAI-TAN-UK8,Varanasi Store,27,12,2.2,10,"₹1,499",Trail Grip,TAN,UK8
FW-TRAI-TAN-UK8,Amritsar Store,25,0,1.0,10,1499,Trail Grip,TAN,UK8
FW-TRAI-TAN-UK8,Noida Store,38,-10,1.3,14,1499,Trail Grip,TAN,UK8
FW-TRAI-TAN-UK8,Gurugram Store,9,6,0.5,10,1499,Trail Grip,TAN,UK8
FW-TRAI-TAN-UK8,Coimbatore Store,105,0,2.5,21,"₹1,499",Trail Grip,TAN,UK8
FW-TRAI-TAN-UK8,Madurai Store,0,0,0.9,14,1499,Trail Grip,TAN,UK8
FW-TRAI-TAN-UK8,Guwahati Store,41,21,1.2,14,"₹1,499",Trail Grip,TAN,UK8
FW-TRAI-TAN-UK9,Mumbai Store,81,13,2.3,14,"1,499.00",Trail Grip,TAN,UK9
FW-TRAI-TAN-UK9,Delhi Store,43,0,2.9,14,1499,Trail Grip,TAN,UK9
FW-TRAI-TAN-UK9,Bengaluru Store,12,0,0.7,21,"₹1,499",Trail Grip,TAN,UK9
FW-TRAI-TAN-UK9,Hyderabad Store,21,15,0.8,21,"₹1,499",Trail Grip,TAN,UK9
FW-TRAI-TAN-UK9,Chennai Store,77,35,,21,"1,499.00",Trail Grip,TAN,UK9
FW-TRAI-TAN-UK9,Kolkata Store,62,0,2.9,14,"₹1,499",Trail Grip,TAN,UK9
FW-TRAI-TAN-UK9,Pune Store,181,0,2.7,21,1499,Trail Grip,TAN,UK9
FW-TRAI-TAN-UK9,Ahmedabad Store,28,0,0.9,10,"₹1,499",Trail Grip,TAN,UK9
FW-TRAI-TAN-UK9,Jaipur Store,13,0,0.4,21,1499,Trail Grip,TAN,UK9
FW-TRAI-TAN-UK9,Lucknow Store,13,0,2.8,10 days,1499,Trail Grip,TAN,UK9
FW-TRAI-TAN-UK9,Surat Store,57,0,1.5,14,"Rs. 1,499",Trail Grip,TAN,UK9
FW-TRAI-TAN-UK9,Indore Store,10,0,2.2,21,"Rs. 1,499",Trail Grip,TAN,UK9
FW-TRAI-TAN-UK9,Nagpur Store,40,0,1.5,10,1499,Trail Grip,TAN,UK9
FW-TRAI-TAN-UK9,Kochi Store,6,0,0.4,21,"1,499.00",Trail Grip,TAN,UK9
FW-TRAI-TAN-UK9,Chandigarh Store,5,3,0.5,14,1499,Trail Grip,TAN,UK9
FW-TRAI-TAN-UK9,Bhopal Store,33,0,0.6,21,1499,Trail Grip,TAN,UK9
FW-TRAI-TAN-UK9,Patna Store,4,0,0.2,10,"Rs. 1,499",Trail Grip,TAN,UK9
FW-TRAI-TAN-UK9,Vadodara Store,19,0,1.1,14,1499,Trail Grip,TAN,UK9
FW-TRAI-TAN-UK9,Ludhiana Store,42,0,2.7,10,1499,Trail Grip,TAN,UK9
FW-TRAI-TAN-UK9,Agra Store,80,0,2.6,21,1499,Trail Grip,TAN,UK9
FW-TRAI-TAN-UK9,Nashik Store,55,0,1.9,14,1499,Trail Grip,TAN,UK9
FW-TRAI-TAN-UK9,Meerut Store,0,0,0.2,10,"Rs. 1,499",Trail Grip,TAN,UK9
FW-TRAI-TAN-UK9,Rajkot Store,2,0,0.6,14,1499,Trail Grip,TAN,UK9
FW-TRAI-TAN-UK9,Varanasi Store, 63 ,0,1.9,10,1499,Trail Grip,TAN,UK9
FW-TRAI-TAN-UK9,Amritsar Store,31,11,1.3,21,1499,Trail Grip,TAN,UK9
FW-TRAI-TAN-UK9,Noida Store,19,0,0.8,14,"₹1,499",Trail Grip,TAN,UK9
FW-TRAI-TAN-UK9,Gurugram Store,(7),0,0.5,14,1499,Trail Grip,TAN,UK9
FW-TRAI-TAN-UK9,Coimbatore Store,8,0,0.6,10,"Rs. 1,499",Trail Grip,TAN,UK9
FW-TRAI-TAN-UK9,Madurai Store, 26 ,23,2.8,14,"₹1,499",Trail Grip,TAN,UK9
FW-TRAI-TAN-UK9,Guwahati Store,6,0,3.0,10,"₹1,499",Trail Grip,TAN,UK9
FW-TRAI-TAN-UK10,Mumbai Store,32,0,0.9,14,"₹4,999",Trail Grip,TAN,UK10
FW-TRAI-TAN-UK10,Delhi Store,105,0,2.9,21,4999,Trail Grip,TAN,UK10
FW-TRAI-TAN-UK10,Bengaluru Store,83.5,0,1.7,21,N/A,Trail Grip,TAN,UK10
FW-TRAI-TAN-UK10,Hyderabad Store,0, 3 ,0.2,14,"₹4,999",Trail Grip,TAN,UK10
,Chennai Store,14,0,1.0,14,"₹4,999",Trail Grip,TAN,UK10
FW-TRAI-TAN-UK10,Kolkata Store,34,25,1.0,21,"4,999.00",Trail Grip,TAN,UK10
FW-TRAI-TAN-UK10,Pune Store,1,10,0.7,21,4999,Trail Grip,TAN,UK10
FW-TRAI-TAN-UK10,Ahmedabad Store, 25 ,0,0.9,14,4999,Trail Grip,TAN,UK10
FW-TRAI-TAN-UK10,Jaipur Store,2,0,1.0,,4999,Trail Grip,TAN,UK10
FW-TRAI-TAN-UK10,Lucknow Store,3,0,0.2,21,4999,Trail Grip,TAN,UK10
FW-TRAI-TAN-UK10,Surat Store,77,16,1.5,21,"Rs. 4,999",Trail Grip,TAN,UK10
FW-TRAI-TAN-UK10,Indore Store,7,0,1.9,14,"Rs. 4,999",Trail Grip,TAN,UK10
FW-TRAI-TAN-UK10,Nagpur Store,97,0,1.9,21,"₹4,999",Trail Grip,TAN,UK10
FW-TRAI-TAN-UK10,Kochi Store,2,0,2.5,21,4999,Trail Grip,TAN,UK10
FW-TRAI-TAN-UK10,Chandigarh Store,173,0,2.5,21,"₹4,999",Trail Grip,TAN,UK10
FW-TRAI-TAN-UK10,Bhopal Store,74,68,2.6,21,4999,Trail Grip,TAN,UK10
FW-TRAI-TAN-UK10,Patna Store,59,0,1.6,14,"4,999.00",Trail Grip,TAN,UK10
FW-TRAI-TAN-UK10,Vadodara Store,66,0,2.0,10,4999,Trail Grip,TAN,UK10
FW-TRAI-TAN-UK10,Ludhiana Store,13,38,2.1,14,"₹4,999",Trail Grip,TAN,UK10
FW-TRAI-TAN-UK10,Agra Store,6,0,2.9,14,"₹4,999",Trail Grip,TAN,UK10
FW-TRAI-TAN-UK10,Nashik Store,21,0,0.7,10,4999,Trail Grip,TAN,UK10
FW-TRAI-TAN-UK10,Meerut Store,30,39,2.7,14,"Rs. 4,999",Trail Grip,TAN,UK10
FW-TRAI-TAN-UK10,Rajkot Store,1,0,1.8,10,"4,999.00",Trail Grip,TAN,UK10
FW-TRAI-TAN-UK10,Varanasi Store,77,0,2.4,10,"₹4,999",Trail Grip,TAN,UK10
FW-TRAI-TAN-UK10,Amritsar Store,8,10,2.0,10,"Rs. 4,999",Trail Grip,TAN,UK10
FW-TRAI-TAN-UK10,Noida Store,11,14,1.2,10,4999,Trail Grip,TAN,UK10
FW-TRAI-TAN-UK10,Gurugram Store,17,0,2.8,21,4999,Trail Grip,TAN,UK10
FW-TRAI-TAN-UK10,Coimbatore Store,46,0,2.0,14,"Rs. 4,999",Trail Grip,TAN,UK10
FW-TRAI-TAN-UK10,Madurai Store, 4 ,0,0.3,10,4999,Trail Grip,TAN,UK10
FW-TRAI-TAN-UK10,Guwahati Store,44,0,1.8,21,"₹4,999",Trail Grip,TAN,UK10
FW-TRAI-TAN-UK11,Mumbai Store, 39 ,0,0.6,21,"₹3,499",Trail Grip,TAN,UK11
FW-TRAI-TAN-UK11,Delhi Store,70,0,2.3,10,"3,499.00",Trail Grip,TAN,UK11
FW-TRAI-TAN-UK11,Bengaluru Store,27,0,2.3,21,"₹3,499",Trail Grip,TAN,UK11
FW-TRAI-TAN-UK11,Hyderabad Store,68,0,2.4,14,"3,499.00",Trail Grip,TAN,UK11
FW-TRAI-TAN-UK11,Chennai Store,30,7,0.5,21,3499,Trail Grip,TAN,UK11
FW-TRAI-TAN-UK11,Kolkata Store,47,23,1.8,10,"3,499.00",Trail Grip,TAN,UK11
FW-TRAI-TAN-UK11,Pune Store,38,-13,1.5,14,"Rs. 3,499",Trail Grip,TAN,UK11
FW-TRAI-TAN-UK11,Ahmedabad Store,12,0,0.7,10,"Rs. 3,499",Trail Grip,TAN,UK11
FW-TRAI-TAN-UK11,Jaipur Store, 30 ,0,2.4,21,"₹3,499",Trail Grip,TAN,UK11
FW-TRAI-TAN-UK11,Lucknow Store,47,0,1.7,21,3499,Trail Grip,TAN,UK11
FW-TRAI-TAN-UK11,Lucknow Store,47,0,1.7,21,3499,Trail Grip,TAN,UK11
FW-TRAI-TAN-UK11,Surat Store,122,0,2.8,14,"₹3,499",Trail Grip,TAN,UK11
FW-TRAI-TAN-UK11,Indore Store,8,0,2.6,14,"Rs. 3,499",Trail Grip,TAN,UK11
FW-TRAI-TAN-UK11,Nagpur Store,0,0,0.2,14,"Rs. 3,499",Trail Grip,TAN,UK11
FW-TRAI-TAN-UK11,Kochi Store,23,0,2.0,10,3499,Trail Grip,TAN,UK11
FW-TRAI-TAN-UK11,Chandigarh Store,18,0,2.1,21,3499,Trail Grip,TAN,UK11
FW-TRAI-TAN-UK11,Bhopal Store, 4 ,0,0.4,10,3499,Trail Grip,TAN,UK11
FW-TRAI-TAN-UK11,Patna Store,5,0,1.0,21,3499,Trail Grip,TAN,UK11
FW-TRAI-TAN-UK11,Vadodara Store,13,0,1.6,10,"3,499.00",Trail Grip,TAN,UK11
FW-TRAI-TAN-UK11,Ludhiana Store,1,0,0.4,14,3499,Trail Grip,TAN,UK11
FW-TRAI-TAN-UK11,Agra Store,79,25,1.8,14,3499,Trail Grip,TAN,UK11
FW-TRAI-TAN-UK11,Nashik Store,45,22,1.7,14,3499,Trail Grip,TAN,UK11
FW-TRAI-TAN-UK11,Meerut Store,69,0,1.2,21,3499,Trail Grip,TAN,UK11
FW-TRAI-TAN-UK11,Rajkot Store,20,12,1.3,10,3499,Trail Grip,TAN,UK11
FW-TRAI-TAN-UK11,Varanasi Store,1,19,0.7,21,3499,Trail Grip,TAN,UK11
FW-TRAI-TAN-UK11,Amritsar Store,6,0,0.9,10,3499,Trail Grip,TAN,UK11
FW-TRAI-TAN-UK11,Noida Store,20.5,0,0.6,21,"3,499.00",Trail Grip,TAN,UK11
FW-TRAI-TAN-UK11,Gurugram Store,28,0,2.5,21,3499,Trail Grip,TAN,UK11
FW-TRAI-TAN-UK11,Coimbatore Store,30,0,,14,"3,499.00",Trail Grip,TAN,UK11
FW-TRAI-TAN-UK11,Madurai Store,79,0,2.6,21 days,"₹3,499",Trail Grip,TAN,UK11
FW-TRAI-TAN-UK11,Guwahati Store,38,0,1.5,21,3499,Trail Grip,TAN,UK11
FW-LOAF-BLK-UK6,Mumbai Store,64,0,1.4,14,1499,Loafer Prime,BLK,UK6
FW-LOAF-BLK-UK6,Delhi Store,34,19,0.7,21,N/A,Loafer Prime,BLK,UK6
FW-LOAF-BLK-UK6,Bengaluru Store,6,0,0.3,14,"₹1,499",Loafer Prime,BLK,UK6
FW-LOAF-BLK-UK6,Hyderabad Store,28,0,0.7,21,"Rs. 1,499",Loafer Prime,BLK,UK6
FW-LOAF-BLK-UK6,Chennai Store, 34 ,0,1.7,10,"1,499.00",Loafer Prime,BLK,UK6
FW-LOAF-BLK-UK6,Kolkata Store,103,0,2.8,14,"₹1,499",Loafer Prime,BLK,UK6
FW-LOAF-BLK-UK6,Pune Store,4,0,0.8,14,"₹1,499",Loafer Prime,BLK,UK6
FW-LOAF-BLK-UK6,Ahmedabad Store,29,0,2.7,14,"₹1,499",Loafer Prime,BLK,UK6
FW-LOAF-BLK-UK6,Jaipur Store,45,27,1.9,14,1499,Loafer Prime,BLK,UK6
FW-LOAF-BLK-UK6,Lucknow Store,70,0,2.4,10,"Rs. 1,499",Loafer Prime,BLK,UK6
FW-LOAF-BLK-UK6,Surat Store, 45 ,0,0.7,21,"₹1,499",Loafer Prime,BLK,UK6
FW-LOAF-BLK-UK6,Indore Store,90,32,2.9,10,"₹1,499",Loafer Prime,BLK,UK6
FW-LOAF-BLK-UK6,Nagpur Store,30,0,0.7,21,"1,499.00",Loafer Prime,BLK,UK6
FW-LOAF-BLK-UK6,Kochi Store,93,0,2.8,14,"₹1,499",Loafer Prime,BLK,UK6
FW-LOAF-BLK-UK6,Chandigarh Store,74,0,2.7,10,"₹1,499",Loafer Prime,BLK,UK6
FW-LOAF-BLK-UK6,Bhopal Store,36,0,1.7,10,1499,Loafer Prime,BLK,UK6
FW-LOAF-BLK-UK6,Patna Store,24,5,0.5,21,"₹1,499",Loafer Prime,BLK,UK6
FW-LOAF-BLK-UK6,Vadodara Store,15,0,1.5,10,"₹1,499",Loafer Prime,BLK,UK6
FW-LOAF-BLK-UK6,Ludhiana Store,20,14,0.9,14,"1,499.00",Loafer Prime,BLK,UK6
FW-LOAF-BLK-UK6,Agra Store,43,0,1.2,14,1499,Loafer Prime,BLK,UK6
FW-LOAF-BLK-UK6,Nashik Store,59,0,1.7,21,"₹1,499",Loafer Prime,BLK,UK6
FW-LOAF-BLK-UK6,Meerut Store,43,56,2.8,,1499,Loafer Prime,BLK,UK6
FW-LOAF-BLK-UK6,Rajkot Store,37,0,2.4,10,"1,499.00",Loafer Prime,BLK,UK6
FW-LOAF-BLK-UK6,Varanasi Store,63,0,1.9,14,"₹1,499",Loafer Prime,BLK,UK6
FW-LOAF-BLK-UK6,Amritsar Store,56,0,1.3,14,1499,Loafer Prime,BLK,UK6
FW-LOAF-BLK-UK6,Noida Store,(1),0,1.1,14,"₹1,499",Loafer Prime,BLK,UK6
FW-LOAF-BLK-UK6,Gurugram Store,50,65,2.5,21,1499,Loafer Prime,BLK,UK6
FW-LOAF-BLK-UK6,Coimbatore Store,20,0,1.9,10,"1,499.00",Loafer Prime,BLK,UK6
FW-LOAF-BLK-UK6,Madurai Store,3,0,2.5,10,1499,Loafer Prime,BLK,UK6
FW-LOAF-BLK-UK6,Guwahati Store,36,10,0.8,21,"Rs. 1,499",Loafer Prime,BLK,UK6
FW-LOAF-BLK-UK7,Mumbai Store,48,0,2.6,10,"4,999.00",Loafer Prime,BLK,UK7
FW-LOAF-BLK-UK7,Delhi Store,1,11,0.4,21,"₹4,999",Loafer Prime,BLK,UK7
FW-LOAF-BLK-UK7,Bengaluru Store,81,0,2.9,10,4999,Loafer Prime,BLK,UK7
FW-LOAF-BLK-UK7,Hyderabad Store,62, 27 ,2.0,14,"₹4,999",Loafer Prime,BLK,UK7
FW-LOAF-BLK-UK7,Chennai Store,39,0,2.7,10,4999,Loafer Prime,BLK,UK7
FW-LOAF-BLK-UK7,Kolkata Store,18,0,0.7,14,"₹4,999",Loafer Prime,BLK,UK7
FW-LOAF-BLK-UK7,Pune Store,30,0,1.0,10,4999,Loafer Prime,BLK,UK7
FW-LOAF-BLK-UK7,Ahmedabad Store,16,4,0.4,21,4999,Loafer Prime,BLK,UK7
FW-LOAF-BLK-UK7,Jaipur Store,69,0,1.7,14,"Rs. 4,999",Loafer Prime,BLK,UK7
FW-LOAF-BLK-UK7,Lucknow Store,37,0,0.8,14,4999,Loafer Prime,BLK,UK7
FW-LOAF-BLK-UK7,Surat Store,48,0,2.8,10,"₹4,999",Loafer Prime,BLK,UK7
FW-LOAF-BLK-UK7,Indore Store,41,0,2.3,21,"₹4,999",Loafer Prime,BLK,UK7
FW-LOAF-BLK-UK7,Nagpur Store,22,0,1.6,21,"Rs. 4,999",Loafer Prime,BLK,UK7
FW-LOAF-BLK-UK7,Kochi Store,54,18,0.9,21,4999,Loafer Prime,BLK,UK7
FW-LOAF-BLK-UK7,Chandigarh Store,10,0,2.0,10,4999,Loafer Prime,BLK,UK7
,Bhopal Store,15,0,0.8,10,4999,Loafer Prime,BLK,UK7
FW-LOAF-BLK-UK7,Patna Store,3,0,1.2,10,"Rs. 4,999",Loafer Prime,BLK,UK7
FW-LOAF-BLK-UK7,Vadodara Store,102,-3,2.4,14,"Rs. 4,999",Loafer Prime,BLK,UK7
FW-LOAF-BLK-UK7,Ludhiana Store,8.5,4,0.6,10,4999,Loafer Prime,BLK,UK7
FW-LOAF-BLK-UK7,Agra Store,24,0,0.4,21,"Rs. 4,999",Loafer Prime,BLK,UK7
FW-LOAF-BLK-UK7,Nashik Store,24,0,1.7,21,4999,Loafer Prime,BLK,UK7
FW-LOAF-BLK-UK7,Meerut Store,27,31,2.5,14,4999,Loafer Prime,BLK,UK7
FW-LOAF-BLK-UK7,Rajkot Store,10,0,0.4,10,"₹4,999",Loafer Prime,BLK,UK7
FW-LOAF-BLK-UK7,Varanasi Store,9,22,1.3,14,4999,Loafer Prime,BLK,UK7
FW-LOAF-BLK-UK7,Amritsar Store,97,0,1.5,21,4999,Loafer Prime,BLK,UK7
FW-LOAF-BLK-UK7,Noida Store,11,0,0.5,10,4999,Loafer Prime,BLK,UK7
FW-LOAF-BLK-UK7,Gurugram Store, 47 ,0,2.7,10,"Rs. 4,999",Loafer Prime,BLK,UK7
FW-LOAF-BLK-UK7,Coimbatore Store,99,0,2.9,21,"Rs. 4,999",Loafer Prime,BLK,UK7
FW-LOAF-BLK-UK7,Madurai Store,125,0,2.0,21,4999,Loafer Prime,BLK,UK7
FW-LOAF-BLK-UK7,Guwahati Store,8,0,0.8,10,"₹4,999",Loafer Prime,BLK,UK7
FW-LOAF-BLK-UK8,Mumbai Store,166,76,3.0,21,N/A,Loafer Prime,BLK,UK8
FW-LOAF-BLK-UK8,Delhi Store,6,7,1.0,10,"₹4,999",Loafer Prime,BLK,UK8
FW-LOAF-BLK-UK8,Bengaluru Store,46,0,1.6,14,4999,Loafer Prime,BLK,UK8
FW-LOAF-BLK-UK8,Hyderabad Store, 23 ,0,1.1,21,"₹4,999",Loafer Prime,BLK,UK8
FW-LOAF-BLK-UK8,Chennai Store,107, 36 ,2.9,21,4999,Loafer Prime,BLK,UK8
FW-LOAF-BLK-UK8,Kolkata Store,8,0,1.2,10,"4,999.00",Loafer Prime,BLK,UK8
FW-LOAF-BLK-UK8,Pune Store,39,0,1.4,10,4999,Loafer Prime,BLK,UK8
FW-LOAF-BLK-UK8,Ahmedabad Store,1,0,0.6,21,"₹4,999",Loafer Prime,BLK,UK8
FW-LOAF-BLK-UK8,Jaipur Store,66,0,2.1,10,4999,Loafer Prime,BLK,UK8
FW-LOAF-BLK-UK8,Lucknow Store,0,0,1.5,14,4999,Loafer Prime,BLK,UK8
FW-LOAF-BLK-UK8,Surat Store,19,0,2.1,14,"₹4,999",Loafer Prime,BLK,UK8
FW-LOAF-BLK-UK8,Indore Store,122,0,2.0,21,"₹4,999",Loafer Prime,BLK,UK8
FW-LOAF-BLK-UK8,Nagpur Store,1,0,2.8,14,4999,Loafer Prime,BLK,UK8
FW-LOAF-BLK-UK8,Kochi Store,109,19,2.3,21,4999,Loafer Prime,BLK,UK8
FW-LOAF-BLK-UK8,Chandigarh Store,20,0,0.9,14,"Rs. 4,999",Loafer Prime,BLK,UK8
FW-LOAF-BLK-UK8,Bhopal Store,35,0,1.3,14,"₹4,999",Loafer Prime,BLK,UK8
FW-LOAF-BLK-UK8,Patna Store,25,0,0.9,21,4999,Loafer Prime,BLK,UK8
FW-LOAF-BLK-UK8,Patna Store,25,0,0.9,21,4999,Loafer Prime,BLK,UK8
FW-LOAF-BLK-UK8,Vadodara Store,6,0,2.1,21 days,4999,Loafer Prime,BLK,UK8
FW-LOAF-BLK-UK8,Ludhiana Store,56,0,1.0,21,"₹4,999",Loafer Prime,BLK,UK8
FW-LOAF-BLK-UK8,Agra Store,55,28,2.3,14,"4,999.00",Loafer Prime,BLK,UK8
FW-LOAF-BLK-UK8,Nashik Store,18,0,,14,"Rs. 4,999",Loafer Prime,BLK,UK8
FW-LOAF-BLK-UK8,Meerut Store,67,0,1.8,21,4999,Loafer Prime,BLK,UK8
FW-LOAF-BLK-UK8,Rajkot Store,4,0,0.5,14,4999,Loafer Prime,BLK,UK8
FW-LOAF-BLK-UK8,Varanasi Store, 54 ,0,2.3,10,"Rs. 4,999",Loafer Prime,BLK,UK8
FW-LOAF-BLK-UK8,Amritsar Store,58,64,3.0,21,"₹4,999",Loafer Prime,BLK,UK8
FW-LOAF-BLK-UK8,Noida Store,74,0,2.0,14,"₹4,999",Loafer Prime,BLK,UK8
FW-LOAF-BLK-UK8,Gurugram Store,67,0,2.4,21,"₹4,999",Loafer Prime,BLK,UK8
FW-LOAF-BLK-UK8,Coimbatore Store, 27 ,0,2.1,14,4999,Loafer Prime,BLK,UK8
FW-LOAF-BLK-UK8,Madurai Store,44,0,2.6,10,"₹4,999",Loafer Prime,BLK,UK8
FW-LOAF-BLK-UK8,Guwahati Store,8,3,0.3,21,4999,Loafer Prime,BLK,UK8
FW-LOAF-BLK-UK9,Mumbai Store,61,0,1.5,14,1499,Loafer Prime,BLK,UK9
FW-LOAF-BLK-UK9,Delhi Store,9,0,0.4,14,"₹1,499",Loafer Prime,BLK,UK9
FW-LOAF-BLK-UK9,Bengaluru Store,0,16,2.8,10,1499,Loafer Prime,BLK,UK9
FW-LOAF-BLK-UK9,Hyderabad Store,16,0,1.0,10,1499,Loafer Prime,BLK,UK9
FW-LOAF-BLK-UK9,Chennai Store,12,0,0.4,,"₹1,499",Loafer Prime,BLK,UK9
FW-LOAF-BLK-UK9,Kolkata Store,50,0,1.6,21,1499,Loafer Prime,BLK,UK9
FW-LOAF-BLK-UK9,Pune Store,26,0,1.4,10,"1,499.00",Loafer Prime,BLK,UK9
FW-LOAF-BLK-UK9,Ahmedabad Store,3,5,0.4,10,"1,499.00",Loafer Prime,BLK,UK9
FW-LOAF-BLK-UK9,Jaipur Store,67,0,1.6,14,"₹1,499",Loafer Prime,BLK,UK9
FW-LOAF-BLK-UK9,Lucknow Store,194,0,2.8,21,"Rs. 1,499",Loafer Prime,BLK,UK9
FW-LOAF-BLK-UK9,Surat Store,25,0,2.6,10,"Rs. 1,499",Loafer Prime,BLK,UK9
FW-LOAF-BLK-UK9,Indore Store,37.5,0,2.3,14,1499,Loafer Prime,BLK,UK9
FW-LOAF-BLK-UK9,Nagpur Store,9,0,1.3,21,1499,Loafer Prime,BLK,UK9
FW-LOAF-BLK-UK9,Kochi Store,0,11,1.3,10,1499,Loafer Prime,BLK,UK9
FW-LOAF-BLK-UK9,Chandigarh Store,86,0,2.9,10,"₹1,499",Loafer Prime,BLK,UK9
FW-LOAF-BLK-UK9,Bhopal Store,52,0,1.6,10,1499,Loafer Prime,BLK,UK9
FW-LOAF-BLK-UK9,Patna Store,6,0,0.7,14,1499,Loafer Prime,BLK,UK9
FW-LOAF-BLK-UK9,Vadodara Store,34,0,1.9,10,"Rs. 1,499",Loafer Prime,BLK,UK9
FW-LOAF-BLK-UK9,Ludhiana Store,0,0,0.3,14,1499,Loafer Prime,BLK,UK9
FW-LOAF-BLK-UK9,Agra Store,24,0,2.7,10,"₹1,499",Loafer Prime,BLK,UK9
FW-LOAF-BLK-UK9,Nashik Store,67,0,1.5,21,"Rs. 1,499",Loafer Prime,BLK,UK9
FW-LOAF-BLK-UK9,Meerut Store,51,0,1.2,14,1499,Loafer Prime,BLK,UK9
FW-LOAF-BLK-UK9,Rajkot Store,20,0,2.2,14,"Rs. 1,499",Loafer Prime,BLK,UK9
FW-LOAF-BLK-UK9,Varanasi Store,31,0,0.7,14,"₹1,499",Loafer Prime,BLK,UK9
FW-LOAF-BLK-UK9,Amritsar Store,(1),0,2.3,10,1499,Loafer Prime,BLK,UK9
FW-LOAF-BLK-UK9,Noida Store,0,0,2.9,10,"₹1,499",Loafer Prime,BLK,UK9
FW-LOAF-BLK-UK9,Gurugram Store,14,0,2.1,10,1499,Loafer Prime,BLK,UK9
FW-LOAF-BLK-UK9,Coimbatore Store,119,0,2.4,21,"₹1,499",Loafer Prime,BLK,UK9
FW-LOAF-BLK-UK9,Madurai Store,61,-4,2.2,14,1499,Loafer Prime,BLK,UK9
FW-LOAF-BLK-UK9,Guwahati Store,81,0,2.1,21,N/A,Loafer Prime,BLK,UK9
FW-LOAF-BLK-UK10,Mumbai Store,5,0,0.5,10,2299,Loafer Prime,BLK,UK10
FW-LOAF-BLK-UK10,Delhi Store,50,0,1.3,14,2299,Loafer Prime,BLK,UK10
FW-LOAF-BLK-UK10,Bengaluru Store,63,25,2.3,14,"Rs. 2,299",Loafer Prime,BLK,UK10
FW-LOAF-BLK-UK10,Hyderabad Store,43,8,1.3,10,2299,Loafer Prime,BLK,UK10
FW-LOAF-BLK-UK10,Chennai Store,56,0,1.2,21,"Rs. 2,299",Loafer Prime,BLK,UK10
FW-LOAF-BLK-UK10,Kolkata Store,22,14,2.6,10,"₹2,299",Loafer Prime,BLK,UK10
FW-LOAF-BLK-UK10,Pune Store,18,16,1.5,10,"₹2,299",Loafer Prime,BLK,UK10
FW-LOAF-BLK-UK10,Ahmedabad Store,17,0,1.8,14,2299,Loafer Prime,BLK,UK10
FW-LOAF-BLK-UK10,Jaipur Store,84,0,1.9,21,"₹2,299",Loafer Prime,BLK,UK10
FW-LOAF-BLK-UK10,Lucknow Store,82,0,1.9,14,"₹2,299",Loafer Prime,BLK,UK10
FW-LOAF-BLK-UK10,Surat Store,113,0,3.0,14,2299,Loafer Prime,BLK,UK10
FW-LOAF-BLK-UK10,Indore Store,4,0,0.3,14,2299,Loafer Prime,BLK,UK10
FW-LOAF-BLK-UK10,Nagpur Store,17,13,1.5,10,"2,299.00",Loafer Prime,BLK,UK10
FW-LOAF-BLK-UK10,Kochi Store,66,0,2.5,10,"₹2,299",Loafer Prime,BLK,UK10
FW-LOAF-BLK-UK10,Chandigarh Store,61,16,1.9,10,"₹2,299",Loafer Prime,BLK,UK10
FW-LOAF-BLK-UK10,Bhopal Store,30,5,0.7,14,2299,Loafer Prime,BLK,UK10
FW-LOAF-BLK-UK10,Patna Store,69,0,2.5,21,"₹2,299",Loafer Prime,BLK,UK10
FW-LOAF-BLK-UK10,Vadodara Store,36,0,1.3,10,"Rs. 2,299",Loafer Prime,BLK,UK10
FW-LOAF-BLK-UK10,Ludhiana Store,64,48,2.6,14,"₹2,299",Loafer Prime,BLK,UK10
FW-LOAF-BLK-UK10,Agra Store,8,4,0.4,14,"₹2,299",Loafer Prime,BLK,UK10
FW-LOAF-BLK-UK10,Nashik Store,24,21,1.6,14,"₹2,299",Loafer Prime,BLK,UK10
FW-LOAF-BLK-UK10,Meerut Store,16,0,2.6,10,"Rs. 2,299",Loafer Prime,BLK,UK10
FW-LOAF-BLK-UK10,Rajkot Store,2,0,1.2,10,2299,Loafer Prime,BLK,UK10
FW-LOAF-BLK-UK10,Varanasi Store,3,1,0.2,21,2299,Loafer Prime,BLK,UK10
FW-LOAF-BLK-UK10,Amritsar Store, 11 ,0,2.3,10,2299,Loafer Prime,BLK,UK10
FW-LOAF-BLK-UK10,Noida Store,38,0,1.8,21,"₹2,299",Loafer Prime,BLK,UK10
,Gurugram Store,13,0,0.8,10,2299,Loafer Prime,BLK,UK10
FW-LOAF-BLK-UK10,Coimbatore Store,9,0,0.4,14,2299,Loafer Prime,BLK,UK10
FW-LOAF-BLK-UK10,Madurai Store, 70 ,0,2.3,10,"2,299.00",Loafer Prime,BLK,UK10
FW-LOAF-BLK-UK10,Guwahati Store,71,19,1.3,21,2299,Loafer Prime,BLK,UK10
FW-LOAF-BLK-UK11,Mumbai Store,82,19,2.4,14,"2,299.00",Loafer Prime,BLK,UK11
FW-LOAF-BLK-UK11,Delhi Store,16,0,2.7,10,2299,Loafer Prime,BLK,UK11
FW-LOAF-BLK-UK11,Bengaluru Store,16,0,0.8,21,"₹2,299",Loafer Prime,BLK,UK11
FW-LOAF-BLK-UK11,Hyderabad Store,41,0,1.6,10,2299,Loafer Prime,BLK,UK11
FW-LOAF-BLK-UK11,Chennai Store,18.5,0,0.7,14,"₹2,299",Loafer Prime,BLK,UK11
FW-LOAF-BLK-UK11,Kolkata Store,61,0,1.9,10,"Rs. 2,299",Loafer Prime,BLK,UK11
FW-LOAF-BLK-UK11,Pune Store,10,8,1.2,10 days,2299,Loafer Prime,BLK,UK11
FW-LOAF-BLK-UK11,Ahmedabad Store,33,0,1.5,21,"₹2,299",Loafer Prime,BLK,UK11
FW-LOAF-BLK-UK11,Jaipur Store,5,16,0.9,21,"2,299.00",Loafer Prime,BLK,UK11
FW-LOAF-BLK-UK11,Lucknow Store,66,0,1.7,21,2299,Loafer Prime,BLK,UK11
FW-LOAF-BLK-UK11,Surat Store,26,0,2.0,14,2299,Loafer Prime,BLK,UK11
FW-LOAF-BLK-UK11,Indore Store,68,0,1.4,21,"Rs. 2,299",Loafer Prime,BLK,UK11
FW-LOAF-BLK-UK11,Nagpur Store,26,12,0.6,21,"₹2,299",Loafer Prime,BLK,UK11
FW-LOAF-BLK-UK11,Kochi Store,10,0,,10,"₹2,299",Loafer Prime,BLK,UK11
FW-LOAF-BLK-UK11,Chandigarh Store,29,10,0.5,21,2299,Loafer Prime,BLK,UK11
FW-LOAF-BLK-UK11,Bhopal Store,9,0,1.1,21,"Rs. 2,299",Loafer Prime,BLK,UK11
FW-LOAF-BLK-UK11,Patna Store,75,15,2.5,14,"₹2,299",Loafer Prime,BLK,UK11
FW-LOAF-BLK-UK11,Vadodara Store,33,11,1.1,,2299,Loafer Prime,BLK,UK11
FW-LOAF-BLK-UK11,Ludhiana Store,0,0,2.9,14,"2,299.00",Loafer Prime,BLK,UK11
FW-LOAF-BLK-UK11,Agra Store,37,23,1.2,21,"₹2,299",Loafer Prime,BLK,UK11
FW-LOAF-BLK-UK11,Nashik Store,71,0,1.8,14,2299,Loafer Prime,BLK,UK11
FW-LOAF-BLK-UK11,Meerut Store,23,0,0.9,10,2299,Loafer Prime,BLK,UK11
FW-LOAF-BLK-UK11,Rajkot Store,3,0,0.2,10,"₹2,299",Loafer Prime,BLK,UK11
FW-LOAF-BLK-UK11,Varanasi Store,30,0,1.7,21,"₹2,299",Loafer Prime,BLK,UK11
FW-LOAF-BLK-UK11,Varanasi Store,30,0,1.7,21,"₹2,299",Loafer Prime,BLK,UK11
FW-LOAF-BLK-UK11,Amritsar Store,18,0,1.2,10,2299,Loafer Prime,BLK,UK11
FW-LOAF-BLK-UK11,Noida Store,0,0,0.3,21,2299,Loafer Prime,BLK,UK11
FW-LOAF-BLK-UK11,Gurugram Store,19,19,1.5,14,"₹2,299",Loafer Prime,BLK,UK11
FW-LOAF-BLK-UK11,Coimbatore Store,189,0,2.7,21,2299,Loafer Prime,BLK,UK11
FW-LOAF-BLK-UK11,Madurai Store,39,0,1.6,10,N/A,Loafer Prime,BLK,UK11
FW-LOAF-BLK-UK11,Guwahati Store,8,0,1.0,14,"₹2,299",Loafer Prime,BLK,UK11
FW-LOAF-WHT-UK6,Mumbai Store,97,0,2.5,21,"₹4,999",Loafer Prime,WHT,UK6
FW-LOAF-WHT-UK6,Delhi Store,24,0,1.1,10,"Rs. 4,999",Loafer Prime,WHT,UK6
FW-LOAF-WHT-UK6,Bengaluru Store,127,42,2.9,14,"₹4,999",Loafer Prime,WHT,UK6
FW-LOAF-WHT-UK6,Hyderabad Store,45,0,1.7,10,"₹4,999",Loafer Prime,WHT,UK6
FW-LOAF-WHT-UK6,Chennai Store,27,13,1.0,10,4999,Loafer Prime,WHT,UK6
FW-LOAF-WHT-UK6,Kolkata Store,20,32,1.7,14,4999,Loafer Prime,WHT,UK6
FW-LOAF-WHT-UK6,Pune Store,8,0,0.2,21,4999,Loafer Prime,WHT,UK6
FW-LOAF-WHT-UK6,Ahmedabad Store,52,0,1.2,14,4999,Loafer Prime,WHT,UK6
FW-LOAF-WHT-UK6,Jaipur Store,93,34,2.2,14,"₹4,999",Loafer Prime,WHT,UK6
FW-LOAF-WHT-UK6,Lucknow Store,29,-9,0.7,14,4999,Loafer Prime,WHT,UK6
FW-LOAF-WHT-UK6,Surat Store,91,11,2.7,10,4999,Loafer Prime,WHT,UK6
FW-LOAF-WHT-UK6,Indore Store,41,0,2.1,10,4999,Loafer Prime,WHT,UK6
FW-LOAF-WHT-UK6,Nagpur Store,28,0,1.0,14,4999,Loafer Prime,WHT,UK6
FW-LOAF-WHT-UK6,Kochi Store,24,0,0.5,21,4999,Loafer Prime,WHT,UK6
FW-LOAF-WHT-UK6,Chandigarh Store,19,0,1.1,14,4999,Loafer Prime,WHT,UK6
FW-LOAF-WHT-UK6,Bhopal Store,4,7,0.3,21,4999,Loafer Prime,WHT,UK6
FW-LOAF-WHT-UK6,Patna Store,18,0,1.7,21,4999,Loafer Prime,WHT,UK6
FW-LOAF-WHT-UK6,Vadodara Store,29,0,1.9,10,4999,Loafer Prime,WHT,UK6
FW-LOAF-WHT-UK6,Ludhiana Store,0,0,0.4,14,4999,Loafer Prime,WHT,UK6
FW-LOAF-WHT-UK6,Agra Store,54,12,1.8,10,4999,Loafer Prime,WHT,UK6
FW-LOAF-WHT-UK6,Nashik Store,65,0,2.8,10,4999,Loafer Prime,WHT,UK6
FW-LOAF-WHT-UK6,Meerut Store,0,0,2.4,14,"₹4,999",Loafer Prime,WHT,UK6
FW-LOAF-WHT-UK6,Rajkot Store,2,0,1.0,10,4999,Loafer Prime,WHT,UK6
FW-LOAF-WHT-UK6,Varanasi Store,-8,23,1.8,21,"₹4,999",Loafer Prime,WHT,UK6
FW-LOAF-WHT-UK6,Amritsar Store,14,0,0.7,10,"Rs. 4,999",Loafer Prime,WHT,UK6
FW-LOAF-WHT-UK6,Noida Store,94,0,2.7,21,4999,Loafer Prime,WHT,UK6
FW-LOAF-WHT-UK6,Gurugram Store,53,0,2.4,10,"₹4,999",Loafer Prime,WHT,UK6
FW-LOAF-WHT-UK6,Coimbatore Store,87.5,0,1.7,21,"₹4,999",Loafer Prime,WHT,UK6
FW-LOAF-WHT-UK6,Madurai Store,14,0,0.3,14,"4,999.00",Loafer Prime,WHT,UK6
FW-LOAF-WHT-UK6,Guwahati Store,9,0,0.4,21,4999,Loafer Prime,WHT,UK6
FW-LOAF-WHT-UK7,Mumbai Store,86,0,2.1,21,1499,Loafer Prime,WHT,UK7
FW-LOAF-WHT-UK7,Delhi Store,40,0,2.6,10,1499,Loafer Prime,WHT,UK7
FW-LOAF-WHT-UK7,Bengaluru Store,80,0,2.3,21,"Rs. 1,499",Loafer Prime,WHT,UK7
FW-LOAF-WHT-UK7,Hyderabad Store,59,0,2.7,14,"Rs. 1,499",Loafer Prime,WHT,UK7
FW-LOAF-WHT-UK7,Chennai Store,122,0,2.6,14,"₹1,499",Loafer Prime,WHT,UK7
FW-LOAF-WHT-UK7,Kolkata Store,34,0,2.8,10,"Rs. 1,499",Loafer Prime,WHT,UK7
FW-LOAF-WHT-UK7,Pune Store,99,14,1.6,21,"1,499.00",Loafer Prime,WHT,UK7
FW-LOAF-WHT-UK7,Ahmedabad Store,53,0,2.9,14,1499,Loafer Prime,WHT,UK7
FW-LOAF-WHT-UK7,Jaipur Store,37,16,0.6,21,1499,Loafer Prime,WHT,UK7
FW-LOAF-WHT-UK7,Lucknow Store,38,0,1.8,14,1499,Loafer Prime,WHT,UK7
FW-LOAF-WHT-UK7,Surat Store,53,0,1.9,14,"Rs. 1,499",Loafer Prime,WHT,UK7
FW-LOAF-WHT-UK7,Indore Store, 92 ,0,2.1,14,"₹1,499",Loafer Prime,WHT,UK7
FW-LOAF-WHT-UK7,Nagpur Store,40,0,1.0,14,1499,Loafer Prime,WHT,UK7
FW-LOAF-WHT-UK7,Kochi Store,6,1,0.4,10,"₹1,499",Loafer Prime,WHT,UK7
FW-LOAF-WHT-UK7,Chandigarh Store,20,0,1.0,14,1499,Loafer Prime,WHT,UK7
FW-LOAF-WHT-UK7,Bhopal Store,80,0,2.5,14,"Rs. 1,499",Loafer Prime,WHT,UK7
FW-LOAF-WHT-UK7,Patna Store, 72 ,38,1.7,21,"Rs. 1,499",Loafer Prime,WHT,UK7
FW-LOAF-WHT-UK7,Vadodara Store,76,9,1.1,21,"₹1,499",Loafer Prime,WHT,UK7
FW-LOAF-WHT-UK7,Ludhiana Store,19,0,1.1,14,1499,Loafer Prime,WHT,UK7
FW-LOAF-WHT-UK7,Agra Store,51,0,1.6,14,1499,Loafer Prime,WHT,UK7
FW-LOAF-WHT-UK7,Nashik Store,59,0,1.2,21,1499,Loafer Prime,WHT,UK7
FW-LOAF-WHT-UK7,Meerut Store,15,0,0.3,21,1499,Loafer Prime,WHT,UK7
FW-LOAF-WHT-UK7,Rajkot Store,1,9,1.3,14,1499,Loafer Prime,WHT,UK7
FW-LOAF-WHT-UK7,Varanasi Store,17,16,1.4,21,"₹1,499",Loafer Prime,WHT,UK7
FW-LOAF-WHT-UK7,Amritsar Store,80,0,2.8,10,1499,Loafer Prime,WHT,UK7
FW-LOAF-WHT-UK7,Noida Store,41,0,1.0,21 days,1499,Loafer Prime,WHT,UK7
FW-LOAF-WHT-UK7,Gurugram Store,22,0,0.7,21,1499,Loafer Prime,WHT,UK7
FW-LOAF-WHT-UK7,Coimbatore Store,30,0,1.2,21,N/A,Loafer Prime,WHT,UK7
FW-LOAF-WHT-UK7,Madurai Store,82,0,2.1,14,"Rs. 1,499",Loafer Prime,WHT,UK7
FW-LOAF-WHT-UK7,Guwahati Store,3,0,0.4,10,1499,Loafer Prime,WHT,UK7
FW-LOAF-WHT-UK8,Mumbai Store,52,9,2.0,,1499,Loafer Prime,WHT,UK8
FW-LOAF-WHT-UK8,Delhi Store,25,0,1.2,21,"₹1,499",Loafer Prime,WHT,UK8
FW-LOAF-WHT-UK8,Bengaluru Store,20,0,2.0,14,1499,Loafer Prime,WHT,UK8
FW-LOAF-WHT-UK8,Hyderabad Store, 34 ,0,0.8,14,1499,Loafer Prime,WHT,UK8
FW-LOAF-WHT-UK8,Chennai Store,6,0,0.5,14,"₹1,499",Loafer Prime,WHT,UK8
FW-LOAF-WHT-UK8,Kolkata Store,26,8,1.3,10,1499,Loafer Prime,WHT,UK8
FW-LOAF-WHT-UK8,Pune Store,19,0,,10,"₹1,499",Loafer Prime,WHT,UK8
,Ahmedabad Store,60,30,2.9,14,1499,Loafer Prime,WHT,UK8
FW-LOAF-WHT-UK8,Jaipur Store,11,15,1.6,10,1499,Loafer Prime,WHT,UK8
FW-LOAF-WHT-UK8,Lucknow Store,30,17,0.7,21,"Rs. 1,499",Loafer Prime,WHT,UK8
FW-LOAF-WHT-UK8,Surat Store,19,0,0.4,21,"1,499.00",Loafer Prime,WHT,UK8
FW-LOAF-WHT-UK8,Indore Store,19,34,2.5,14,"1,499.00",Loafer Prime,WHT,UK8
FW-LOAF-WHT-UK8,Nagpur Store,3,0,1.4,21,"₹1,499",Loafer Prime,WHT,UK8
FW-LOAF-WHT-UK8,Kochi Store,0,0,2.2,14,1499,Loafer Prime,WHT,UK8
FW-LOAF-WHT-UK8,Chandigarh Store,52,0,2.6,14,"1,499.00",Loafer Prime,WHT,UK8
FW-LOAF-WHT-UK8,Bhopal Store,3,0,0.5,21,"₹1,499",Loafer Prime,WHT,UK8
FW-LOAF-WHT-UK8,Patna Store,30,0,2.3,10,"₹1,499",Loafer Prime,WHT,UK8
FW-LOAF-WHT-UK8,Vadodara Store,2,15,1.7,10,1499,Loafer Prime,WHT,UK8
FW-LOAF-WHT-UK8,Ludhiana Store,38,39,2.9,10,1499,Loafer Prime,WHT,UK8
FW-LOAF-WHT-UK8,Agra Store,23,21,2.3,10,"₹1,499",Loafer Prime,WHT,UK8
FW-LOAF-WHT-UK8,Nashik Store,140.5,-12,2.2,21,"Rs. 1,499",Loafer Prime,WHT,UK8
FW-LOAF-WHT-UK8,Meerut Store,11,0,1.5,14,"1,499.00",Loafer Prime,WHT,UK8
FW-LOAF-WHT-UK8,Rajkot Store,20,0,1.3,10,1499,Loafer Prime,WHT,UK8
FW-LOAF-WHT-UK8,Varanasi Store,3,2,0.2,10,"₹1,499",Loafer Prime,WHT,UK8
FW-LOAF-WHT-UK8,Amritsar Store,7,5,0.4,14,"₹1,499",Loafer Prime,WHT,UK8
FW-LOAF-WHT-UK8,Noida Store,14,0,2.4,10,1499,Loafer Prime,WHT,UK8
FW-LOAF-WHT-UK8,Gurugram Store,41,0,2.9,21,"Rs. 1,499",Loafer Prime,WHT,UK8
FW-LOAF-WHT-UK8,Coimbatore Store,15,0,1.2,10,1499,Loafer Prime,WHT,UK8
FW-LOAF-WHT-UK8,Madurai Store,27,0,0.9,21,1499,Loafer Prime,WHT,UK8
FW-LOAF-WHT-UK8,Guwahati Store,46,0,2.6,10,"1,499.00",Loafer Prime,WHT,UK8
FW-LOAF-WHT-UK9,Mumbai Store,16,0,0.8,10,"4,999.00",Loafer Prime,WHT,UK9
FW-LOAF-WHT-UK9,Mumbai Store,16,0,0.8,10,"4,999.00",Loafer Prime,WHT,UK9
FW-LOAF-WHT-UK9,Delhi Store,21,0,1.8,10,"₹4,999",Loafer Prime,WHT,UK9
FW-LOAF-WHT-UK9,Bengaluru Store,23,0,0.8,10,4999,Loafer Prime,WHT,UK9
FW-LOAF-WHT-UK9,Hyderabad Store,85,0,2.9,10,4999,Loafer Prime,WHT,UK9
FW-LOAF-WHT-UK9,Chennai Store,24,0,2.0,10,"₹4,999",Loafer Prime,WHT,UK9
FW-LOAF-WHT-UK9,Kolkata Store,3,0,0.3,10,"₹4,999",Loafer Prime,WHT,UK9
FW-LOAF-WHT-UK9,Pune Store,0,69,2.9,21,4999,Loafer Prime,WHT,UK9
FW-LOAF-WHT-UK9,Ahmedabad Store,33,0,0.6,21,4999,Loafer Prime,WHT,UK9
FW-LOAF-WHT-UK9,Jaipur Store,85,0,2.6,14,"4,999.00",Loafer Prime,WHT,UK9
FW-LOAF-WHT-UK9,Lucknow Store,13,28,1.4,21,"Rs. 4,999",Loafer Prime,WHT,UK9
FW-LOAF-WHT-UK9,Surat Store,41,0,0.6,21,4999,Loafer Prime,WHT,UK9
FW-LOAF-WHT-UK9,Indore Store,79,0,2.8,10,4999,Loafer Prime,WHT,UK9
FW-LOAF-WHT-UK9,Nagpur Store, 28 ,0,1.3,21,"Rs. 4,999",Loafer Prime,WHT,UK9
FW-LOAF-WHT-UK9,Kochi Store,5,0,0.3,21,"Rs. 4,999",Loafer Prime,WHT,UK9
FW-LOAF-WHT-UK9,Chandigarh Store,116,0,2.8,14,4999,Loafer Prime,WHT,UK9
FW-LOAF-WHT-UK9,Bhopal Store,15,0,1.5,10,4999,Loafer Prime,WHT,UK9
FW-LOAF-WHT-UK9,Patna Store, 19 ,0,2.0,21,"₹4,999",Loafer Prime,WHT,UK9
FW-LOAF-WHT-UK9,Vadodara Store,77,0,1.9,14,4999,Loafer Prime,WHT,UK9
FW-LOAF-WHT-UK9,Ludhiana Store,6,0,0.2,21,"Rs. 4,999",Loafer Prime,WHT,UK9
FW-LOAF-WHT-UK9,Agra Store,11,5,0.4,14,4999,Loafer Prime,WHT,UK9
FW-LOAF-WHT-UK9,Nashik Store,37, 19 ,2.2,21,4999,Loafer Prime,WHT,UK9
FW-LOAF-WHT-UK9,Meerut Store,46,0,2.7,14,4999,Loafer Prime,WHT,UK9
FW-LOAF-WHT-UK9,Rajkot Store,(5),0,2.7,10,4999,Loafer Prime,WHT,UK9
FW-LOAF-WHT-UK9,Varanasi Store,115,0,2.6,14,"₹4,999",Loafer Prime,WHT,UK9
FW-LOAF-WHT-UK9,Amritsar Store,26,0,2.0,10,"Rs. 4,999",Loafer Prime,WHT,UK9
FW-LOAF-WHT-UK9,Noida Store,53,19,2.6,14,"₹4,999",Loafer Prime,WHT,UK9
FW-LOAF-WHT-UK9,Gurugram Store, 1 ,0,1.7,14,N/A,Loafer Prime,WHT,UK9
FW-LOAF-WHT-UK9,Coimbatore Store,27,9,1.4,14,"₹4,999",Loafer Prime,WHT,UK9
FW-LOAF-WHT-UK9,Madurai Store,2,0,0.5,14,"₹4,999",Loafer Prime,WHT,UK9
FW-LOAF-WHT-UK9,Guwahati Store,0,4,0.3,14,"4,999.00",Loafer Prime,WHT,UK9
FW-LOAF-WHT-UK10,Mumbai Store,78,0,2.4,10,"Rs. 2,299",Loafer Prime,WHT,UK10
FW-LOAF-WHT-UK10,Delhi Store,19,0,2.4,10,"Rs. 2,299",Loafer Prime,WHT,UK10
FW-LOAF-WHT-UK10,Bengaluru Store,2,0,2.2,14,"Rs. 2,299",Loafer Prime,WHT,UK10
FW-LOAF-WHT-UK10,Hyderabad Store,7,0,0.5,10,2299,Loafer Prime,WHT,UK10
FW-LOAF-WHT-UK10,Chennai Store,18,0,2.0,21,"₹2,299",Loafer Prime,WHT,UK10
FW-LOAF-WHT-UK10,Kolkata Store,21,0,1.0,21,2299,Loafer Prime,WHT,UK10
FW-LOAF-WHT-UK10,Pune Store,13,0,0.4,14,"Rs. 2,299",Loafer Prime,WHT,UK10
FW-LOAF-WHT-UK10,Ahmedabad Store, 11 ,0,0.2,21,2299,Loafer Prime,WHT,UK10
FW-LOAF-WHT-UK10,Jaipur Store,49,0,2.5,10,2299,Loafer Prime,WHT,UK10
FW-LOAF-WHT-UK10,Lucknow Store,71,39,2.1,21,2299,Loafer Prime,WHT,UK10
FW-LOAF-WHT-UK10,Surat Store,45,0,2.6,10,"Rs. 2,299",Loafer Prime,WHT,UK10
FW-LOAF-WHT-UK10,Indore Store,50,0,2.7,10,"2,299.00",Loafer Prime,WHT,UK10
FW-LOAF-WHT-UK10,Nagpur Store,41,0,1.3,14,"Rs. 2,299",Loafer Prime,WHT,UK10
FW-LOAF-WHT-UK10,Kochi Store,6.5,0,1.5,,"Rs. 2,299",Loafer Prime,WHT,UK10
FW-LOAF-WHT-UK10,Chandigarh Store,39,0,1.2,14 days,"₹2,299",Loafer Prime,WHT,UK10
FW-LOAF-WHT-UK10,Bhopal Store,49,0,2.4,10,2299,Loafer Prime,WHT,UK10
FW-LOAF-WHT-UK10,Patna Store,54,0,2.0,14,2299,Loafer Prime,WHT,UK10
FW-LOAF-WHT-UK10,Vadodara Store,70,32,2.7,10,2299,Loafer Prime,WHT,UK10
FW-LOAF-WHT-UK10,Ludhiana Store,38,0,1.5,21,"₹2,299",Loafer Prime,WHT,UK10
FW-LOAF-WHT-UK10,Agra Store,76,0,2.2,14,"Rs. 2,299",Loafer Prime,WHT,UK10
FW-LOAF-WHT-UK10,Nashik Store,31,16,1.6,21,"Rs. 2,299",Loafer Prime,WHT,UK10
FW-LOAF-WHT-UK10,Meerut Store, 138 ,0,2.7,21,2299,Loafer Prime,WHT,UK10
FW-LOAF-WHT-UK10,Rajkot Store,7,0,0.9,10,"₹2,299",Loafer Prime,WHT,UK10
FW-LOAF-WHT-UK10,Varanasi Store,2,3,0.6,10,"₹2,299",Loafer Prime,WHT,UK10
FW-LOAF-WHT-UK10,Amritsar Store,28,0,0.8,14,"Rs. 2,299",Loafer Prime,WHT,UK10
FW-LOAF-WHT-UK10,Noida Store,19,0,2.6,10,2299,Loafer Prime,WHT,UK10
FW-LOAF-WHT-UK10,Gurugram Store,12,0,1.7,10,2299,Loafer Prime,WHT,UK10
FW-LOAF-WHT-UK10,Coimbatore Store,117,0,2.0,21,2299,Loafer Prime,WHT,UK10
FW-LOAF-WHT-UK10,Madurai Store,24,10,1.2,10,"₹2,299",Loafer Prime,WHT,UK10
FW-LOAF-WHT-UK10,Guwahati Store,111,0,,21,"₹2,299",Loafer Prime,WHT,UK10
FW-LOAF-WHT-UK11,Mumbai Store,5,3,0.3,10,2299,Loafer Prime,WHT,UK11
FW-LOAF-WHT-UK11,Delhi Store,49,-16,1.6,10,"₹2,299",Loafer Prime,WHT,UK11
FW-LOAF-WHT-UK11,Bengaluru Store,20,0,1.3,10,2299,Loafer Prime,WHT,UK11
FW-LOAF-WHT-UK11,Hyderabad Store,12,0,0.6,10,"2,299.00",Loafer Prime,WHT,UK11
FW-LOAF-WHT-UK11,Chennai Store,51,26,2.6,10,2299,Loafer Prime,WHT,UK11
FW-LOAF-WHT-UK11,Kolkata Store,58,0,2.3,10,"Rs. 2,299",Loafer Prime,WHT,UK11
FW-LOAF-WHT-UK11,Pune Store,25,14,0.8,14,2299,Loafer Prime,WHT,UK11
FW-LOAF-WHT-UK11,Ahmedabad Store,29,0,0.8,21,2299,Loafer Prime,WHT,UK11
FW-LOAF-WHT-UK11,Jaipur Store,0,0,1.2,14,2299,Loafer Prime,WHT,UK11
FW-LOAF-WHT-UK11,Lucknow Store,97,0,2.3,21,"₹2,299",Loafer Prime,WHT,UK11
FW-LOAF-WHT-UK11,Surat Store,0,0,1.9,10,"2,299.00",Loafer Prime,WHT,UK11
FW-LOAF-WHT-UK11,Indore Store,35,0,2.9,21,2299,Loafer Prime,WHT,UK11
FW-LOAF-WHT-UK11,Nagpur Store,31,7,0.5,21,"2,299.00",Loafer Prime,WHT,UK11
FW-LOAF-WHT-UK11,Kochi Store,80,0,1.8,21,2299,Loafer Prime,WHT,UK11
FW-LOAF-WHT-UK11,Chandigarh Store,86,0,2.8,10,2299,Loafer Prime,WHT,UK11
FW-LOAF-WHT-UK11,Bhopal Store,50,0,1.6,10,"2,299.00",Loafer Prime,WHT,UK11
FW-LOAF-WHT-UK11,Patna Store,44,0,1.6,10,2299,Loafer Prime,WHT,UK11
FW-LOAF-WHT-UK11,Vadodara Store,1,0,1.3,10,"Rs. 2,299",Loafer Prime,WHT,UK11
,Ludhiana Store,17,0,2.3,14,2299,Loafer Prime,WHT,UK11
FW-LOAF-WHT-UK11,Agra Store,82, 69 ,2.5,21,"₹2,299",Loafer Prime,WHT,UK11
FW-LOAF-WHT-UK11,Nashik Store,52,0,2.2,14,2299,Loafer Prime,WHT,UK11
FW-LOAF-WHT-UK11,Meerut Store,81,0,2.5,14,"₹2,299",Loafer Prime,WHT,UK11
FW-LOAF-WHT-UK11,Rajkot Store,7,0,2.4,10,"2,299.00",Loafer Prime,WHT,UK11
FW-LOAF-WHT-UK11,Varanasi Store,15,0,3.0,10,"₹2,299",Loafer Prime,WHT,UK11
FW-LOAF-WHT-UK11,Amritsar Store,52,0,0.8,21,"2,299.00",Loafer Prime,WHT,UK11
FW-LOAF-WHT-UK11,Noida Store,44,22,1.5,14,N/A,Loafer Prime,WHT,UK11
FW-LOAF-WHT-UK11,Gurugram Store,9,2,0.2,21,"₹2,299",Loafer Prime,WHT,UK11
FW-LOAF-WHT-UK11,Coimbatore Store,18,0,2.0,10,2299,Loafer Prime,WHT,UK11
FW-LOAF-WHT-UK11,Madurai Store,8,0,0.4,21,"₹2,299",Loafer Prime,WHT,UK11
FW-LOAF-WHT-UK11,Guwahati Store,6,1,0.2,10,2299,Loafer Prime,WHT,UK11
FW-LOAF-TAN-UK6,Mumbai Store,198,47,2.9,21,"₹1,499",Loafer Prime,TAN,UK6
FW-LOAF-TAN-UK6,Delhi Store,16,0,2.5,10,"₹1,499",Loafer Prime,TAN,UK6
FW-LOAF-TAN-UK6,Bengaluru Store,123,0,1.9,21,1499,Loafer Prime,TAN,UK6
FW-LOAF-TAN-UK6,Hyderabad Store,45,0,1.9,14,"Rs. 1,499",Loafer Prime,TAN,UK6
FW-LOAF-TAN-UK6,Chennai Store, 21 ,0,2.9,10,1499,Loafer Prime,TAN,UK6
FW-LOAF-TAN-UK6,Kolkata Store,9,0,1.5,10,"1,499.00",Loafer Prime,TAN,UK6
FW-LOAF-TAN-UK6,Pune Store,88.5,0,1.5,21,1499,Loafer Prime,TAN,UK6
FW-LOAF-TAN-UK6,Ahmedabad Store,63,0,2.4,10,1499,Loafer Prime,TAN,UK6
FW-LOAF-TAN-UK6,Ahmedabad Store,63,0,2.4,10,1499,Loafer Prime,TAN,UK6
FW-LOAF-TAN-UK6,Jaipur Store,11,0,0.3,14,"₹1,499",Loafer Prime,TAN,UK6
FW-LOAF-TAN-UK6,Lucknow Store,0,0,2.6,10,"₹1,499",Loafer Prime,TAN,UK6
FW-LOAF-TAN-UK6,Surat Store,32,0,2.2,10,"₹1,499",Loafer Prime,TAN,UK6
FW-LOAF-TAN-UK6,Indore Store,0,0,1.0,14,"₹1,499",Loafer Prime,TAN,UK6
FW-LOAF-TAN-UK6,Nagpur Store,72,0,2.2,21,"Rs. 1,499",Loafer Prime,TAN,UK6
FW-LOAF-TAN-UK6,Kochi Store,41,34,2.7,14,"₹1,499",Loafer Prime,TAN,UK6
FW-LOAF-TAN-UK6,Chandigarh Store,1,11,0.6,21,1499,Loafer Prime,TAN,UK6
FW-LOAF-TAN-UK6,Bhopal Store,8,0,1.4,10,1499,Loafer Prime,TAN,UK6
FW-LOAF-TAN-UK6,Patna Store,5,0,2.8,14,"1,499.00",Loafer Prime,TAN,UK6
FW-LOAF-TAN-UK6,Vadodara Store,13,0,0.8,21,"₹1,499",Loafer Prime,TAN,UK6
FW-LOAF-TAN-UK6,Ludhiana Store,1,0,2.5,14,1499,Loafer Prime,TAN,UK6
FW-LOAF-TAN-UK6,Agra Store, 8 ,0,0.3,10,"₹1,499",Loafer Prime,TAN,UK6
FW-LOAF-TAN-UK6,Nashik Store,33,7,0.9,21,"1,499.00",Loafer Prime,TAN,UK6
FW-LOAF-TAN-UK6,Meerut Store,-7,11,0.7,14,1499,Loafer Prime,TAN,UK6
FW-LOAF-TAN-UK6,Rajkot Store,8,0,2.9,14,"Rs. 1,499",Loafer Prime,TAN,UK6
FW-LOAF-TAN-UK6,Varanasi Store,17,0,0.9,21,"₹1,499",Loafer Prime,TAN,UK6
FW-LOAF-TAN-UK6,Amritsar Store,120,0,1.9,21,1499,Loafer Prime,TAN,UK6
FW-LOAF-TAN-UK6,Noida Store,42,0,1.1,21,"₹1,499",Loafer Prime,TAN,UK6
FW-LOAF-TAN-UK6,Gurugram Store,56,0,1.1,,1499,Loafer Prime,TAN,UK6
FW-LOAF-TAN-UK6,Coimbatore Store,0,2,0.2,21,"1,499.00",Loafer Prime,TAN,UK6
FW-LOAF-TAN-UK6,Madurai Store,10,0,0.3,14,1499,Loafer Prime,TAN,UK6
FW-LOAF-TAN-UK6,Guwahati Store,7,0,0.3,10,"₹1,499",Loafer Prime,TAN,UK6
FW-LOAF-TAN-UK7,Mumbai Store,12,0,0.4,10,"₹4,999",Loafer Prime,TAN,UK7
FW-LOAF-TAN-UK7,Delhi Store,44,0,1.2,14,4999,Loafer Prime,TAN,UK7
FW-LOAF-TAN-UK7,Bengaluru Store, 62 ,0,1.2,21,4999,Loafer Prime,TAN,UK7
FW-LOAF-TAN-UK7,Hyderabad Store,66,33,2.6,10 days,4999,Loafer Prime,TAN,UK7
FW-LOAF-TAN-UK7,Chennai Store,6,0,1.7,14,"₹4,999",Loafer Prime,TAN,UK7
FW-LOAF-TAN-UK7,Kolkata Store,5,0,1.1,10,4999,Loafer Prime,TAN,UK7
FW-LOAF-TAN-UK7,Pune Store,73,36,2.6,21,4999,Loafer Prime,TAN,UK7
FW-LOAF-TAN-UK7,Ahmedabad Store,54,0,1.3,21,"₹4,999",Loafer Prime,TAN,UK7
FW-LOAF-TAN-UK7,Jaipur Store,19,0,1.9,10,4999,Loafer Prime,TAN,UK7
FW-LOAF-TAN-UK7,Lucknow Store,5,0,1.4,14,"₹4,999",Loafer Prime,TAN,UK7
FW-LOAF-TAN-UK7,Surat Store,2,0,0.6,14,4999,Loafer Prime,TAN,UK7
FW-LOAF-TAN-UK7,Indore Store,46,0,2.5,10,"Rs. 4,999",Loafer Prime,TAN,UK7
FW-LOAF-TAN-UK7,Nagpur Store,15,-18,0.5,10,"₹4,999",Loafer Prime,TAN,UK7
FW-LOAF-TAN-UK7,Kochi Store,92,0,2.7,21,"₹4,999",Loafer Prime,TAN,UK7
FW-LOAF-TAN-UK7,Chandigarh Store,51,0,1.7,14,"₹4,999",Loafer Prime,TAN,UK7
FW-LOAF-TAN-UK7,Bhopal Store,28,0,2.0,10,"₹4,999",Loafer Prime,TAN,UK7
FW-LOAF-TAN-UK7,Patna Store,16,8,0.8,10,"4,999.00",Loafer Prime,TAN,UK7
FW-LOAF-TAN-UK7,Vadodara Store, 35 ,20,1.9,21,"Rs. 4,999",Loafer Prime,TAN,UK7
FW-LOAF-TAN-UK7,Ludhiana Store,12,0,1.4,10,4999,Loafer Prime,TAN,UK7
FW-LOAF-TAN-UK7,Agra Store,34,0,0.9,14,4999,Loafer Prime,TAN,UK7
FW-LOAF-TAN-UK7,Nashik Store,40,0,2.4,10,4999,Loafer Prime,TAN,UK7
FW-LOAF-TAN-UK7,Meerut Store,39,16,2.8,10,"Rs. 4,999",Loafer Prime,TAN,UK7
FW-LOAF-TAN-UK7,Rajkot Store, 8 ,0,,10,"Rs. 4,999",Loafer Prime,TAN,UK7
FW-LOAF-TAN-UK7,Varanasi Store,26,11,1.0,10,"4,999.00",Loafer Prime,TAN,UK7
FW-LOAF-TAN-UK7,Amritsar Store,3,0,0.4,14,N/A,Loafer Prime,TAN,UK7
FW-LOAF-TAN-UK7,Noida Store,112,0,2.2,21,"₹4,999",Loafer Prime,TAN,UK7
FW-LOAF-TAN-UK7,Gurugram Store,37,7,0.9,14,"₹4,999",Loafer Prime,TAN,UK7
FW-LOAF-TAN-UK7,Coimbatore Store,12,0,1.1,10,4999,Loafer Prime,TAN,UK7
FW-LOAF-TAN-UK7,Madurai Store,180,0,2.6,21,"4,999.00",Loafer Prime,TAN,UK7
FW-LOAF-TAN-UK7,Guwahati Store,147.5,39,2.7,21,4999,Loafer Prime,TAN,UK7
FW-LOAF-TAN-UK8,Mumbai Store,15,0,2.7,10,"Rs. 3,499",Loafer Prime,TAN,UK8
FW-LOAF-TAN-UK8,Delhi Store,23,0,0.6,14,"₹3,499",Loafer Prime,TAN,UK8
FW-LOAF-TAN-UK8,Bengaluru Store,9,3,0.3,21,"Rs. 3,499",Loafer Prime,TAN,UK8
FW-LOAF-TAN-UK8,Hyderabad Store,56,0,2.3,10,"3,499.00",Loafer Prime,TAN,UK8
FW-LOAF-TAN-UK8,Chennai Store,33,7,0.7,21,"Rs. 3,499",Loafer Prime,TAN,UK8
FW-LOAF-TAN-UK8,Kolkata Store,36,0,1.1,14,"₹3,499",Loafer Prime,TAN,UK8
FW-LOAF-TAN-UK8,Pune Store,14,0,0.3,14,"3,499.00",Loafer Prime,TAN,UK8
FW-LOAF-TAN-UK8,Ahmedabad Store,0,36,1.4,21,3499,Loafer Prime,TAN,UK8
FW-LOAF-TAN-UK8,Jaipur Store,19,0,1.2,10,3499,Loafer Prime,TAN,UK8
FW-LOAF-TAN-UK8,Lucknow Store,131,0,2.6,21,3499,Loafer Prime,TAN,UK8
FW-LOAF-TAN-UK8,Surat Store,56,0,2.7,10,"3,499.00",Loafer Prime,TAN,UK8
FW-LOAF-TAN-UK8,Indore Store,35,15,2.5,10,3499,Loafer Prime,TAN,UK8
FW-LOAF-TAN-UK8,Nagpur Store,5,27,1.7,14,3499,Loafer Prime,TAN,UK8
FW-LOAF-TAN-UK8,Kochi Store, 106 ,0,2.5,14,"3,499.00",Loafer Prime,TAN,UK8
FW-LOAF-TAN-UK8,Chandigarh Store,63, 25 ,1.9,10,"Rs. 3,499",Loafer Prime,TAN,UK8
FW-LOAF-TAN-UK8,Bhopal Store,34,0,1.2,10,"₹3,499",Loafer Prime,TAN,UK8
FW-LOAF-TAN-UK8,Patna Store,11,0,0.4,10,3499,Loafer Prime,TAN,UK8
FW-LOAF-TAN-UK8,Vadodara Store,0,11,0.9,10,3499,Loafer Prime,TAN,UK8
FW-LOAF-TAN-UK8,Ludhiana Store,36,0,2.1,10,3499,Loafer Prime,TAN,UK8
FW-LOAF-TAN-UK8,Agra Store,2,12,2.6,10,3499,Loafer Prime,TAN,UK8
FW-LOAF-TAN-UK8,Nashik Store,71,0,2.2,14,"₹3,499",Loafer Prime,TAN,UK8
FW-LOAF-TAN-UK8,Meerut Store,136,0,2.2,21,3499,Loafer Prime,TAN,UK8
FW-LOAF-TAN-UK8,Rajkot Store,24,0,1.1,10,"₹3,499",Loafer Prime,TAN,UK8
FW-LOAF-TAN-UK8,Varanasi Store,34,0,1.6,14,3499,Loafer Prime,TAN,UK8
FW-LOAF-TAN-UK8,Amritsar Store,28,16,1.1,14,3499,Loafer Prime,TAN,UK8
FW-LOAF-TAN-UK8,Noida Store,4,0,0.4,14,"₹3,499",Loafer Prime,TAN,UK8
FW-LOAF-TAN-UK8,Gurugram Store,27,0,1.3,10,"₹3,499",Loafer Prime,TAN,UK8
FW-LOAF-TAN-UK8,Coimbatore Store,19,0,1.1,14,"₹3,499",Loafer Prime,TAN,UK8
FW-LOAF-TAN-UK8,Madurai Store,56,18,2.1,14,"Rs. 3,499",Loafer Prime,TAN,UK8
,Guwahati Store,5,7,1.6,10,3499,Loafer Prime,TAN,UK8
FW-LOAF-TAN-UK9,Mumbai Store,6,3,0.5,14,"Rs. 2,299",Loafer Prime,TAN,UK9
FW-LOAF-TAN-UK9,Delhi Store,11,0,0.5,21,"₹2,299",Loafer Prime,TAN,UK9
FW-LOAF-TAN-UK9,Bengaluru Store,10,0,1.1,10,2299,Loafer Prime,TAN,UK9
FW-LOAF-TAN-UK9,Hyderabad Store,17,18,1.5,10,"₹2,299",Loafer Prime,TAN,UK9
FW-LOAF-TAN-UK9,Chennai Store, 29 ,0,2.0,10,"₹2,299",Loafer Prime,TAN,UK9
FW-LOAF-TAN-UK9,Kolkata Store,11,0,1.3,14,"₹2,299",Loafer Prime,TAN,UK9
FW-LOAF-TAN-UK9,Pune Store,36,0,1.6,21,2299,Loafer Prime,TAN,UK9
FW-LOAF-TAN-UK9,Ahmedabad Store,0,0,2.1,10,"₹2,299",Loafer Prime,TAN,UK9
FW-LOAF-TAN-UK9,Jaipur Store,57,0,1.9,21,"₹2,299",Loafer Prime,TAN,UK9
FW-LOAF-TAN-UK9,Lucknow Store,2,0,0.8,,2299,Loafer Prime,TAN,UK9
FW-LOAF-TAN-UK9,Surat Store,0,0,0.8,21,"₹2,299",Loafer Prime,TAN,UK9
FW-LOAF-TAN-UK9,Indore Store,83,26,2.3,14,"₹2,299",Loafer Prime,TAN,UK9
FW-LOAF-TAN-UK9,Nagpur Store,34,0,1.1,21,2299,Loafer Prime,TAN,UK9
FW-LOAF-TAN-UK9,Kochi Store,63,0,2.2,10,"2,299.00",Loafer Prime,TAN,UK9
FW-LOAF-TAN-UK9,Chandigarh Store,25,26,2.1,21,2299,Loafer Prime,TAN,UK9
FW-LOAF-TAN-UK9,Chandigarh Store,25,26,2.1,21,2299,Loafer Prime,TAN,UK9
FW-LOAF-TAN-UK9,Bhopal Store,21,0,0.8,10,2299,Loafer Prime,TAN,UK9
FW-LOAF-TAN-UK9,Patna Store,97,0,2.5,21,"₹2,299",Loafer Prime,TAN,UK9
FW-LOAF-TAN-UK9,Vadodara Store,67,0,1.2,21,"₹2,299",Loafer Prime,TAN,UK9
FW-LOAF-TAN-UK9,Ludhiana Store,29,7,1.1,10,2299,Loafer Prime,TAN,UK9
FW-LOAF-TAN-UK9,Agra Store,8,0,0.7,10,2299,Loafer Prime,TAN,UK9
FW-LOAF-TAN-UK9,Nashik Store,-9,0,0.9,10,"₹2,299",Loafer Prime,TAN,UK9
FW-LOAF-TAN-UK9,Meerut Store,71,0,1.6,21,"₹2,299",Loafer Prime,TAN,UK9
FW-LOAF-TAN-UK9,Rajkot Store,4.5,0,1.6,21 days,"₹2,299",Loafer Prime,TAN,UK9
FW-LOAF-TAN-UK9,Varanasi Store,23,-11,1.4,14,N/A,Loafer Prime,TAN,UK9
FW-LOAF-TAN-UK9,Amritsar Store,39,0,1.2,14,"₹2,299",Loafer Prime,TAN,UK9
FW-LOAF-TAN-UK9,Noida Store,23,0,1.5,10,2299,Loafer Prime,TAN,UK9
FW-LOAF-TAN-UK9,Gurugram Store,2,15,0.9,21,"Rs. 2,299",Loafer Prime,TAN,UK9
FW-LOAF-TAN-UK9,Coimbatore Store,6,4,0.4,21,"Rs. 2,299",Loafer Prime,TAN,UK9
FW-LOAF-TAN-UK9,Madurai Store,2,0,2.8,21,2299,Loafer Prime,TAN,UK9
FW-LOAF-TAN-UK9,Guwahati Store, 21 ,20,2.7,10,2299,Loafer Prime,TAN,UK9
FW-LOAF-TAN-UK10,Mumbai Store,10,0,0.4,10,"3,499.00",Loafer Prime,TAN,UK10
FW-LOAF-TAN-UK10,Delhi Store,4,0,2.0,21,"3,499.00",Loafer Prime,TAN,UK10
FW-LOAF-TAN-UK10,Bengaluru Store,7,0,1.1,14,"Rs. 3,499",Loafer Prime,TAN,UK10
FW-LOAF-TAN-UK10,Hyderabad Store,25,0,1.1,14,"₹3,499",Loafer Prime,TAN,UK10
FW-LOAF-TAN-UK10,Chennai Store,2,10,1.0,10,"Rs. 3,499",Loafer Prime,TAN,UK10
FW-LOAF-TAN-UK10,Kolkata Store, 117 ,44,2.7,21,3499,Loafer Prime,TAN,UK10
FW-LOAF-TAN-UK10,Pune Store,17,0,0.9,10,3499,Loafer Prime,TAN,UK10
FW-LOAF-TAN-UK10,Ahmedabad Store,26,0,1.2,14,"₹3,499",Loafer Prime,TAN,UK10
FW-LOAF-TAN-UK10,Jaipur Store,93,49,2.9,14,"₹3,499",Loafer Prime,TAN,UK10
FW-LOAF-TAN-UK10,Lucknow Store,26,0,1.0,10,3499,Loafer Prime,TAN,UK10
FW-LOAF-TAN-UK10,Surat Store,35,0,1.9,21,3499,Loafer Prime,TAN,UK10
FW-LOAF-TAN-UK10,Indore Store,5,5,0.5,21,"Rs. 3,499",Loafer Prime,TAN,UK10
FW-LOAF-TAN-UK10,Nagpur Store, 33 ,0,1.9,14,"₹3,499",Loafer Prime,TAN,UK10
FW-LOAF-TAN-UK10,Kochi Store,70,22,1.7,21,"Rs. 3,499",Loafer Prime,TAN,UK10
FW-LOAF-TAN-UK10,Chandigarh Store,9,0,1.4,10,3499,Loafer Prime,TAN,UK10
FW-LOAF-TAN-UK10,Bhopal Store,100,48,,21,"₹3,499",Loafer Prime,TAN,UK10
FW-LOAF-TAN-UK10,Patna Store,67,0,1.4,21,"Rs. 3,499",Loafer Prime,TAN,UK10
FW-LOAF-TAN-UK10,Vadodara Store,49,0,1.9,10,"₹3,499",Loafer Prime,TAN,UK10
FW-LOAF-TAN-UK10,Ludhiana Store,21, 13 ,1.8,10,"₹3,499",Loafer Prime,TAN,UK10
FW-LOAF-TAN-UK10,Agra Store,3,0,1.7,10,"₹3,499",Loafer Prime,TAN,UK10
FW-LOAF-TAN-UK10,Nashik Store,0,0,0.9,14,"₹3,499",Loafer Prime,TAN,UK10
FW-LOAF-TAN-UK10,Meerut Store,3,0,1.0,10,"Rs. 3,499",Loafer Prime,TAN,UK10
FW-LOAF-TAN-UK10,Rajkot Store,39,0,1.5,21,"₹3,499",Loafer Prime,TAN,UK10
FW-LOAF-TAN-UK10,Varanasi Store,33,0,1.1,10,3499,Loafer Prime,TAN,UK10
FW-LOAF-TAN-UK10,Amritsar Store,47,0,2.4,10,3499,Loafer Prime,TAN,UK10
FW-LOAF-TAN-UK10,Noida Store,38,0,1.8,14,"₹3,499",Loafer Prime,TAN,UK10
FW-LOAF-TAN-UK10,Gurugram Store,11,77,2.9,21,"3,499.00",Loafer Prime,TAN,UK10
FW-LOAF-TAN-UK10,Coimbatore Store,18,3,0.4,14,"₹3,499",Loafer Prime,TAN,UK10
FW-LOAF-TAN-UK10,Madurai Store,10,0,1.2,14,3499,Loafer Prime,TAN,UK10
FW-LOAF-TAN-UK10,Guwahati Store,28,0,2.0,10,"₹3,499",Loafer Prime,TAN,UK10
FW-LOAF-TAN-UK11,Mumbai Store,1,0,0.2,10,"₹3,499",Loafer Prime,TAN,UK11
FW-LOAF-TAN-UK11,Delhi Store,48,0,2.1,14,"₹3,499",Loafer Prime,TAN,UK11
FW-LOAF-TAN-UK11,Bengaluru Store,13,3,0.3,21,"₹3,499",Loafer Prime,TAN,UK11
FW-LOAF-TAN-UK11,Hyderabad Store,25,0,2.1,10,"₹3,499",Loafer Prime,TAN,UK11
FW-LOAF-TAN-UK11,Chennai Store,12,0,0.6,21,"₹3,499",Loafer Prime,TAN,UK11
FW-LOAF-TAN-UK11,Kolkata Store,5,0,0.5,21,3499,Loafer Prime,TAN,UK11
FW-LOAF-TAN-UK11,Pune Store,160,0,2.8,21,"Rs. 3,499",Loafer Prime,TAN,UK11
FW-LOAF-TAN-UK11,Ahmedabad Store,2,0,0.2,14,3499,Loafer Prime,TAN,UK11
FW-LOAF-TAN-UK11,Jaipur Store,4,0,0.8,14,"₹3,499",Loafer Prime,TAN,UK11
FW-LOAF-TAN-UK11,Lucknow Store,10,0,0.4,14,"3,499.00",Loafer Prime,TAN,UK11
FW-LOAF-TAN-UK11,Surat Store,37,0,1.5,21,"₹3,499",Loafer Prime,TAN,UK11
FW-LOAF-TAN-UK11,Indore Store,149,35,2.5,21,3499,Loafer Prime,TAN,UK11
FW-LOAF-TAN-UK11,Nagpur Store,30,0,0.7,21,"₹3,499",Loafer Prime,TAN,UK11
FW-LOAF-TAN-UK11,Kochi Store,11,0,2.4,14,"3,499.00",Loafer Prime,TAN,UK11
FW-LOAF-TAN-UK11,Chandigarh Store,7,0,0.3,10,"3,499.00",Loafer Prime,TAN,UK11
FW-LOAF-TAN-UK11,Bhopal Store,111.5,0,2.3,21,"3,499.00",Loafer Prime,TAN,UK11
FW-LOAF-TAN-UK11,Patna Store,16,0,0.5,14,3499,Loafer Prime,TAN,UK11
FW-LOAF-TAN-UK11,Vadodara Store,25,20,1.1,14,"Rs. 3,499",Loafer Prime,TAN,UK11
FW-LOAF-TAN-UK11,Ludhiana Store,8,0,0.3,14,3499,Loafer Prime,TAN,UK11
FW-LOAF-TAN-UK11,Agra Store,25,0,1.1,21,3499,Loafer Prime,TAN,UK11
FW-LOAF-TAN-UK11,Nashik Store,5,0,1.0,21,"₹3,499",Loafer Prime,TAN,UK11
FW-LOAF-TAN-UK11,Meerut Store, 12 ,8,1.0,10,3499,Loafer Prime,TAN,UK11
FW-LOAF-TAN-UK11,Rajkot Store, 5 ,0,0.8,,N/A,Loafer Prime,TAN,UK11
FW-LOAF-TAN-UK11,Varanasi Store,78,0,2.0,21,3499,Loafer Prime,TAN,UK11
FW-LOAF-TAN-UK11,Amritsar Store,19,0,2.0,10,"3,499.00",Loafer Prime,TAN,UK11
FW-LOAF-TAN-UK11,Noida Store,51,0,2.0,21,3499,Loafer Prime,TAN,UK11
FW-LOAF-TAN-UK11,Gurugram Store, 20 ,0,2.9,21,"3,499.00",Loafer Prime,TAN,UK11
FW-LOAF-TAN-UK11,Coimbatore Store,27,0,2.4,14,"₹3,499",Loafer Prime,TAN,UK11
FW-LOAF-TAN-UK11,Madurai Store,112,0,2.5,14,3499,Loafer Prime,TAN,UK11
FW-LOAF-TAN-UK11,Guwahati Store,44,0,2.0,21,3499,Loafer Prime,TAN,UK11
FW-SAND-BLK-UK6,Mumbai Store,31,23,1.6,14,"₹2,299",Sandal Air,BLK,UK6
FW-SAND-BLK-UK6,Delhi Store,68,0,1.7,21,2299,Sandal Air,BLK,UK6
FW-SAND-BLK-UK6,Bengaluru Store,3,11,2.0,10,2299,Sandal Air,BLK,UK6
FW-SAND-BLK-UK6,Hyderabad Store,21,0,2.2,14,2299,Sandal Air,BLK,UK6
FW-SAND-BLK-UK6,Chennai Store,61,-20,1.3,21,2299,Sandal Air,BLK,UK6
FW-SAND-BLK-UK6,Kolkata Store,37,7,1.3,14,2299,Sandal Air,BLK,UK6
FW-SAND-BLK-UK6,Pune Store,2,0,1.5,10,"₹2,299",Sandal Air,BLK,UK6
FW-SAND-BLK-UK6,Ahmedabad Store,45,0,2.1,10,"₹2,299",Sandal Air,BLK,UK6
FW-SAND-BLK-UK6,Jaipur Store,80,0,1.6,21,"₹2,299",Sandal Air,BLK,UK6
FW-SAND-BLK-UK6,Lucknow Store,66,21,2.1,10,2299,Sandal Air,BLK,UK6
,Surat Store,34,0,0.5,21,"₹2,299",Sandal Air,BLK,UK6
FW-SAND-BLK-UK6,Indore Store,9,0,2.2,14 days,"2,299.00",Sandal Air,BLK,UK6
FW-SAND-BLK-UK6,Nagpur Store,7,0,0.3,10,2299,Sandal Air,BLK,UK6
FW-SAND-BLK-UK6,Kochi Store,7,0,0.3,14,"₹2,299",Sandal Air,BLK,UK6
FW-SAND-BLK-UK6,Chandigarh Store, 6 ,0,1.4,21,"₹2,299",Sandal Air,BLK,UK6
FW-SAND-BLK-UK6,Bhopal Store,0,0,0.3,10,2299,Sandal Air,BLK,UK6
FW-SAND-BLK-UK6,Patna Store,2,0,0.3,10,2299,Sandal Air,BLK,UK6
FW-SAND-BLK-UK6,Vadodara Store,21,0,1.7,10,"₹2,299",Sandal Air,BLK,UK6
FW-SAND-BLK-UK6,Ludhiana Store,47,74,2.8,21,"₹2,299",Sandal Air,BLK,UK6
FW-SAND-BLK-UK6,Agra Store,-3,5,0.3,14,2299,Sandal Air,BLK,UK6
FW-SAND-BLK-UK6,Nashik Store,60,0,1.8,10,"2,299.00",Sandal Air,BLK,UK6
FW-SAND-BLK-UK6,Meerut Store,50,0,2.7,10,"₹2,299",Sandal Air,BLK,UK6
FW-SAND-BLK-UK6,Meerut Store,50,0,2.7,10,"₹2,299",Sandal Air,BLK,UK6
FW-SAND-BLK-UK6,Rajkot Store,191,0,2.8,21,"₹2,299",Sandal Air,BLK,UK6
FW-SAND-BLK-UK6,Varanasi Store,94, 25 ,2.4,21,2299,Sandal Air,BLK,UK6
FW-SAND-BLK-UK6,Amritsar Store,22,0,2.2,10,2299,Sandal Air,BLK,UK6
FW-SAND-BLK-UK6,Noida Store,8,0,2.3,14,"₹2,299",Sandal Air,BLK,UK6
FW-SAND-BLK-UK6,Gurugram Store,23,0,2.5,21,"Rs. 2,299",Sandal Air,BLK,UK6
FW-SAND-BLK-UK6,Coimbatore Store,36,0,1.1,10,"Rs. 2,299",Sandal Air,BLK,UK6
FW-SAND-BLK-UK6,Madurai Store, 64 ,0,2.4,21,"₹2,299",Sandal Air,BLK,UK6
FW-SAND-BLK-UK6,Guwahati Store,4,0,1.5,10,2299,Sandal Air,BLK,UK6
FW-SAND-BLK-UK7,Mumbai Store,115,62,2.2,21,"4,999.00",Sandal Air,BLK,UK7
FW-SAND-BLK-UK7,Delhi Store,75,0,2.1,21,4999,Sandal Air,BLK,UK7
FW-SAND-BLK-UK7,Bengaluru Store,6,0,0.5,10,"Rs. 4,999",Sandal Air,BLK,UK7
FW-SAND-BLK-UK7,Hyderabad Store,36,0,2.4,10,"Rs. 4,999",Sandal Air,BLK,UK7
FW-SAND-BLK-UK7,Chennai Store,7,0,0.7,10,4999,Sandal Air,BLK,UK7
FW-SAND-BLK-UK7,Kolkata Store,34,0,2.4,10,4999,Sandal Air,BLK,UK7
FW-SAND-BLK-UK7,Pune Store,0,0,1.6,10,"₹4,999",Sandal Air,BLK,UK7
FW-SAND-BLK-UK7,Ahmedabad Store,53,0,2.2,14,"₹4,999",Sandal Air,BLK,UK7
FW-SAND-BLK-UK7,Jaipur Store,33.5,0,,21,4999,Sandal Air,BLK,UK7
FW-SAND-BLK-UK7,Lucknow Store,67,0,1.6,21,"Rs. 4,999",Sandal Air,BLK,UK7
FW-SAND-BLK-UK7,Surat Store,1,0,0.4,14,4999,Sandal Air,BLK,UK7
FW-SAND-BLK-UK7,Indore Store,38,15,0.6,21,"Rs. 4,999",Sandal Air,BLK,UK7
FW-SAND-BLK-UK7,Nagpur Store,13,0,0.5,14,"4,999.00",Sandal Air,BLK,UK7
FW-SAND-BLK-UK7,Kochi Store,33,0,1.0,10,4999,Sandal Air,BLK,UK7
FW-SAND-BLK-UK7,Chandigarh Store,26,0,1.3,21,"₹4,999",Sandal Air,BLK,UK7
FW-SAND-BLK-UK7,Bhopal Store,74,33,1.2,21,4999,Sandal Air,BLK,UK7
FW-SAND-BLK-UK7,Patna Store,64,0,2.5,21,"Rs. 4,999",Sandal Air,BLK,UK7
FW-SAND-BLK-UK7,Vadodara Store,11,0,1.1,14,4999,Sandal Air,BLK,UK7
FW-SAND-BLK-UK7,Ludhiana Store,68,0,2.9,10,4999,Sandal Air,BLK,UK7
FW-SAND-BLK-UK7,Agra Store,8,0,2.7,14,4999,Sandal Air,BLK,UK7
FW-SAND-BLK-UK7,Nashik Store,13,0,1.5,14,4999,Sandal Air,BLK,UK7
FW-SAND-BLK-UK7,Meerut Store,20,0,2.4,14,N/A,Sandal Air,BLK,UK7
FW-SAND-BLK-UK7,Rajkot Store,26,0,2.5,10,4999,Sandal Air,BLK,UK7
FW-SAND-BLK-UK7,Varanasi Store,0,0,2.0,21,4999,Sandal Air,BLK,UK7
FW-SAND-BLK-UK7,Amritsar Store,40,0,1.4,14,4999,Sandal Air,BLK,UK7
FW-SAND-BLK-UK7,Noida Store,6, 1 ,0.2,14,4999,Sandal Air,BLK,UK7
FW-SAND-BLK-UK7,Gurugram Store,60,0,2.9,21,4999,Sandal Air,BLK,UK7
FW-SAND-BLK-UK7,Coimbatore Store,97,0,1.5,21,"4,999.00",Sandal Air,BLK,UK7
FW-SAND-BLK-UK7,Madurai Store,26,0,1.1,10,4999,Sandal Air,BLK,UK7
FW-SAND-BLK-UK7,Guwahati Store,9,13,1.8,10,"4,999.00",Sandal Air,BLK,UK7
FW-SAND-BLK-UK8,Mumbai Store,37,24,2.5,10,"₹1,499",Sandal Air,BLK,UK8
FW-SAND-BLK-UK8,Delhi Store,50,0,1.1,14,1499,Sandal Air,BLK,UK8
FW-SAND-BLK-UK8,Bengaluru Store,19,0,0.6,21,1499,Sandal Air,BLK,UK8
FW-SAND-BLK-UK8,Hyderabad Store,32,14,1.1,10,"Rs. 1,499",Sandal Air,BLK,UK8
FW-SAND-BLK-UK8,Chennai Store,86,51,2.6,21,"Rs. 1,499",Sandal Air,BLK,UK8
FW-SAND-BLK-UK8,Kolkata Store,3,0,0.3,,"Rs. 1,499",Sandal Air,BLK,UK8
FW-SAND-BLK-UK8,Pune Store,13,0,0.8,21,"₹1,499",Sandal Air,BLK,UK8
FW-SAND-BLK-UK8,Ahmedabad Store,10,0,2.1,21,"₹1,499",Sandal Air,BLK,UK8
FW-SAND-BLK-UK8,Jaipur Store,18,0,1.7,14,1499,Sandal Air,BLK,UK8
FW-SAND-BLK-UK8,Lucknow Store,5,0,0.3,10,1499,Sandal Air,BLK,UK8
FW-SAND-BLK-UK8,Surat Store,0,6,0.5,14,1499,Sandal Air,BLK,UK8
FW-SAND-BLK-UK8,Indore Store,53,18,2.7,10,"₹1,499",Sandal Air,BLK,UK8
FW-SAND-BLK-UK8,Nagpur Store,93,37,2.8,21,1499,Sandal Air,BLK,UK8
FW-SAND-BLK-UK8,Kochi Store,72,0,2.2,21,1499,Sandal Air,BLK,UK8
FW-SAND-BLK-UK8,Chandigarh Store,30,0,1.7,10,1499,Sandal Air,BLK,UK8
FW-SAND-BLK-UK8,Bhopal Store,7,-17,0.3,10,1499,Sandal Air,BLK,UK8
FW-SAND-BLK-UK8,Patna Store, 19 ,6,0.8,14,1499,Sandal Air,BLK,UK8
FW-SAND-BLK-UK8,Vadodara Store,21,6,0.3,21,"Rs. 1,499",Sandal Air,BLK,UK8
FW-SAND-BLK-UK8,Ludhiana Store,32,0,1.4,10,1499,Sandal Air,BLK,UK8
FW-SAND-BLK-UK8,Agra Store,3,0,0.6,14,"Rs. 1,499",Sandal Air,BLK,UK8
FW-SAND-BLK-UK8,Nashik Store,58,0,1.8,10,1499,Sandal Air,BLK,UK8
FW-SAND-BLK-UK8,Meerut Store,0,0,2.9,21,1499,Sandal Air,BLK,UK8
FW-SAND-BLK-UK8,Rajkot Store,21,0,2.5,14,"₹1,499",Sandal Air,BLK,UK8
FW-SAND-BLK-UK8,Varanasi Store,78,0,2.6,14,1499,Sandal Air,BLK,UK8
FW-SAND-BLK-UK8,Amritsar Store,20,15,2.3,14,1499,Sandal Air,BLK,UK8
FW-SAND-BLK-UK8,Noida Store,64,0,1.6,14,1499,Sandal Air,BLK,UK8
FW-SAND-BLK-UK8,Gurugram Store,8,33,2.4,10,1499,Sandal Air,BLK,UK8
FW-SAND-BLK-UK8,Coimbatore Store,118,0,2.6,14,"₹1,499",Sandal Air,BLK,UK8
FW-SAND-BLK-UK8,Madurai Store,2,0,1.7,10,"₹1,499",Sandal Air,BLK,UK8
FW-SAND-BLK-UK8,Guwahati Store,76,0,2.3,14,1499,Sandal Air,BLK,UK8
FW-SAND-BLK-UK9,Mumbai Store,10,0,1.5,14 days,1499,Sandal Air,BLK,UK9
FW-SAND-BLK-UK9,Delhi Store,24.5,0,1.8,14,1499,Sandal Air,BLK,UK9
FW-SAND-BLK-UK9,Bengaluru Store,43,0,1.9,14,"1,499.00",Sandal Air,BLK,UK9
FW-SAND-BLK-UK9,Hyderabad Store,2,0,0.6,21,"₹1,499",Sandal Air,BLK,UK9
FW-SAND-BLK-UK9,Chennai Store,59,0,3.0,21,1499,Sandal Air,BLK,UK9
FW-SAND-BLK-UK9,Kolkata Store,17,0,0.5,14,1499,Sandal Air,BLK,UK9
FW-SAND-BLK-UK9,Pune Store,60,0,1.7,14,1499,Sandal Air,BLK,UK9
FW-SAND-BLK-UK9,Ahmedabad Store,1,14,1.2,10,"₹1,499",Sandal Air,BLK,UK9
FW-SAND-BLK-UK9,Jaipur Store,37,20,2.7,10,1499,Sandal Air,BLK,UK9
FW-SAND-BLK-UK9,Lucknow Store,2,0,0.6,10,1499,Sandal Air,BLK,UK9
FW-SAND-BLK-UK9,Surat Store,54,0,1.8,10,"₹1,499",Sandal Air,BLK,UK9
FW-SAND-BLK-UK9,Indore Store,66,0,2.2,14,1499,Sandal Air,BLK,UK9
FW-SAND-BLK-UK9,Nagpur Store,27,0,0.9,10,1499,Sandal Air,BLK,UK9
FW-SAND-BLK-UK9,Kochi Store,102,0,1.8,21,1499,Sandal Air,BLK,UK9
FW-SAND-BLK-UK9,Chandigarh Store,0,0,1.9,21,1499,Sandal Air,BLK,UK9
FW-SAND-BLK-UK9,Bhopal Store,13,0,0.5,14,"₹1,499",Sandal Air,BLK,UK9
FW-SAND-BLK-UK9,Patna Store,5,0,2.3,14,1499,Sandal Air,BLK,UK9
FW-SAND-BLK-UK9,Vadodara Store,72,0,2.0,21,1499,Sandal Air,BLK,UK9
FW-SAND-BLK-UK9,Ludhiana Store,(4),0,3.0,21,1499,Sandal Air,BLK,UK9
FW-SAND-BLK-UK9,Agra Store,2,25,1.9,21,1499,Sandal Air,BLK,UK9
FW-SAND-BLK-UK9,Nashik Store,77,17,2.0,14,N/A,Sandal Air,BLK,UK9
,Meerut Store,63,0,1.4,14,1499,Sandal Air,BLK,UK9
FW-SAND-BLK-UK9,Rajkot Store,156,67,2.5,21,"₹1,499",Sandal Air,BLK,UK9
FW-SAND-BLK-UK9,Varanasi Store,22,0,1.3,10,1499,Sandal Air,BLK,UK9
FW-SAND-BLK-UK9,Amritsar Store,39,0,1.4,10,"₹1,499",Sandal Air,BLK,UK9
FW-SAND-BLK-UK9,Noida Store,52,0,1.8,21,"1,499.00",Sandal Air,BLK,UK9
FW-SAND-BLK-UK9,Gurugram Store,7,0,2.4,10,1499,Sandal Air,BLK,UK9
FW-SAND-BLK-UK9,Coimbatore Store,20,0,0.6,14,"₹1,499",Sandal Air,BLK,UK9
FW-SAND-BLK-UK9,Madurai Store,29,0,1.2,10,"Rs. 1,499",Sandal Air,BLK,UK9
FW-SAND-BLK-UK9,Madurai Store,29,0,1.2,10,"Rs. 1,499",Sandal Air,BLK,UK9
FW-SAND-BLK-UK9,Guwahati Store,45,18,1.0,14,1499,Sandal Air,BLK,UK9
FW-SAND-BLK-UK10,Mumbai Store,68,0,1.9,14,"₹2,299",Sandal Air,BLK,UK10
FW-SAND-BLK-UK10,Delhi Store,34,0,,14,"₹2,299",Sandal Air,BLK,UK10
FW-SAND-BLK-UK10,Bengaluru Store,40,0,1.4,10,"₹2,299",Sandal Air,BLK,UK10
FW-SAND-BLK-UK10,Hyderabad Store,14,0,0.4,21,"Rs. 2,299",Sandal Air,BLK,UK10
FW-SAND-BLK-UK10,Chennai Store,76,0,2.7,14,"₹2,299",Sandal Air,BLK,UK10
FW-SAND-BLK-UK10,Kolkata Store,12,0,1.3,14,2299,Sandal Air,BLK,UK10
FW-SAND-BLK-UK10,Pune Store, 8 ,0,0.5,10,2299,Sandal Air,BLK,UK10
FW-SAND-BLK-UK10,Ahmedabad Store,21,7,0.8,10,2299,Sandal Air,BLK,UK10
FW-SAND-BLK-UK10,Jaipur Store,45,0,1.6,14,"₹2,299",Sandal Air,BLK,UK10
FW-SAND-BLK-UK10,Lucknow Store,51,35,2.1,21,"₹2,299",Sandal Air,BLK,UK10
FW-SAND-BLK-UK10,Surat Store,44,0,2.4,14,2299,Sandal Air,BLK,UK10
FW-SAND-BLK-UK10,Indore Store,4,17,0.6,21,2299,Sandal Air,BLK,UK10
FW-SAND-BLK-UK10,Nagpur Store,8,12,0.5,21,2299,Sandal Air,BLK,UK10
FW-SAND-BLK-UK10,Kochi Store,26,0,1.3,14,"₹2,299",Sandal Air,BLK,UK10
FW-SAND-BLK-UK10,Chandigarh Store,21,0,2.0,21,"2,299.00",Sandal Air,BLK,UK10
FW-SAND-BLK-UK10,Bhopal Store,95,0,2.2,14,2299,Sandal Air,BLK,UK10
FW-SAND-BLK-UK10,Patna Store,77,0,2.5,14,2299,Sandal Air,BLK,UK10
FW-SAND-BLK-UK10,Vadodara Store,84,28,2.4,14,"₹2,299",Sandal Air,BLK,UK10
FW-SAND-BLK-UK10,Ludhiana Store,1,0,2.6,,"₹2,299",Sandal Air,BLK,UK10
FW-SAND-BLK-UK10,Agra Store,15,0,1.0,14,2299,Sandal Air,BLK,UK10
FW-SAND-BLK-UK10,Nashik Store,9,0,0.3,10,"2,299.00",Sandal Air,BLK,UK10
FW-SAND-BLK-UK10,Meerut Store, 4 ,3,0.3,14,"₹2,299",Sandal Air,BLK,UK10
FW-SAND-BLK-UK10,Rajkot Store,4,0,1.5,10,2299,Sandal Air,BLK,UK10
FW-SAND-BLK-UK10,Varanasi Store,70,0,2.1,10,2299,Sandal Air,BLK,UK10
FW-SAND-BLK-UK10,Amritsar Store,4.5,15,1.0,14,2299,Sandal Air,BLK,UK10
FW-SAND-BLK-UK10,Noida Store,68,0,2.9,14,"Rs. 2,299",Sandal Air,BLK,UK10
FW-SAND-BLK-UK10,Gurugram Store,0,-10,0.3,10,"Rs. 2,299",Sandal Air,BLK,UK10
FW-SAND-BLK-UK10,Coimbatore Store,48,0,1.5,14,2299,Sandal Air,BLK,UK10
FW-SAND-BLK-UK10,Madurai Store,23,0,1.2,10,"₹2,299",Sandal Air,BLK,UK10
FW-SAND-BLK-UK10,Guwahati Store,14,0,0.8,10,"₹2,299",Sandal Air,BLK,UK10
FW-SAND-BLK-UK11,Mumbai Store,24,8,1.8,10,2299,Sandal Air,BLK,UK11
FW-SAND-BLK-UK11,Delhi Store,43,0,1.7,14,"₹2,299",Sandal Air,BLK,UK11
FW-SAND-BLK-UK11,Bengaluru Store,60,0,1.3,21,"₹2,299",Sandal Air,BLK,UK11
FW-SAND-BLK-UK11,Hyderabad Store,7,0,0.2,21,"₹2,299",Sandal Air,BLK,UK11
FW-SAND-BLK-UK11,Chennai Store,14,0,0.7,10,"₹2,299",Sandal Air,BLK,UK11
FW-SAND-BLK-UK11,Kolkata Store,16,0,1.7,14,"₹2,299",Sandal Air,BLK,UK11
FW-SAND-BLK-UK11,Pune Store, 1 ,0,0.3,14,2299,Sandal Air,BLK,UK11
FW-SAND-BLK-UK11,Ahmedabad Store,36,0,0.7,21,2299,Sandal Air,BLK,UK11
FW-SAND-BLK-UK11,Jaipur Store,14,0,1.5,10,2299,Sandal Air,BLK,UK11
FW-SAND-BLK-UK11,Lucknow Store,79,19,1.2,21,2299,Sandal Air,BLK,UK11
FW-SAND-BLK-UK11,Surat Store,3,0,1.3,14,"2,299.00",Sandal Air,BLK,UK11
FW-SAND-BLK-UK11,Indore Store,22,0,2.1,14,"₹2,299",Sandal Air,BLK,UK11
FW-SAND-BLK-UK11,Nagpur Store,15,0,1.0,21,"₹2,299",Sandal Air,BLK,UK11
FW-SAND-BLK-UK11,Kochi Store,13,0,1.9,10,"Rs. 2,299",Sandal Air,BLK,UK11
FW-SAND-BLK-UK11,Chandigarh Store,14,0,0.6,14,"₹2,299",Sandal Air,BLK,UK11
FW-SAND-BLK-UK11,Bhopal Store,44,17,1.4,21,"₹2,299",Sandal Air,BLK,UK11
FW-SAND-BLK-UK11,Patna Store,7,0,2.0,21,"Rs. 2,299",Sandal Air,BLK,UK11
FW-SAND-BLK-UK11,Vadodara Store,67,0,2.5,21,"2,299.00",Sandal Air,BLK,UK11
FW-SAND-BLK-UK11,Ludhiana Store,63,43,2.3,14,2299,Sandal Air,BLK,UK11
FW-SAND-BLK-UK11,Agra Store,2,0,0.2,21 days,N/A,Sandal Air,BLK,UK11
FW-SAND-BLK-UK11,Nashik Store,5,0,0.3,21,2299,Sandal Air,BLK,UK11
FW-SAND-BLK-UK11,Meerut Store,29,0,2.3,10,2299,Sandal Air,BLK,UK11
FW-SAND-BLK-UK11,Rajkot Store,13,0,1.7,10,2299,Sandal Air,BLK,UK11
FW-SAND-BLK-UK11,Varanasi Store,118,0,2.7,14,"₹2,299",Sandal Air,BLK,UK11
FW-SAND-BLK-UK11,Amritsar Store,35,0,1.3,21,2299,Sandal Air,BLK,UK11
FW-SAND-BLK-UK11,Noida Store,15,0,3.0,10,2299,Sandal Air,BLK,UK11
FW-SAND-BLK-UK11,Gurugram Store,118,0,2.1,21,"₹2,299",Sandal Air,BLK,UK11
FW-SAND-BLK-UK11,Coimbatore Store,10,0,0.5,10,2299,Sandal Air,BLK,UK11
FW-SAND-BLK-UK11,Madurai Store,32,0,1.2,14,2299,Sandal Air,BLK,UK11
FW-SAND-BLK-UK11,Guwahati Store,63,0,2.1,14,"₹2,299",Sandal Air,BLK,UK11
FW-SAND-WHT-UK6,Mumbai Store,18,6,0.7,14,1499,Sandal Air,WHT,UK6
FW-SAND-WHT-UK6,Delhi Store,16,0,2.9,10,"1,499.00",Sandal Air,WHT,UK6
FW-SAND-WHT-UK6,Bengaluru Store, 42 ,45,1.8,21,1499,Sandal Air,WHT,UK6
FW-SAND-WHT-UK6,Hyderabad Store,28,0,1.0,10,1499,Sandal Air,WHT,UK6
FW-SAND-WHT-UK6,Chennai Store,21,0,0.5,14,1499,Sandal Air,WHT,UK6
FW-SAND-WHT-UK6,Kolkata Store,18,0,0.8,14,"Rs. 1,499",Sandal Air,WHT,UK6
FW-SAND-WHT-UK6,Pune Store,26,0,1.0,21,"₹1,499",Sandal Air,WHT,UK6
FW-SAND-WHT-UK6,Ahmedabad Store,27,0,2.1,10,"Rs. 1,499",Sandal Air,WHT,UK6
FW-SAND-WHT-UK6,Jaipur Store,27,0,2.0,14,"Rs. 1,499",Sandal Air,WHT,UK6
FW-SAND-WHT-UK6,Lucknow Store,13,0,1.6,10,1499,Sandal Air,WHT,UK6
FW-SAND-WHT-UK6,Surat Store,15,0,0.3,21,"1,499.00",Sandal Air,WHT,UK6
FW-SAND-WHT-UK6,Indore Store,3,0,1.9,14,1499,Sandal Air,WHT,UK6
FW-SAND-WHT-UK6,Nagpur Store,17,0,0.6,14,"₹1,499",Sandal Air,WHT,UK6
FW-SAND-WHT-UK6,Kochi Store, 35 ,0,2.9,21,"1,499.00",Sandal Air,WHT,UK6
FW-SAND-WHT-UK6,Chandigarh Store,9,10,1.5,10,1499,Sandal Air,WHT,UK6
FW-SAND-WHT-UK6,Bhopal Store,46,0,1.1,14,1499,Sandal Air,WHT,UK6
FW-SAND-WHT-UK6,Patna Store,18,18,0.8,21,1499,Sandal Air,WHT,UK6
FW-SAND-WHT-UK6,Vadodara Store,40.5,0,1.4,10,"₹1,499",Sandal Air,WHT,UK6
FW-SAND-WHT-UK6,Ludhiana Store,55,11,1.3,21,"Rs. 1,499",Sandal Air,WHT,UK6
FW-SAND-WHT-UK6,Agra Store,72,0,1.9,14,1499,Sandal Air,WHT,UK6
FW-SAND-WHT-UK6,Nashik Store,5,0,1.8,21,1499,Sandal Air,WHT,UK6
FW-SAND-WHT-UK6,Meerut Store,43,0,1.7,14,1499,Sandal Air,WHT,UK6
FW-SAND-WHT-UK6,Rajkot Store,40,0,2.8,10,"Rs. 1,499",Sandal Air,WHT,UK6
FW-SAND-WHT-UK6,Varanasi Store,5,0,1.0,14,"₹1,499",Sandal Air,WHT,UK6
FW-SAND-WHT-UK6,Amritsar Store,4,0,,10,1499,Sandal Air,WHT,UK6
FW-SAND-WHT-UK6,Noida Store,5,0,0.4,10,"Rs. 1,499",Sandal Air,WHT,UK6
FW-SAND-WHT-UK6,Gurugram Store,25,0,0.8,14,"Rs. 1,499",Sandal Air,WHT,UK6
FW-SAND-WHT-UK6,Coimbatore Store,13,0,1.6,21,"₹1,499",Sandal Air,WHT,UK6
FW-SAND-WHT-UK6,Madurai Store,21,0,1.3,10,1499,Sandal Air,WHT,UK6
FW-SAND-WHT-UK6,Guwahati Store,6,0,0.3,10,1499,Sandal Air,WHT,UK6
FW-SAND-WHT-UK7,Mumbai Store,7,0,0.4,10,"Rs. 1,499",Sandal Air,WHT,UK7
FW-SAND-WHT-UK7,Delhi Store,8,4,0.3,,1499,Sandal Air,WHT,UK7
,Bengaluru Store,47,0,0.7,21,"₹1,499",Sandal Air,WHT,UK7
FW-SAND-WHT-UK7,Hyderabad Store, 2 ,0,1.0,10,"₹1,499",Sandal Air,WHT,UK7
FW-SAND-WHT-UK7,Chennai Store, 9 ,0,1.8,10,1499,Sandal Air,WHT,UK7
FW-SAND-WHT-UK7,Kolkata Store,44,0,0.9,21,"₹1,499",Sandal Air,WHT,UK7
FW-SAND-WHT-UK7,Kolkata Store,44,0,0.9,21,"₹1,499",Sandal Air,WHT,UK7
FW-SAND-WHT-UK7,Pune Store,33,0,1.4,10,"₹1,499",Sandal Air,WHT,UK7
FW-SAND-WHT-UK7,Ahmedabad Store,17,-10,0.9,14,1499,Sandal Air,WHT,UK7
FW-SAND-WHT-UK7,Jaipur Store,43,0,1.5,14,"₹1,499",Sandal Air,WHT,UK7
FW-SAND-WHT-UK7,Lucknow Store,18,0,0.9,10,"₹1,499",Sandal Air,WHT,UK7
FW-SAND-WHT-UK7,Surat Store,75,0,2.1,14,1499,Sandal Air,WHT,UK7
FW-SAND-WHT-UK7,Indore Store,6,10,0.9,21,1499,Sandal Air,WHT,UK7
FW-SAND-WHT-UK7,Nagpur Store,24,0,1.7,10,1499,Sandal Air,WHT,UK7
FW-SAND-WHT-UK7,Kochi Store,6,9,0.8,14,"1,499.00",Sandal Air,WHT,UK7
FW-SAND-WHT-UK7,Chandigarh Store,98,28,2.6,14,1499,Sandal Air,WHT,UK7
FW-SAND-WHT-UK7,Bhopal Store,20,23,2.5,14,"₹1,499",Sandal Air,WHT,UK7
FW-SAND-WHT-UK7,Patna Store,33,0,2.5,14,"₹1,499",Sandal Air,WHT,UK7
FW-SAND-WHT-UK7,Vadodara Store,68,0,1.4,21,"1,499.00",Sandal Air,WHT,UK7
FW-SAND-WHT-UK7,Ludhiana Store,206,0,2.9,21,N/A,Sandal Air,WHT,UK7
FW-SAND-WHT-UK7,Agra Store,18,0,1.4,10,"₹1,499",Sandal Air,WHT,UK7
FW-SAND-WHT-UK7,Nashik Store,23,0,2.1,10,"₹1,499",Sandal Air,WHT,UK7
FW-SAND-WHT-UK7,Meerut Store,52,23,2.4,10,"₹1,499",Sandal Air,WHT,UK7
FW-SAND-WHT-UK7,Rajkot Store,72,0,1.7,21,"Rs. 1,499",Sandal Air,WHT,UK7
FW-SAND-WHT-UK7,Varanasi Store,37,13,2.0,10,"Rs. 1,499",Sandal Air,WHT,UK7
FW-SAND-WHT-UK7,Amritsar Store,35,13,1.2,10,"₹1,499",Sandal Air,WHT,UK7
FW-SAND-WHT-UK7,Noida Store,53,25,1.8,10,1499,Sandal Air,WHT,UK7
FW-SAND-WHT-UK7,Gurugram Store,11,0,0.5,10,"₹1,499",Sandal Air,WHT,UK7
FW-SAND-WHT-UK7,Coimbatore Store, 4 ,0,0.2,21,"Rs. 1,499",Sandal Air,WHT,UK7
FW-SAND-WHT-UK7,Madurai Store,63,11,2.3,10,"₹1,499",Sandal Air,WHT,UK7
FW-SAND-WHT-UK7,Guwahati Store,72,27,2.8,10,"₹1,499",Sandal Air,WHT,UK7
FW-SAND-WHT-UK8,Mumbai Store, 3 ,0,0.5,21,2299,Sandal Air,WHT,UK8
FW-SAND-WHT-UK8,Delhi Store,2,0,0.4,10,2299,Sandal Air,WHT,UK8
FW-SAND-WHT-UK8,Bengaluru Store,0,3,0.2,14,"₹2,299",Sandal Air,WHT,UK8
FW-SAND-WHT-UK8,Hyderabad Store,24,0,1.1,21,"2,299.00",Sandal Air,WHT,UK8
FW-SAND-WHT-UK8,Chennai Store,23,36,1.4,21,2299,Sandal Air,WHT,UK8
FW-SAND-WHT-UK8,Kolkata Store,13,0,1.3,10,2299,Sandal Air,WHT,UK8
FW-SAND-WHT-UK8,Pune Store,108,0,2.5,14,2299,Sandal Air,WHT,UK8
FW-SAND-WHT-UK8,Ahmedabad Store,88,34,1.6,21,"₹2,299",Sandal Air,WHT,UK8
FW-SAND-WHT-UK8,Jaipur Store,26,0,1.1,10 days,2299,Sandal Air,WHT,UK8
FW-SAND-WHT-UK8,Lucknow Store,27,0,1.4,21,"₹2,299",Sandal Air,WHT,UK8
FW-SAND-WHT-UK8,Surat Store,26.5,0,2.7,10,"₹2,299",Sandal Air,WHT,UK8
FW-SAND-WHT-UK8,Indore Store,7,0,0.4,10,"Rs. 2,299",Sandal Air,WHT,UK8
FW-SAND-WHT-UK8,Nagpur Store,7,0,0.4,10,2299,Sandal Air,WHT,UK8
FW-SAND-WHT-UK8,Kochi Store,18,0,2.4,10,"₹2,299",Sandal Air,WHT,UK8
FW-SAND-WHT-UK8,Chandigarh Store,60,0,2.5,10,"2,299.00",Sandal Air,WHT,UK8
FW-SAND-WHT-UK8,Bhopal Store,43,0,2.1,14,2299,Sandal Air,WHT,UK8
FW-SAND-WHT-UK8,Patna Store,51,0,1.0,21,"2,299.00",Sandal Air,WHT,UK8
FW-SAND-WHT-UK8,Vadodara Store,0,0,0.7,14,"Rs. 2,299",Sandal Air,WHT,UK8
FW-SAND-WHT-UK8,Ludhiana Store,4,0,0.3,10,"2,299.00",Sandal Air,WHT,UK8
FW-SAND-WHT-UK8,Agra Store,71,0,2.7,14,2299,Sandal Air,WHT,UK8
FW-SAND-WHT-UK8,Nashik Store,88,25,2.9,10,2299,Sandal Air,WHT,UK8
FW-SAND-WHT-UK8,Meerut Store, 82 ,0,2.8,14,"₹2,299",Sandal Air,WHT,UK8
FW-SAND-WHT-UK8,Rajkot Store,15,0,0.4,14,"₹2,299",Sandal Air,WHT,UK8
FW-SAND-WHT-UK8,Varanasi Store,6,0,0.8,10,"Rs. 2,299",Sandal Air,WHT,UK8
FW-SAND-WHT-UK8,Amritsar Store,1,0,1.9,21,"₹2,299",Sandal Air,WHT,UK8
FW-SAND-WHT-UK8,Noida Store,0,0,1.3,10,"Rs. 2,299",Sandal Air,WHT,UK8
FW-SAND-WHT-UK8,Gurugram Store,31,11,1.3,14,"₹2,299",Sandal Air,WHT,UK8
FW-SAND-WHT-UK8,Coimbatore Store,14,0,0.6,14,2299,Sandal Air,WHT,UK8
FW-SAND-WHT-UK8,Madurai Store, 12 ,2,0.4,10,"₹2,299",Sandal Air,WHT,UK8
FW-SAND-WHT-UK8,Guwahati Store,17,0,0.4,14,"₹2,299",Sandal Air,WHT,UK8
FW-SAND-WHT-UK9,Mumbai Store,2,0,1.2,21,4999,Sandal Air,WHT,UK9
FW-SAND-WHT-UK9,Delhi Store,12,0,1.7,10,4999,Sandal Air,WHT,UK9
FW-SAND-WHT-UK9,Bengaluru Store,3,15,1.4,10,4999,Sandal Air,WHT,UK9
FW-SAND-WHT-UK9,Hyderabad Store,80,33,2.7,10,4999,Sandal Air,WHT,UK9
FW-SAND-WHT-UK9,Chennai Store,42,0,1.5,10,4999,Sandal Air,WHT,UK9
FW-SAND-WHT-UK9,Kolkata Store,165,25,2.5,21,"Rs. 4,999",Sandal Air,WHT,UK9
FW-SAND-WHT-UK9,Pune Store,5,0,1.1,14,4999,Sandal Air,WHT,UK9
FW-SAND-WHT-UK9,Ahmedabad Store,12,0,1.4,10,4999,Sandal Air,WHT,UK9
FW-SAND-WHT-UK9,Jaipur Store,25,0,1.7,14,4999,Sandal Air,WHT,UK9
FW-SAND-WHT-UK9,Lucknow Store, 24 ,0,2.1,14,"₹4,999",Sandal Air,WHT,UK9
FW-SAND-WHT-UK9,Surat Store,47,13,1.6,21,"₹4,999",Sandal Air,WHT,UK9
FW-SAND-WHT-UK9,Indore Store,1,0,1.0,21,4999,Sandal Air,WHT,UK9
FW-SAND-WHT-UK9,Nagpur Store,87,0,2.8,10,"4,999.00",Sandal Air,WHT,UK9
FW-SAND-WHT-UK9,Kochi Store,2,6,0.6,10,4999,Sandal Air,WHT,UK9
FW-SAND-WHT-UK9,Chandigarh Store,47,0,2.3,,4999,Sandal Air,WHT,UK9
FW-SAND-WHT-UK9,Bhopal Store,56,0,3.0,14,"Rs. 4,999",Sandal Air,WHT,UK9
FW-SAND-WHT-UK9,Patna Store,(5),0,2.5,21,4999,Sandal Air,WHT,UK9
FW-SAND-WHT-UK9,Vadodara Store,69,0,,21,N/A,Sandal Air,WHT,UK9
FW-SAND-WHT-UK9,Ludhiana Store,0,-10,0.3,21,"Rs. 4,999",Sandal Air,WHT,UK9
FW-SAND-WHT-UK9,Agra Store,30,0,1.6,10,"₹4,999",Sandal Air,WHT,UK9
FW-SAND-WHT-UK9,Nashik Store,15,0,0.8,14,4999,Sandal Air,WHT,UK9
FW-SAND-WHT-UK9,Meerut Store,28,5,1.1,10,4999,Sandal Air,WHT,UK9
FW-SAND-WHT-UK9,Rajkot Store,26,0,0.7,21,"Rs. 4,999",Sandal Air,WHT,UK9
FW-SAND-WHT-UK9,Varanasi Store,53,53,2.0,21,"₹4,999",Sandal Air,WHT,UK9
FW-SAND-WHT-UK9,Amritsar Store, 41 ,18,2.5,10,"₹4,999",Sandal Air,WHT,UK9
FW-SAND-WHT-UK9,Noida Store,114,0,1.7,21,"₹4,999",Sandal Air,WHT,UK9
FW-SAND-WHT-UK9,Gurugram Store,2, 12 ,1.2,10,4999,Sandal Air,WHT,UK9
FW-SAND-WHT-UK9,Coimbatore Store,56,0,1.8,14,"4,999.00",Sandal Air,WHT,UK9
FW-SAND-WHT-UK9,Madurai Store,62,30,2.3,10,"₹4,999",Sandal Air,WHT,UK9
FW-SAND-WHT-UK9,Guwahati Store,67,0,2.2,10,"₹4,999",Sandal Air,WHT,UK9
FW-SAND-WHT-UK10,Mumbai Store,70,0,2.2,21,"1,499.00",Sandal Air,WHT,UK10
FW-SAND-WHT-UK10,Delhi Store,3,32,2.4,21,"₹1,499",Sandal Air,WHT,UK10
FW-SAND-WHT-UK10,Bengaluru Store,36,0,1.1,10,"1,499.00",Sandal Air,WHT,UK10
FW-SAND-WHT-UK10,Hyderabad Store,97.5,0,2.3,14,1499,Sandal Air,WHT,UK10
FW-SAND-WHT-UK10,Chennai Store,48,0,1.9,21,"Rs. 1,499",Sandal Air,WHT,UK10
FW-SAND-WHT-UK10,Kolkata Store,5,0,0.7,10,"1,499.00",Sandal Air,WHT,UK10
FW-SAND-WHT-UK10,Pune Store,62,0,1.1,21,1499,Sandal Air,WHT,UK10
FW-SAND-WHT-UK10,Ahmedabad Store,23,0,1.1,14,1499,Sandal Air,WHT,UK10
FW-SAND-WHT-UK10,Jaipur Store,60,0,2.5,21,"1,499.00",Sandal Air,WHT,UK10
FW-SAND-WHT-UK10,Lucknow Store,49,0,2.7,21,1499,Sandal Air,WHT,UK10
FW-SAND-WHT-UK10,Surat Store,5,0,1.2,14,1499,Sandal Air,WHT,UK10
FW-SAND-WHT-UK10,Indore Store,7,0,0.6,14,"₹1,499",Sandal Air,WHT,UK10
FW-SAND-WHT-UK10,Nagpur Store,31,0,0.5,21,"Rs. 1,499",Sandal Air,WHT,UK10
FW-SAND-WHT-UK10,Nagpur Store,31,0,0.5,21,"Rs. 1,499",Sandal Air,WHT,UK10
,Kochi Store,55,0,1.3,14,"1,499.00",Sandal Air,WHT,UK10
FW-SAND-WHT-UK10,Chandigarh Store,14,0,0.8,10,1499,Sandal Air,WHT,UK10
FW-SAND-WHT-UK10,Bhopal Store,38,0,2.9,10,1499,Sandal Air,WHT,UK10
FW-SAND-WHT-UK10,Patna Store,2,0,0.3,14,1499,Sandal Air,WHT,UK10
FW-SAND-WHT-UK10,Vadodara Store, 34 ,25,1.5,14,"₹1,499",Sandal Air,WHT,UK10
FW-SAND-WHT-UK10,Ludhiana Store,54,0,1.3,14,1499,Sandal Air,WHT,UK10
FW-SAND-WHT-UK10,Agra Store,30,0,2.3,14,1499,Sandal Air,WHT,UK10
FW-SAND-WHT-UK10,Nashik Store,67,0,1.4,21,"₹1,499",Sandal Air,WHT,UK10
FW-SAND-WHT-UK10,Meerut Store,28,0,2.2,21,"₹1,499",Sandal Air,WHT,UK10
FW-SAND-WHT-UK10,Rajkot Store,6,0,1.9,14,"1,499.00",Sandal Air,WHT,UK10
FW-SAND-WHT-UK10,Varanasi Store,1,0,1.0,21,1499,Sandal Air,WHT,UK10
FW-SAND-WHT-UK10,Amritsar Store,28,0,1.7,14,"₹1,499",Sandal Air,WHT,UK10
FW-SAND-WHT-UK10,Noida Store,46,0,2.9,10,"Rs. 1,499",Sandal Air,WHT,UK10
FW-SAND-WHT-UK10,Gurugram Store,8,0,0.3,14,"1,499.00",Sandal Air,WHT,UK10
FW-SAND-WHT-UK10,Coimbatore Store,13,79,3.0,21 days,1499,Sandal Air,WHT,UK10
FW-SAND-WHT-UK10,Madurai Store,16,19,2.1,10,1499,Sandal Air,WHT,UK10
FW-SAND-WHT-UK10,Guwahati Store,114,46,2.7,21,"Rs. 1,499",Sandal Air,WHT,UK10
FW-SAND-WHT-UK11,Mumbai Store,27,0,2.6,14,"Rs. 2,299",Sandal Air,WHT,UK11
FW-SAND-WHT-UK11,Delhi Store,86,0,2.9,10,"₹2,299",Sandal Air,WHT,UK11
FW-SAND-WHT-UK11,Bengaluru Store,32,26,2.1,14,"Rs. 2,299",Sandal Air,WHT,UK11
FW-SAND-WHT-UK11,Hyderabad Store,11,41,1.5,21,"Rs. 2,299",Sandal Air,WHT,UK11
FW-SAND-WHT-UK11,Chennai Store,28,0,1.2,21,2299,Sandal Air,WHT,UK11
FW-SAND-WHT-UK11,Kolkata Store,62,23,1.2,21,2299,Sandal Air,WHT,UK11
FW-SAND-WHT-UK11,Pune Store,3,0,1.8,14,"Rs. 2,299",Sandal Air,WHT,UK11
FW-SAND-WHT-UK11,Ahmedabad Store,6,0,0.5,14,"2,299.00",Sandal Air,WHT,UK11
FW-SAND-WHT-UK11,Jaipur Store, 12 ,0,2.0,10,2299,Sandal Air,WHT,UK11
FW-SAND-WHT-UK11,Lucknow Store,26,0,1.5,14,"2,299.00",Sandal Air,WHT,UK11
FW-SAND-WHT-UK11,Surat Store,9,4,0.3,14,2299,Sandal Air,WHT,UK11
FW-SAND-WHT-UK11,Indore Store,124,0,2.8,21,"Rs. 2,299",Sandal Air,WHT,UK11
FW-SAND-WHT-UK11,Nagpur Store,27,0,1.1,14,"Rs. 2,299",Sandal Air,WHT,UK11
FW-SAND-WHT-UK11,Kochi Store,24,0,1.0,14,"Rs. 2,299",Sandal Air,WHT,UK11
FW-SAND-WHT-UK11,Chandigarh Store, 20 ,0,0.8,10,2299,Sandal Air,WHT,UK11
FW-SAND-WHT-UK11,Bhopal Store,50,0,2.0,10,2299,Sandal Air,WHT,UK11
FW-SAND-WHT-UK11,Patna Store,12,0,0.6,14,N/A,Sandal Air,WHT,UK11
FW-SAND-WHT-UK11,Vadodara Store,34,0,1.7,10,2299,Sandal Air,WHT,UK11
FW-SAND-WHT-UK11,Ludhiana Store,6,0,1.7,14,"₹2,299",Sandal Air,WHT,UK11
FW-SAND-WHT-UK11,Agra Store,12,0,1.8,14,2299,Sandal Air,WHT,UK11
FW-SAND-WHT-UK11,Nashik Store,62,0,2.5,10,"2,299.00",Sandal Air,WHT,UK11
FW-SAND-WHT-UK11,Meerut Store,15,0,1.4,10,"2,299.00",Sandal Air,WHT,UK11
FW-SAND-WHT-UK11,Rajkot Store, 28 ,14,2.6,10,"2,299.00",Sandal Air,WHT,UK11
FW-SAND-WHT-UK11,Varanasi Store,1,0,2.9,21,2299,Sandal Air,WHT,UK11
FW-SAND-WHT-UK11,Amritsar Store,115,42,1.8,21,"₹2,299",Sandal Air,WHT,UK11
FW-SAND-WHT-UK11,Noida Store,18,0,1.8,10,2299,Sandal Air,WHT,UK11
FW-SAND-WHT-UK11,Gurugram Store,31.5,0,2.9,14,"Rs. 2,299",Sandal Air,WHT,UK11
FW-SAND-WHT-UK11,Coimbatore Store,103,0,2.3,,"2,299.00",Sandal Air,WHT,UK11
FW-SAND-WHT-UK11,Madurai Store,24,0,1.5,10,"₹2,299",Sandal Air,WHT,UK11
FW-SAND-WHT-UK11,Guwahati Store,48,-11,2.7,21,"Rs. 2,299",Sandal Air,WHT,UK11
FW-SAND-TAN-UK6,Mumbai Store,2,0,2.5,21,"₹4,999",Sandal Air,TAN,UK6
FW-SAND-TAN-UK6,Delhi Store,3,0,3.0,14,"4,999.00",Sandal Air,TAN,UK6
FW-SAND-TAN-UK6,Bengaluru Store, 11 ,0,0.4,10,4999,Sandal Air,TAN,UK6
FW-SAND-TAN-UK6,Hyderabad Store,33,0,1.1,10,4999,Sandal Air,TAN,UK6
FW-SAND-TAN-UK6,Chennai Store,26,11,1.7,10,"₹4,999",Sandal Air,TAN,UK6
FW-SAND-TAN-UK6,Kolkata Store,19,0,0.8,10,"₹4,999",Sandal Air,TAN,UK6
FW-SAND-TAN-UK6,Pune Store,15,11,0.9,10,4999,Sandal Air,TAN,UK6
FW-SAND-TAN-UK6,Ahmedabad Store,4,3,0.8,10,4999,Sandal Air,TAN,UK6
FW-SAND-TAN-UK6,Jaipur Store,17,12,2.3,10,4999,Sandal Air,TAN,UK6
FW-SAND-TAN-UK6,Lucknow Store, 46 ,0,1.1,21,"Rs. 4,999",Sandal Air,TAN,UK6
FW-SAND-TAN-UK6,Surat Store,8,11,,21,"Rs. 4,999",Sandal Air,TAN,UK6
FW-SAND-TAN-UK6,Indore Store,68,0,2.5,10,"₹4,999",Sandal Air,TAN,UK6
FW-SAND-TAN-UK6,Nagpur Store,14,0,0.7,10,"Rs. 4,999",Sandal Air,TAN,UK6
FW-SAND-TAN-UK6,Kochi Store,27,14,1.1,14,"₹4,999",Sandal Air,TAN,UK6
FW-SAND-TAN-UK6,Chandigarh Store,51,0,1.6,14,4999,Sandal Air,TAN,UK6
FW-SAND-TAN-UK6,Bhopal Store,-3,0,0.8,10,"Rs. 4,999",Sandal Air,TAN,UK6
FW-SAND-TAN-UK6,Patna Store,54,0,2.7,10,"4,999.00",Sandal Air,TAN,UK6
FW-SAND-TAN-UK6,Vadodara Store,81,29,1.2,21,4999,Sandal Air,TAN,UK6
FW-SAND-TAN-UK6,Ludhiana Store,23,0,2.8,21,"4,999.00",Sandal Air,TAN,UK6
FW-SAND-TAN-UK6,Agra Store,3,0,0.3,14,4999,Sandal Air,TAN,UK6
FW-SAND-TAN-UK6,Nashik Store,66,23,1.7,14,"₹4,999",Sandal Air,TAN,UK6
FW-SAND-TAN-UK6,Meerut Store,23,0,0.4,21,"Rs. 4,999",Sandal Air,TAN,UK6
FW-SAND-TAN-UK6,Rajkot Store,73,0,1.4,21,4999,Sandal Air,TAN,UK6
FW-SAND-TAN-UK6,Varanasi Store,13,43,2.6,21,"₹4,999",Sandal Air,TAN,UK6
FW-SAND-TAN-UK6,Amritsar Store,101,0,2.2,14,"₹4,999",Sandal Air,TAN,UK6
FW-SAND-TAN-UK6,Noida Store,10,0,0.2,21,4999,Sandal Air,TAN,UK6
FW-SAND-TAN-UK6,Gurugram Store,25,0,1.1,10,"₹4,999",Sandal Air,TAN,UK6
FW-SAND-TAN-UK6,Coimbatore Store,14,0,2.9,10,"4,999.00",Sandal Air,TAN,UK6
FW-SAND-TAN-UK6,Madurai Store,20,0,0.4,21,4999,Sandal Air,TAN,UK6
FW-SAND-TAN-UK6,Guwahati Store,13,7,0.7,10,"₹4,999",Sandal Air,TAN,UK6
FW-SAND-TAN-UK7,Mumbai Store,13,37,1.4,21,1499,Sandal Air,TAN,UK7
FW-SAND-TAN-UK7,Delhi Store,2,0,0.2,14,1499,Sandal Air,TAN,UK7
FW-SAND-TAN-UK7,Bengaluru Store,17,0,0.3,21,1499,Sandal Air,TAN,UK7
FW-SAND-TAN-UK7,Hyderabad Store,17,31,1.6,14,"₹1,499",Sandal Air,TAN,UK7
FW-SAND-TAN-UK7,Chennai Store,32,6,0.7,21,1499,Sandal Air,TAN,UK7
FW-SAND-TAN-UK7,Kolkata Store,56,26,1.9,14,1499,Sandal Air,TAN,UK7
FW-SAND-TAN-UK7,Pune Store,102,0,1.6,21,1499,Sandal Air,TAN,UK7
FW-SAND-TAN-UK7,Ahmedabad Store,62,0,2.5,10,"₹1,499",Sandal Air,TAN,UK7
FW-SAND-TAN-UK7,Jaipur Store,65,51,2.3,21,1499,Sandal Air,TAN,UK7
FW-SAND-TAN-UK7,Lucknow Store,82,0,2.3,14,1499,Sandal Air,TAN,UK7
FW-SAND-TAN-UK7,Surat Store,17,0,0.6,21,"1,499.00",Sandal Air,TAN,UK7
FW-SAND-TAN-UK7,Indore Store,2,0,2.4,10,"Rs. 1,499",Sandal Air,TAN,UK7
FW-SAND-TAN-UK7,Nagpur Store,18,0,2.1,10,"Rs. 1,499",Sandal Air,TAN,UK7
FW-SAND-TAN-UK7,Kochi Store,5,0,1.3,14,1499,Sandal Air,TAN,UK7
FW-SAND-TAN-UK7,Chandigarh Store,28,0,0.9,10,1499,Sandal Air,TAN,UK7
FW-SAND-TAN-UK7,Bhopal Store,88,22,2.4,14,N/A,Sandal Air,TAN,UK7
FW-SAND-TAN-UK7,Patna Store,37,0,1.2,10 days,"₹1,499",Sandal Air,TAN,UK7
FW-SAND-TAN-UK7,Vadodara Store,155,0,2.8,21,"1,499.00",Sandal Air,TAN,UK7
FW-SAND-TAN-UK7,Ludhiana Store,46,0,1.7,10,1499,Sandal Air,TAN,UK7
FW-SAND-TAN-UK7,Agra Store,116.5,0,2.5,14,"₹1,499",Sandal Air,TAN,UK7
FW-SAND-TAN-UK7,Agra Store,116.5,0,2.5,14,"₹1,499",Sandal Air,TAN,UK7
FW-SAND-TAN-UK7,Nashik Store,34,0,1.3,21,1499,Sandal Air,TAN,UK7
FW-SAND-TAN-UK7,Meerut Store,4,11,2.3,10,"₹1,499",Sandal Air,TAN,UK7
FW-SAND-TAN-UK7,Rajkot Store,64,0,2.3,10,"₹1,499",Sandal Air,TAN,UK7
FW-SAND-TAN-UK7,Varanasi Store,7,0,2.3,10,"₹1,499",Sandal Air,TAN,UK7
,Amritsar Store,10,0,1.9,14,"₹1,499",Sandal Air,TAN,UK7
FW-SAND-TAN-UK7,Noida Store,30,0,1.2,10,"₹1,499",Sandal Air,TAN,UK7
FW-SAND-TAN-UK7,Gurugram Store,51,14,0.8,21,1499,Sandal Air,TAN,UK7
FW-SAND-TAN-UK7,Coimbatore Store,49,0,1.3,14,"₹1,499",Sandal Air,TAN,UK7
FW-SAND-TAN-UK7,Madurai Store,41,0,2.2,14,"₹1,499",Sandal Air,TAN,UK7
FW-SAND-TAN-UK7,Guwahati Store, 17 ,0,1.0,14,"₹1,499",Sandal Air,TAN,UK7
FW-SAND-TAN-UK8,Mumbai Store,0,0,1.2,10,1499,Sandal Air,TAN,UK8
FW-SAND-TAN-UK8,Delhi Store,7,19,0.7,21,1499,Sandal Air,TAN,UK8
FW-SAND-TAN-UK8,Bengaluru Store,34,22,1.0,21,"₹1,499",Sandal Air,TAN,UK8
FW-SAND-TAN-UK8,Hyderabad Store,59,0,2.8,10,"₹1,499",Sandal Air,TAN,UK8
FW-SAND-TAN-UK8,Chennai Store,9,0,1.4,14,"₹1,499",Sandal Air,TAN,UK8
FW-SAND-TAN-UK8,Kolkata Store,71,0,2.2,21,"₹1,499",Sandal Air,TAN,UK8
FW-SAND-TAN-UK8,Pune Store,0,0,1.2,10,1499,Sandal Air,TAN,UK8
FW-SAND-TAN-UK8,Ahmedabad Store,8,0,2.7,10,"Rs. 1,499",Sandal Air,TAN,UK8
FW-SAND-TAN-UK8,Jaipur Store,2,0,1.1,14,"Rs. 1,499",Sandal Air,TAN,UK8
FW-SAND-TAN-UK8,Lucknow Store,38,16,1.8,10,"₹1,499",Sandal Air,TAN,UK8
FW-SAND-TAN-UK8,Surat Store,11,-10,1.0,,"₹1,499",Sandal Air,TAN,UK8
FW-SAND-TAN-UK8,Indore Store,7,2,0.3,10,"₹1,499",Sandal Air,TAN,UK8
FW-SAND-TAN-UK8,Nagpur Store,23,34,1.9,21,"₹1,499",Sandal Air,TAN,UK8
FW-SAND-TAN-UK8,Kochi Store, 46 ,0,1.5,21,"₹1,499",Sandal Air,TAN,UK8
FW-SAND-TAN-UK8,Chandigarh Store,5,0,1.0,14,"₹1,499",Sandal Air,TAN,UK8
FW-SAND-TAN-UK8,Bhopal Store,50,0,1.1,14,1499,Sandal Air,TAN,UK8
FW-SAND-TAN-UK8,Patna Store,31,0,2.9,10,1499,Sandal Air,TAN,UK8
FW-SAND-TAN-UK8,Vadodara Store,27,28,2.2,10,"1,499.00",Sandal Air,TAN,UK8
FW-SAND-TAN-UK8,Ludhiana Store,57,22,2.2,10,"Rs. 1,499",Sandal Air,TAN,UK8
FW-SAND-TAN-UK8,Agra Store,43,0,1.5,21,1499,Sandal Air,TAN,UK8
FW-SAND-TAN-UK8,Nashik Store, 25 ,0,0.8,14,"Rs. 1,499",Sandal Air,TAN,UK8
FW-SAND-TAN-UK8,Meerut Store,93,0,2.0,14,1499,Sandal Air,TAN,UK8
FW-SAND-TAN-UK8,Rajkot Store,76,30,2.4,14,1499,Sandal Air,TAN,UK8
FW-SAND-TAN-UK8,Varanasi Store,14,0,1.0,21,1499,Sandal Air,TAN,UK8
FW-SAND-TAN-UK8,Amritsar Store,34,0,2.0,21,"Rs. 1,499",Sandal Air,TAN,UK8
FW-SAND-TAN-UK8,Noida Store,4,0,0.7,10,1499,Sandal Air,TAN,UK8
FW-SAND-TAN-UK8,Gurugram Store,38,0,1.8,21,"1,499.00",Sandal Air,TAN,UK8
FW-SAND-TAN-UK8,Coimbatore Store,11,4,0.3,14,1499,Sandal Air,TAN,UK8
FW-SAND-TAN-UK8,Madurai Store, 52 ,21,0.9,21,1499,Sandal Air,TAN,UK8
FW-SAND-TAN-UK8,Guwahati Store,0,8,0.8,10,"₹1,499",Sandal Air,TAN,UK8
FW-SAND-TAN-UK9,Mumbai Store,3,0,3.0,14,4999,Sandal Air,TAN,UK9
FW-SAND-TAN-UK9,Delhi Store,1,0,1.2,10,"Rs. 4,999",Sandal Air,TAN,UK9
FW-SAND-TAN-UK9,Bengaluru Store,31,8,1.4,10,"₹4,999",Sandal Air,TAN,UK9
FW-SAND-TAN-UK9,Hyderabad Store,33,0,,21,"4,999.00",Sandal Air,TAN,UK9
FW-SAND-TAN-UK9,Chennai Store,31,0,0.9,14,4999,Sandal Air,TAN,UK9
FW-SAND-TAN-UK9,Kolkata Store,65,10,1.5,14,4999,Sandal Air,TAN,UK9
FW-SAND-TAN-UK9,Pune Store,68,0,1.9,14,4999,Sandal Air,TAN,UK9
FW-SAND-TAN-UK9,Ahmedabad Store,64, 17 ,1.7,14,"₹4,999",Sandal Air,TAN,UK9
FW-SAND-TAN-UK9,Jaipur Store,5,0,2.5,10,4999,Sandal Air,TAN,UK9
FW-SAND-TAN-UK9,Lucknow Store,2,0,1.0,14,4999,Sandal Air,TAN,UK9
FW-SAND-TAN-UK9,Surat Store,10,0,1.0,10,"4,999.00",Sandal Air,TAN,UK9
FW-SAND-TAN-UK9,Indore Store,39, 43 ,1.6,21,"₹4,999",Sandal Air,TAN,UK9
FW-SAND-TAN-UK9,Nagpur Store,2.5,4,0.6,10,"Rs. 4,999",Sandal Air,TAN,UK9
FW-SAND-TAN-UK9,Kochi Store,28,0,1.7,10,"₹4,999",Sandal Air,TAN,UK9
FW-SAND-TAN-UK9,Chandigarh Store,-4,53,2.8,14,N/A,Sandal Air,TAN,UK9
FW-SAND-TAN-UK9,Bhopal Store,38, 13 ,1.2,14,"Rs. 4,999",Sandal Air,TAN,UK9
FW-SAND-TAN-UK9,Patna Store,29,0,0.5,21,"₹4,999",Sandal Air,TAN,UK9
FW-SAND-TAN-UK9,Vadodara Store,5,0,0.2,10,"Rs. 4,999",Sandal Air,TAN,UK9
FW-SAND-TAN-UK9,Ludhiana Store,25,0,1.1,10,"Rs. 4,999",Sandal Air,TAN,UK9
FW-SAND-TAN-UK9,Agra Store,74,0,1.2,21,"4,999.00",Sandal Air,TAN,UK9
FW-SAND-TAN-UK9,Nashik Store,31,0,0.7,21,"₹4,999",Sandal Air,TAN,UK9
FW-SAND-TAN-UK9,Meerut Store, 28 ,0,1.9,10,4999,Sandal Air,TAN,UK9
FW-SAND-TAN-UK9,Rajkot Store,0,0,2.7,21,"₹4,999",Sandal Air,TAN,UK9
FW-SAND-TAN-UK9,Varanasi Store,30,0,1.4,10,"4,999.00",Sandal Air,TAN,UK9
FW-SAND-TAN-UK9,Amritsar Store,25,26,1.6,14,"₹4,999",Sandal Air,TAN,UK9
FW-SAND-TAN-UK9,Noida Store,16,0,2.7,21,4999,Sandal Air,TAN,UK9
FW-SAND-TAN-UK9,Gurugram Store,139,68,2.8,21,"4,999.00",Sandal Air,TAN,UK9
FW-SAND-TAN-UK9,Coimbatore Store,93,0,2.3,21,"₹4,999",Sandal Air,TAN,UK9
FW-SAND-TAN-UK9,Madurai Store,45,0,3.0,14,"Rs. 4,999",Sandal Air,TAN,UK9
FW-SAND-TAN-UK9,Guwahati Store,184,83,3.0,21,4999,Sandal Air,TAN,UK9
FW-SAND-TAN-UK10,Mumbai Store,12,0,1.0,21,2299,Sandal Air,TAN,UK10
FW-SAND-TAN-UK10,Delhi Store,14,24,2.5,10,2299,Sandal Air,TAN,UK10
FW-SAND-TAN-UK10,Bengaluru Store,2,0,0.4,21,2299,Sandal Air,TAN,UK10
FW-SAND-TAN-UK10,Hyderabad Store,63,0,2.0,14,"Rs. 2,299",Sandal Air,TAN,UK10
FW-SAND-TAN-UK10,Chennai Store,70,0,2.6,10,"Rs. 2,299",Sandal Air,TAN,UK10
FW-SAND-TAN-UK10,Kolkata Store,56,0,1.8,10 days,2299,Sandal Air,TAN,UK10
FW-SAND-TAN-UK10,Pune Store, 29 ,9,0.9,14,"2,299.00",Sandal Air,TAN,UK10
FW-SAND-TAN-UK10,Ahmedabad Store,144,66,2.5,21,"₹2,299",Sandal Air,TAN,UK10
FW-SAND-TAN-UK10,Jaipur Store,6,0,0.3,14,"₹2,299",Sandal Air,TAN,UK10
FW-SAND-TAN-UK10,Lucknow Store,111,22,2.5,14,"2,299.00",Sandal Air,TAN,UK10
FW-SAND-TAN-UK10,Surat Store,44,0,2.4,21,"2,299.00",Sandal Air,TAN,UK10
FW-SAND-TAN-UK10,Indore Store,6,0,1.8,14,"₹2,299",Sandal Air,TAN,UK10
FW-SAND-TAN-UK10,Nagpur Store, 19 ,14,0.6,21,2299,Sandal Air,TAN,UK10
FW-SAND-TAN-UK10,Kochi Store,23,0,0.6,21,"Rs. 2,299",Sandal Air,TAN,UK10
FW-SAND-TAN-UK10,Chandigarh Store,16,0,0.9,10,2299,Sandal Air,TAN,UK10
FW-SAND-TAN-UK10,Bhopal Store,186,0,3.0,21,2299,Sandal Air,TAN,UK10
FW-SAND-TAN-UK10,Patna Store,17,0,0.9,21,2299,Sandal Air,TAN,UK10
FW-SAND-TAN-UK10,Vadodara Store,3,17,0.8,21,2299,Sandal Air,TAN,UK10
FW-SAND-TAN-UK10,Ludhiana Store,15,0,0.4,14,2299,Sandal Air,TAN,UK10
FW-SAND-TAN-UK10,Agra Store,34,0,1.4,14,"Rs. 2,299",Sandal Air,TAN,UK10
FW-SAND-TAN-UK10,Nashik Store,36,0,1.4,14,"Rs. 2,299",Sandal Air,TAN,UK10
FW-SAND-TAN-UK10,Meerut Store, 38 ,-5,1.0,14,"₹2,299",Sandal Air,TAN,UK10
FW-SAND-TAN-UK10,Rajkot Store,2,0,1.3,10,"Rs. 2,299",Sandal Air,TAN,UK10
FW-SAND-TAN-UK10,Varanasi Store,12,0,2.5,,"₹2,299",Sandal Air,TAN,UK10
FW-SAND-TAN-UK10,Amritsar Store,32,0,1.4,14,2299,Sandal Air,TAN,UK10
FW-SAND-TAN-UK10,Noida Store,40,18,1.4,10,"₹2,299",Sandal Air,TAN,UK10
FW-SAND-TAN-UK10,Gurugram Store,98,0,2.1,14,2299,Sandal Air,TAN,UK10
FW-SAND-TAN-UK10,Gurugram Store,98,0,2.1,14,2299,Sandal Air,TAN,UK10
FW-SAND-TAN-UK10,Coimbatore Store,76,38,2.0,14,"Rs. 2,299",Sandal Air,TAN,UK10
FW-SAND-TAN-UK10,Madurai Store,59,0,1.3,21,2299,Sandal Air,TAN,UK10
FW-SAND-TAN-UK10,Guwahati Store,99,0,2.5,14,2299,Sandal Air,TAN,UK10
FW-SAND-TAN-UK11,Mumbai Store,51,29,1.6,14,"3,499.00",Sandal Air,TAN,UK11
FW-SAND-TAN-UK11,Delhi Store,115,53,2.8,14,"Rs. 3,499",Sandal Air,TAN,UK11
FW-SAND-TAN-UK11,Bengaluru Store,10,14,1.3,10,3499,Sandal Air,TAN,UK11
FW-SAND-TAN-UK11,Hyderabad Store,78,0,2.7,14,"Rs. 3,499",Sandal Air,TAN,UK11
FW-SAND-TAN-UK11,Chennai Store,17,16,1.0,14,"Rs. 3,499",Sandal Air,TAN,UK11
,Kolkata Store,17.5,13,1.1,14,3499,Sandal Air,TAN,UK11
FW-SAND-TAN-UK11,Pune Store,3,5,0.9,10,3499,Sandal Air,TAN,UK11
FW-SAND-TAN-UK11,Ahmedabad Store,14,0,0.8,21,3499,Sandal Air,TAN,UK11
FW-SAND-TAN-UK11,Jaipur Store,190,76,2.7,21,"₹3,499",Sandal Air,TAN,UK11
FW-SAND-TAN-UK11,Lucknow Store,10,0,1.7,14,3499,Sandal Air,TAN,UK11
FW-SAND-TAN-UK11,Surat Store,24,0,1.0,14,3499,Sandal Air,TAN,UK11
FW-SAND-TAN-UK11,Indore Store,27,14,0.7,21,"₹3,499",Sandal Air,TAN,UK11
FW-SAND-TAN-UK11,Nagpur Store,35,0,1.5,10,"₹3,499",Sandal Air,TAN,UK11
FW-SAND-TAN-UK11,Kochi Store,59,0,2.3,14,N/A,Sandal Air,TAN,UK11
FW-SAND-TAN-UK11,Chandigarh Store,6,3,0.3,10,"₹3,499",Sandal Air,TAN,UK11
FW-SAND-TAN-UK11,Bhopal Store,9,0,0.3,14,3499,Sandal Air,TAN,UK11
FW-SAND-TAN-UK11,Patna Store,99,0,2.1,21,"₹3,499",Sandal Air,TAN,UK11
FW-SAND-TAN-UK11,Vadodara Store,9,46,2.9,21,"₹3,499",Sandal Air,TAN,UK11
FW-SAND-TAN-UK11,Ludhiana Store,13,5,0.3,21,3499,Sandal Air,TAN,UK11
FW-SAND-TAN-UK11,Agra Store,29,0,1.2,21,"3,499.00",Sandal Air,TAN,UK11
FW-SAND-TAN-UK11,Nashik Store,16,0,0.9,10,"Rs. 3,499",Sandal Air,TAN,UK11
FW-SAND-TAN-UK11,Meerut Store,28,0,0.4,21,3499,Sandal Air,TAN,UK11
FW-SAND-TAN-UK11,Rajkot Store,68,0,2.0,14,"Rs. 3,499",Sandal Air,TAN,UK11
FW-SAND-TAN-UK11,Varanasi Store,27,0,1.5,21,"₹3,499",Sandal Air,TAN,UK11
FW-SAND-TAN-UK11,Amritsar Store,9,0,0.5,21,"3,499.00",Sandal Air,TAN,UK11
FW-SAND-TAN-UK11,Noida Store,75,0,1.7,14,"Rs. 3,499",Sandal Air,TAN,UK11
FW-SAND-TAN-UK11,Gurugram Store,20,31,,21,3499,Sandal Air,TAN,UK11
FW-SAND-TAN-UK11,Coimbatore Store,69,0,2.7,14,3499,Sandal Air,TAN,UK11
FW-SAND-TAN-UK11,Madurai Store,77,0,2.6,14,"₹3,499",Sandal Air,TAN,UK11
FW-SAND-TAN-UK11,Guwahati Store,28,0,1.5,10,"₹3,499",Sandal Air,TAN,UK11
FW-DERB-BLK-UK6,Mumbai Store, 50 ,0,1.2,14,"Rs. 4,999",Derby Craft,BLK,UK6
FW-DERB-BLK-UK6,Delhi Store,116,0,2.3,21,"₹4,999",Derby Craft,BLK,UK6
FW-DERB-BLK-UK6,Bengaluru Store, 42 ,0,2.4,14,4999,Derby Craft,BLK,UK6
FW-DERB-BLK-UK6,Hyderabad Store,33,16,2.9,10,4999,Derby Craft,BLK,UK6
FW-DERB-BLK-UK6,Chennai Store,7,0,0.5,10,"₹4,999",Derby Craft,BLK,UK6
FW-DERB-BLK-UK6,Kolkata Store,24,0,1.0,10,4999,Derby Craft,BLK,UK6
FW-DERB-BLK-UK6,Pune Store,20,0,0.6,14,4999,Derby Craft,BLK,UK6
FW-DERB-BLK-UK6,Ahmedabad Store,18,0,0.5,14,"₹4,999",Derby Craft,BLK,UK6
FW-DERB-BLK-UK6,Jaipur Store,75,28,1.7,14,4999,Derby Craft,BLK,UK6
FW-DERB-BLK-UK6,Lucknow Store,19,0,1.8,10,"₹4,999",Derby Craft,BLK,UK6
FW-DERB-BLK-UK6,Surat Store,25,0,1.0,14,"₹4,999",Derby Craft,BLK,UK6
FW-DERB-BLK-UK6,Indore Store,38,14,1.3,14,4999,Derby Craft,BLK,UK6
FW-DERB-BLK-UK6,Nagpur Store,65,0,2.4,14,"₹4,999",Derby Craft,BLK,UK6
FW-DERB-BLK-UK6,Kochi Store,-2,0,1.6,10,"Rs. 4,999",Derby Craft,BLK,UK6
FW-DERB-BLK-UK6,Chandigarh Store, 79 ,16,2.4,10,"₹4,999",Derby Craft,BLK,UK6
FW-DERB-BLK-UK6,Bhopal Store,5,0,1.2,10,"₹4,999",Derby Craft,BLK,UK6
FW-DERB-BLK-UK6,Patna Store,3,0,0.5,14,4999,Derby Craft,BLK,UK6
FW-DERB-BLK-UK6,Vadodara Store,34,8,0.9,14,4999,Derby Craft,BLK,UK6
FW-DERB-BLK-UK6,Ludhiana Store,196,0,2.9,21,4999,Derby Craft,BLK,UK6
FW-DERB-BLK-UK6,Agra Store,1,0,0.9,14,"4,999.00",Derby Craft,BLK,UK6
FW-DERB-BLK-UK6,Nashik Store,29,0,1.7,10,"₹4,999",Derby Craft,BLK,UK6
FW-DERB-BLK-UK6,Meerut Store,2,0,2.9,10,4999,Derby Craft,BLK,UK6
FW-DERB-BLK-UK6,Rajkot Store,8,5,0.6,10,"Rs. 4,999",Derby Craft,BLK,UK6
FW-DERB-BLK-UK6,Varanasi Store,51,0,1.4,14,4999,Derby Craft,BLK,UK6
FW-DERB-BLK-UK6,Amritsar Store,20,13,1.0,14 days,4999,Derby Craft,BLK,UK6
FW-DERB-BLK-UK6,Noida Store,17,0,0.7,14,"₹4,999",Derby Craft,BLK,UK6
FW-DERB-BLK-UK6,Gurugram Store,37,0,2.1,21,"₹4,999",Derby Craft,BLK,UK6
FW-DERB-BLK-UK6,Coimbatore Store,33,0,1.2,14,"₹4,999",Derby Craft,BLK,UK6
FW-DERB-BLK-UK6,Madurai Store,20.5,0,0.7,21,4999,Derby Craft,BLK,UK6
FW-DERB-BLK-UK6,Guwahati Store,57,0,1.2,14,4999,Derby Craft,BLK,UK6
FW-DERB-BLK-UK7,Mumbai Store,17,15,2.2,10,"Rs. 4,999",Derby Craft,BLK,UK7
FW-DERB-BLK-UK7,Delhi Store, 62 ,0,2.9,10,"4,999.00",Derby Craft,BLK,UK7
FW-DERB-BLK-UK7,Bengaluru Store,10,-12,0.6,10,4999,Derby Craft,BLK,UK7
FW-DERB-BLK-UK7,Hyderabad Store,28,0,2.5,14,"₹4,999",Derby Craft,BLK,UK7
FW-DERB-BLK-UK7,Chennai Store,3,7,1.2,10,4999,Derby Craft,BLK,UK7
FW-DERB-BLK-UK7,Kolkata Store,7,5,0.4,14,"₹4,999",Derby Craft,BLK,UK7
FW-DERB-BLK-UK7,Pune Store,2,0,0.7,,"₹4,999",Derby Craft,BLK,UK7
FW-DERB-BLK-UK7,Ahmedabad Store,17,9,0.6,14,"₹4,999",Derby Craft,BLK,UK7
FW-DERB-BLK-UK7,Jaipur Store,12,0,0.7,14,4999,Derby Craft,BLK,UK7
FW-DERB-BLK-UK7,Lucknow Store,9,21,1.8,10,4999,Derby Craft,BLK,UK7
FW-DERB-BLK-UK7,Surat Store,5,27,1.0,21,"₹4,999",Derby Craft,BLK,UK7
FW-DERB-BLK-UK7,Indore Store,55,0,1.3,21,4999,Derby Craft,BLK,UK7
FW-DERB-BLK-UK7,Nagpur Store,91,0,2.3,14,N/A,Derby Craft,BLK,UK7
FW-DERB-BLK-UK7,Kochi Store,27,15,1.4,10,4999,Derby Craft,BLK,UK7
FW-DERB-BLK-UK7,Chandigarh Store,47,0,1.6,21,4999,Derby Craft,BLK,UK7
FW-DERB-BLK-UK7,Bhopal Store,11,0,0.3,21,4999,Derby Craft,BLK,UK7
FW-DERB-BLK-UK7,Patna Store,9,0,0.7,10,"₹4,999",Derby Craft,BLK,UK7
FW-DERB-BLK-UK7,Vadodara Store,144,0,2.3,21,4999,Derby Craft,BLK,UK7
FW-DERB-BLK-UK7,Ludhiana Store,77,0,1.6,21,"4,999.00",Derby Craft,BLK,UK7
FW-DERB-BLK-UK7,Agra Store,20,21,0.8,21,"₹4,999",Derby Craft,BLK,UK7
FW-DERB-BLK-UK7,Nashik Store,0,0,0.8,10,"₹4,999",Derby Craft,BLK,UK7
FW-DERB-BLK-UK7,Meerut Store,46,0,1.3,21,4999,Derby Craft,BLK,UK7
FW-DERB-BLK-UK7,Rajkot Store,172,0,3.0,21,4999,Derby Craft,BLK,UK7
FW-DERB-BLK-UK7,Varanasi Store,70,0,2.5,10,4999,Derby Craft,BLK,UK7
FW-DERB-BLK-UK7,Amritsar Store,30,7,1.2,14,"Rs. 4,999",Derby Craft,BLK,UK7
FW-DERB-BLK-UK7,Noida Store,70,0,1.0,21,"4,999.00",Derby Craft,BLK,UK7
FW-DERB-BLK-UK7,Gurugram Store,94,0,1.4,21,"₹4,999",Derby Craft,BLK,UK7
FW-DERB-BLK-UK7,Coimbatore Store,129,17,2.0,21,4999,Derby Craft,BLK,UK7
FW-DERB-BLK-UK7,Madurai Store,3,0,1.9,21,"4,999.00",Derby Craft,BLK,UK7
FW-DERB-BLK-UK7,Guwahati Store,12,0,0.4,21,"₹4,999",Derby Craft,BLK,UK7
FW-DERB-BLK-UK8,Mumbai Store,9,19,1.3,21,"₹1,499",Derby Craft,BLK,UK8
FW-DERB-BLK-UK8,Delhi Store,142,29,2.6,21,"Rs. 1,499",Derby Craft,BLK,UK8
FW-DERB-BLK-UK8,Bengaluru Store,4,49,2.6,14,1499,Derby Craft,BLK,UK8
FW-DERB-BLK-UK8,Hyderabad Store,16,22,1.2,14,1499,Derby Craft,BLK,UK8
FW-DERB-BLK-UK8,Hyderabad Store,16,22,1.2,14,1499,Derby Craft,BLK,UK8
FW-DERB-BLK-UK8,Chennai Store,108,0,2.0,21,"₹1,499",Derby Craft,BLK,UK8
FW-DERB-BLK-UK8,Kolkata Store,6,3,0.4,14,1499,Derby Craft,BLK,UK8
FW-DERB-BLK-UK8,Pune Store,17,0,0.4,21,"Rs. 1,499",Derby Craft,BLK,UK8
FW-DERB-BLK-UK8,Ahmedabad Store,39,0,1.0,14,"₹1,499",Derby Craft,BLK,UK8
FW-DERB-BLK-UK8,Jaipur Store,23,17,1.2,14,"₹1,499",Derby Craft,BLK,UK8
FW-DERB-BLK-UK8,Lucknow Store,57,0,2.3,21,1499,Derby Craft,BLK,UK8
FW-DERB-BLK-UK8,Surat Store,0,0,2.9,21,1499,Derby Craft,BLK,UK8
FW-DERB-BLK-UK8,Indore Store,2,10,1.3,14,1499,Derby Craft,BLK,UK8
FW-DERB-BLK-UK8,Nagpur Store,1,7,0.6,14,1499,Derby Craft,BLK,UK8
FW-DERB-BLK-UK8,Kochi Store,51,0,1.5,21,1499,Derby Craft,BLK,UK8
FW-DERB-BLK-UK8,Chandigarh Store,125,0,2.9,21,"Rs. 1,499",Derby Craft,BLK,UK8
FW-DERB-BLK-UK8,Bhopal Store,114,0,3.0,14,"₹1,499",Derby Craft,BLK,UK8
,Patna Store,12,0,0.4,14,"Rs. 1,499",Derby Craft,BLK,UK8
FW-DERB-BLK-UK8,Vadodara Store, 56 ,0,2.3,10,"Rs. 1,499",Derby Craft,BLK,UK8
FW-DERB-BLK-UK8,Ludhiana Store,66,42,2.7,14,"₹1,499",Derby Craft,BLK,UK8
FW-DERB-BLK-UK8,Agra Store,46,0,,14,"₹1,499",Derby Craft,BLK,UK8
FW-DERB-BLK-UK8,Nashik Store,3,4,0.3,10,1499,Derby Craft,BLK,UK8
FW-DERB-BLK-UK8,Meerut Store,17.5,0,1.2,10,1499,Derby Craft,BLK,UK8
FW-DERB-BLK-UK8,Rajkot Store,68,0,2.1,21,"Rs. 1,499",Derby Craft,BLK,UK8
FW-DERB-BLK-UK8,Varanasi Store,122,39,3.0,14,1499,Derby Craft,BLK,UK8
FW-DERB-BLK-UK8,Amritsar Store,50,0,2.7,10,"₹1,499",Derby Craft,BLK,UK8
FW-DERB-BLK-UK8,Noida Store,74,0,2.4,14,1499,Derby Craft,BLK,UK8
FW-DERB-BLK-UK8,Gurugram Store,10,0,0.4,10,1499,Derby Craft,BLK,UK8
FW-DERB-BLK-UK8,Coimbatore Store,18,0,1.6,14,"₹1,499",Derby Craft,BLK,UK8
FW-DERB-BLK-UK8,Madurai Store,14,0,0.8,21,1499,Derby Craft,BLK,UK8
FW-DERB-BLK-UK8,Guwahati Store,9,0,1.1,14,"₹1,499",Derby Craft,BLK,UK8
FW-DERB-BLK-UK9,Mumbai Store,113,0,2.9,21,3499,Derby Craft,BLK,UK9
FW-DERB-BLK-UK9,Delhi Store,0,14,2.7,10,"₹3,499",Derby Craft,BLK,UK9
FW-DERB-BLK-UK9,Bengaluru Store, 11 ,0,0.6,14,3499,Derby Craft,BLK,UK9
FW-DERB-BLK-UK9,Hyderabad Store,0,0,0.5,10,3499,Derby Craft,BLK,UK9
FW-DERB-BLK-UK9,Chennai Store,140,0,2.5,21,"₹3,499",Derby Craft,BLK,UK9
FW-DERB-BLK-UK9,Kolkata Store,20,0,1.9,21,3499,Derby Craft,BLK,UK9
FW-DERB-BLK-UK9,Pune Store,25,0,1.2,14,"Rs. 3,499",Derby Craft,BLK,UK9
FW-DERB-BLK-UK9,Ahmedabad Store,75,19,2.3,14,"₹3,499",Derby Craft,BLK,UK9
FW-DERB-BLK-UK9,Jaipur Store,17,35,1.8,14,3499,Derby Craft,BLK,UK9
FW-DERB-BLK-UK9,Lucknow Store,11,0,3.0,14,3499,Derby Craft,BLK,UK9
FW-DERB-BLK-UK9,Surat Store,81,0,1.5,21,3499,Derby Craft,BLK,UK9
FW-DERB-BLK-UK9,Indore Store,102,0,1.7,21,N/A,Derby Craft,BLK,UK9
FW-DERB-BLK-UK9,Nagpur Store,(6),56,2.9,21,"₹3,499",Derby Craft,BLK,UK9
FW-DERB-BLK-UK9,Kochi Store,24,-6,0.8,14 days,"₹3,499",Derby Craft,BLK,UK9
FW-DERB-BLK-UK9,Chandigarh Store,55,0,2.0,14,"₹3,499",Derby Craft,BLK,UK9
FW-DERB-BLK-UK9,Bhopal Store,16,0,1.9,10,"₹3,499",Derby Craft,BLK,UK9
FW-DERB-BLK-UK9,Patna Store,61,0,0.9,21,"₹3,499",Derby Craft,BLK,UK9
FW-DERB-BLK-UK9,Vadodara Store,1,0,0.4,14,3499,Derby Craft,BLK,UK9
FW-DERB-BLK-UK9,Ludhiana Store,65,0,2.0,10,"3,499.00",Derby Craft,BLK,UK9
FW-DERB-BLK-UK9,Agra Store,17,0,1.3,,"3,499.00",Derby Craft,BLK,UK9
FW-DERB-BLK-UK9,Nashik Store,71,0,1.4,21,"₹3,499",Derby Craft,BLK,UK9
FW-DERB-BLK-UK9,Meerut Store,8,12,1.2,14,3499,Derby Craft,BLK,UK9
FW-DERB-BLK-UK9,Rajkot Store,38,0,2.5,14,3499,Derby Craft,BLK,UK9
FW-DERB-BLK-UK9,Varanasi Store,15,0,2.7,10,"Rs. 3,499",Derby Craft,BLK,UK9
FW-DERB-BLK-UK9,Amritsar Store,71,0,3.0,21,3499,Derby Craft,BLK,UK9
FW-DERB-BLK-UK9,Noida Store,49,24,2.7,10,3499,Derby Craft,BLK,UK9
FW-DERB-BLK-UK9,Gurugram Store,0,16,1.2,21,"3,499.00",Derby Craft,BLK,UK9
FW-DERB-BLK-UK9,Coimbatore Store,83,0,2.8,14,3499,Derby Craft,BLK,UK9
FW-DERB-BLK-UK9,Madurai Store,93,0,2.9,21,3499,Derby Craft,BLK,UK9
FW-DERB-BLK-UK9,Guwahati Store,17,0,1.1,10,"Rs. 3,499",Derby Craft,BLK,UK9
FW-DERB-BLK-UK10,Mumbai Store,17, 12 ,1.4,10,"Rs. 1,499",Derby Craft,BLK,UK10
FW-DERB-BLK-UK10,Delhi Store,6,0,1.9,10,"Rs. 1,499",Derby Craft,BLK,UK10
FW-DERB-BLK-UK10,Bengaluru Store,21,7,0.7,10,"₹1,499",Derby Craft,BLK,UK10
FW-DERB-BLK-UK10,Hyderabad Store,15,32,2.3,10,1499,Derby Craft,BLK,UK10
FW-DERB-BLK-UK10,Chennai Store,29,11,2.8,10,"₹1,499",Derby Craft,BLK,UK10
FW-DERB-BLK-UK10,Kolkata Store, 9 ,0,1.0,10,"₹1,499",Derby Craft,BLK,UK10
FW-DERB-BLK-UK10,Pune Store, 33 ,0,0.9,14,"1,499.00",Derby Craft,BLK,UK10
FW-DERB-BLK-UK10,Ahmedabad Store,102,0,2.4,14,1499,Derby Craft,BLK,UK10
FW-DERB-BLK-UK10,Jaipur Store,3,0,0.6,10,1499,Derby Craft,BLK,UK10
FW-DERB-BLK-UK10,Lucknow Store,48,0,0.9,21,"₹1,499",Derby Craft,BLK,UK10
FW-DERB-BLK-UK10,Surat Store,71,0,2.5,21,1499,Derby Craft,BLK,UK10
FW-DERB-BLK-UK10,Indore Store,13,0,0.2,21,1499,Derby Craft,BLK,UK10
FW-DERB-BLK-UK10,Nagpur Store,19,3,0.6,10,1499,Derby Craft,BLK,UK10
FW-DERB-BLK-UK10,Kochi Store, 53 ,0,2.7,10,1499,Derby Craft,BLK,UK10
FW-DERB-BLK-UK10,Chandigarh Store,17.5,0,0.4,14,1499,Derby Craft,BLK,UK10
FW-DERB-BLK-UK10,Bhopal Store,119,0,1.7,21,"1,499.00",Derby Craft,BLK,UK10
FW-DERB-BLK-UK10,Patna Store,5,0,0.4,10,"₹1,499",Derby Craft,BLK,UK10
FW-DERB-BLK-UK10,Vadodara Store,81,43,2.9,21,1499,Derby Craft,BLK,UK10
FW-DERB-BLK-UK10,Ludhiana Store,6,0,0.4,14,"₹1,499",Derby Craft,BLK,UK10
FW-DERB-BLK-UK10,Agra Store,93,0,2.7,21,1499,Derby Craft,BLK,UK10
FW-DERB-BLK-UK10,Nashik Store, 9 ,0,0.4,10,1499,Derby Craft,BLK,UK10
FW-DERB-BLK-UK10,Meerut Store,28,0,0.5,21,"₹1,499",Derby Craft,BLK,UK10
FW-DERB-BLK-UK10,Rajkot Store,44,0,2.1,14,"Rs. 1,499",Derby Craft,BLK,UK10
FW-DERB-BLK-UK10,Varanasi Store,22,0,2.2,10,"1,499.00",Derby Craft,BLK,UK10
FW-DERB-BLK-UK10,Amritsar Store,19,0,1.7,10,1499,Derby Craft,BLK,UK10
FW-DERB-BLK-UK10,Noida Store,43,11,2.0,10,1499,Derby Craft,BLK,UK10
FW-DERB-BLK-UK10,Gurugram Store,53,0,1.6,10,"1,499.00",Derby Craft,BLK,UK10
FW-DERB-BLK-UK10,Coimbatore Store,160,0,2.6,21,"Rs. 1,499",Derby Craft,BLK,UK10
FW-DERB-BLK-UK10,Madurai Store,113,0,2.3,21,1499,Derby Craft,BLK,UK10
FW-DERB-BLK-UK10,Guwahati Store,42,0,2.2,10,"Rs. 1,499",Derby Craft,BLK,UK10
FW-DERB-BLK-UK11,Mumbai Store,7,28,2.1,10,"Rs. 3,499",Derby Craft,BLK,UK11
FW-DERB-BLK-UK11,Delhi Store,130,0,2.3,21,"3,499.00",Derby Craft,BLK,UK11
FW-DERB-BLK-UK11,Bengaluru Store,23,0,1.3,14,"₹3,499",Derby Craft,BLK,UK11
FW-DERB-BLK-UK11,Hyderabad Store,47,0,2.0,14,"₹3,499",Derby Craft,BLK,UK11
FW-DERB-BLK-UK11,Chennai Store,26,19,0.8,21,"₹3,499",Derby Craft,BLK,UK11
FW-DERB-BLK-UK11,Kolkata Store,27,0,0.6,21,"₹3,499",Derby Craft,BLK,UK11
FW-DERB-BLK-UK11,Pune Store, 73 ,0,2.5,21,3499,Derby Craft,BLK,UK11
FW-DERB-BLK-UK11,Ahmedabad Store,20,0,1.4,14,"Rs. 3,499",Derby Craft,BLK,UK11
FW-DERB-BLK-UK11,Jaipur Store,147,0,2.3,21,3499,Derby Craft,BLK,UK11
FW-DERB-BLK-UK11,Lucknow Store,111,0,2.8,21,3499,Derby Craft,BLK,UK11
FW-DERB-BLK-UK11,Surat Store,51,0,2.3,21,N/A,Derby Craft,BLK,UK11
FW-DERB-BLK-UK11,Surat Store,51,0,2.3,21,N/A,Derby Craft,BLK,UK11
FW-DERB-BLK-UK11,Indore Store,41,0,2.0,21,3499,Derby Craft,BLK,UK11
FW-DERB-BLK-UK11,Nagpur Store,40,16,,14,"Rs. 3,499",Derby Craft,BLK,UK11
FW-DERB-BLK-UK11,Kochi Store,159,0,2.8,21,"₹3,499",Derby Craft,BLK,UK11
FW-DERB-BLK-UK11,Chandigarh Store,62,0,1.9,10,"₹3,499",Derby Craft,BLK,UK11
FW-DERB-BLK-UK11,Bhopal Store,17,0,1.9,14,3499,Derby Craft,BLK,UK11
FW-DERB-BLK-UK11,Patna Store,30,17,1.5,10,3499,Derby Craft,BLK,UK11
FW-DERB-BLK-UK11,Vadodara Store,35,0,2.5,10,"Rs. 3,499",Derby Craft,BLK,UK11
FW-DERB-BLK-UK11,Ludhiana Store,5,0,0.5,10,"₹3,499",Derby Craft,BLK,UK11
FW-DERB-BLK-UK11,Agra Store,21,0,1.0,14,"Rs. 3,499",Derby Craft,BLK,UK11
FW-DERB-BLK-UK11,Nashik Store,53,0,2.9,14,3499,Derby Craft,BLK,UK11
FW-DERB-BLK-UK11,Meerut Store,16,0,0.4,21,"₹3,499",Derby Craft,BLK,UK11
FW-DERB-BLK-UK11,Rajkot Store, 51 ,0,2.8,10,3499,Derby Craft,BLK,UK11
FW-DERB-BLK-UK11,Varanasi Store,46,0,2.6,21,"₹3,499",Derby Craft,BLK,UK11
FW-DERB-BLK-UK11,Amritsar Store, 65 ,-12,1.7,14,3499,Derby Craft,BLK,UK11
FW-DERB-BLK-UK11,Noida Store,24,0,0.8,14,"₹3,499",Derby Craft,BLK,UK11
FW-DERB-BLK-UK11,Gurugram Store,23,0,2.6,10,3499,Derby Craft,BLK,UK11
,Coimbatore Store,50,8,1.4,14,3499,Derby Craft,BLK,UK11
FW-DERB-BLK-UK11,Madurai Store,16,0,0.3,21,3499,Derby Craft,BLK,UK11
FW-DERB-BLK-UK11,Guwahati Store,66,0,2.7,14,"₹3,499",Derby Craft,BLK,UK11
FW-DERB-WHT-UK6,Mumbai Store,160,0,2.4,21,"₹1,499",Derby Craft,WHT,UK6
FW-DERB-WHT-UK6,Delhi Store,44,0,1.4,10,"₹1,499",Derby Craft,WHT,UK6
FW-DERB-WHT-UK6,Bengaluru Store,65,0,1.7,,1499,Derby Craft,WHT,UK6
FW-DERB-WHT-UK6,Hyderabad Store,126,0,1.9,21,1499,Derby Craft,WHT,UK6
FW-DERB-WHT-UK6,Chennai Store,50,0,1.7,14,1499,Derby Craft,WHT,UK6
FW-DERB-WHT-UK6,Kolkata Store,41,0,1.1,14,"Rs. 1,499",Derby Craft,WHT,UK6
FW-DERB-WHT-UK6,Pune Store,55,0,2.8,21,1499,Derby Craft,WHT,UK6
FW-DERB-WHT-UK6,Ahmedabad Store,8.5,0,1.7,14,1499,Derby Craft,WHT,UK6
FW-DERB-WHT-UK6,Jaipur Store,36,0,2.3,21,"₹1,499",Derby Craft,WHT,UK6
FW-DERB-WHT-UK6,Lucknow Store,31,0,2.2,10,"₹1,499",Derby Craft,WHT,UK6
FW-DERB-WHT-UK6,Surat Store,11,18,2.2,21,1499,Derby Craft,WHT,UK6
FW-DERB-WHT-UK6,Indore Store,-4,0,1.0,10,"₹1,499",Derby Craft,WHT,UK6
FW-DERB-WHT-UK6,Nagpur Store,38,0,2.9,10,"₹1,499",Derby Craft,WHT,UK6
FW-DERB-WHT-UK6,Kochi Store,45,0,1.9,10,1499,Derby Craft,WHT,UK6
FW-DERB-WHT-UK6,Chandigarh Store,75,0,2.9,21,1499,Derby Craft,WHT,UK6
FW-DERB-WHT-UK6,Bhopal Store,173,0,2.9,21,1499,Derby Craft,WHT,UK6
FW-DERB-WHT-UK6,Patna Store, 45 ,0,2.5,21,1499,Derby Craft,WHT,UK6
FW-DERB-WHT-UK6,Vadodara Store,27,0,1.1,10,"₹1,499",Derby Craft,WHT,UK6
FW-DERB-WHT-UK6,Ludhiana Store,45,0,2.9,14,1499,Derby Craft,WHT,UK6
FW-DERB-WHT-UK6,Agra Store,5,0,0.7,10,"Rs. 1,499",Derby Craft,WHT,UK6
FW-DERB-WHT-UK6,Nashik Store,97,40,2.7,21,1499,Derby Craft,WHT,UK6
FW-DERB-WHT-UK6,Meerut Store,1,0,0.6,21,1499,Derby Craft,WHT,UK6
FW-DERB-WHT-UK6,Rajkot Store,48,0,2.2,14,"₹1,499",Derby Craft,WHT,UK6
FW-DERB-WHT-UK6,Varanasi Store,24,0,1.0,10,"₹1,499",Derby Craft,WHT,UK6
FW-DERB-WHT-UK6,Amritsar Store,27,0,1.9,10,1499,Derby Craft,WHT,UK6
FW-DERB-WHT-UK6,Noida Store,79,0,2.9,14,"Rs. 1,499",Derby Craft,WHT,UK6
FW-DERB-WHT-UK6,Gurugram Store,39,0,1.6,21,1499,Derby Craft,WHT,UK6
FW-DERB-WHT-UK6,Coimbatore Store,26,0,1.3,21,1499,Derby Craft,WHT,UK6
FW-DERB-WHT-UK6,Madurai Store, 73 ,27,1.8,14,"₹1,499",Derby Craft,WHT,UK6
FW-DERB-WHT-UK6,Guwahati Store,196,0,2.9,21,"₹1,499",Derby Craft,WHT,UK6
FW-DERB-WHT-UK7,Mumbai Store,3,0,2.0,14,"₹1,499",Derby Craft,WHT,UK7
FW-DERB-WHT-UK7,Delhi Store,78,0,2.9,10,1499,Derby Craft,WHT,UK7
FW-DERB-WHT-UK7,Bengaluru Store,5,0,0.4,21,1499,Derby Craft,WHT,UK7
FW-DERB-WHT-UK7,Hyderabad Store,4,0,0.3,10,"1,499.00",Derby Craft,WHT,UK7
FW-DERB-WHT-UK7,Chennai Store,54,0,2.1,21,1499,Derby Craft,WHT,UK7
FW-DERB-WHT-UK7,Kolkata Store,1,0,0.6,10,"₹1,499",Derby Craft,WHT,UK7
FW-DERB-WHT-UK7,Pune Store,19,0,1.8,10,"Rs. 1,499",Derby Craft,WHT,UK7
FW-DERB-WHT-UK7,Ahmedabad Store,11,0,2.0,10,"₹1,499",Derby Craft,WHT,UK7
FW-DERB-WHT-UK7,Jaipur Store,44,0,1.6,10,"1,499.00",Derby Craft,WHT,UK7
FW-DERB-WHT-UK7,Lucknow Store,113,0,2.8,21,N/A,Derby Craft,WHT,UK7
FW-DERB-WHT-UK7,Surat Store,22,0,0.8,10,1499,Derby Craft,WHT,UK7
FW-DERB-WHT-UK7,Indore Store,16,0,1.2,14,"1,499.00",Derby Craft,WHT,UK7
FW-DERB-WHT-UK7,Nagpur Store,10,9,0.9,14,1499,Derby Craft,WHT,UK7
FW-DERB-WHT-UK7,Kochi Store, 6 ,0,0.6,10,"₹1,499",Derby Craft,WHT,UK7
FW-DERB-WHT-UK7,Chandigarh Store,0,9,0.9,14,"Rs. 1,499",Derby Craft,WHT,UK7
FW-DERB-WHT-UK7,Bhopal Store,8,1,0.2,14,"₹1,499",Derby Craft,WHT,UK7
FW-DERB-WHT-UK7,Patna Store,46,11,2.6,10,1499,Derby Craft,WHT,UK7
FW-DERB-WHT-UK7,Vadodara Store,30,0,1.5,10,1499,Derby Craft,WHT,UK7
FW-DERB-WHT-UK7,Ludhiana Store,1,0,0.7,21,1499,Derby Craft,WHT,UK7
FW-DERB-WHT-UK7,Agra Store,29,0,2.1,14,"1,499.00",Derby Craft,WHT,UK7
FW-DERB-WHT-UK7,Nashik Store,8,0,0.7,14,1499,Derby Craft,WHT,UK7
FW-DERB-WHT-UK7,Meerut Store,54,0,2.3,21,1499,Derby Craft,WHT,UK7
FW-DERB-WHT-UK7,Rajkot Store,1,0,0.2,10,1499,Derby Craft,WHT,UK7
FW-DERB-WHT-UK7,Varanasi Store,43,0,2.9,10,1499,Derby Craft,WHT,UK7
FW-DERB-WHT-UK7,Amritsar Store,16,0,3.0,10,1499,Derby Craft,WHT,UK7
FW-DERB-WHT-UK7,Noida Store,31,0,0.9,21,"Rs. 1,499",Derby Craft,WHT,UK7
FW-DERB-WHT-UK7,Gurugram Store,141,0,2.1,21,1499,Derby Craft,WHT,UK7
FW-DERB-WHT-UK7,Coimbatore Store,41,0,1.7,14,"1,499.00",Derby Craft,WHT,UK7
FW-DERB-WHT-UK7,Madurai Store,81,27,2.5,10,"₹1,499",Derby Craft,WHT,UK7
FW-DERB-WHT-UK7,Guwahati Store,5,21,2.8,10,"1,499.00",Derby Craft,WHT,UK7
FW-DERB-WHT-UK8,Mumbai Store,16.5,11,1.8,14,"₹2,299",Derby Craft,WHT,UK8
FW-DERB-WHT-UK8,Delhi Store,62,0,1.2,21,2299,Derby Craft,WHT,UK8
FW-DERB-WHT-UK8,Bengaluru Store,6,0,0.2,21,2299,Derby Craft,WHT,UK8
FW-DERB-WHT-UK8,Hyderabad Store,4,0,1.3,14,"₹2,299",Derby Craft,WHT,UK8
FW-DERB-WHT-UK8,Chennai Store,96,0,2.7,14,"Rs. 2,299",Derby Craft,WHT,UK8
FW-DERB-WHT-UK8,Kolkata Store,20,-9,,21,"2,299.00",Derby Craft,WHT,UK8
FW-DERB-WHT-UK8,Pune Store,148,60,2.4,21,"Rs. 2,299",Derby Craft,WHT,UK8
FW-DERB-WHT-UK8,Ahmedabad Store, 149 ,0,2.9,21,2299,Derby Craft,WHT,UK8
FW-DERB-WHT-UK8,Jaipur Store,21,0,1.1,14,"₹2,299",Derby Craft,WHT,UK8
FW-DERB-WHT-UK8,Lucknow Store,35,0,0.9,14,2299,Derby Craft,WHT,UK8
FW-DERB-WHT-UK8,Surat Store,42,0,2.6,14,"₹2,299",Derby Craft,WHT,UK8
FW-DERB-WHT-UK8,Indore Store,78,0,2.0,21,2299,Derby Craft,WHT,UK8
FW-DERB-WHT-UK8,Nagpur Store,5,0,1.1,10,2299,Derby Craft,WHT,UK8
FW-DERB-WHT-UK8,Kochi Store,40,0,1.3,14,2299,Derby Craft,WHT,UK8
FW-DERB-WHT-UK8,Chandigarh Store,0,0,3.0,10,2299,Derby Craft,WHT,UK8
FW-DERB-WHT-UK8,Bhopal Store,25,0,2.4,,2299,Derby Craft,WHT,UK8
FW-DERB-WHT-UK8,Patna Store,20,0,1.6,10,"Rs. 2,299",Derby Craft,WHT,UK8
FW-DERB-WHT-UK8,Vadodara Store,27,0,0.9,10,2299,Derby Craft,WHT,UK8
FW-DERB-WHT-UK8,Vadodara Store,27,0,0.9,10,2299,Derby Craft,WHT,UK8
FW-DERB-WHT-UK8,Ludhiana Store,111,0,2.7,21,"₹2,299",Derby Craft,WHT,UK8
FW-DERB-WHT-UK8,Agra Store,29,0,2.1,21,"₹2,299",Derby Craft,WHT,UK8
FW-DERB-WHT-UK8,Nashik Store,3,0,0.2,14,"2,299.00",Derby Craft,WHT,UK8
FW-DERB-WHT-UK8,Meerut Store,2,0,0.9,14 days,2299,Derby Craft,WHT,UK8
FW-DERB-WHT-UK8,Rajkot Store,85,0,1.7,21,2299,Derby Craft,WHT,UK8
FW-DERB-WHT-UK8,Varanasi Store,117,0,2.3,21,2299,Derby Craft,WHT,UK8
FW-DERB-WHT-UK8,Amritsar Store,41,0,1.9,10,2299,Derby Craft,WHT,UK8
FW-DERB-WHT-UK8,Noida Store,13,0,0.4,14,2299,Derby Craft,WHT,UK8
FW-DERB-WHT-UK8,Gurugram Store,75,0,2.8,10,"2,299.00",Derby Craft,WHT,UK8
FW-DERB-WHT-UK8,Coimbatore Store,21,7,0.4,21,"₹2,299",Derby Craft,WHT,UK8
FW-DERB-WHT-UK8,Madurai Store,44,0,1.9,14,"₹2,299",Derby Craft,WHT,UK8
FW-DERB-WHT-UK8,Guwahati Store,30,0,0.7,14,"2,299.00",Derby Craft,WHT,UK8
FW-DERB-WHT-UK9,Mumbai Store,14,0,1.6,21,3499,Derby Craft,WHT,UK9
FW-DERB-WHT-UK9,Delhi Store,4,5,0.3,14,3499,Derby Craft,WHT,UK9
FW-DERB-WHT-UK9,Bengaluru Store,10,5,0.2,21,"Rs. 3,499",Derby Craft,WHT,UK9
FW-DERB-WHT-UK9,Hyderabad Store,8,14,1.1,10,3499,Derby Craft,WHT,UK9
FW-DERB-WHT-UK9,Chennai Store,75,0,2.4,21,"3,499.00",Derby Craft,WHT,UK9
FW-DERB-WHT-UK9,Kolkata Store,10,4,0.4,14,"3,499.00",Derby Craft,WHT,UK9
FW-DERB-WHT-UK9,Pune Store,0, 15 ,0.7,21,3499,Derby Craft,WHT,UK9
FW-DERB-WHT-UK9,Ahmedabad Store,0,0,2.9,10,"₹3,499",Derby Craft,WHT,UK9
,Jaipur Store,35,0,2.1,14,N/A,Derby Craft,WHT,UK9
FW-DERB-WHT-UK9,Lucknow Store, 2 ,0,0.8,10,3499,Derby Craft,WHT,UK9
FW-DERB-WHT-UK9,Surat Store,-1,21,1.1,14,"₹3,499",Derby Craft,WHT,UK9
FW-DERB-WHT-UK9,Indore Store,37,0,2.5,10,3499,Derby Craft,WHT,UK9
FW-DERB-WHT-UK9,Nagpur Store,5,3,0.5,10,"₹3,499",Derby Craft,WHT,UK9
FW-DERB-WHT-UK9,Kochi Store,12,0,0.9,10,"₹3,499",Derby Craft,WHT,UK9
FW-DERB-WHT-UK9,Chandigarh Store,37,0,2.8,10,3499,Derby Craft,WHT,UK9
FW-DERB-WHT-UK9,Bhopal Store, 83 ,31,1.5,21,3499,Derby Craft,WHT,UK9
FW-DERB-WHT-UK9,Patna Store,11,0,0.7,10,"₹3,499",Derby Craft,WHT,UK9
FW-DERB-WHT-UK9,Vadodara Store,42,0,2.2,10,"Rs. 3,499",Derby Craft,WHT,UK9
FW-DERB-WHT-UK9,Ludhiana Store,55,0,1.7,10,"3,499.00",Derby Craft,WHT,UK9
FW-DERB-WHT-UK9,Agra Store, 19 ,20,1.5,14,3499,Derby Craft,WHT,UK9
FW-DERB-WHT-UK9,Nashik Store,10,5,0.7,10,3499,Derby Craft,WHT,UK9
FW-DERB-WHT-UK9,Meerut Store,69,0,2.6,14,"Rs. 3,499",Derby Craft,WHT,UK9
FW-DERB-WHT-UK9,Rajkot Store, 56 ,0,1.7,14,"3,499.00",Derby Craft,WHT,UK9
FW-DERB-WHT-UK9,Varanasi Store,11.5,0,0.3,21,3499,Derby Craft,WHT,UK9
FW-DERB-WHT-UK9,Amritsar Store, 51 ,0,1.1,14,3499,Derby Craft,WHT,UK9
FW-DERB-WHT-UK9,Noida Store,0,0,0.3,10,"₹3,499",Derby Craft,WHT,UK9
FW-DERB-WHT-UK9,Gurugram Store,37,0,0.9,21,"₹3,499",Derby Craft,WHT,UK9
FW-DERB-WHT-UK9,Coimbatore Store,57,0,2.2,10,3499,Derby Craft,WHT,UK9
FW-DERB-WHT-UK9,Madurai Store,111,0,2.1,21,"₹3,499",Derby Craft,WHT,UK9
FW-DERB-WHT-UK9,Guwahati Store,48,0,1.1,14,3499,Derby Craft,WHT,UK9
FW-DERB-WHT-UK10,Mumbai Store,6,0,1.9,14,"Rs. 1,499",Derby Craft,WHT,UK10
FW-DERB-WHT-UK10,Delhi Store,15,0,0.5,14,"Rs. 1,499",Derby Craft,WHT,UK10
FW-DERB-WHT-UK10,Bengaluru Store,36,0,2.3,21,"Rs. 1,499",Derby Craft,WHT,UK10
FW-DERB-WHT-UK10,Hyderabad Store,53,0,2.0,10,"Rs. 1,499",Derby Craft,WHT,UK10
FW-DERB-WHT-UK10,Chennai Store,11,8,0.3,21,"Rs. 1,499",Derby Craft,WHT,UK10
FW-DERB-WHT-UK10,Kolkata Store,10,0,0.5,10,"₹1,499",Derby Craft,WHT,UK10
FW-DERB-WHT-UK10,Pune Store,16,6,0.9,14,1499,Derby Craft,WHT,UK10
FW-DERB-WHT-UK10,Ahmedabad Store,4, 26 ,2.2,14,"₹1,499",Derby Craft,WHT,UK10
FW-DERB-WHT-UK10,Jaipur Store,95,0,2.4,14,1499,Derby Craft,WHT,UK10
FW-DERB-WHT-UK10,Lucknow Store,105,0,1.5,21,"Rs. 1,499",Derby Craft,WHT,UK10
FW-DERB-WHT-UK10,Surat Store,1,0,1.0,10,1499,Derby Craft,WHT,UK10
FW-DERB-WHT-UK10,Indore Store,18,0,1.6,10,"Rs. 1,499",Derby Craft,WHT,UK10
FW-DERB-WHT-UK10,Nagpur Store,37,0,1.7,21,1499,Derby Craft,WHT,UK10
FW-DERB-WHT-UK10,Kochi Store,60,33,1.2,21,"1,499.00",Derby Craft,WHT,UK10
FW-DERB-WHT-UK10,Chandigarh Store,8,0,0.3,21,1499,Derby Craft,WHT,UK10
FW-DERB-WHT-UK10,Bhopal Store,39,0,1.9,14,"₹1,499",Derby Craft,WHT,UK10
FW-DERB-WHT-UK10,Patna Store,32,-4,2.6,10,1499,Derby Craft,WHT,UK10
FW-DERB-WHT-UK10,Vadodara Store,15,0,1.1,14,"₹1,499",Derby Craft,WHT,UK10
FW-DERB-WHT-UK10,Ludhiana Store,23,0,2.4,14,1499,Derby Craft,WHT,UK10
FW-DERB-WHT-UK10,Agra Store,78,0,2.2,14,"Rs. 1,499",Derby Craft,WHT,UK10
FW-DERB-WHT-UK10,Nashik Store,9,0,1.0,14,"₹1,499",Derby Craft,WHT,UK10
FW-DERB-WHT-UK10,Meerut Store,0,0,1.1,14,1499,Derby Craft,WHT,UK10
FW-DERB-WHT-UK10,Rajkot Store,49,0,2.2,10,"1,499.00",Derby Craft,WHT,UK10
FW-DERB-WHT-UK10,Varanasi Store,29,0,2.2,10,1499,Derby Craft,WHT,UK10
FW-DERB-WHT-UK10,Amritsar Store,3,0,0.4,10,"₹1,499",Derby Craft,WHT,UK10
FW-DERB-WHT-UK10,Noida Store,9,0,0.7,14,1499,Derby Craft,WHT,UK10
FW-DERB-WHT-UK10,Gurugram Store,36,16,2.9,10,1499,Derby Craft,WHT,UK10
FW-DERB-WHT-UK10,Coimbatore Store,9,0,0.3,14,1499,Derby Craft,WHT,UK10
FW-DERB-WHT-UK10,Madurai Store,13,17,,,1499,Derby Craft,WHT,UK10
FW-DERB-WHT-UK10,Guwahati Store,8,0,0.7,10,1499,Derby Craft,WHT,UK10
FW-DERB-WHT-UK11,Mumbai Store,41,0,2.5,14,3499,Derby Craft,WHT,UK11
FW-DERB-WHT-UK11,Delhi Store,27,0,0.7,14,3499,Derby Craft,WHT,UK11
FW-DERB-WHT-UK11,Bengaluru Store,47,0,0.7,21,3499,Derby Craft,WHT,UK11
FW-DERB-WHT-UK11,Hyderabad Store,8,0,1.6,10,"Rs. 3,499",Derby Craft,WHT,UK11
FW-DERB-WHT-UK11,Chennai Store,19,0,1.6,14,3499,Derby Craft,WHT,UK11
FW-DERB-WHT-UK11,Kolkata Store,39,0,0.9,21,3499,Derby Craft,WHT,UK11
FW-DERB-WHT-UK11,Pune Store,24,0,1.1,10,3499,Derby Craft,WHT,UK11
FW-DERB-WHT-UK11,Ahmedabad Store, 25 ,0,2.0,14,N/A,Derby Craft,WHT,UK11
FW-DERB-WHT-UK11,Jaipur Store,45,0,2.3,21,"3,499.00",Derby Craft,WHT,UK11
FW-DERB-WHT-UK11,Lucknow Store,162,0,2.8,21,"Rs. 3,499",Derby Craft,WHT,UK11
FW-DERB-WHT-UK11,Surat Store,24,0,0.6,21 days,"Rs. 3,499",Derby Craft,WHT,UK11
FW-DERB-WHT-UK11,Indore Store,23,0,1.6,10,3499,Derby Craft,WHT,UK11
FW-DERB-WHT-UK11,Nagpur Store,8,6,0.6,14,3499,Derby Craft,WHT,UK11
FW-DERB-WHT-UK11,Kochi Store,37,0,0.7,21,3499,Derby Craft,WHT,UK11
FW-DERB-WHT-UK11,Chandigarh Store,19,0,1.6,14,"₹3,499",Derby Craft,WHT,UK11
FW-DERB-WHT-UK11,Bhopal Store,22,0,1.3,21,"Rs. 3,499",Derby Craft,WHT,UK11
FW-DERB-WHT-UK11,Patna Store,50.5,0,2.1,21,"₹3,499",Derby Craft,WHT,UK11
FW-DERB-WHT-UK11,Vadodara Store,106,0,1.6,21,3499,Derby Craft,WHT,UK11
FW-DERB-WHT-UK11,Ludhiana Store,26,0,0.4,21,3499,Derby Craft,WHT,UK11
FW-DERB-WHT-UK11,Agra Store,88,24,2.7,10,"₹3,499",Derby Craft,WHT,UK11
FW-DERB-WHT-UK11,Nashik Store,0,0,1.1,10,"Rs. 3,499",Derby Craft,WHT,UK11
FW-DERB-WHT-UK11,Meerut Store,3,0,0.2,10,"₹3,499",Derby Craft,WHT,UK11
FW-DERB-WHT-UK11,Rajkot Store,38,0,2.9,21,"₹3,499",Derby Craft,WHT,UK11
FW-DERB-WHT-UK11,Varanasi Store,91,0,1.6,21,3499,Derby Craft,WHT,UK11
FW-DERB-WHT-UK11,Amritsar Store,26,8,1.0,21,"₹3,499",Derby Craft,WHT,UK11
FW-DERB-WHT-UK11,Amritsar Store,26,8,1.0,21,"₹3,499",Derby Craft,WHT,UK11
FW-DERB-WHT-UK11,Noida Store,71,0,2.8,10,"Rs. 3,499",Derby Craft,WHT,UK11
FW-DERB-WHT-UK11,Gurugram Store,45,9,1.5,10,"₹3,499",Derby Craft,WHT,UK11
FW-DERB-WHT-UK11,Coimbatore Store,48,0,2.7,10,3499,Derby Craft,WHT,UK11
FW-DERB-WHT-UK11,Madurai Store,130,56,2.5,21,"₹3,499",Derby Craft,WHT,UK11
FW-DERB-WHT-UK11,Guwahati Store,6,0,2.8,14,3499,Derby Craft,WHT,UK11
FW-DERB-TAN-UK6,Mumbai Store,39,0,1.5,10,"Rs. 1,499",Derby Craft,TAN,UK6
FW-DERB-TAN-UK6,Delhi Store,28,0,0.9,14,1499,Derby Craft,TAN,UK6
FW-DERB-TAN-UK6,Bengaluru Store,59,27,2.6,10,"Rs. 1,499",Derby Craft,TAN,UK6
FW-DERB-TAN-UK6,Hyderabad Store,53,41,2.4,21,1499,Derby Craft,TAN,UK6
FW-DERB-TAN-UK6,Chennai Store,21,0,1.0,10,"₹1,499",Derby Craft,TAN,UK6
FW-DERB-TAN-UK6,Kolkata Store,52,0,1.7,14,"1,499.00",Derby Craft,TAN,UK6
FW-DERB-TAN-UK6,Pune Store,17,0,0.4,21,1499,Derby Craft,TAN,UK6
FW-DERB-TAN-UK6,Ahmedabad Store,11,0,1.4,10,1499,Derby Craft,TAN,UK6
FW-DERB-TAN-UK6,Jaipur Store,59,26,1.5,21,1499,Derby Craft,TAN,UK6
FW-DERB-TAN-UK6,Lucknow Store,-1,5,0.3,14,1499,Derby Craft,TAN,UK6
FW-DERB-TAN-UK6,Surat Store,4,0,1.3,10,1499,Derby Craft,TAN,UK6
FW-DERB-TAN-UK6,Indore Store,0,20,1.4,21,"₹1,499",Derby Craft,TAN,UK6
FW-DERB-TAN-UK6,Nagpur Store,60,12,1.6,14,1499,Derby Craft,TAN,UK6
FW-DERB-TAN-UK6,Kochi Store,5,0,2.1,10,"Rs. 1,499",Derby Craft,TAN,UK6
FW-DERB-TAN-UK6,Chandigarh Store,3,0,0.8,14,"₹1,499",Derby Craft,TAN,UK6
FW-DERB-TAN-UK6,Bhopal Store,4,0,0.8,10,1499,Derby Craft,TAN,UK6
FW-DERB-TAN-UK6,Patna Store,43,15,1.2,21,1499,Derby Craft,TAN,UK6
FW-DERB-TAN-UK6,Vadodara Store,71,0,2.2,10,1499,Derby Craft,TAN,UK6
FW-DERB-TAN-UK6,Ludhiana Store,41,0,1.4,14,"₹1,499",Derby Craft,TAN,UK6
,Agra Store,17,0,0.9,14,"₹1,499",Derby Craft,TAN,UK6
FW-DERB-TAN-UK6,Nashik Store,35,6,0.6,21,1499,Derby Craft,TAN,UK6
FW-DERB-TAN-UK6,Meerut Store,9,0,1.4,10,1499,Derby Craft,TAN,UK6
FW-DERB-TAN-UK6,Rajkot Store,43,0,1.7,10,1499,Derby Craft,TAN,UK6
FW-DERB-TAN-UK6,Varanasi Store,7,0,0.6,10,1499,Derby Craft,TAN,UK6
FW-DERB-TAN-UK6,Amritsar Store,43,0,1.3,10,"₹1,499",Derby Craft,TAN,UK6
FW-DERB-TAN-UK6,Noida Store,71,0,1.2,21,1499,Derby Craft,TAN,UK6
FW-DERB-TAN-UK6,Gurugram Store, 41 ,0,2.8,10,"Rs. 1,499",Derby Craft,TAN,UK6
FW-DERB-TAN-UK6,Coimbatore Store,87,-12,2.5,14,"₹1,499",Derby Craft,TAN,UK6
FW-DERB-TAN-UK6,Madurai Store, 41 ,0,2.4,14,1499,Derby Craft,TAN,UK6
FW-DERB-TAN-UK6,Guwahati Store,28,0,2.2,21,"₹1,499",Derby Craft,TAN,UK6
FW-DERB-TAN-UK7,Mumbai Store,21,0,1.8,14,"₹2,299",Derby Craft,TAN,UK7
FW-DERB-TAN-UK7,Delhi Store,29,0,2.2,14,"₹2,299",Derby Craft,TAN,UK7
FW-DERB-TAN-UK7,Bengaluru Store,9,0,0.6,10,"Rs. 2,299",Derby Craft,TAN,UK7
FW-DERB-TAN-UK7,Hyderabad Store,44,0,2.7,14,2299,Derby Craft,TAN,UK7
FW-DERB-TAN-UK7,Chennai Store,105,0,2.9,14,"₹2,299",Derby Craft,TAN,UK7
FW-DERB-TAN-UK7,Kolkata Store,18,0,1.0,14,"₹2,299",Derby Craft,TAN,UK7
FW-DERB-TAN-UK7,Pune Store,17,0,2.4,10,N/A,Derby Craft,TAN,UK7
FW-DERB-TAN-UK7,Ahmedabad Store,49,0,2.2,21,"₹2,299",Derby Craft,TAN,UK7
FW-DERB-TAN-UK7,Jaipur Store,21,0,1.0,10,2299,Derby Craft,TAN,UK7
FW-DERB-TAN-UK7,Lucknow Store,24.5,0,0.5,21,"Rs. 2,299",Derby Craft,TAN,UK7
FW-DERB-TAN-UK7,Surat Store,17,0,2.3,14,"₹2,299",Derby Craft,TAN,UK7
FW-DERB-TAN-UK7,Indore Store,35,0,1.4,,2299,Derby Craft,TAN,UK7
FW-DERB-TAN-UK7,Nagpur Store,86,0,2.8,21,2299,Derby Craft,TAN,UK7
FW-DERB-TAN-UK7,Kochi Store,52,0,2.3,10,"₹2,299",Derby Craft,TAN,UK7
FW-DERB-TAN-UK7,Chandigarh Store,8,0,0.4,10,2299,Derby Craft,TAN,UK7
FW-DERB-TAN-UK7,Bhopal Store,18,0,1.2,10,"Rs. 2,299",Derby Craft,TAN,UK7
FW-DERB-TAN-UK7,Patna Store,14,0,2.0,10,"₹2,299",Derby Craft,TAN,UK7
FW-DERB-TAN-UK7,Vadodara Store,9,0,1.9,21,2299,Derby Craft,TAN,UK7
FW-DERB-TAN-UK7,Ludhiana Store,31,0,1.9,21,2299,Derby Craft,TAN,UK7
FW-DERB-TAN-UK7,Agra Store,8,20,1.2,14,"Rs. 2,299",Derby Craft,TAN,UK7
FW-DERB-TAN-UK7,Nashik Store,12,7,1.3,10,2299,Derby Craft,TAN,UK7
FW-DERB-TAN-UK7,Meerut Store,83,0,,14,"₹2,299",Derby Craft,TAN,UK7
FW-DERB-TAN-UK7,Rajkot Store,9,0,0.3,10,"2,299.00",Derby Craft,TAN,UK7
FW-DERB-TAN-UK7,Varanasi Store,75,0,1.8,14,"2,299.00",Derby Craft,TAN,UK7
FW-DERB-TAN-UK7,Amritsar Store,65,25,1.8,21,2299,Derby Craft,TAN,UK7
FW-DERB-TAN-UK7,Noida Store, 43 ,0,1.2,14,"Rs. 2,299",Derby Craft,TAN,UK7
FW-DERB-TAN-UK7,Gurugram Store,36,10,1.4,10,"₹2,299",Derby Craft,TAN,UK7
FW-DERB-TAN-UK7,Coimbatore Store,41,27,2.4,10,"₹2,299",Derby Craft,TAN,UK7
FW-DERB-TAN-UK7,Madurai Store,78,0,2.5,21,"2,299.00",Derby Craft,TAN,UK7
FW-DERB-TAN-UK7,Guwahati Store, 13 ,0,0.3,14 days,"2,299.00",Derby Craft,TAN,UK7
FW-DERB-TAN-UK8,Mumbai Store,71,0,1.9,21,4999,Derby Craft,TAN,UK8
FW-DERB-TAN-UK8,Delhi Store,28,0,2.0,10,"Rs. 4,999",Derby Craft,TAN,UK8
FW-DERB-TAN-UK8,Bengaluru Store,112,29,2.1,21,"4,999.00",Derby Craft,TAN,UK8
FW-DERB-TAN-UK8,Hyderabad Store,114,86,3.0,21,"₹4,999",Derby Craft,TAN,UK8
FW-DERB-TAN-UK8,Chennai Store,24,0,0.6,14,4999,Derby Craft,TAN,UK8
FW-DERB-TAN-UK8,Kolkata Store,27,0,1.6,10,"Rs. 4,999",Derby Craft,TAN,UK8
FW-DERB-TAN-UK8,Pune Store, 47 ,0,2.4,14,4999,Derby Craft,TAN,UK8
FW-DERB-TAN-UK8,Ahmedabad Store,5,7,0.4,14,4999,Derby Craft,TAN,UK8
FW-DERB-TAN-UK8,Jaipur Store,0,0,0.9,14,4999,Derby Craft,TAN,UK8
FW-DERB-TAN-UK8,Lucknow Store,60,0,2.7,14,4999,Derby Craft,TAN,UK8
FW-DERB-TAN-UK8,Surat Store,11,14,0.9,14,"₹4,999",Derby Craft,TAN,UK8
FW-DERB-TAN-UK8,Indore Store,1,0,2.3,14,4999,Derby Craft,TAN,UK8
FW-DERB-TAN-UK8,Nagpur Store,25,0,1.0,10,"₹4,999",Derby Craft,TAN,UK8
FW-DERB-TAN-UK8,Kochi Store,44,32,1.8,14,4999,Derby Craft,TAN,UK8
FW-DERB-TAN-UK8,Chandigarh Store,113,0,1.9,21,"Rs. 4,999",Derby Craft,TAN,UK8
FW-DERB-TAN-UK8,Bhopal Store,116,39,2.9,21,"Rs. 4,999",Derby Craft,TAN,UK8
FW-DERB-TAN-UK8,Patna Store,41,0,0.9,14,4999,Derby Craft,TAN,UK8
FW-DERB-TAN-UK8,Vadodara Store, 62 ,0,1.7,14,4999,Derby Craft,TAN,UK8
FW-DERB-TAN-UK8,Ludhiana Store,0,0,3.0,21,4999,Derby Craft,TAN,UK8
FW-DERB-TAN-UK8,Agra Store,18,0,2.2,10,"4,999.00",Derby Craft,TAN,UK8
FW-DERB-TAN-UK8,Nashik Store,30,0,1.0,21,4999,Derby Craft,TAN,UK8
FW-DERB-TAN-UK8,Meerut Store,40,16,1.1,21,"4,999.00",Derby Craft,TAN,UK8
FW-DERB-TAN-UK8,Rajkot Store,146,32,2.1,21,"₹4,999",Derby Craft,TAN,UK8
FW-DERB-TAN-UK8,Varanasi Store,8,0,0.6,14,"₹4,999",Derby Craft,TAN,UK8
FW-DERB-TAN-UK8,Amritsar Store, 1 ,0,0.6,14,"Rs. 4,999",Derby Craft,TAN,UK8
FW-DERB-TAN-UK8,Noida Store,73,55,3.0,14,4999,Derby Craft,TAN,UK8
FW-DERB-TAN-UK8,Gurugram Store,20,0,1.3,10,"₹4,999",Derby Craft,TAN,UK8
FW-DERB-TAN-UK8,Coimbatore Store,61,0,2.8,10,"₹4,999",Derby Craft,TAN,UK8
FW-DERB-TAN-UK8,Madurai Store,23,0,2.1,21,"₹4,999",Derby Craft,TAN,UK8
FW-DERB-TAN-UK8,Guwahati Store,58,0,2.6,10,"4,999.00",Derby Craft,TAN,UK8
FW-DERB-TAN-UK9,Mumbai Store,8,0,0.4,21,"₹3,499",Derby Craft,TAN,UK9
FW-DERB-TAN-UK9,Delhi Store,39, 12 ,0.8,21,"₹3,499",Derby Craft,TAN,UK9
FW-DERB-TAN-UK9,Delhi Store,39, 12 ,0.8,21,"₹3,499",Derby Craft,TAN,UK9
FW-DERB-TAN-UK9,Bengaluru Store,68.5,0,2.3,21,"Rs. 3,499",Derby Craft,TAN,UK9
FW-DERB-TAN-UK9,Hyderabad Store, 6 ,0,0.2,14,"₹3,499",Derby Craft,TAN,UK9
FW-DERB-TAN-UK9,Chennai Store, 25 ,0,2.2,10,3499,Derby Craft,TAN,UK9
FW-DERB-TAN-UK9,Kolkata Store,109,0,2.6,14,N/A,Derby Craft,TAN,UK9
FW-DERB-TAN-UK9,Pune Store,20,11,1.2,10,3499,Derby Craft,TAN,UK9
FW-DERB-TAN-UK9,Ahmedabad Store,12,0,0.3,21,3499,Derby Craft,TAN,UK9
FW-DERB-TAN-UK9,Jaipur Store,(9),-7,1.9,21,3499,Derby Craft,TAN,UK9
FW-DERB-TAN-UK9,Lucknow Store,27,0,1.6,14,"₹3,499",Derby Craft,TAN,UK9
FW-DERB-TAN-UK9,Surat Store,122,34,1.9,21,3499,Derby Craft,TAN,UK9
FW-DERB-TAN-UK9,Indore Store,0,29,1.7,14,"3,499.00",Derby Craft,TAN,UK9
FW-DERB-TAN-UK9,Nagpur Store,108,0,2.9,21,3499,Derby Craft,TAN,UK9
FW-DERB-TAN-UK9,Kochi Store,9,0,0.9,14,"3,499.00",Derby Craft,TAN,UK9
FW-DERB-TAN-UK9,Chandigarh Store,14,0,0.7,21,"Rs. 3,499",Derby Craft,TAN,UK9
FW-DERB-TAN-UK9,Bhopal Store,64,0,2.2,10,"₹3,499",Derby Craft,TAN,UK9
FW-DERB-TAN-UK9,Patna Store,52,0,1.6,14,"Rs. 3,499",Derby Craft,TAN,UK9
FW-DERB-TAN-UK9,Vadodara Store,54,0,1.2,14,3499,Derby Craft,TAN,UK9
FW-DERB-TAN-UK9,Ludhiana Store,22,0,2.5,10,"₹3,499",Derby Craft,TAN,UK9
FW-DERB-TAN-UK9,Agra Store,1,0,0.2,21,"3,499.00",Derby Craft,TAN,UK9
FW-DERB-TAN-UK9,Nashik Store,48,0,1.5,14,3499,Derby Craft,TAN,UK9
FW-DERB-TAN-UK9,Meerut Store,52,0,1.9,10,"₹3,499",Derby Craft,TAN,UK9
FW-DERB-TAN-UK9,Rajkot Store,82,0,2.4,14,3499,Derby Craft,TAN,UK9
FW-DERB-TAN-UK9,Varanasi Store,58,62,2.9,21,"₹3,499",Derby Craft,TAN,UK9
FW-DERB-TAN-UK9,Amritsar Store,58,14,2.5,,"₹3,499",Derby Craft,TAN,UK9
FW-DERB-TAN-UK9,Noida Store,18,0,1.4,10,3499,Derby Craft,TAN,UK9
FW-DERB-TAN-UK9,Gurugram Store,11,0,0.5,21,3499,Derby Craft,TAN,UK9
FW-DERB-TAN-UK9,Coimbatore Store,54, 8 ,1.2,14,3499,Derby Craft,TAN,UK9
FW-DERB-TAN-UK9,Madurai Store, 64 ,0,2.3,21,3499,Derby Craft,TAN,UK9
FW-DERB-TAN-UK9,Guwahati Store,3,0,0.2,21,"3,499.00",Derby Craft,TAN,UK9
,Mumbai Store,51,0,1.4,14,"₹2,299",Derby Craft,TAN,UK10
FW-DERB-TAN-UK10,Delhi Store,126,0,2.9,14,"Rs. 2,299",Derby Craft,TAN,UK10
FW-DERB-TAN-UK10,Bengaluru Store,118,0,1.9,21,"Rs. 2,299",Derby Craft,TAN,UK10
FW-DERB-TAN-UK10,Hyderabad Store,32,11,1.4,10,"2,299.00",Derby Craft,TAN,UK10
FW-DERB-TAN-UK10,Chennai Store,69,0,2.3,10,"₹2,299",Derby Craft,TAN,UK10
FW-DERB-TAN-UK10,Kolkata Store,2,0,0.6,10,2299,Derby Craft,TAN,UK10
FW-DERB-TAN-UK10,Pune Store,45,21,2.6,10,"Rs. 2,299",Derby Craft,TAN,UK10
FW-DERB-TAN-UK10,Ahmedabad Store,48,26,1.2,21,2299,Derby Craft,TAN,UK10
FW-DERB-TAN-UK10,Jaipur Store,29,0,3.0,10,"Rs. 2,299",Derby Craft,TAN,UK10
FW-DERB-TAN-UK10,Lucknow Store,15,0,0.8,10,"Rs. 2,299",Derby Craft,TAN,UK10
FW-DERB-TAN-UK10,Surat Store,27,0,2.8,21,2299,Derby Craft,TAN,UK10
FW-DERB-TAN-UK10,Indore Store,63,10,1.5,14,"₹2,299",Derby Craft,TAN,UK10
FW-DERB-TAN-UK10,Nagpur Store,55,0,2.0,14,"₹2,299",Derby Craft,TAN,UK10
FW-DERB-TAN-UK10,Kochi Store,37,0,0.9,14,2299,Derby Craft,TAN,UK10
FW-DERB-TAN-UK10,Chandigarh Store,35,0,,10,"₹2,299",Derby Craft,TAN,UK10
FW-DERB-TAN-UK10,Bhopal Store,169,0,2.6,21,"Rs. 2,299",Derby Craft,TAN,UK10
FW-DERB-TAN-UK10,Patna Store,40,0,0.7,21,"2,299.00",Derby Craft,TAN,UK10
FW-DERB-TAN-UK10,Vadodara Store,58,0,2.6,21,"₹2,299",Derby Craft,TAN,UK10
FW-DERB-TAN-UK10,Ludhiana Store,33,0,0.7,21 days,2299,Derby Craft,TAN,UK10
FW-DERB-TAN-UK10,Agra Store,12,0,0.4,10,"₹2,299",Derby Craft,TAN,UK10
FW-DERB-TAN-UK10,Nashik Store,95,0,1.8,21,2299,Derby Craft,TAN,UK10
FW-DERB-TAN-UK10,Meerut Store,41,0,2.4,21,"Rs. 2,299",Derby Craft,TAN,UK10
FW-DERB-TAN-UK10,Rajkot Store,15,0,0.4,21,2299,Derby Craft,TAN,UK10
FW-DERB-TAN-UK10,Varanasi Store,84,0,2.9,21,"₹2,299",Derby Craft,TAN,UK10
FW-DERB-TAN-UK10,Amritsar Store,5,0,0.6,21,"₹2,299",Derby Craft,TAN,UK10
FW-DERB-TAN-UK10,Noida Store,53.5,0,1.4,21,2299,Derby Craft,TAN,UK10
FW-DERB-TAN-UK10,Gurugram Store, 26 ,0,1.2,10,2299,Derby Craft,TAN,UK10
FW-DERB-TAN-UK10,Coimbatore Store,26,0,1.3,14,"₹2,299",Derby Craft,TAN,UK10
FW-DERB-TAN-UK10,Madurai Store,29,0,1.3,10,"Rs. 2,299",Derby Craft,TAN,UK10
FW-DERB-TAN-UK10,Guwahati Store,37,16,1.0,14,2299,Derby Craft,TAN,UK10
FW-DERB-TAN-UK11,Mumbai Store,79,0,2.4,14,"1,499.00",Derby Craft,TAN,UK11
FW-DERB-TAN-UK11,Delhi Store,19,0,0.7,10,"Rs. 1,499",Derby Craft,TAN,UK11
FW-DERB-TAN-UK11,Bengaluru Store,35,0,1.0,14,"1,499.00",Derby Craft,TAN,UK11
FW-DERB-TAN-UK11,Hyderabad Store,19,0,1.5,14,"₹1,499",Derby Craft,TAN,UK11
FW-DERB-TAN-UK11,Chennai Store,107,0,2.0,21,N/A,Derby Craft,TAN,UK11
FW-DERB-TAN-UK11,Kolkata Store,151,0,2.4,21,1499,Derby Craft,TAN,UK11
FW-DERB-TAN-UK11,Pune Store,50,0,2.3,14,1499,Derby Craft,TAN,UK11
FW-DERB-TAN-UK11,Ahmedabad Store,2, 9 ,0.6,14,"₹1,499",Derby Craft,TAN,UK11
FW-DERB-TAN-UK11,Jaipur Store,1,0,0.6,14,"Rs. 1,499",Derby Craft,TAN,UK11
FW-DERB-TAN-UK11,Lucknow Store,8,0,0.6,14,"Rs. 1,499",Derby Craft,TAN,UK11
FW-DERB-TAN-UK11,Surat Store,4,0,2.3,14,"₹1,499",Derby Craft,TAN,UK11
FW-DERB-TAN-UK11,Indore Store,63,0,1.4,14,"Rs. 1,499",Derby Craft,TAN,UK11
FW-DERB-TAN-UK11,Nagpur Store,3,0,0.2,14,"₹1,499",Derby Craft,TAN,UK11
FW-DERB-TAN-UK11,Kochi Store,37,0,2.0,10,1499,Derby Craft,TAN,UK11
FW-DERB-TAN-UK11,Chandigarh Store,7,0,0.4,10,"1,499.00",Derby Craft,TAN,UK11
FW-DERB-TAN-UK11,Bhopal Store,30,0,0.7,14,"₹1,499",Derby Craft,TAN,UK11
FW-DERB-TAN-UK11,Patna Store,7,0,0.3,10,"₹1,499",Derby Craft,TAN,UK11
FW-DERB-TAN-UK11,Vadodara Store,15,0,1.8,21,1499,Derby Craft,TAN,UK11
FW-DERB-TAN-UK11,Ludhiana Store,102,0,2.2,14,"₹1,499",Derby Craft,TAN,UK11
FW-DERB-TAN-UK11,Agra Store,6,-6,0.4,10,"Rs. 1,499",Derby Craft,TAN,UK11
FW-DERB-TAN-UK11,Nashik Store,31,0,2.7,14,1499,Derby Craft,TAN,UK11
FW-DERB-TAN-UK11,Meerut Store,15,0,1.0,10,"₹1,499",Derby Craft,TAN,UK11
FW-DERB-TAN-UK11,Rajkot Store,6,0,0.2,10,"Rs. 1,499",Derby Craft,TAN,UK11
FW-DERB-TAN-UK11,Varanasi Store,2,0,0.9,14,"₹1,499",Derby Craft,TAN,UK11
FW-DERB-TAN-UK11,Amritsar Store, 8 ,0,0.3,14,"₹1,499",Derby Craft,TAN,UK11
FW-DERB-TAN-UK11,Noida Store,44,0,2.3,14,1499,Derby Craft,TAN,UK11
FW-DERB-TAN-UK11,Gurugram Store,42,24,1.3,14,"₹1,499",Derby Craft,TAN,UK11
FW-DERB-TAN-UK11,Coimbatore Store, 25 ,0,2.9,14,"₹1,499",Derby Craft,TAN,UK11
FW-DERB-TAN-UK11,Madurai Store,3,0,0.6,10,1499,Derby Craft,TAN,UK11
FW-DERB-TAN-UK11,Guwahati Store,1,0,0.5,14,1499,Derby Craft,TAN,UK11
FW-SLIP-BLK-UK6,Mumbai Store,104,0,2.5,14,1499,Slip-On Ease,BLK,UK6
FW-SLIP-BLK-UK6,Delhi Store,54,0,1.4,14,1499,Slip-On Ease,BLK,UK6
FW-SLIP-BLK-UK6,Bengaluru Store,24,0,0.9,21,"₹1,499",Slip-On Ease,BLK,UK6
FW-SLIP-BLK-UK6,Hyderabad Store,9,0,0.3,14,"₹1,499",Slip-On Ease,BLK,UK6
FW-SLIP-BLK-UK6,Chennai Store,37,11,0.9,14,"1,499.00",Slip-On Ease,BLK,UK6
FW-SLIP-BLK-UK6,Kolkata Store,87,0,1.8,21,1499,Slip-On Ease,BLK,UK6
FW-SLIP-BLK-UK6,Pune Store,47,0,2.0,21,"₹1,499",Slip-On Ease,BLK,UK6
FW-SLIP-BLK-UK6,Ahmedabad Store,-6,0,1.5,,"Rs. 1,499",Slip-On Ease,BLK,UK6
FW-SLIP-BLK-UK6,Jaipur Store,58,0,1.6,21,1499,Slip-On Ease,BLK,UK6
FW-SLIP-BLK-UK6,Jaipur Store,58,0,1.6,21,1499,Slip-On Ease,BLK,UK6
FW-SLIP-BLK-UK6,Lucknow Store,27,0,1.5,10,1499,Slip-On Ease,BLK,UK6
FW-SLIP-BLK-UK6,Surat Store,1,0,1.1,14,"1,499.00",Slip-On Ease,BLK,UK6
FW-SLIP-BLK-UK6,Indore Store,126,0,2.1,21,1499,Slip-On Ease,BLK,UK6
FW-SLIP-BLK-UK6,Nagpur Store,92,0,2.0,14,1499,Slip-On Ease,BLK,UK6
FW-SLIP-BLK-UK6,Kochi Store,93,0,2.5,14,"Rs. 1,499",Slip-On Ease,BLK,UK6
FW-SLIP-BLK-UK6,Chandigarh Store,11,4,0.4,14,1499,Slip-On Ease,BLK,UK6
FW-SLIP-BLK-UK6,Bhopal Store,5,0,2.9,21,1499,Slip-On Ease,BLK,UK6
FW-SLIP-BLK-UK6,Patna Store,72,0,2.5,10,1499,Slip-On Ease,BLK,UK6
FW-SLIP-BLK-UK6,Vadodara Store,114,41,2.6,14,"₹1,499",Slip-On Ease,BLK,UK6
FW-SLIP-BLK-UK6,Ludhiana Store,3.5,0,2.8,21,1499,Slip-On Ease,BLK,UK6
FW-SLIP-BLK-UK6,Agra Store,16,0,0.8,21,"₹1,499",Slip-On Ease,BLK,UK6
FW-SLIP-BLK-UK6,Nashik Store,7,0,1.1,10,1499,Slip-On Ease,BLK,UK6
FW-SLIP-BLK-UK6,Meerut Store,14,0,0.8,21,1499,Slip-On Ease,BLK,UK6
FW-SLIP-BLK-UK6,Rajkot Store,63,0,1.9,14,1499,Slip-On Ease,BLK,UK6
FW-SLIP-BLK-UK6,Varanasi Store,4,0,2.3,21,"1,499.00",Slip-On Ease,BLK,UK6
FW-SLIP-BLK-UK6,Amritsar Store,13,0,1.0,10,1499,Slip-On Ease,BLK,UK6
FW-SLIP-BLK-UK6,Noida Store,103,20,2.4,14,1499,Slip-On Ease,BLK,UK6
FW-SLIP-BLK-UK6,Gurugram Store,22,0,0.5,14,"₹1,499",Slip-On Ease,BLK,UK6
FW-SLIP-BLK-UK6,Coimbatore Store,1,0,0.5,10,"₹1,499",Slip-On Ease,BLK,UK6
FW-SLIP-BLK-UK6,Madurai Store,74,0,2.1,14,"Rs. 1,499",Slip-On Ease,BLK,UK6
FW-SLIP-BLK-UK6,Guwahati Store,27,15,1.3,21,"1,499.00",Slip-On Ease,BLK,UK6
FW-SLIP-BLK-UK7,Mumbai Store,177,0,2.6,21,"₹2,299",Slip-On Ease,BLK,UK7
FW-SLIP-BLK-UK7,Delhi Store,42,0,1.8,14,2299,Slip-On Ease,BLK,UK7
FW-SLIP-BLK-UK7,Bengaluru Store,200,0,2.9,21,2299,Slip-On Ease,BLK,UK7
FW-SLIP-BLK-UK7,Hyderabad Store,6,3,0.3,10,N/A,Slip-On Ease,BLK,UK7
FW-SLIP-BLK-UK7,Chennai Store,43,0,2.1,10,2299,Slip-On Ease,BLK,UK7
FW-SLIP-BLK-UK7,Kolkata Store,36,0,1.1,10,"₹2,299",Slip-On Ease,BLK,UK7
FW-SLIP-BLK-UK7,Pune Store,4,0,0.8,14,"₹2,299",Slip-On Ease,BLK,UK7
FW-SLIP-BLK-UK7,Ahmedabad Store,2, 6 ,,14 days,2299,Slip-On Ease,BLK,UK7
FW-SLIP-BLK-UK7,Jaipur Store,1,43,1.8,21,"₹2,299",Slip-On Ease,BLK,UK7
FW-SLIP-BLK-UK7,Lucknow Store,28,10,2.5,10,"₹2,299",Slip-On Ease,BLK,UK7
FW-SLIP-BLK-UK7,Surat Store,54,12,1.8,10,"2,299.00",Slip-On Ease,BLK,UK7
,Indore Store,78,0,2.0,21,"2,299.00",Slip-On Ease,BLK,UK7
FW-SLIP-BLK-UK7,Nagpur Store,37,0,2.1,10,2299,Slip-On Ease,BLK,UK7
FW-SLIP-BLK-UK7,Kochi Store,166,36,2.8,21,"₹2,299",Slip-On Ease,BLK,UK7
FW-SLIP-BLK-UK7,Chandigarh Store,41,0,1.2,14,2299,Slip-On Ease,BLK,UK7
FW-SLIP-BLK-UK7,Bhopal Store, 42 ,0,2.0,10,"₹2,299",Slip-On Ease,BLK,UK7
FW-SLIP-BLK-UK7,Patna Store,74,0,2.0,21,"2,299.00",Slip-On Ease,BLK,UK7
FW-SLIP-BLK-UK7,Vadodara Store, 15 ,0,0.9,10,"₹2,299",Slip-On Ease,BLK,UK7
FW-SLIP-BLK-UK7,Ludhiana Store,114,0,1.8,21,"Rs. 2,299",Slip-On Ease,BLK,UK7
FW-SLIP-BLK-UK7,Agra Store,48,0,2.3,21,"2,299.00",Slip-On Ease,BLK,UK7
FW-SLIP-BLK-UK7,Nashik Store,33,43,2.8,21,"₹2,299",Slip-On Ease,BLK,UK7
FW-SLIP-BLK-UK7,Meerut Store,37,0,1.2,10,"₹2,299",Slip-On Ease,BLK,UK7
FW-SLIP-BLK-UK7,Rajkot Store,5,18,1.7,10,"₹2,299",Slip-On Ease,BLK,UK7
FW-SLIP-BLK-UK7,Varanasi Store,25,0,2.3,10,"Rs. 2,299",Slip-On Ease,BLK,UK7
FW-SLIP-BLK-UK7,Amritsar Store,49,0,2.3,14,"Rs. 2,299",Slip-On Ease,BLK,UK7
FW-SLIP-BLK-UK7,Noida Store,43,0,2.5,14,2299,Slip-On Ease,BLK,UK7
FW-SLIP-BLK-UK7,Gurugram Store,19,0,0.6,10,"2,299.00",Slip-On Ease,BLK,UK7
FW-SLIP-BLK-UK7,Coimbatore Store,2,0,0.5,10,2299,Slip-On Ease,BLK,UK7
FW-SLIP-BLK-UK7,Madurai Store,0,0,2.1,10,"₹2,299",Slip-On Ease,BLK,UK7
FW-SLIP-BLK-UK7,Guwahati Store,33,0,1.8,14,2299,Slip-On Ease,BLK,UK7
FW-SLIP-BLK-UK8,Mumbai Store,5,-2,1.1,21,"3,499.00",Slip-On Ease,BLK,UK8
FW-SLIP-BLK-UK8,Delhi Store,165,0,2.8,21,3499,Slip-On Ease,BLK,UK8
FW-SLIP-BLK-UK8,Bengaluru Store,12,4,0.4,10,3499,Slip-On Ease,BLK,UK8
FW-SLIP-BLK-UK8,Hyderabad Store,25,32,2.4,21,"3,499.00",Slip-On Ease,BLK,UK8
FW-SLIP-BLK-UK8,Chennai Store,22,20,1.2,14,"Rs. 3,499",Slip-On Ease,BLK,UK8
FW-SLIP-BLK-UK8,Kolkata Store,30,0,0.9,10,"₹3,499",Slip-On Ease,BLK,UK8
FW-SLIP-BLK-UK8,Pune Store,124,0,2.8,14,3499,Slip-On Ease,BLK,UK8
FW-SLIP-BLK-UK8,Ahmedabad Store,22,0,0.9,14,"Rs. 3,499",Slip-On Ease,BLK,UK8
FW-SLIP-BLK-UK8,Jaipur Store,16,0,1.1,10,3499,Slip-On Ease,BLK,UK8
FW-SLIP-BLK-UK8,Lucknow Store,66,0,1.1,21,"₹3,499",Slip-On Ease,BLK,UK8
FW-SLIP-BLK-UK8,Surat Store,67,27,1.9,21,"Rs. 3,499",Slip-On Ease,BLK,UK8
FW-SLIP-BLK-UK8,Indore Store,6.5,0,0.4,10,3499,Slip-On Ease,BLK,UK8
FW-SLIP-BLK-UK8,Nagpur Store,18,0,0.4,14,3499,Slip-On Ease,BLK,UK8
FW-SLIP-BLK-UK8,Kochi Store,6,0,1.6,10,"₹3,499",Slip-On Ease,BLK,UK8
FW-SLIP-BLK-UK8,Chandigarh Store,5,0,0.2,14,3499,Slip-On Ease,BLK,UK8
FW-SLIP-BLK-UK8,Bhopal Store,13,0,1.4,10,3499,Slip-On Ease,BLK,UK8
FW-SLIP-BLK-UK8,Patna Store,164,40,3.0,21,3499,Slip-On Ease,BLK,UK8
FW-SLIP-BLK-UK8,Vadodara Store,45,0,2.3,14,3499,Slip-On Ease,BLK,UK8
FW-SLIP-BLK-UK8,Ludhiana Store,41,0,1.4,14,"₹3,499",Slip-On Ease,BLK,UK8
FW-SLIP-BLK-UK8,Agra Store,10,0,1.7,21,"3,499.00",Slip-On Ease,BLK,UK8
FW-SLIP-BLK-UK8,Nashik Store,127,0,3.0,,3499,Slip-On Ease,BLK,UK8
FW-SLIP-BLK-UK8,Meerut Store,54,0,2.5,14,"Rs. 3,499",Slip-On Ease,BLK,UK8
FW-SLIP-BLK-UK8,Rajkot Store,0,0,0.8,14,"3,499.00",Slip-On Ease,BLK,UK8
FW-SLIP-BLK-UK8,Varanasi Store,11,0,2.2,14,3499,Slip-On Ease,BLK,UK8
FW-SLIP-BLK-UK8,Amritsar Store,11,0,2.8,10,"₹3,499",Slip-On Ease,BLK,UK8
FW-SLIP-BLK-UK8,Noida Store,5,18,0.7,21,3499,Slip-On Ease,BLK,UK8
FW-SLIP-BLK-UK8,Gurugram Store,59,0,2.4,10,"3,499.00",Slip-On Ease,BLK,UK8
FW-SLIP-BLK-UK8,Coimbatore Store,49,26,1.6,14,"₹3,499",Slip-On Ease,BLK,UK8
FW-SLIP-BLK-UK8,Madurai Store,23,0,2.5,10,3499,Slip-On Ease,BLK,UK8
FW-SLIP-BLK-UK8,Guwahati Store,113,0,2.6,14,3499,Slip-On Ease,BLK,UK8
FW-SLIP-BLK-UK9,Mumbai Store,134,0,2.3,21,"₹1,499",Slip-On Ease,BLK,UK9
FW-SLIP-BLK-UK9,Delhi Store,71,0,1.9,21,1499,Slip-On Ease,BLK,UK9
FW-SLIP-BLK-UK9,Bengaluru Store,7,0,0.4,21,N/A,Slip-On Ease,BLK,UK9
FW-SLIP-BLK-UK9,Hyderabad Store,2,0,0.2,10,"1,499.00",Slip-On Ease,BLK,UK9
FW-SLIP-BLK-UK9,Chennai Store,32,6,1.3,10,"Rs. 1,499",Slip-On Ease,BLK,UK9
FW-SLIP-BLK-UK9,Kolkata Store,83,18,1.8,14,"1,499.00",Slip-On Ease,BLK,UK9
FW-SLIP-BLK-UK9,Pune Store,-6,0,1.1,10,"1,499.00",Slip-On Ease,BLK,UK9
FW-SLIP-BLK-UK9,Ahmedabad Store, 15 ,0,2.8,21,1499,Slip-On Ease,BLK,UK9
FW-SLIP-BLK-UK9,Jaipur Store,2,0,0.7,21,1499,Slip-On Ease,BLK,UK9
FW-SLIP-BLK-UK9,Lucknow Store,47,0,3.0,10,1499,Slip-On Ease,BLK,UK9
FW-SLIP-BLK-UK9,Surat Store,54,29,1.6,14,"Rs. 1,499",Slip-On Ease,BLK,UK9
FW-SLIP-BLK-UK9,Indore Store,0,1,0.2,10,1499,Slip-On Ease,BLK,UK9
FW-SLIP-BLK-UK9,Nagpur Store,2,0,0.2,14,"Rs. 1,499",Slip-On Ease,BLK,UK9
FW-SLIP-BLK-UK9,Kochi Store,27,19,1.2,14,"1,499.00",Slip-On Ease,BLK,UK9
FW-SLIP-BLK-UK9,Chandigarh Store,36,0,1.7,21,"Rs. 1,499",Slip-On Ease,BLK,UK9
FW-SLIP-BLK-UK9,Bhopal Store,0,0,1.4,10,"₹1,499",Slip-On Ease,BLK,UK9
FW-SLIP-BLK-UK9,Bhopal Store,0,0,1.4,10,"₹1,499",Slip-On Ease,BLK,UK9
FW-SLIP-BLK-UK9,Patna Store, 26 ,0,0.8,10,1499,Slip-On Ease,BLK,UK9
FW-SLIP-BLK-UK9,Vadodara Store,10,0,0.3,14,1499,Slip-On Ease,BLK,UK9
FW-SLIP-BLK-UK9,Ludhiana Store,30,0,2.0,21,"Rs. 1,499",Slip-On Ease,BLK,UK9
FW-SLIP-BLK-UK9,Agra Store,7,35,2.3,14,"1,499.00",Slip-On Ease,BLK,UK9
FW-SLIP-BLK-UK9,Nashik Store,100,0,2.6,21,1499,Slip-On Ease,BLK,UK9
FW-SLIP-BLK-UK9,Meerut Store,6,0,0.7,10,1499,Slip-On Ease,BLK,UK9
FW-SLIP-BLK-UK9,Rajkot Store,89,0,2.0,14,"Rs. 1,499",Slip-On Ease,BLK,UK9
FW-SLIP-BLK-UK9,Varanasi Store,33,0,2.5,10,1499,Slip-On Ease,BLK,UK9
FW-SLIP-BLK-UK9,Amritsar Store,81,0,1.2,21,1499,Slip-On Ease,BLK,UK9
FW-SLIP-BLK-UK9,Noida Store,6,0,0.4,10,"Rs. 1,499",Slip-On Ease,BLK,UK9
FW-SLIP-BLK-UK9,Gurugram Store,16,0,1.5,10 days,"1,499.00",Slip-On Ease,BLK,UK9
FW-SLIP-BLK-UK9,Coimbatore Store,14,0,1.1,14,"1,499.00",Slip-On Ease,BLK,UK9
FW-SLIP-BLK-UK9,Madurai Store,5,0,1.7,10,"₹1,499",Slip-On Ease,BLK,UK9
FW-SLIP-BLK-UK9,Guwahati Store,80,45,2.6,14,"₹1,499",Slip-On Ease,BLK,UK9
FW-SLIP-BLK-UK10,Mumbai Store,87,0,,21,2299,Slip-On Ease,BLK,UK10
FW-SLIP-BLK-UK10,Delhi Store,47,23,1.8,14,"2,299.00",Slip-On Ease,BLK,UK10
FW-SLIP-BLK-UK10,Bengaluru Store,41,0,1.3,14,"Rs. 2,299",Slip-On Ease,BLK,UK10
FW-SLIP-BLK-UK10,Hyderabad Store,13,12,1.2,10,"2,299.00",Slip-On Ease,BLK,UK10
FW-SLIP-BLK-UK10,Chennai Store,18.5,0,0.7,14,"Rs. 2,299",Slip-On Ease,BLK,UK10
FW-SLIP-BLK-UK10,Kolkata Store,15,0,2.3,10,2299,Slip-On Ease,BLK,UK10
FW-SLIP-BLK-UK10,Pune Store,81,0,1.8,14,"₹2,299",Slip-On Ease,BLK,UK10
FW-SLIP-BLK-UK10,Ahmedabad Store,62,0,2.5,14,"2,299.00",Slip-On Ease,BLK,UK10
FW-SLIP-BLK-UK10,Jaipur Store,2,0,0.4,10,2299,Slip-On Ease,BLK,UK10
FW-SLIP-BLK-UK10,Lucknow Store,161,0,2.7,21,2299,Slip-On Ease,BLK,UK10
FW-SLIP-BLK-UK10,Surat Store,5,0,3.0,10,2299,Slip-On Ease,BLK,UK10
FW-SLIP-BLK-UK10,Indore Store,1,-14,1.6,14,"Rs. 2,299",Slip-On Ease,BLK,UK10
FW-SLIP-BLK-UK10,Nagpur Store,137,54,2.1,21,2299,Slip-On Ease,BLK,UK10
FW-SLIP-BLK-UK10,Kochi Store,15,0,0.8,10,2299,Slip-On Ease,BLK,UK10
FW-SLIP-BLK-UK10,Chandigarh Store,25,0,0.6,21,2299,Slip-On Ease,BLK,UK10
FW-SLIP-BLK-UK10,Bhopal Store,9,0,0.3,14,"Rs. 2,299",Slip-On Ease,BLK,UK10
FW-SLIP-BLK-UK10,Patna Store,32, 25 ,1.6,21,"2,299.00",Slip-On Ease,BLK,UK10
FW-SLIP-BLK-UK10,Vadodara Store,12,0,0.7,10,"₹2,299",Slip-On Ease,BLK,UK10
FW-SLIP-BLK-UK10,Ludhiana Store,68,0,2.6,10,"₹2,299",Slip-On Ease,BLK,UK10
FW-SLIP-BLK-UK10,Agra Store,33,7,1.0,14,2299,Slip-On Ease,BLK,UK10
FW-SLIP-BLK-UK10,Nashik Store,19,0,1.4,14,"₹2,299",Slip-On Ease,BLK,UK10
FW-SLIP-BLK-UK10,Meerut Store,50,0,1.2,21,2299,Slip-On Ease,BLK,UK10
,Rajkot Store, 116 ,0,1.7,21,"2,299.00",Slip-On Ease,BLK,UK10
FW-SLIP-BLK-UK10,Varanasi Store,4,0,1.4,21,2299,Slip-On Ease,BLK,UK10
FW-SLIP-BLK-UK10,Amritsar Store, 14 ,0,0.3,21,"₹2,299",Slip-On Ease,BLK,UK10
FW-SLIP-BLK-UK10,Noida Store,68,27,1.4,21,2299,Slip-On Ease,BLK,UK10
FW-SLIP-BLK-UK10,Gurugram Store,12,0,0.3,14,"₹2,299",Slip-On Ease,BLK,UK10
FW-SLIP-BLK-UK10,Coimbatore Store,1,21,1.3,14,2299,Slip-On Ease,BLK,UK10
FW-SLIP-BLK-UK10,Madurai Store,23,0,2.3,14,2299,Slip-On Ease,BLK,UK10
FW-SLIP-BLK-UK10,Guwahati Store,37,0,1.1,10,2299,Slip-On Ease,BLK,UK10
FW-SLIP-BLK-UK11,Mumbai Store,1,0,1.8,14,3499,Slip-On Ease,BLK,UK11
FW-SLIP-BLK-UK11,Delhi Store,2,0,1.5,10,N/A,Slip-On Ease,BLK,UK11
FW-SLIP-BLK-UK11,Bengaluru Store,56,0,2.8,14,3499,Slip-On Ease,BLK,UK11
FW-SLIP-BLK-UK11,Hyderabad Store,8,0,2.4,,3499,Slip-On Ease,BLK,UK11
FW-SLIP-BLK-UK11,Chennai Store,139,0,2.2,21,"₹3,499",Slip-On Ease,BLK,UK11
FW-SLIP-BLK-UK11,Kolkata Store,12,0,0.9,10,"Rs. 3,499",Slip-On Ease,BLK,UK11
FW-SLIP-BLK-UK11,Pune Store,1,1,0.2,10,"Rs. 3,499",Slip-On Ease,BLK,UK11
FW-SLIP-BLK-UK11,Ahmedabad Store,44,42,1.5,21,"₹3,499",Slip-On Ease,BLK,UK11
FW-SLIP-BLK-UK11,Jaipur Store, 15 ,7,0.8,10,"₹3,499",Slip-On Ease,BLK,UK11
FW-SLIP-BLK-UK11,Lucknow Store, 24 ,0,0.4,21,"₹3,499",Slip-On Ease,BLK,UK11
FW-SLIP-BLK-UK11,Surat Store,29,0,0.9,10,3499,Slip-On Ease,BLK,UK11
FW-SLIP-BLK-UK11,Indore Store,12,0,0.4,21,"₹3,499",Slip-On Ease,BLK,UK11
FW-SLIP-BLK-UK11,Nagpur Store,3,0,1.5,14,"3,499.00",Slip-On Ease,BLK,UK11
FW-SLIP-BLK-UK11,Kochi Store,33, 38 ,2.4,14,"3,499.00",Slip-On Ease,BLK,UK11
FW-SLIP-BLK-UK11,Chandigarh Store,18,0,0.7,14,"Rs. 3,499",Slip-On Ease,BLK,UK11
FW-SLIP-BLK-UK11,Bhopal Store,49,16,1.0,21,"₹3,499",Slip-On Ease,BLK,UK11
FW-SLIP-BLK-UK11,Patna Store,5,0,0.3,10,3499,Slip-On Ease,BLK,UK11
FW-SLIP-BLK-UK11,Vadodara Store,0,0,0.8,21,"3,499.00",Slip-On Ease,BLK,UK11
FW-SLIP-BLK-UK11,Ludhiana Store,2,0,2.0,14,"₹3,499",Slip-On Ease,BLK,UK11
FW-SLIP-BLK-UK11,Agra Store,62,44,2.7,14,3499,Slip-On Ease,BLK,UK11
FW-SLIP-BLK-UK11,Nashik Store,38,0,0.9,21,3499,Slip-On Ease,BLK,UK11
FW-SLIP-BLK-UK11,Meerut Store,26,0,2.2,10,3499,Slip-On Ease,BLK,UK11
FW-SLIP-BLK-UK11,Rajkot Store, 26 ,14,0.8,21,"Rs. 3,499",Slip-On Ease,BLK,UK11
FW-SLIP-BLK-UK11,Varanasi Store,11,0,2.2,10,3499,Slip-On Ease,BLK,UK11
FW-SLIP-BLK-UK11,Amritsar Store,51,0,1.6,10,"₹3,499",Slip-On Ease,BLK,UK11
FW-SLIP-BLK-UK11,Noida Store,20,0,1.9,10,"₹3,499",Slip-On Ease,BLK,UK11
FW-SLIP-BLK-UK11,Gurugram Store,26,10,0.6,14,3499,Slip-On Ease,BLK,UK11
FW-SLIP-BLK-UK11,Coimbatore Store,17.5,24,1.1,21,"₹3,499",Slip-On Ease,BLK,UK11
FW-SLIP-BLK-UK11,Madurai Store,59,0,2.0,14,"Rs. 3,499",Slip-On Ease,BLK,UK11
FW-SLIP-BLK-UK11,Guwahati Store,88,24,2.8,21,"3,499.00",Slip-On Ease,BLK,UK11
FW-SLIP-WHT-UK6,Mumbai Store,23,0,1.1,21,4999,Slip-On Ease,WHT,UK6
FW-SLIP-WHT-UK6,Delhi Store,16, 25 ,2.8,14,"₹4,999",Slip-On Ease,WHT,UK6
FW-SLIP-WHT-UK6,Bengaluru Store,5,0,0.2,14,4999,Slip-On Ease,WHT,UK6
FW-SLIP-WHT-UK6,Hyderabad Store,3,0,1.5,10,"Rs. 4,999",Slip-On Ease,WHT,UK6
FW-SLIP-WHT-UK6,Chennai Store,135,68,2.4,21,4999,Slip-On Ease,WHT,UK6
FW-SLIP-WHT-UK6,Kolkata Store,(3),0,1.2,14,4999,Slip-On Ease,WHT,UK6
FW-SLIP-WHT-UK6,Pune Store,6,0,0.8,10,"₹4,999",Slip-On Ease,WHT,UK6
FW-SLIP-WHT-UK6,Ahmedabad Store,41,0,0.9,14,4999,Slip-On Ease,WHT,UK6
FW-SLIP-WHT-UK6,Jaipur Store,154, 45 ,2.7,21,4999,Slip-On Ease,WHT,UK6
FW-SLIP-WHT-UK6,Lucknow Store,35,0,1.1,14,"Rs. 4,999",Slip-On Ease,WHT,UK6
FW-SLIP-WHT-UK6,Surat Store,6,0,0.5,14,4999,Slip-On Ease,WHT,UK6
FW-SLIP-WHT-UK6,Indore Store,1,0,1.2,10,4999,Slip-On Ease,WHT,UK6
FW-SLIP-WHT-UK6,Nagpur Store,4,0,0.9,10,"₹4,999",Slip-On Ease,WHT,UK6
FW-SLIP-WHT-UK6,Kochi Store,118,0,2.7,21,4999,Slip-On Ease,WHT,UK6
FW-SLIP-WHT-UK6,Chandigarh Store, 11 ,4,0.4,10,"₹4,999",Slip-On Ease,WHT,UK6
FW-SLIP-WHT-UK6,Bhopal Store,18,0,0.6,10 days,"₹4,999",Slip-On Ease,WHT,UK6
FW-SLIP-WHT-UK6,Patna Store,12,0,0.5,14,"Rs. 4,999",Slip-On Ease,WHT,UK6
FW-SLIP-WHT-UK6,Vadodara Store,0,0,0.3,10,4999,Slip-On Ease,WHT,UK6
FW-SLIP-WHT-UK6,Ludhiana Store,29,0,2.7,10,"4,999.00",Slip-On Ease,WHT,UK6
FW-SLIP-WHT-UK6,Agra Store,63,0,1.7,21,"Rs. 4,999",Slip-On Ease,WHT,UK6
FW-SLIP-WHT-UK6,Nashik Store,12,0,0.6,14,4999,Slip-On Ease,WHT,UK6
FW-SLIP-WHT-UK6,Meerut Store,20,0,1.9,21,"₹4,999",Slip-On Ease,WHT,UK6
FW-SLIP-WHT-UK6,Rajkot Store,10,-17,0.5,10,4999,Slip-On Ease,WHT,UK6
FW-SLIP-WHT-UK6,Rajkot Store,10,-17,0.5,10,4999,Slip-On Ease,WHT,UK6
FW-SLIP-WHT-UK6,Varanasi Store,95,0,,21,"₹4,999",Slip-On Ease,WHT,UK6
FW-SLIP-WHT-UK6,Amritsar Store,1,0,0.2,10,4999,Slip-On Ease,WHT,UK6
FW-SLIP-WHT-UK6,Noida Store,9,12,0.6,21,"₹4,999",Slip-On Ease,WHT,UK6
FW-SLIP-WHT-UK6,Gurugram Store,26,0,1.4,21,4999,Slip-On Ease,WHT,UK6
FW-SLIP-WHT-UK6,Coimbatore Store,63,43,2.8,14,"Rs. 4,999",Slip-On Ease,WHT,UK6
FW-SLIP-WHT-UK6,Madurai Store,91,0,2.4,14,"₹4,999",Slip-On Ease,WHT,UK6
FW-SLIP-WHT-UK6,Guwahati Store,81,0,2.4,10,4999,Slip-On Ease,WHT,UK6
FW-SLIP-WHT-UK7,Mumbai Store,63,0,1.6,14,N/A,Slip-On Ease,WHT,UK7
FW-SLIP-WHT-UK7,Delhi Store, 63 ,42,2.1,21,1499,Slip-On Ease,WHT,UK7
FW-SLIP-WHT-UK7,Bengaluru Store, 18 ,0,1.3,10,"1,499.00",Slip-On Ease,WHT,UK7
FW-SLIP-WHT-UK7,Hyderabad Store,14,0,1.2,21,1499,Slip-On Ease,WHT,UK7
FW-SLIP-WHT-UK7,Chennai Store,115,0,3.0,14,1499,Slip-On Ease,WHT,UK7
FW-SLIP-WHT-UK7,Kolkata Store,54,0,2.1,21,"₹1,499",Slip-On Ease,WHT,UK7
FW-SLIP-WHT-UK7,Pune Store,47,27,1.5,14,"₹1,499",Slip-On Ease,WHT,UK7
FW-SLIP-WHT-UK7,Ahmedabad Store,12,0,1.4,10,"₹1,499",Slip-On Ease,WHT,UK7
FW-SLIP-WHT-UK7,Jaipur Store,58,13,2.2,10,"₹1,499",Slip-On Ease,WHT,UK7
FW-SLIP-WHT-UK7,Lucknow Store,42,0,1.4,10,1499,Slip-On Ease,WHT,UK7
FW-SLIP-WHT-UK7,Surat Store,49,0,1.2,21,"Rs. 1,499",Slip-On Ease,WHT,UK7
FW-SLIP-WHT-UK7,Indore Store,12,0,0.4,10,"₹1,499",Slip-On Ease,WHT,UK7
FW-SLIP-WHT-UK7,Nagpur Store,11,12,1.0,14,"1,499.00",Slip-On Ease,WHT,UK7
FW-SLIP-WHT-UK7,Kochi Store,38,20,1.9,14,1499,Slip-On Ease,WHT,UK7
FW-SLIP-WHT-UK7,Chandigarh Store,28,0,0.8,14,1499,Slip-On Ease,WHT,UK7
FW-SLIP-WHT-UK7,Bhopal Store,40,14,2.0,14,1499,Slip-On Ease,WHT,UK7
FW-SLIP-WHT-UK7,Patna Store,48,0,0.8,,"Rs. 1,499",Slip-On Ease,WHT,UK7
FW-SLIP-WHT-UK7,Vadodara Store,61,0,1.6,21,"₹1,499",Slip-On Ease,WHT,UK7
FW-SLIP-WHT-UK7,Ludhiana Store,12,0,0.7,14,1499,Slip-On Ease,WHT,UK7
FW-SLIP-WHT-UK7,Agra Store,5,0,0.3,10,"₹1,499",Slip-On Ease,WHT,UK7
FW-SLIP-WHT-UK7,Nashik Store,44.5,0,1.0,21,"Rs. 1,499",Slip-On Ease,WHT,UK7
FW-SLIP-WHT-UK7,Meerut Store, 38 ,22,1.7,21,"₹1,499",Slip-On Ease,WHT,UK7
FW-SLIP-WHT-UK7,Rajkot Store,39,0,1.3,10,"Rs. 1,499",Slip-On Ease,WHT,UK7
FW-SLIP-WHT-UK7,Varanasi Store, 127 ,47,2.7,21,1499,Slip-On Ease,WHT,UK7
FW-SLIP-WHT-UK7,Amritsar Store,39,0,2.7,10,"₹1,499",Slip-On Ease,WHT,UK7
FW-SLIP-WHT-UK7,Noida Store,24,0,0.8,21,1499,Slip-On Ease,WHT,UK7
FW-SLIP-WHT-UK7,Gurugram Store,3,0,0.8,10,1499,Slip-On Ease,WHT,UK7
FW-SLIP-WHT-UK7,Coimbatore Store,8,0,2.6,10,"Rs. 1,499",Slip-On Ease,WHT,UK7
FW-SLIP-WHT-UK7,Madurai Store,29,0,0.5,21,"₹1,499",Slip-On Ease,WHT,UK7
FW-SLIP-WHT-UK7,Guwahati Store,35,0,0.9,14,"₹1,499",Slip-On Ease,WHT,UK7
FW-SLIP-WHT-UK8,Mumbai Store, 16 ,16,2.7,10,"2,299.00",Slip-On Ease,WHT,UK8
FW-SLIP-WHT-UK8,Delhi Store,129,0,2.8,14,"Rs. 2,299",Slip-On Ease,WHT,UK8
FW-SLIP-WHT-UK8,Bengaluru Store,4, 25 ,2.1,10,2299,Slip-On Ease,WHT,UK8
,Hyderabad Store,0,0,0.9,14,2299,Slip-On Ease,WHT,UK8
FW-SLIP-WHT-UK8,Chennai Store,29,10,0.9,10,"₹2,299",Slip-On Ease,WHT,UK8
FW-SLIP-WHT-UK8,Kolkata Store,31,14,1.2,10,2299,Slip-On Ease,WHT,UK8
FW-SLIP-WHT-UK8,Pune Store, 1 ,5,0.3,21,2299,Slip-On Ease,WHT,UK8
FW-SLIP-WHT-UK8,Ahmedabad Store,122,0,2.6,14,2299,Slip-On Ease,WHT,UK8
FW-SLIP-WHT-UK8,Jaipur Store,24,0,0.9,21,"Rs. 2,299",Slip-On Ease,WHT,UK8
FW-SLIP-WHT-UK8,Lucknow Store,9,0,0.2,21,2299,Slip-On Ease,WHT,UK8
FW-SLIP-WHT-UK8,Surat Store,7,0,1.4,14,2299,Slip-On Ease,WHT,UK8
FW-SLIP-WHT-UK8,Indore Store,82, 36 ,1.9,14,2299,Slip-On Ease,WHT,UK8
FW-SLIP-WHT-UK8,Nagpur Store,11,13,1.2,10,"₹2,299",Slip-On Ease,WHT,UK8
FW-SLIP-WHT-UK8,Kochi Store,11,0,0.6,10,2299,Slip-On Ease,WHT,UK8
FW-SLIP-WHT-UK8,Chandigarh Store,25,12,1.6,10,"Rs. 2,299",Slip-On Ease,WHT,UK8
FW-SLIP-WHT-UK8,Bhopal Store,12,0,0.5,10,"Rs. 2,299",Slip-On Ease,WHT,UK8
FW-SLIP-WHT-UK8,Patna Store,50,0,1.8,10,2299,Slip-On Ease,WHT,UK8
FW-SLIP-WHT-UK8,Vadodara Store,55,0,2.8,10,2299,Slip-On Ease,WHT,UK8
FW-SLIP-WHT-UK8,Ludhiana Store,53,0,2.8,10,2299,Slip-On Ease,WHT,UK8
FW-SLIP-WHT-UK8,Agra Store,105,28,2.6,14,"Rs. 2,299",Slip-On Ease,WHT,UK8
FW-SLIP-WHT-UK8,Nashik Store, 8 ,0,1.6,10,"Rs. 2,299",Slip-On Ease,WHT,UK8
FW-SLIP-WHT-UK8,Meerut Store,3,0,1.0,21,"₹2,299",Slip-On Ease,WHT,UK8
FW-SLIP-WHT-UK8,Rajkot Store,24,0,1.3,10,2299,Slip-On Ease,WHT,UK8
FW-SLIP-WHT-UK8,Varanasi Store,13, 9 ,0.9,21,"Rs. 2,299",Slip-On Ease,WHT,UK8
FW-SLIP-WHT-UK8,Amritsar Store,43,13,2.0,10,"₹2,299",Slip-On Ease,WHT,UK8
FW-SLIP-WHT-UK8,Noida Store, 8 ,14,2.1,14,2299,Slip-On Ease,WHT,UK8
FW-SLIP-WHT-UK8,Gurugram Store,0,8,0.6,21,2299,Slip-On Ease,WHT,UK8
FW-SLIP-WHT-UK8,Coimbatore Store,133,0,1.9,21,"₹2,299",Slip-On Ease,WHT,UK8
FW-SLIP-WHT-UK8,Madurai Store,94,0,2.9,10,2299,Slip-On Ease,WHT,UK8
FW-SLIP-WHT-UK8,Guwahati Store,23,0,2.8,10,N/A,Slip-On Ease,WHT,UK8
FW-SLIP-WHT-UK9,Mumbai Store,12,0,0.4,21,"1,499.00",Slip-On Ease,WHT,UK9
FW-SLIP-WHT-UK9,Delhi Store,87,0,2.3,14,"₹1,499",Slip-On Ease,WHT,UK9
FW-SLIP-WHT-UK9,Bengaluru Store,30,0,1.5,14,"₹1,499",Slip-On Ease,WHT,UK9
FW-SLIP-WHT-UK9,Hyderabad Store,42,-5,2.7,21,1499,Slip-On Ease,WHT,UK9
FW-SLIP-WHT-UK9,Chennai Store,-7,36,2.3,14 days,"1,499.00",Slip-On Ease,WHT,UK9
FW-SLIP-WHT-UK9,Kolkata Store,65,0,2.5,14,1499,Slip-On Ease,WHT,UK9
FW-SLIP-WHT-UK9,Pune Store,20,0,0.4,21,"1,499.00",Slip-On Ease,WHT,UK9
FW-SLIP-WHT-UK9,Ahmedabad Store,6,0,0.2,10,1499,Slip-On Ease,WHT,UK9
FW-SLIP-WHT-UK9,Jaipur Store,37,18,1.7,14,"Rs. 1,499",Slip-On Ease,WHT,UK9
FW-SLIP-WHT-UK9,Lucknow Store,68,19,1.9,14,"₹1,499",Slip-On Ease,WHT,UK9
FW-SLIP-WHT-UK9,Surat Store,80,0,1.3,21,1499,Slip-On Ease,WHT,UK9
FW-SLIP-WHT-UK9,Indore Store,22,0,0.7,21,"₹1,499",Slip-On Ease,WHT,UK9
FW-SLIP-WHT-UK9,Nagpur Store,78,0,2.4,21,"Rs. 1,499",Slip-On Ease,WHT,UK9
FW-SLIP-WHT-UK9,Kochi Store,2.5,3,0.4,14,1499,Slip-On Ease,WHT,UK9
FW-SLIP-WHT-UK9,Chandigarh Store,2,0,0.7,10,"₹1,499",Slip-On Ease,WHT,UK9
FW-SLIP-WHT-UK9,Bhopal Store,31,25,3.0,10,1499,Slip-On Ease,WHT,UK9
FW-SLIP-WHT-UK9,Patna Store,62,0,,14,1499,Slip-On Ease,WHT,UK9
FW-SLIP-WHT-UK9,Vadodara Store,55,0,2.5,10,"Rs. 1,499",Slip-On Ease,WHT,UK9
FW-SLIP-WHT-UK9,Ludhiana Store,113, 49 ,1.8,21,1499,Slip-On Ease,WHT,UK9
FW-SLIP-WHT-UK9,Agra Store,0,0,0.5,14,1499,Slip-On Ease,WHT,UK9
FW-SLIP-WHT-UK9,Nashik Store,169,0,2.6,21,1499,Slip-On Ease,WHT,UK9
FW-SLIP-WHT-UK9,Meerut Store,10,9,0.7,14,1499,Slip-On Ease,WHT,UK9
FW-SLIP-WHT-UK9,Rajkot Store,33,0,0.5,21,"₹1,499",Slip-On Ease,WHT,UK9
FW-SLIP-WHT-UK9,Varanasi Store,27,0,0.4,21,1499,Slip-On Ease,WHT,UK9
FW-SLIP-WHT-UK9,Amritsar Store,100,14,2.3,14,1499,Slip-On Ease,WHT,UK9
FW-SLIP-WHT-UK9,Noida Store,9,13,0.7,14,1499,Slip-On Ease,WHT,UK9
FW-SLIP-WHT-UK9,Gurugram Store,12,11,1.3,10,1499,Slip-On Ease,WHT,UK9
FW-SLIP-WHT-UK9,Coimbatore Store,56,29,1.1,21,1499,Slip-On Ease,WHT,UK9
FW-SLIP-WHT-UK9,Madurai Store,63,0,2.6,14,"Rs. 1,499",Slip-On Ease,WHT,UK9
FW-SLIP-WHT-UK9,Guwahati Store,49,0,1.2,,"₹1,499",Slip-On Ease,WHT,UK9
FW-SLIP-WHT-UK9,Guwahati Store,49,0,1.2,,"₹1,499",Slip-On Ease,WHT,UK9
FW-SLIP-WHT-UK10,Mumbai Store,21, 10 ,0.4,21,"₹3,499",Slip-On Ease,WHT,UK10
FW-SLIP-WHT-UK10,Delhi Store,108,20,2.3,14,"₹3,499",Slip-On Ease,WHT,UK10
FW-SLIP-WHT-UK10,Bengaluru Store,0,0,0.3,10,3499,Slip-On Ease,WHT,UK10
FW-SLIP-WHT-UK10,Hyderabad Store,34,24,1.0,21,"Rs. 3,499",Slip-On Ease,WHT,UK10
FW-SLIP-WHT-UK10,Chennai Store,119,0,3.0,21,3499,Slip-On Ease,WHT,UK10
FW-SLIP-WHT-UK10,Kolkata Store,23,0,1.8,14,"Rs. 3,499",Slip-On Ease,WHT,UK10
FW-SLIP-WHT-UK10,Pune Store,20,0,0.7,10,"₹3,499",Slip-On Ease,WHT,UK10
FW-SLIP-WHT-UK10,Ahmedabad Store,64,18,1.7,21,3499,Slip-On Ease,WHT,UK10
FW-SLIP-WHT-UK10,Jaipur Store,12,0,1.7,10,"₹3,499",Slip-On Ease,WHT,UK10
FW-SLIP-WHT-UK10,Lucknow Store,23,0,1.1,14,3499,Slip-On Ease,WHT,UK10
FW-SLIP-WHT-UK10,Surat Store,32,0,1.3,10,3499,Slip-On Ease,WHT,UK10
FW-SLIP-WHT-UK10,Indore Store,33,0,0.7,14,"₹3,499",Slip-On Ease,WHT,UK10
FW-SLIP-WHT-UK10,Nagpur Store,40,0,1.7,14,"₹3,499",Slip-On Ease,WHT,UK10
FW-SLIP-WHT-UK10,Kochi Store,4,0,0.5,21,"₹3,499",Slip-On Ease,WHT,UK10
FW-SLIP-WHT-UK10,Chandigarh Store,17,0,1.8,10,"3,499.00",Slip-On Ease,WHT,UK10
FW-SLIP-WHT-UK10,Bhopal Store,39,0,1.3,21,3499,Slip-On Ease,WHT,UK10
FW-SLIP-WHT-UK10,Patna Store,9,0,1.0,10,3499,Slip-On Ease,WHT,UK10
FW-SLIP-WHT-UK10,Vadodara Store,72,0,2.4,14,"₹3,499",Slip-On Ease,WHT,UK10
FW-SLIP-WHT-UK10,Ludhiana Store,20,0,2.8,21,3499,Slip-On Ease,WHT,UK10
FW-SLIP-WHT-UK10,Agra Store,28,0,2.6,14,"₹3,499",Slip-On Ease,WHT,UK10
FW-SLIP-WHT-UK10,Nashik Store,88,0,2.7,14,3499,Slip-On Ease,WHT,UK10
FW-SLIP-WHT-UK10,Meerut Store,25,0,2.3,21,3499,Slip-On Ease,WHT,UK10
FW-SLIP-WHT-UK10,Rajkot Store,112,56,2.1,21,"₹3,499",Slip-On Ease,WHT,UK10
FW-SLIP-WHT-UK10,Varanasi Store,67,9,2.4,10,"₹3,499",Slip-On Ease,WHT,UK10
FW-SLIP-WHT-UK10,Amritsar Store,44,0,2.9,14,3499,Slip-On Ease,WHT,UK10
FW-SLIP-WHT-UK10,Noida Store,72,0,1.8,21,"Rs. 3,499",Slip-On Ease,WHT,UK10
FW-SLIP-WHT-UK10,Gurugram Store,39,0,2.0,14,"Rs. 3,499",Slip-On Ease,WHT,UK10
FW-SLIP-WHT-UK10,Coimbatore Store,5,0,0.8,14,"₹3,499",Slip-On Ease,WHT,UK10
FW-SLIP-WHT-UK10,Madurai Store,7,0,0.7,21,N/A,Slip-On Ease,WHT,UK10
FW-SLIP-WHT-UK10,Guwahati Store,145,0,2.4,21,"3,499.00",Slip-On Ease,WHT,UK10
FW-SLIP-WHT-UK11,Mumbai Store,34,0,1.2,14,"₹1,499",Slip-On Ease,WHT,UK11
FW-SLIP-WHT-UK11,Delhi Store,163,0,3.0,21,1499,Slip-On Ease,WHT,UK11
FW-SLIP-WHT-UK11,Bengaluru Store,28,0,1.0,14,"₹1,499",Slip-On Ease,WHT,UK11
FW-SLIP-WHT-UK11,Hyderabad Store,7,0,0.5,10,"Rs. 1,499",Slip-On Ease,WHT,UK11
FW-SLIP-WHT-UK11,Chennai Store,84,0,1.5,21,"₹1,499",Slip-On Ease,WHT,UK11
FW-SLIP-WHT-UK11,Kolkata Store,10,0,0.4,10,1499,Slip-On Ease,WHT,UK11
FW-SLIP-WHT-UK11,Pune Store,36.5,0,1.9,10,"Rs. 1,499",Slip-On Ease,WHT,UK11
FW-SLIP-WHT-UK11,Ahmedabad Store,0,9,0.5,21,1499,Slip-On Ease,WHT,UK11
FW-SLIP-WHT-UK11,Jaipur Store,32,0,2.1,21,1499,Slip-On Ease,WHT,UK11
FW-SLIP-WHT-UK11,Lucknow Store,30,0,1.4,14,"₹1,499",Slip-On Ease,WHT,UK11
FW-SLIP-WHT-UK11,Surat Store,0,0,0.8,21,"₹1,499",Slip-On Ease,WHT,UK11
FW-SLIP-WHT-UK11,Indore Store,105,0,1.5,21,1499,Slip-On Ease,WHT,UK11
FW-SLIP-WHT-UK11,Nagpur Store,16,32,1.2,21,"Rs. 1,499",Slip-On Ease,WHT,UK11
FW-SLIP-WHT-UK11,Kochi Store,58,0,1.1,21,"₹1,499",Slip-On Ease,WHT,UK11
,Chandigarh Store,121,-20,2.0,21,1499,Slip-On Ease,WHT,UK11
FW-SLIP-WHT-UK11,Bhopal Store,27,0,2.5,10,"Rs. 1,499",Slip-On Ease,WHT,UK11
FW-SLIP-WHT-UK11,Patna Store,44,0,1.0,21,"1,499.00",Slip-On Ease,WHT,UK11
FW-SLIP-WHT-UK11,Vadodara Store, 119 ,47,2.4,21,1499,Slip-On Ease,WHT,UK11
FW-SLIP-WHT-UK11,Ludhiana Store,51,0,1.3,21,"₹1,499",Slip-On Ease,WHT,UK11
FW-SLIP-WHT-UK11,Agra Store,18,0,2.3,14,"₹1,499",Slip-On Ease,WHT,UK11
FW-SLIP-WHT-UK11,Nashik Store,65,0,2.8,10,1499,Slip-On Ease,WHT,UK11
FW-SLIP-WHT-UK11,Meerut Store,164,0,2.4,21,"Rs. 1,499",Slip-On Ease,WHT,UK11
FW-SLIP-WHT-UK11,Rajkot Store,41,0,2.0,10,"Rs. 1,499",Slip-On Ease,WHT,UK11
FW-SLIP-WHT-UK11,Varanasi Store,32,0,2.4,10 days,1499,Slip-On Ease,WHT,UK11
FW-SLIP-WHT-UK11,Amritsar Store,29,0,1.7,14,1499,Slip-On Ease,WHT,UK11
FW-SLIP-WHT-UK11,Noida Store,72,0,1.7,21,1499,Slip-On Ease,WHT,UK11
FW-SLIP-WHT-UK11,Gurugram Store,104,0,2.9,21,1499,Slip-On Ease,WHT,UK11
FW-SLIP-WHT-UK11,Coimbatore Store,42,0,1.6,14,1499,Slip-On Ease,WHT,UK11
FW-SLIP-WHT-UK11,Madurai Store,31,0,1.5,14,1499,Slip-On Ease,WHT,UK11
FW-SLIP-WHT-UK11,Guwahati Store,183,0,2.8,21,"₹1,499",Slip-On Ease,WHT,UK11
FW-SLIP-TAN-UK6,Mumbai Store,9,0,1.1,21,"₹4,999",Slip-On Ease,TAN,UK6
FW-SLIP-TAN-UK6,Delhi Store,170,55,2.4,21,"₹4,999",Slip-On Ease,TAN,UK6
FW-SLIP-TAN-UK6,Bengaluru Store,13,0,0.4,14,4999,Slip-On Ease,TAN,UK6
FW-SLIP-TAN-UK6,Hyderabad Store,-7,0,2.4,14,"Rs. 4,999",Slip-On Ease,TAN,UK6
FW-SLIP-TAN-UK6,Chennai Store,49,0,1.2,14,"4,999.00",Slip-On Ease,TAN,UK6
FW-SLIP-TAN-UK6,Kolkata Store,9,0,1.2,10,"4,999.00",Slip-On Ease,TAN,UK6
FW-SLIP-TAN-UK6,Pune Store, 14 ,0,2.9,21,4999,Slip-On Ease,TAN,UK6
FW-SLIP-TAN-UK6,Ahmedabad Store,22,3,0.8,10,"Rs. 4,999",Slip-On Ease,TAN,UK6
FW-SLIP-TAN-UK6,Jaipur Store,29,0,1.0,21,4999,Slip-On Ease,TAN,UK6
FW-SLIP-TAN-UK6,Lucknow Store,6,0,,10,4999,Slip-On Ease,TAN,UK6
FW-SLIP-TAN-UK6,Surat Store,168,0,2.8,21,"₹4,999",Slip-On Ease,TAN,UK6
FW-SLIP-TAN-UK6,Indore Store,44,0,2.3,14,4999,Slip-On Ease,TAN,UK6
FW-SLIP-TAN-UK6,Nagpur Store,100,0,2.3,,"Rs. 4,999",Slip-On Ease,TAN,UK6
FW-SLIP-TAN-UK6,Kochi Store,107,0,2.1,21,"Rs. 4,999",Slip-On Ease,TAN,UK6
FW-SLIP-TAN-UK6,Chandigarh Store,6,0,0.3,10,4999,Slip-On Ease,TAN,UK6
FW-SLIP-TAN-UK6,Bhopal Store,10,0,1.9,10,"Rs. 4,999",Slip-On Ease,TAN,UK6
FW-SLIP-TAN-UK6,Patna Store,8,0,2.3,14,"Rs. 4,999",Slip-On Ease,TAN,UK6
FW-SLIP-TAN-UK6,Vadodara Store,26,0,0.7,21,4999,Slip-On Ease,TAN,UK6
FW-SLIP-TAN-UK6,Ludhiana Store,101,0,2.4,14,"4,999.00",Slip-On Ease,TAN,UK6
FW-SLIP-TAN-UK6,Agra Store,42,0,1.4,14,4999,Slip-On Ease,TAN,UK6
FW-SLIP-TAN-UK6,Nashik Store,6,0,0.3,10,4999,Slip-On Ease,TAN,UK6
FW-SLIP-TAN-UK6,Meerut Store,46,0,2.2,10,"₹4,999",Slip-On Ease,TAN,UK6
FW-SLIP-TAN-UK6,Rajkot Store,14,0,1.6,21,4999,Slip-On Ease,TAN,UK6
FW-SLIP-TAN-UK6,Varanasi Store, 17 ,0,0.7,14,"₹4,999",Slip-On Ease,TAN,UK6
FW-SLIP-TAN-UK6,Amritsar Store,16,0,0.3,21,4999,Slip-On Ease,TAN,UK6
FW-SLIP-TAN-UK6,Noida Store,5,0,2.4,10,4999,Slip-On Ease,TAN,UK6
FW-SLIP-TAN-UK6,Gurugram Store,59,20,1.4,14,4999,Slip-On Ease,TAN,UK6
FW-SLIP-TAN-UK6,Coimbatore Store,23,0,2.0,10,N/A,Slip-On Ease,TAN,UK6
FW-SLIP-TAN-UK6,Madurai Store,26,0,0.6,14,"4,999.00",Slip-On Ease,TAN,UK6
FW-SLIP-TAN-UK6,Guwahati Store,3.5,0,1.0,14,4999,Slip-On Ease,TAN,UK6
FW-SLIP-TAN-UK7,Mumbai Store,69,0,1.7,21,2299,Slip-On Ease,TAN,UK7
FW-SLIP-TAN-UK7,Delhi Store,42,0,1.4,21,"Rs. 2,299",Slip-On Ease,TAN,UK7
FW-SLIP-TAN-UK7,Bengaluru Store,12,0,0.4,10,2299,Slip-On Ease,TAN,UK7
FW-SLIP-TAN-UK7,Hyderabad Store,15,7,0.5,14,"Rs. 2,299",Slip-On Ease,TAN,UK7
FW-SLIP-TAN-UK7,Chennai Store, 4 ,0,0.2,14,2299,Slip-On Ease,TAN,UK7
FW-SLIP-TAN-UK7,Kolkata Store,34,23,2.3,10,2299,Slip-On Ease,TAN,UK7
FW-SLIP-TAN-UK7,Pune Store,7,0,0.6,14,"Rs. 2,299",Slip-On Ease,TAN,UK7
FW-SLIP-TAN-UK7,Pune Store,7,0,0.6,14,"Rs. 2,299",Slip-On Ease,TAN,UK7
FW-SLIP-TAN-UK7,Ahmedabad Store, 69 ,0,2.8,10,"₹2,299",Slip-On Ease,TAN,UK7
FW-SLIP-TAN-UK7,Jaipur Store,57,0,2.1,14,2299,Slip-On Ease,TAN,UK7
FW-SLIP-TAN-UK7,Lucknow Store,12,0,1.1,14,"₹2,299",Slip-On Ease,TAN,UK7
FW-SLIP-TAN-UK7,Surat Store,43,0,2.8,10,"₹2,299",Slip-On Ease,TAN,UK7
FW-SLIP-TAN-UK7,Indore Store,43,16,2.1,10,2299,Slip-On Ease,TAN,UK7
FW-SLIP-TAN-UK7,Nagpur Store,118,0,2.9,21,"Rs. 2,299",Slip-On Ease,TAN,UK7
FW-SLIP-TAN-UK7,Kochi Store,8,0,2.1,14,"Rs. 2,299",Slip-On Ease,TAN,UK7
FW-SLIP-TAN-UK7,Chandigarh Store,15,0,3.0,14,"Rs. 2,299",Slip-On Ease,TAN,UK7
FW-SLIP-TAN-UK7,Bhopal Store,8,0,0.3,10,"2,299.00",Slip-On Ease,TAN,UK7
FW-SLIP-TAN-UK7,Patna Store,18,0,0.7,21,"₹2,299",Slip-On Ease,TAN,UK7
FW-SLIP-TAN-UK7,Vadodara Store,44,0,2.0,21,2299,Slip-On Ease,TAN,UK7
FW-SLIP-TAN-UK7,Ludhiana Store,14,0,0.2,21,2299,Slip-On Ease,TAN,UK7
FW-SLIP-TAN-UK7,Agra Store,100,0,2.7,14,2299,Slip-On Ease,TAN,UK7
FW-SLIP-TAN-UK7,Nashik Store,100,21,2.8,14,2299,Slip-On Ease,TAN,UK7
FW-SLIP-TAN-UK7,Meerut Store,25,18,2.8,10,2299,Slip-On Ease,TAN,UK7
FW-SLIP-TAN-UK7,Rajkot Store,7,5,0.3,21,"Rs. 2,299",Slip-On Ease,TAN,UK7
FW-SLIP-TAN-UK7,Varanasi Store,21,0,0.8,14,"Rs. 2,299",Slip-On Ease,TAN,UK7
FW-SLIP-TAN-UK7,Amritsar Store,21,0,2.0,10,"₹2,299",Slip-On Ease,TAN,UK7
FW-SLIP-TAN-UK7,Noida Store,52,-19,1.8,21,2299,Slip-On Ease,TAN,UK7
FW-SLIP-TAN-UK7,Gurugram Store,29,0,2.4,21,2299,Slip-On Ease,TAN,UK7
FW-SLIP-TAN-UK7,Coimbatore Store,141,38,2.7,21,"₹2,299",Slip-On Ease,TAN,UK7
FW-SLIP-TAN-UK7,Madurai Store,19,0,2.4,10,2299,Slip-On Ease,TAN,UK7
FW-SLIP-TAN-UK7,Guwahati Store,14,0,0.8,21,"₹2,299",Slip-On Ease,TAN,UK7
FW-SLIP-TAN-UK8,Mumbai Store, 8 ,0,0.2,21,"Rs. 4,999",Slip-On Ease,TAN,UK8
FW-SLIP-TAN-UK8,Delhi Store,13,22,1.5,14,4999,Slip-On Ease,TAN,UK8
FW-SLIP-TAN-UK8,Bengaluru Store,28,0,1.7,10,"4,999.00",Slip-On Ease,TAN,UK8
FW-SLIP-TAN-UK8,Hyderabad Store,51,0,1.6,14,"4,999.00",Slip-On Ease,TAN,UK8
FW-SLIP-TAN-UK8,Chennai Store,18,0,0.3,21,"Rs. 4,999",Slip-On Ease,TAN,UK8
FW-SLIP-TAN-UK8,Kolkata Store,20,42,1.6,21,"4,999.00",Slip-On Ease,TAN,UK8
FW-SLIP-TAN-UK8,Pune Store,11,10,0.6,21,"₹4,999",Slip-On Ease,TAN,UK8
FW-SLIP-TAN-UK8,Ahmedabad Store,0,0,2.6,10,"₹4,999",Slip-On Ease,TAN,UK8
FW-SLIP-TAN-UK8,Jaipur Store,64,0,3.0,10,"₹4,999",Slip-On Ease,TAN,UK8
FW-SLIP-TAN-UK8,Lucknow Store,17,0,0.4,14,4999,Slip-On Ease,TAN,UK8
FW-SLIP-TAN-UK8,Surat Store,17,10,0.6,21,4999,Slip-On Ease,TAN,UK8
FW-SLIP-TAN-UK8,Indore Store,39,0,1.0,21,"Rs. 4,999",Slip-On Ease,TAN,UK8
FW-SLIP-TAN-UK8,Nagpur Store,24,0,1.6,10 days,"₹4,999",Slip-On Ease,TAN,UK8
FW-SLIP-TAN-UK8,Kochi Store,11,0,2.4,14,"₹4,999",Slip-On Ease,TAN,UK8
FW-SLIP-TAN-UK8,Chandigarh Store,19,7,0.7,14,"₹4,999",Slip-On Ease,TAN,UK8
FW-SLIP-TAN-UK8,Bhopal Store,45,0,1.5,21,4999,Slip-On Ease,TAN,UK8
FW-SLIP-TAN-UK8,Patna Store,101,0,2.3,14,4999,Slip-On Ease,TAN,UK8
FW-SLIP-TAN-UK8,Vadodara Store,39,8,0.6,21,4999,Slip-On Ease,TAN,UK8
FW-SLIP-TAN-UK8,Ludhiana Store,17,0,0.9,14,"Rs. 4,999",Slip-On Ease,TAN,UK8
FW-SLIP-TAN-UK8,Agra Store,22,0,0.6,14,4999,Slip-On Ease,TAN,UK8
FW-SLIP-TAN-UK8,Nashik Store,37,16,1.4,10,"Rs. 4,999",Slip-On Ease,TAN,UK8
FW-SLIP-TAN-UK8,Meerut Store, 62 ,0,1.0,21,4999,Slip-On Ease,TAN,UK8
FW-SLIP-TAN-UK8,Rajkot Store,37.5,0,1.8,14,4999,Slip-On Ease,TAN,UK8
FW-SLIP-TAN-UK8,Varanasi Store,65, 26 ,1.4,21,"₹4,999",Slip-On Ease,TAN,UK8
FW-SLIP-TAN-UK8,Amritsar Store,44,83,3.0,21,4999,Slip-On Ease,TAN,UK8
,Noida Store,52,0,2.3,,4999,Slip-On Ease,TAN,UK8
FW-SLIP-TAN-UK8,Gurugram Store,132,0,2.9,14,N/A,Slip-On Ease,TAN,UK8
FW-SLIP-TAN-UK8,Coimbatore Store,10,0,0.3,10,4999,Slip-On Ease,TAN,UK8
FW-SLIP-TAN-UK8,Madurai Store,4,0,1.6,14,4999,Slip-On Ease,TAN,UK8
FW-SLIP-TAN-UK8,Guwahati Store, 9 ,0,0.5,10,"₹4,999",Slip-On Ease,TAN,UK8
FW-SLIP-TAN-UK9,Mumbai Store,0,0,2.3,10,3499,Slip-On Ease,TAN,UK9
FW-SLIP-TAN-UK9,Delhi Store,34,0,2.3,10,3499,Slip-On Ease,TAN,UK9
FW-SLIP-TAN-UK9,Bengaluru Store,-8,0,,10,"₹3,499",Slip-On Ease,TAN,UK9
FW-SLIP-TAN-UK9,Hyderabad Store,99,0,3.0,21,"₹3,499",Slip-On Ease,TAN,UK9
FW-SLIP-TAN-UK9,Chennai Store,153,0,2.3,21,"Rs. 3,499",Slip-On Ease,TAN,UK9
FW-SLIP-TAN-UK9,Kolkata Store,45,0,2.9,10,"₹3,499",Slip-On Ease,TAN,UK9
FW-SLIP-TAN-UK9,Pune Store,62,0,1.5,21,"₹3,499",Slip-On Ease,TAN,UK9
FW-SLIP-TAN-UK9,Ahmedabad Store,91,44,1.7,21,"₹3,499",Slip-On Ease,TAN,UK9
FW-SLIP-TAN-UK9,Jaipur Store,35,0,2.1,10,"Rs. 3,499",Slip-On Ease,TAN,UK9
FW-SLIP-TAN-UK9,Lucknow Store, 25 ,0,1.2,10,"₹3,499",Slip-On Ease,TAN,UK9
FW-SLIP-TAN-UK9,Surat Store,42,0,1.5,14,"₹3,499",Slip-On Ease,TAN,UK9
FW-SLIP-TAN-UK9,Indore Store,81,61,2.1,21,"3,499.00",Slip-On Ease,TAN,UK9
FW-SLIP-TAN-UK9,Nagpur Store,21,0,1.4,10,3499,Slip-On Ease,TAN,UK9
FW-SLIP-TAN-UK9,Kochi Store,28,0,1.9,10,3499,Slip-On Ease,TAN,UK9
FW-SLIP-TAN-UK9,Chandigarh Store,17,0,0.6,14,3499,Slip-On Ease,TAN,UK9
FW-SLIP-TAN-UK9,Bhopal Store,41,0,1.5,10,3499,Slip-On Ease,TAN,UK9
FW-SLIP-TAN-UK9,Patna Store, 40 ,0,1.1,14,3499,Slip-On Ease,TAN,UK9
FW-SLIP-TAN-UK9,Vadodara Store,65,0,2.6,14,"₹3,499",Slip-On Ease,TAN,UK9
FW-SLIP-TAN-UK9,Ludhiana Store,5,0,1.3,14,"₹3,499",Slip-On Ease,TAN,UK9
FW-SLIP-TAN-UK9,Agra Store, 28 ,0,1.3,10,"Rs. 3,499",Slip-On Ease,TAN,UK9
FW-SLIP-TAN-UK9,Nashik Store,127,0,2.7,14,3499,Slip-On Ease,TAN,UK9
FW-SLIP-TAN-UK9,Meerut Store,34,17,1.0,14,"₹3,499",Slip-On Ease,TAN,UK9
FW-SLIP-TAN-UK9,Rajkot Store, 91 ,0,1.9,21,"₹3,499",Slip-On Ease,TAN,UK9
FW-SLIP-TAN-UK9,Varanasi Store,0,0,1.2,21,3499,Slip-On Ease,TAN,UK9
FW-SLIP-TAN-UK9,Amritsar Store,10,0,0.5,14,"Rs. 3,499",Slip-On Ease,TAN,UK9
FW-SLIP-TAN-UK9,Noida Store, 32 ,0,1.7,10,3499,Slip-On Ease,TAN,UK9
FW-SLIP-TAN-UK9,Gurugram Store,136,40,2.0,21,3499,Slip-On Ease,TAN,UK9
FW-SLIP-TAN-UK9,Coimbatore Store,22,0,1.0,14,"₹3,499",Slip-On Ease,TAN,UK9
FW-SLIP-TAN-UK9,Madurai Store,53,0,3.0,14,3499,Slip-On Ease,TAN,UK9
FW-SLIP-TAN-UK9,Guwahati Store,51,0,1.8,10,3499,Slip-On Ease,TAN,UK9
FW-SLIP-TAN-UK10,Mumbai Store,40,37,3.0,14,"Rs. 1,499",Slip-On Ease,TAN,UK10
FW-SLIP-TAN-UK10,Delhi Store,104,0,1.9,21,1499,Slip-On Ease,TAN,UK10
FW-SLIP-TAN-UK10,Bengaluru Store, 18 ,0,0.6,10,1499,Slip-On Ease,TAN,UK10
FW-SLIP-TAN-UK10,Hyderabad Store,10,0,0.5,14,"₹1,499",Slip-On Ease,TAN,UK10
FW-SLIP-TAN-UK10,Chennai Store,90,0,2.3,21,1499,Slip-On Ease,TAN,UK10
FW-SLIP-TAN-UK10,Kolkata Store,88,0,2.0,14,"₹1,499",Slip-On Ease,TAN,UK10
FW-SLIP-TAN-UK10,Pune Store,9,-20,1.3,21,1499,Slip-On Ease,TAN,UK10
FW-SLIP-TAN-UK10,Ahmedabad Store, 17 ,11,0.6,21,1499,Slip-On Ease,TAN,UK10
FW-SLIP-TAN-UK10,Jaipur Store,4,0,1.8,10,1499,Slip-On Ease,TAN,UK10
FW-SLIP-TAN-UK10,Lucknow Store,8,0,0.9,10,"Rs. 1,499",Slip-On Ease,TAN,UK10
FW-SLIP-TAN-UK10,Surat Store,33,0,1.7,21,1499,Slip-On Ease,TAN,UK10
FW-SLIP-TAN-UK10,Indore Store,27,0,0.9,14,"₹1,499",Slip-On Ease,TAN,UK10
FW-SLIP-TAN-UK10,Nagpur Store,47,0,1.4,21,"₹1,499",Slip-On Ease,TAN,UK10
FW-SLIP-TAN-UK10,Kochi Store,7,0,2.8,14,1499,Slip-On Ease,TAN,UK10
FW-SLIP-TAN-UK10,Kochi Store,7,0,2.8,14,1499,Slip-On Ease,TAN,UK10
FW-SLIP-TAN-UK10,Chandigarh Store,98,0,2.4,21,1499,Slip-On Ease,TAN,UK10
FW-SLIP-TAN-UK10,Bhopal Store,63.5,16,2.3,14,"₹1,499",Slip-On Ease,TAN,UK10
FW-SLIP-TAN-UK10,Patna Store,0,0,0.4,14,1499,Slip-On Ease,TAN,UK10
FW-SLIP-TAN-UK10,Vadodara Store,178,0,2.7,21,"₹1,499",Slip-On Ease,TAN,UK10
FW-SLIP-TAN-UK10,Ludhiana Store,14,45,2.0,21,1499,Slip-On Ease,TAN,UK10
FW-SLIP-TAN-UK10,Agra Store,3,10,0.7,21,1499,Slip-On Ease,TAN,UK10
FW-SLIP-TAN-UK10,Nashik Store,0,0,1.2,10,"Rs. 1,499",Slip-On Ease,TAN,UK10
FW-SLIP-TAN-UK10,Meerut Store,49,13,1.4,21,"₹1,499",Slip-On Ease,TAN,UK10
FW-SLIP-TAN-UK10,Rajkot Store, 56 ,0,2.5,14,"Rs. 1,499",Slip-On Ease,TAN,UK10
FW-SLIP-TAN-UK10,Varanasi Store,112,0,2.2,21,1499,Slip-On Ease,TAN,UK10
FW-SLIP-TAN-UK10,Amritsar Store,10,10,0.8,10,1499,Slip-On Ease,TAN,UK10
FW-SLIP-TAN-UK10,Noida Store,44,0,2.3,10,N/A,Slip-On Ease,TAN,UK10
FW-SLIP-TAN-UK10,Gurugram Store,4,10,1.8,10,1499,Slip-On Ease,TAN,UK10
FW-SLIP-TAN-UK10,Coimbatore Store, 20 ,0,1.4,10,1499,Slip-On Ease,TAN,UK10
FW-SLIP-TAN-UK10,Madurai Store,55,0,2.5,14,1499,Slip-On Ease,TAN,UK10
FW-SLIP-TAN-UK10,Guwahati Store,13,0,0.3,21,"₹1,499",Slip-On Ease,TAN,UK10
FW-SLIP-TAN-UK11,Mumbai Store,22,0,2.7,10,2299,Slip-On Ease,TAN,UK11
FW-SLIP-TAN-UK11,Delhi Store, 74 ,0,2.5,21 days,2299,Slip-On Ease,TAN,UK11
FW-SLIP-TAN-UK11,Bengaluru Store,151,0,2.7,21,2299,Slip-On Ease,TAN,UK11
FW-SLIP-TAN-UK11,Hyderabad Store,13,0,2.7,10,2299,Slip-On Ease,TAN,UK11
FW-SLIP-TAN-UK11,Chennai Store,49,37,2.7,10,"2,299.00",Slip-On Ease,TAN,UK11
FW-SLIP-TAN-UK11,Kolkata Store,41,0,1.0,14,"Rs. 2,299",Slip-On Ease,TAN,UK11
FW-SLIP-TAN-UK11,Pune Store,4,0,0.9,21,"₹2,299",Slip-On Ease,TAN,UK11
FW-SLIP-TAN-UK11,Ahmedabad Store,36,0,2.1,14,"₹2,299",Slip-On Ease,TAN,UK11
FW-SLIP-TAN-UK11,Jaipur Store,37,0,0.6,,2299,Slip-On Ease,TAN,UK11
FW-SLIP-TAN-UK11,Lucknow Store,35,0,0.8,14,2299,Slip-On Ease,TAN,UK11
FW-SLIP-TAN-UK11,Surat Store,26,19,2.9,14,"2,299.00",Slip-On Ease,TAN,UK11
FW-SLIP-TAN-UK11,Indore Store,52,0,1.2,21,2299,Slip-On Ease,TAN,UK11
FW-SLIP-TAN-UK11,Nagpur Store,2,0,0.6,10,"Rs. 2,299",Slip-On Ease,TAN,UK11
FW-SLIP-TAN-UK11,Kochi Store,3,0,1.0,10,2299,Slip-On Ease,TAN,UK11
FW-SLIP-TAN-UK11,Chandigarh Store,79,0,2.8,10,2299,Slip-On Ease,TAN,UK11
FW-SLIP-TAN-UK11,Bhopal Store,30,12,1.4,21,2299,Slip-On Ease,TAN,UK11
FW-SLIP-TAN-UK11,Patna Store,22,0,1.3,14,2299,Slip-On Ease,TAN,UK11
FW-SLIP-TAN-UK11,Vadodara Store,4,27,1.8,14,2299,Slip-On Ease,TAN,UK11
FW-SLIP-TAN-UK11,Ludhiana Store,26,8,0.4,21,2299,Slip-On Ease,TAN,UK11
FW-SLIP-TAN-UK11,Agra Store,74,20,2.1,14,"Rs. 2,299",Slip-On Ease,TAN,UK11
FW-SLIP-TAN-UK11,Nashik Store,28,0,1.4,10,2299,Slip-On Ease,TAN,UK11
FW-SLIP-TAN-UK11,Meerut Store,21,0,1.1,10,2299,Slip-On Ease,TAN,UK11
FW-SLIP-TAN-UK11,Rajkot Store,9,0,0.7,14,"2,299.00",Slip-On Ease,TAN,UK11
FW-SLIP-TAN-UK11,Varanasi Store,34,0,0.5,21,"₹2,299",Slip-On Ease,TAN,UK11
FW-SLIP-TAN-UK11,Amritsar Store,27,0,1.2,14,"₹2,299",Slip-On Ease,TAN,UK11
FW-SLIP-TAN-UK11,Noida Store,23,0,,21,2299,Slip-On Ease,TAN,UK11
FW-SLIP-TAN-UK11,Gurugram Store,12,0,0.7,10,"2,299.00",Slip-On Ease,TAN,UK11
FW-SLIP-TAN-UK11,Coimbatore Store,5,0,0.3,10,"₹2,299",Slip-On Ease,TAN,UK11
FW-SLIP-TAN-UK11,Madurai Store,26,3,0.6,14,2299,Slip-On Ease,TAN,UK11
FW-SLIP-TAN-UK11,Guwahati Store,18,0,0.7,14,"₹2,299",Slip-On Ease,TAN,UK11
FW-BOOT-BLK-UK6,Mumbai Store,56,0,2.9,21,"₹1,499",Boot Rugged,BLK,UK6
FW-BOOT-BLK-UK6,Delhi Store,-3,0,2.0,10,1499,Boot Rugged,BLK,UK6
FW-BOOT-BLK-UK6,Bengaluru Store,45,0,2.7,21,1499,Boot Rugged,BLK,UK6
FW-BOOT-BLK-UK6,Hyderabad Store, 19 ,0,1.1,21,"₹1,499",Boot Rugged,BLK,UK6
FW-BOOT-BLK-UK6,Chennai Store,12,0,1.0,21,"1,499.00",Boot Rugged,BLK,UK6
FW-BOOT-BLK-UK6,Kolkata Store,7,1,0.3,10,"₹1,499",Boot Rugged,BLK,UK6
,Pune Store,48,46,2.4,14,1499,Boot Rugged,BLK,UK6
FW-BOOT-BLK-UK6,Ahmedabad Store,16,51,2.2,21,"1,499.00",Boot Rugged,BLK,UK6
FW-BOOT-BLK-UK6,Jaipur Store,139.5,0,2.2,21,"Rs. 1,499",Boot Rugged,BLK,UK6
FW-BOOT-BLK-UK6,Lucknow Store,42,0,1.4,21,"Rs. 1,499",Boot Rugged,BLK,UK6
FW-BOOT-BLK-UK6,Surat Store,7,0,0.5,21,"Rs. 1,499",Boot Rugged,BLK,UK6
FW-BOOT-BLK-UK6,Indore Store,2,24,1.2,21,"₹1,499",Boot Rugged,BLK,UK6
FW-BOOT-BLK-UK6,Nagpur Store,96,0,2.6,14,"₹1,499",Boot Rugged,BLK,UK6
FW-BOOT-BLK-UK6,Kochi Store,8,0,1.9,14,1499,Boot Rugged,BLK,UK6
FW-BOOT-BLK-UK6,Chandigarh Store,60,37,2.2,21,1499,Boot Rugged,BLK,UK6
FW-BOOT-BLK-UK6,Bhopal Store,12,0,1.7,14,"₹1,499",Boot Rugged,BLK,UK6
FW-BOOT-BLK-UK6,Patna Store,22,0,1.0,10,"Rs. 1,499",Boot Rugged,BLK,UK6
FW-BOOT-BLK-UK6,Vadodara Store,51,-16,1.3,21,1499,Boot Rugged,BLK,UK6
FW-BOOT-BLK-UK6,Ludhiana Store,103,0,1.8,21,"Rs. 1,499",Boot Rugged,BLK,UK6
FW-BOOT-BLK-UK6,Agra Store,47,0,1.5,10,"₹1,499",Boot Rugged,BLK,UK6
FW-BOOT-BLK-UK6,Nashik Store,21,0,2.3,14,1499,Boot Rugged,BLK,UK6
FW-BOOT-BLK-UK6,Meerut Store,101,28,2.9,14,"₹1,499",Boot Rugged,BLK,UK6
FW-BOOT-BLK-UK6,Rajkot Store,51,19,0.9,21,1499,Boot Rugged,BLK,UK6
FW-BOOT-BLK-UK6,Varanasi Store,179,0,2.8,21,"Rs. 1,499",Boot Rugged,BLK,UK6
FW-BOOT-BLK-UK6,Amritsar Store,59,41,1.5,21,N/A,Boot Rugged,BLK,UK6
FW-BOOT-BLK-UK6,Noida Store,1,6,0.4,14,"Rs. 1,499",Boot Rugged,BLK,UK6
FW-BOOT-BLK-UK6,Gurugram Store,11,5,0.4,14,"₹1,499",Boot Rugged,BLK,UK6
FW-BOOT-BLK-UK6,Coimbatore Store,57,0,2.4,14,"Rs. 1,499",Boot Rugged,BLK,UK6
FW-BOOT-BLK-UK6,Madurai Store,42,0,1.4,14,"1,499.00",Boot Rugged,BLK,UK6
FW-BOOT-BLK-UK6,Guwahati Store,73,0,2.4,14,1499,Boot Rugged,BLK,UK6
FW-BOOT-BLK-UK7,Mumbai Store,38,26,2.7,10,2299,Boot Rugged,BLK,UK7
FW-BOOT-BLK-UK7,Delhi Store,5,0,1.0,10,"2,299.00",Boot Rugged,BLK,UK7
FW-BOOT-BLK-UK7,Bengaluru Store,53,0,1.3,21,"₹2,299",Boot Rugged,BLK,UK7
FW-BOOT-BLK-UK7,Hyderabad Store,8,0,1.0,14,2299,Boot Rugged,BLK,UK7
FW-BOOT-BLK-UK7,Chennai Store, 31 ,7,0.8,21,"2,299.00",Boot Rugged,BLK,UK7
FW-BOOT-BLK-UK7,Kolkata Store,4,0,1.8,21,"₹2,299",Boot Rugged,BLK,UK7
FW-BOOT-BLK-UK7,Pune Store,64,0,2.0,10,2299,Boot Rugged,BLK,UK7
FW-BOOT-BLK-UK7,Ahmedabad Store,46,0,2.6,14,2299,Boot Rugged,BLK,UK7
FW-BOOT-BLK-UK7,Jaipur Store,4,12,0.7,21,2299,Boot Rugged,BLK,UK7
FW-BOOT-BLK-UK7,Lucknow Store,19,0,0.8,21,"₹2,299",Boot Rugged,BLK,UK7
FW-BOOT-BLK-UK7,Surat Store,39,8,1.8,10,2299,Boot Rugged,BLK,UK7
FW-BOOT-BLK-UK7,Indore Store,16,30,1.6,14,"₹2,299",Boot Rugged,BLK,UK7
FW-BOOT-BLK-UK7,Nagpur Store,50,11,1.0,21,2299,Boot Rugged,BLK,UK7
FW-BOOT-BLK-UK7,Kochi Store,158,41,2.6,21,2299,Boot Rugged,BLK,UK7
FW-BOOT-BLK-UK7,Chandigarh Store,44,0,2.0,21,2299,Boot Rugged,BLK,UK7
FW-BOOT-BLK-UK7,Bhopal Store,39,0,1.5,10,"₹2,299",Boot Rugged,BLK,UK7
FW-BOOT-BLK-UK7,Patna Store,64,0,1.8,14,2299,Boot Rugged,BLK,UK7
FW-BOOT-BLK-UK7,Vadodara Store,31,0,1.4,10,"Rs. 2,299",Boot Rugged,BLK,UK7
FW-BOOT-BLK-UK7,Ludhiana Store,16,0,0.3,21,2299,Boot Rugged,BLK,UK7
FW-BOOT-BLK-UK7,Agra Store,96,0,1.4,21,2299,Boot Rugged,BLK,UK7
FW-BOOT-BLK-UK7,Nashik Store,57,10,2.1,10 days,"₹2,299",Boot Rugged,BLK,UK7
FW-BOOT-BLK-UK7,Nashik Store,57,10,2.1,10 days,"₹2,299",Boot Rugged,BLK,UK7
FW-BOOT-BLK-UK7,Meerut Store,6,0,0.5,,"₹2,299",Boot Rugged,BLK,UK7
FW-BOOT-BLK-UK7,Rajkot Store, 22 ,0,1.1,14,"₹2,299",Boot Rugged,BLK,UK7
FW-BOOT-BLK-UK7,Varanasi Store,21,0,2.5,10,"₹2,299",Boot Rugged,BLK,UK7
FW-BOOT-BLK-UK7,Amritsar Store, 103 ,0,2.7,14,2299,Boot Rugged,BLK,UK7
FW-BOOT-BLK-UK7,Noida Store,8,0,0.4,10,"₹2,299",Boot Rugged,BLK,UK7
FW-BOOT-BLK-UK7,Gurugram Store,170,58,2.9,21,2299,Boot Rugged,BLK,UK7
FW-BOOT-BLK-UK7,Coimbatore Store,8,0,0.5,10,"₹2,299",Boot Rugged,BLK,UK7
FW-BOOT-BLK-UK7,Madurai Store,172,0,2.8,21,"Rs. 2,299",Boot Rugged,BLK,UK7
FW-BOOT-BLK-UK7,Guwahati Store,26,0,0.7,14,"₹2,299",Boot Rugged,BLK,UK7
FW-BOOT-BLK-UK8,Mumbai Store, 157 ,68,2.8,21,"4,999.00",Boot Rugged,BLK,UK8
FW-BOOT-BLK-UK8,Delhi Store,23.5,0,0.5,21,4999,Boot Rugged,BLK,UK8
FW-BOOT-BLK-UK8,Bengaluru Store, 29 ,16,0.9,21,4999,Boot Rugged,BLK,UK8
FW-BOOT-BLK-UK8,Hyderabad Store,73,0,1.6,21,4999,Boot Rugged,BLK,UK8
FW-BOOT-BLK-UK8,Chennai Store,21,0,1.5,14,4999,Boot Rugged,BLK,UK8
FW-BOOT-BLK-UK8,Kolkata Store,12,0,2.7,21,4999,Boot Rugged,BLK,UK8
FW-BOOT-BLK-UK8,Pune Store,84,0,1.5,21,"Rs. 4,999",Boot Rugged,BLK,UK8
FW-BOOT-BLK-UK8,Ahmedabad Store,3,0,1.7,10,"₹4,999",Boot Rugged,BLK,UK8
FW-BOOT-BLK-UK8,Jaipur Store,21,0,2.2,14,4999,Boot Rugged,BLK,UK8
FW-BOOT-BLK-UK8,Lucknow Store,70,0,2.4,14,4999,Boot Rugged,BLK,UK8
FW-BOOT-BLK-UK8,Surat Store,11,0,0.3,21,4999,Boot Rugged,BLK,UK8
FW-BOOT-BLK-UK8,Indore Store,0,17,1.5,10,"4,999.00",Boot Rugged,BLK,UK8
FW-BOOT-BLK-UK8,Nagpur Store,11,0,0.3,21,4999,Boot Rugged,BLK,UK8
FW-BOOT-BLK-UK8,Kochi Store,29,0,1.1,14,"₹4,999",Boot Rugged,BLK,UK8
FW-BOOT-BLK-UK8,Chandigarh Store,24,0,0.8,21,"4,999.00",Boot Rugged,BLK,UK8
FW-BOOT-BLK-UK8,Bhopal Store,37,0,1.8,10,"₹4,999",Boot Rugged,BLK,UK8
FW-BOOT-BLK-UK8,Patna Store,54,0,2.2,10,4999,Boot Rugged,BLK,UK8
FW-BOOT-BLK-UK8,Vadodara Store,22,10,0.9,10,4999,Boot Rugged,BLK,UK8
FW-BOOT-BLK-UK8,Ludhiana Store,62,25,,14,"Rs. 4,999",Boot Rugged,BLK,UK8
FW-BOOT-BLK-UK8,Agra Store,4,0,0.9,10,"₹4,999",Boot Rugged,BLK,UK8
FW-BOOT-BLK-UK8,Nashik Store,6,16,2.0,21,"Rs. 4,999",Boot Rugged,BLK,UK8
FW-BOOT-BLK-UK8,Meerut Store,37,0,2.9,14,4999,Boot Rugged,BLK,UK8
FW-BOOT-BLK-UK8,Rajkot Store,21,0,2.0,14,4999,Boot Rugged,BLK,UK8
FW-BOOT-BLK-UK8,Varanasi Store,14,0,0.5,10,N/A,Boot Rugged,BLK,UK8
FW-BOOT-BLK-UK8,Amritsar Store,8,0,0.7,10,"₹4,999",Boot Rugged,BLK,UK8
FW-BOOT-BLK-UK8,Noida Store,6,0,1.7,10,4999,Boot Rugged,BLK,UK8
FW-BOOT-BLK-UK8,Gurugram Store,60,15,3.0,10,"₹4,999",Boot Rugged,BLK,UK8
FW-BOOT-BLK-UK8,Coimbatore Store,29,0,1.6,10,"₹4,999",Boot Rugged,BLK,UK8
FW-BOOT-BLK-UK8,Madurai Store,25,-5,1.6,10,"₹4,999",Boot Rugged,BLK,UK8
FW-BOOT-BLK-UK8,Guwahati Store,4,10,1.8,10,"4,999.00",Boot Rugged,BLK,UK8
FW-BOOT-BLK-UK9,Mumbai Store,-1,0,0.4,14,1499,Boot Rugged,BLK,UK9
FW-BOOT-BLK-UK9,Delhi Store,0,0,2.9,10,"Rs. 1,499",Boot Rugged,BLK,UK9
FW-BOOT-BLK-UK9,Bengaluru Store,4,0,0.3,14,1499,Boot Rugged,BLK,UK9
FW-BOOT-BLK-UK9,Hyderabad Store,26,0,1.4,10,1499,Boot Rugged,BLK,UK9
FW-BOOT-BLK-UK9,Chennai Store,0,20,2.8,14,"₹1,499",Boot Rugged,BLK,UK9
FW-BOOT-BLK-UK9,Kolkata Store,75,0,1.9,14,1499,Boot Rugged,BLK,UK9
FW-BOOT-BLK-UK9,Pune Store,28,0,2.0,10,"Rs. 1,499",Boot Rugged,BLK,UK9
FW-BOOT-BLK-UK9,Ahmedabad Store,31,25,1.8,14,"₹1,499",Boot Rugged,BLK,UK9
FW-BOOT-BLK-UK9,Jaipur Store,12,0,0.5,10,"₹1,499",Boot Rugged,BLK,UK9
FW-BOOT-BLK-UK9,Lucknow Store,38,0,1.7,14,"1,499.00",Boot Rugged,BLK,UK9
FW-BOOT-BLK-UK9,Surat Store,84,0,2.5,10,1499,Boot Rugged,BLK,UK9
FW-BOOT-BLK-UK9,Indore Store,7,0,0.7,21,"1,499.00",Boot Rugged,BLK,UK9
FW-BOOT-BLK-UK9,Nagpur Store,65,0,1.5,14,"Rs. 1,499",Boot Rugged,BLK,UK9
FW-BOOT-BLK-UK9,Kochi Store,27,54,2.3,21,1499,Boot Rugged,BLK,UK9
FW-BOOT-BLK-UK9,Chandigarh Store,25,0,0.7,21,"Rs. 1,499",Boot Rugged,BLK,UK9
FW-BOOT-BLK-UK9,Bhopal Store,16,0,1.2,21,"₹1,499",Boot Rugged,BLK,UK9
FW-BOOT-BLK-UK9,Patna Store,32,19,1.6,10,1499,Boot Rugged,BLK,UK9
,Vadodara Store,105,0,2.9,14,1499,Boot Rugged,BLK,UK9
FW-BOOT-BLK-UK9,Ludhiana Store, 74 ,0,2.6,10,1499,Boot Rugged,BLK,UK9
FW-BOOT-BLK-UK9,Agra Store,77,0,2.3,10,"1,499.00",Boot Rugged,BLK,UK9
FW-BOOT-BLK-UK9,Nashik Store, 12 ,0,1.5,14,"Rs. 1,499",Boot Rugged,BLK,UK9
FW-BOOT-BLK-UK9,Meerut Store,57,0,2.5,10,"₹1,499",Boot Rugged,BLK,UK9
FW-BOOT-BLK-UK9,Rajkot Store,71,0,2.8,14,"1,499.00",Boot Rugged,BLK,UK9
FW-BOOT-BLK-UK9,Varanasi Store,27,0,2.1,10,"1,499.00",Boot Rugged,BLK,UK9
FW-BOOT-BLK-UK9,Amritsar Store,0.5,0,1.4,10,1499,Boot Rugged,BLK,UK9
FW-BOOT-BLK-UK9,Noida Store,22,0,1.1,14,1499,Boot Rugged,BLK,UK9
FW-BOOT-BLK-UK9,Gurugram Store,31,0,1.7,21,"1,499.00",Boot Rugged,BLK,UK9
FW-BOOT-BLK-UK9,Coimbatore Store,0,0,0.9,21,1499,Boot Rugged,BLK,UK9
FW-BOOT-BLK-UK9,Madurai Store,16,0,2.2,14,1499,Boot Rugged,BLK,UK9
FW-BOOT-BLK-UK9,Guwahati Store,22,0,0.8,21,"₹1,499",Boot Rugged,BLK,UK9
FW-BOOT-BLK-UK10,Mumbai Store,6,0,0.2,10,"2,299.00",Boot Rugged,BLK,UK10
FW-BOOT-BLK-UK10,Delhi Store,5,0,0.6,14,2299,Boot Rugged,BLK,UK10
FW-BOOT-BLK-UK10,Bengaluru Store,74,0,2.2,14,2299,Boot Rugged,BLK,UK10
FW-BOOT-BLK-UK10,Hyderabad Store,21,0,0.7,10,"₹2,299",Boot Rugged,BLK,UK10
FW-BOOT-BLK-UK10,Chennai Store,21,0,2.4,,2299,Boot Rugged,BLK,UK10
FW-BOOT-BLK-UK10,Kolkata Store,38,0,0.7,21,2299,Boot Rugged,BLK,UK10
FW-BOOT-BLK-UK10,Pune Store,4,0,0.6,10,"2,299.00",Boot Rugged,BLK,UK10
FW-BOOT-BLK-UK10,Ahmedabad Store,38,0,1.4,10,"2,299.00",Boot Rugged,BLK,UK10
FW-BOOT-BLK-UK10,Jaipur Store,54,0,2.0,14,2299,Boot Rugged,BLK,UK10
FW-BOOT-BLK-UK10,Lucknow Store,92,0,2.0,14 days,"₹2,299",Boot Rugged,BLK,UK10
FW-BOOT-BLK-UK10,Surat Store,65,0,2.7,10,2299,Boot Rugged,BLK,UK10
FW-BOOT-BLK-UK10,Indore Store,87,30,1.4,21,2299,Boot Rugged,BLK,UK10
FW-BOOT-BLK-UK10,Nagpur Store,118,0,2.7,21,"Rs. 2,299",Boot Rugged,BLK,UK10
FW-BOOT-BLK-UK10,Kochi Store,53, 19 ,1.1,21,2299,Boot Rugged,BLK,UK10
FW-BOOT-BLK-UK10,Chandigarh Store,27,0,1.6,10,"₹2,299",Boot Rugged,BLK,UK10
FW-BOOT-BLK-UK10,Bhopal Store,32,25,1.9,21,2299,Boot Rugged,BLK,UK10
FW-BOOT-BLK-UK10,Patna Store,75,0,1.9,14,"₹2,299",Boot Rugged,BLK,UK10
FW-BOOT-BLK-UK10,Vadodara Store,55,0,2.8,14,2299,Boot Rugged,BLK,UK10
FW-BOOT-BLK-UK10,Ludhiana Store,3,24,2.6,10,"₹2,299",Boot Rugged,BLK,UK10
FW-BOOT-BLK-UK10,Agra Store,45,0,1.7,10,2299,Boot Rugged,BLK,UK10
FW-BOOT-BLK-UK10,Nashik Store,59,0,1.3,21,2299,Boot Rugged,BLK,UK10
FW-BOOT-BLK-UK10,Meerut Store,28,45,2.1,21,"2,299.00",Boot Rugged,BLK,UK10
FW-BOOT-BLK-UK10,Rajkot Store,140,0,2.3,21,N/A,Boot Rugged,BLK,UK10
FW-BOOT-BLK-UK10,Varanasi Store,30,19,1.4,14,2299,Boot Rugged,BLK,UK10
FW-BOOT-BLK-UK10,Amritsar Store,26,0,1.7,14,"₹2,299",Boot Rugged,BLK,UK10
FW-BOOT-BLK-UK10,Noida Store,16,0,2.2,10,2299,Boot Rugged,BLK,UK10
FW-BOOT-BLK-UK10,Gurugram Store,73,0,3.0,10,"₹2,299",Boot Rugged,BLK,UK10
FW-BOOT-BLK-UK10,Coimbatore Store,57,0,1.7,14,2299,Boot Rugged,BLK,UK10
FW-BOOT-BLK-UK10,Coimbatore Store,57,0,1.7,14,2299,Boot Rugged,BLK,UK10
FW-BOOT-BLK-UK10,Madurai Store,90,62,2.4,21,2299,Boot Rugged,BLK,UK10
FW-BOOT-BLK-UK10,Guwahati Store,12,0,1.2,14,2299,Boot Rugged,BLK,UK10
FW-BOOT-BLK-UK11,Mumbai Store,66,0,2.5,14,2299,Boot Rugged,BLK,UK11
FW-BOOT-BLK-UK11,Delhi Store,7,0,0.4,10,2299,Boot Rugged,BLK,UK11
FW-BOOT-BLK-UK11,Bengaluru Store,18,0,0.7,14,2299,Boot Rugged,BLK,UK11
FW-BOOT-BLK-UK11,Hyderabad Store,20,0,1.8,10,"₹2,299",Boot Rugged,BLK,UK11
FW-BOOT-BLK-UK11,Chennai Store,14,0,0.8,21,2299,Boot Rugged,BLK,UK11
FW-BOOT-BLK-UK11,Kolkata Store,107,0,2.4,14,2299,Boot Rugged,BLK,UK11
FW-BOOT-BLK-UK11,Pune Store,35,0,2.2,21,2299,Boot Rugged,BLK,UK11
FW-BOOT-BLK-UK11,Ahmedabad Store,112,0,2.7,21,"2,299.00",Boot Rugged,BLK,UK11
FW-BOOT-BLK-UK11,Jaipur Store,32,7,0.8,14,"Rs. 2,299",Boot Rugged,BLK,UK11
FW-BOOT-BLK-UK11,Lucknow Store,104,-18,2.1,21,"2,299.00",Boot Rugged,BLK,UK11
FW-BOOT-BLK-UK11,Surat Store,12,0,2.9,10,2299,Boot Rugged,BLK,UK11
FW-BOOT-BLK-UK11,Indore Store,9,1,,10,2299,Boot Rugged,BLK,UK11
FW-BOOT-BLK-UK11,Nagpur Store,73,0,2.7,10,2299,Boot Rugged,BLK,UK11
FW-BOOT-BLK-UK11,Kochi Store,23,3,0.5,14,2299,Boot Rugged,BLK,UK11
FW-BOOT-BLK-UK11,Chandigarh Store,125,0,2.8,14,"2,299.00",Boot Rugged,BLK,UK11
FW-BOOT-BLK-UK11,Bhopal Store,128,0,2.3,21,"₹2,299",Boot Rugged,BLK,UK11
FW-BOOT-BLK-UK11,Patna Store,5,0,0.9,14,2299,Boot Rugged,BLK,UK11
FW-BOOT-BLK-UK11,Vadodara Store,17.5,0,1.6,10,"₹2,299",Boot Rugged,BLK,UK11
FW-BOOT-BLK-UK11,Ludhiana Store,5,15,2.5,14,"2,299.00",Boot Rugged,BLK,UK11
FW-BOOT-BLK-UK11,Agra Store,77,40,1.6,21,2299,Boot Rugged,BLK,UK11
FW-BOOT-BLK-UK11,Nashik Store,15,0,0.9,14,2299,Boot Rugged,BLK,UK11
FW-BOOT-BLK-UK11,Meerut Store,10,0,1.0,14,"Rs. 2,299",Boot Rugged,BLK,UK11
FW-BOOT-BLK-UK11,Rajkot Store,70,0,2.3,14,"₹2,299",Boot Rugged,BLK,UK11
FW-BOOT-BLK-UK11,Varanasi Store,56,21,1.8,10,2299,Boot Rugged,BLK,UK11
FW-BOOT-BLK-UK11,Amritsar Store,36,0,1.8,10,"Rs. 2,299",Boot Rugged,BLK,UK11
FW-BOOT-BLK-UK11,Noida Store,25,8,0.4,21,2299,Boot Rugged,BLK,UK11
FW-BOOT-BLK-UK11,Gurugram Store,127,0,2.6,21,"2,299.00",Boot Rugged,BLK,UK11
FW-BOOT-BLK-UK11,Coimbatore Store,28,0,2.5,10,"₹2,299",Boot Rugged,BLK,UK11
FW-BOOT-BLK-UK11,Madurai Store,33,0,1.2,21,"₹2,299",Boot Rugged,BLK,UK11
FW-BOOT-BLK-UK11,Guwahati Store,-8,0,1.5,14,"2,299.00",Boot Rugged,BLK,UK11
FW-BOOT-WHT-UK6,Mumbai Store,15,0,0.8,21,4999,Boot Rugged,WHT,UK6
FW-BOOT-WHT-UK6,Delhi Store,25,0,0.8,21,4999,Boot Rugged,WHT,UK6
FW-BOOT-WHT-UK6,Bengaluru Store,111,23,2.4,14,"Rs. 4,999",Boot Rugged,WHT,UK6
FW-BOOT-WHT-UK6,Hyderabad Store,50,38,2.7,14,"₹4,999",Boot Rugged,WHT,UK6
FW-BOOT-WHT-UK6,Chennai Store,7,0,2.0,10,"₹4,999",Boot Rugged,WHT,UK6
FW-BOOT-WHT-UK6,Kolkata Store,38,0,2.1,10,4999,Boot Rugged,WHT,UK6
FW-BOOT-WHT-UK6,Pune Store,56,18,0.8,21,"₹4,999",Boot Rugged,WHT,UK6
FW-BOOT-WHT-UK6,Ahmedabad Store,34,0,0.5,21,"4,999.00",Boot Rugged,WHT,UK6
FW-BOOT-WHT-UK6,Jaipur Store,13,0,2.4,10,4999,Boot Rugged,WHT,UK6
FW-BOOT-WHT-UK6,Lucknow Store,51,22,0.9,21,"Rs. 4,999",Boot Rugged,WHT,UK6
FW-BOOT-WHT-UK6,Surat Store,42,0,2.7,10,"Rs. 4,999",Boot Rugged,WHT,UK6
FW-BOOT-WHT-UK6,Indore Store,16,5,0.3,21,"₹4,999",Boot Rugged,WHT,UK6
FW-BOOT-WHT-UK6,Nagpur Store,19,8,1.4,10,4999,Boot Rugged,WHT,UK6
FW-BOOT-WHT-UK6,Kochi Store,53,0,1.8,14,4999,Boot Rugged,WHT,UK6
FW-BOOT-WHT-UK6,Chandigarh Store,15,19,1.8,10,4999,Boot Rugged,WHT,UK6
FW-BOOT-WHT-UK6,Bhopal Store,12,0,1.7,14,4999,Boot Rugged,WHT,UK6
FW-BOOT-WHT-UK6,Patna Store,3,0,1.2,14,4999,Boot Rugged,WHT,UK6
FW-BOOT-WHT-UK6,Vadodara Store,14,0,0.5,,"₹4,999",Boot Rugged,WHT,UK6
FW-BOOT-WHT-UK6,Ludhiana Store,37,0,2.6,10,4999,Boot Rugged,WHT,UK6
FW-BOOT-WHT-UK6,Agra Store,16,0,1.2,21,4999,Boot Rugged,WHT,UK6
FW-BOOT-WHT-UK6,Nashik Store,69,54,2.1,21,4999,Boot Rugged,WHT,UK6
FW-BOOT-WHT-UK6,Meerut Store,103,16,2.5,14,N/A,Boot Rugged,WHT,UK6
FW-BOOT-WHT-UK6,Rajkot Store,14,0,0.6,21,"4,999.00",Boot Rugged,WHT,UK6
FW-BOOT-WHT-UK6,Varanasi Store,43,24,2.5,10,4999,Boot Rugged,WHT,UK6
FW-BOOT-WHT-UK6,Amritsar Store,14,0,1.0,21,4999,Boot Rugged,WHT,UK6
FW-BOOT-WHT-UK6,Noida Store,25,0,2.1,21,4999,Boot Rugged,WHT,UK6
FW-BOOT-WHT-UK6,Gurugram Store,29,0,2.0,14,4999,Boot Rugged,WHT,UK6
FW-BOOT-WHT-UK6,Coimbatore Store,74,41,2.5,14,"Rs. 4,999",Boot Rugged,WHT,UK6
,Madurai Store,67,0,2.8,14 days,4999,Boot Rugged,WHT,UK6
FW-BOOT-WHT-UK6,Guwahati Store, 50 ,0,2.3,10,4999,Boot Rugged,WHT,UK6
FW-BOOT-WHT-UK7,Mumbai Store,28,0,1.3,10,"4,999.00",Boot Rugged,WHT,UK7
FW-BOOT-WHT-UK7,Delhi Store,122,0,2.5,21,"4,999.00",Boot Rugged,WHT,UK7
FW-BOOT-WHT-UK7,Bengaluru Store,0,0,1.2,14,4999,Boot Rugged,WHT,UK7
FW-BOOT-WHT-UK7,Hyderabad Store,30,0,1.4,21,4999,Boot Rugged,WHT,UK7
FW-BOOT-WHT-UK7,Chennai Store,18,0,2.5,21,4999,Boot Rugged,WHT,UK7
FW-BOOT-WHT-UK7,Kolkata Store,8,0,0.9,14,"₹4,999",Boot Rugged,WHT,UK7
FW-BOOT-WHT-UK7,Pune Store,96,0,2.9,21,"₹4,999",Boot Rugged,WHT,UK7
FW-BOOT-WHT-UK7,Ahmedabad Store,5,0,0.8,14,"Rs. 4,999",Boot Rugged,WHT,UK7
FW-BOOT-WHT-UK7,Jaipur Store,23,9,0.7,14,4999,Boot Rugged,WHT,UK7
FW-BOOT-WHT-UK7,Lucknow Store,38,0,1.4,14,4999,Boot Rugged,WHT,UK7
FW-BOOT-WHT-UK7,Surat Store,24.5,0,1.0,21,"₹4,999",Boot Rugged,WHT,UK7
FW-BOOT-WHT-UK7,Indore Store,8,4,0.4,14,"Rs. 4,999",Boot Rugged,WHT,UK7
FW-BOOT-WHT-UK7,Nagpur Store,109,0,2.1,21,"₹4,999",Boot Rugged,WHT,UK7
FW-BOOT-WHT-UK7,Kochi Store,5,11,0.7,14,"Rs. 4,999",Boot Rugged,WHT,UK7
FW-BOOT-WHT-UK7,Chandigarh Store,20,0,1.6,10,4999,Boot Rugged,WHT,UK7
FW-BOOT-WHT-UK7,Bhopal Store,165,0,2.9,21,"Rs. 4,999",Boot Rugged,WHT,UK7
FW-BOOT-WHT-UK7,Patna Store, 4 ,0,0.3,10,"₹4,999",Boot Rugged,WHT,UK7
FW-BOOT-WHT-UK7,Vadodara Store,120,0,1.7,21,4999,Boot Rugged,WHT,UK7
FW-BOOT-WHT-UK7,Ludhiana Store, 16 ,0,1.3,14,4999,Boot Rugged,WHT,UK7
FW-BOOT-WHT-UK7,Agra Store,64,20,1.6,14,4999,Boot Rugged,WHT,UK7
FW-BOOT-WHT-UK7,Nashik Store,27,-4,1.5,10,4999,Boot Rugged,WHT,UK7
FW-BOOT-WHT-UK7,Meerut Store,73,0,1.9,21,"Rs. 4,999",Boot Rugged,WHT,UK7
FW-BOOT-WHT-UK7,Rajkot Store,46,0,2.5,10,4999,Boot Rugged,WHT,UK7
FW-BOOT-WHT-UK7,Varanasi Store,28,0,2.8,14,4999,Boot Rugged,WHT,UK7
FW-BOOT-WHT-UK7,Amritsar Store,15,0,1.2,10,4999,Boot Rugged,WHT,UK7
FW-BOOT-WHT-UK7,Noida Store,63,0,2.2,14,"4,999.00",Boot Rugged,WHT,UK7
FW-BOOT-WHT-UK7,Gurugram Store,8,26,1.5,21,"Rs. 4,999",Boot Rugged,WHT,UK7
FW-BOOT-WHT-UK7,Coimbatore Store,101,0,2.5,21,"₹4,999",Boot Rugged,WHT,UK7
FW-BOOT-WHT-UK7,Madurai Store,30,0,1.2,21,4999,Boot Rugged,WHT,UK7
FW-BOOT-WHT-UK7,Guwahati Store,47,18,1.7,21,"Rs. 4,999",Boot Rugged,WHT,UK7
FW-BOOT-WHT-UK8,Mumbai Store,117,0,1.8,21,1499,Boot Rugged,WHT,UK8
FW-BOOT-WHT-UK8,Delhi Store,52,0,2.4,21,"₹1,499",Boot Rugged,WHT,UK8
FW-BOOT-WHT-UK8,Bengaluru Store,26,0,2.3,10,1499,Boot Rugged,WHT,UK8
FW-BOOT-WHT-UK8,Hyderabad Store,65,21,2.4,21,1499,Boot Rugged,WHT,UK8
FW-BOOT-WHT-UK8,Chennai Store,45,0,,14,"₹1,499",Boot Rugged,WHT,UK8
FW-BOOT-WHT-UK8,Chennai Store,45,0,,14,"₹1,499",Boot Rugged,WHT,UK8
FW-BOOT-WHT-UK8,Kolkata Store,80,0,2.0,14,1499,Boot Rugged,WHT,UK8
FW-BOOT-WHT-UK8,Pune Store,18,23,1.6,14,"₹1,499",Boot Rugged,WHT,UK8
FW-BOOT-WHT-UK8,Ahmedabad Store,28,22,0.8,21,1499,Boot Rugged,WHT,UK8
FW-BOOT-WHT-UK8,Jaipur Store,8,0,2.5,21,1499,Boot Rugged,WHT,UK8
FW-BOOT-WHT-UK8,Lucknow Store,4,3,0.3,10,"₹1,499",Boot Rugged,WHT,UK8
FW-BOOT-WHT-UK8,Surat Store, 10 ,0,0.6,10,1499,Boot Rugged,WHT,UK8
FW-BOOT-WHT-UK8,Indore Store,18,0,1.8,21,"1,499.00",Boot Rugged,WHT,UK8
FW-BOOT-WHT-UK8,Nagpur Store,4,0,2.9,10,"₹1,499",Boot Rugged,WHT,UK8
FW-BOOT-WHT-UK8,Kochi Store,25,0,1.9,14,1499,Boot Rugged,WHT,UK8
FW-BOOT-WHT-UK8,Chandigarh Store,47,0,2.1,10,1499,Boot Rugged,WHT,UK8
FW-BOOT-WHT-UK8,Bhopal Store,0,35,2.9,10,"Rs. 1,499",Boot Rugged,WHT,UK8
FW-BOOT-WHT-UK8,Patna Store,16,0,0.5,14,"₹1,499",Boot Rugged,WHT,UK8
FW-BOOT-WHT-UK8,Vadodara Store,40,24,2.8,21,"Rs. 1,499",Boot Rugged,WHT,UK8
FW-BOOT-WHT-UK8,Ludhiana Store,6,0,1.0,14,1499,Boot Rugged,WHT,UK8
FW-BOOT-WHT-UK8,Agra Store,30,0,1.1,10,"Rs. 1,499",Boot Rugged,WHT,UK8
FW-BOOT-WHT-UK8,Nashik Store,10,0,1.1,14,N/A,Boot Rugged,WHT,UK8
FW-BOOT-WHT-UK8,Meerut Store,93,0,2.5,14,1499,Boot Rugged,WHT,UK8
FW-BOOT-WHT-UK8,Rajkot Store,4,0,0.9,10,1499,Boot Rugged,WHT,UK8
FW-BOOT-WHT-UK8,Varanasi Store,113,0,1.7,21,"₹1,499",Boot Rugged,WHT,UK8
FW-BOOT-WHT-UK8,Amritsar Store,81,39,2.4,14,1499,Boot Rugged,WHT,UK8
FW-BOOT-WHT-UK8,Noida Store,108,0,1.7,21,"₹1,499",Boot Rugged,WHT,UK8
FW-BOOT-WHT-UK8,Gurugram Store,52,14,2.4,10,1499,Boot Rugged,WHT,UK8
FW-BOOT-WHT-UK8,Coimbatore Store,38,0,1.8,14,1499,Boot Rugged,WHT,UK8
FW-BOOT-WHT-UK8,Madurai Store,(2),0,1.6,14,"Rs. 1,499",Boot Rugged,WHT,UK8
FW-BOOT-WHT-UK8,Guwahati Store,51,0,1.5,21,1499,Boot Rugged,WHT,UK8
FW-BOOT-WHT-UK9,Mumbai Store,31,0,1.5,,"₹4,999",Boot Rugged,WHT,UK9
FW-BOOT-WHT-UK9,Delhi Store,44,13,2.2,10,"₹4,999",Boot Rugged,WHT,UK9
FW-BOOT-WHT-UK9,Bengaluru Store,98,0,2.9,21,"₹4,999",Boot Rugged,WHT,UK9
FW-BOOT-WHT-UK9,Hyderabad Store,81.5,0,2.5,14,4999,Boot Rugged,WHT,UK9
FW-BOOT-WHT-UK9,Chennai Store, 52 ,0,1.0,21,4999,Boot Rugged,WHT,UK9
FW-BOOT-WHT-UK9,Kolkata Store,12,0,0.9,14,"₹4,999",Boot Rugged,WHT,UK9
FW-BOOT-WHT-UK9,Pune Store,94,0,2.6,14,4999,Boot Rugged,WHT,UK9
FW-BOOT-WHT-UK9,Ahmedabad Store,24,0,2.7,10,"₹4,999",Boot Rugged,WHT,UK9
FW-BOOT-WHT-UK9,Jaipur Store,0,32,2.7,10,"Rs. 4,999",Boot Rugged,WHT,UK9
FW-BOOT-WHT-UK9,Lucknow Store,12,0,1.1,21,"Rs. 4,999",Boot Rugged,WHT,UK9
FW-BOOT-WHT-UK9,Surat Store,35,0,0.8,14,4999,Boot Rugged,WHT,UK9
FW-BOOT-WHT-UK9,Indore Store,19,7,0.5,14,4999,Boot Rugged,WHT,UK9
FW-BOOT-WHT-UK9,Nagpur Store,36,0,1.4,10,4999,Boot Rugged,WHT,UK9
FW-BOOT-WHT-UK9,Kochi Store,25,0,2.9,14,"₹4,999",Boot Rugged,WHT,UK9
FW-BOOT-WHT-UK9,Chandigarh Store,57,0,1.9,21,4999,Boot Rugged,WHT,UK9
FW-BOOT-WHT-UK9,Bhopal Store,48,0,1.9,10,"₹4,999",Boot Rugged,WHT,UK9
FW-BOOT-WHT-UK9,Patna Store,6,0,0.6,10,"4,999.00",Boot Rugged,WHT,UK9
FW-BOOT-WHT-UK9,Vadodara Store,113,0,3.0,21 days,4999,Boot Rugged,WHT,UK9
FW-BOOT-WHT-UK9,Ludhiana Store,125,0,2.9,21,"4,999.00",Boot Rugged,WHT,UK9
FW-BOOT-WHT-UK9,Agra Store,62,0,1.7,21,4999,Boot Rugged,WHT,UK9
FW-BOOT-WHT-UK9,Nashik Store,64,0,1.6,14,4999,Boot Rugged,WHT,UK9
FW-BOOT-WHT-UK9,Meerut Store,11,0,1.1,10,"4,999.00",Boot Rugged,WHT,UK9
FW-BOOT-WHT-UK9,Rajkot Store,22,0,1.4,10,4999,Boot Rugged,WHT,UK9
FW-BOOT-WHT-UK9,Varanasi Store,89,0,2.8,14,"₹4,999",Boot Rugged,WHT,UK9
FW-BOOT-WHT-UK9,Amritsar Store,11,9,1.3,14,"Rs. 4,999",Boot Rugged,WHT,UK9
FW-BOOT-WHT-UK9,Noida Store,34,0,2.2,14,4999,Boot Rugged,WHT,UK9
FW-BOOT-WHT-UK9,Gurugram Store,134,0,2.3,21,4999,Boot Rugged,WHT,UK9
FW-BOOT-WHT-UK9,Coimbatore Store,4,0,0.3,10,4999,Boot Rugged,WHT,UK9
FW-BOOT-WHT-UK9,Madurai Store,1,27,1.5,21,4999,Boot Rugged,WHT,UK9
FW-BOOT-WHT-UK9,Guwahati Store, 9 ,0,0.6,10,"₹4,999",Boot Rugged,WHT,UK9
FW-BOOT-WHT-UK10,Mumbai Store,15,0,0.6,10,"₹4,999",Boot Rugged,WHT,UK10
FW-BOOT-WHT-UK10,Delhi Store,16,-4,1.2,14,4999,Boot Rugged,WHT,UK10
FW-BOOT-WHT-UK10,Bengaluru Store,67,0,1.3,21,"₹4,999",Boot Rugged,WHT,UK10
FW-BOOT-WHT-UK10,Hyderabad Store,50,0,3.0,21,"₹4,999",Boot Rugged,WHT,UK10
FW-BOOT-WHT-UK10,Chennai Store,49,0,1.2,14,4999,Boot Rugged,WHT,UK10
FW-BOOT-WHT-UK10,Kolkata Store,27,0,1.0,10,"₹4,999",Boot Rugged,WHT,UK10
FW-BOOT-WHT-UK10,Pune Store,3,0,0.2,10,"₹4,999",Boot Rugged,WHT,UK10
FW-BOOT-WHT-UK10,Ahmedabad Store,56,0,1.5,21,"4,999.00",Boot Rugged,WHT,UK10
FW-BOOT-WHT-UK10,Jaipur Store,122,0,2.3,21,4999,Boot Rugged,WHT,UK10
,Lucknow Store,24,7,0.8,21,"₹4,999",Boot Rugged,WHT,UK10
FW-BOOT-WHT-UK10,Surat Store,49,16,2.2,10,"₹4,999",Boot Rugged,WHT,UK10
FW-BOOT-WHT-UK10,Indore Store,90,0,2.9,10,4999,Boot Rugged,WHT,UK10
FW-BOOT-WHT-UK10,Nagpur Store,145,0,2.6,21,"₹4,999",Boot Rugged,WHT,UK10
FW-BOOT-WHT-UK10,Kochi Store,16,0,2.2,21,"₹4,999",Boot Rugged,WHT,UK10
FW-BOOT-WHT-UK10,Chandigarh Store,7,2,0.3,21,"4,999.00",Boot Rugged,WHT,UK10
FW-BOOT-WHT-UK10,Bhopal Store,60,0,2.2,10,"₹4,999",Boot Rugged,WHT,UK10
FW-BOOT-WHT-UK10,Patna Store,21,0,1.1,14,4999,Boot Rugged,WHT,UK10
FW-BOOT-WHT-UK10,Vadodara Store, 6 ,0,1.8,10,4999,Boot Rugged,WHT,UK10
FW-BOOT-WHT-UK10,Ludhiana Store,42,0,2.0,10,"₹4,999",Boot Rugged,WHT,UK10
FW-BOOT-WHT-UK10,Agra Store,86,69,2.9,21,N/A,Boot Rugged,WHT,UK10
FW-BOOT-WHT-UK10,Nashik Store,7,0,0.7,14,"₹4,999",Boot Rugged,WHT,UK10
FW-BOOT-WHT-UK10,Meerut Store,0,0,0.2,10,"₹4,999",Boot Rugged,WHT,UK10
FW-BOOT-WHT-UK10,Rajkot Store,90,0,2.7,21,"Rs. 4,999",Boot Rugged,WHT,UK10
FW-BOOT-WHT-UK10,Varanasi Store,1,56,2.5,21,4999,Boot Rugged,WHT,UK10
FW-BOOT-WHT-UK10,Amritsar Store,74,0,2.0,14,4999,Boot Rugged,WHT,UK10
FW-BOOT-WHT-UK10,Noida Store,25,4,1.0,10,"₹4,999",Boot Rugged,WHT,UK10
FW-BOOT-WHT-UK10,Gurugram Store,101.5,0,2.6,14,"Rs. 4,999",Boot Rugged,WHT,UK10
FW-BOOT-WHT-UK10,Coimbatore Store,8,0,,10,4999,Boot Rugged,WHT,UK10
FW-BOOT-WHT-UK10,Madurai Store,4,3,0.5,14,"₹4,999",Boot Rugged,WHT,UK10
FW-BOOT-WHT-UK10,Guwahati Store,79,0,2.2,14,"Rs. 4,999",Boot Rugged,WHT,UK10
FW-BOOT-WHT-UK11,Mumbai Store,124,0,2.4,21,3499,Boot Rugged,WHT,UK11
FW-BOOT-WHT-UK11,Delhi Store,2,0,0.3,10,3499,Boot Rugged,WHT,UK11
FW-BOOT-WHT-UK11,Bengaluru Store,138,0,2.3,21,"Rs. 3,499",Boot Rugged,WHT,UK11
FW-BOOT-WHT-UK11,Hyderabad Store,26,11,2.2,10,3499,Boot Rugged,WHT,UK11
FW-BOOT-WHT-UK11,Chennai Store,31,15,1.7,21,3499,Boot Rugged,WHT,UK11
FW-BOOT-WHT-UK11,Kolkata Store,5,0,0.4,14,3499,Boot Rugged,WHT,UK11
FW-BOOT-WHT-UK11,Pune Store,20,20,1.1,21,3499,Boot Rugged,WHT,UK11
FW-BOOT-WHT-UK11,Ahmedabad Store,1,0,2.5,21,"Rs. 3,499",Boot Rugged,WHT,UK11
FW-BOOT-WHT-UK11,Jaipur Store,4,24,1.8,10,3499,Boot Rugged,WHT,UK11
FW-BOOT-WHT-UK11,Lucknow Store,6,0,0.6,10,3499,Boot Rugged,WHT,UK11
FW-BOOT-WHT-UK11,Surat Store,27,12,1.3,14,3499,Boot Rugged,WHT,UK11
FW-BOOT-WHT-UK11,Indore Store,18,0,0.9,10,"Rs. 3,499",Boot Rugged,WHT,UK11
FW-BOOT-WHT-UK11,Indore Store,18,0,0.9,10,"Rs. 3,499",Boot Rugged,WHT,UK11
FW-BOOT-WHT-UK11,Nagpur Store,101,0,2.8,14,3499,Boot Rugged,WHT,UK11
FW-BOOT-WHT-UK11,Kochi Store,15,0,2.0,,3499,Boot Rugged,WHT,UK11
FW-BOOT-WHT-UK11,Chandigarh Store,4,45,2.5,14,"₹3,499",Boot Rugged,WHT,UK11
FW-BOOT-WHT-UK11,Bhopal Store,12,0,1.0,10,"Rs. 3,499",Boot Rugged,WHT,UK11
FW-BOOT-WHT-UK11,Patna Store,21,0,2.4,14,"₹3,499",Boot Rugged,WHT,UK11
FW-BOOT-WHT-UK11,Vadodara Store,43, 19 ,1.4,10,"₹3,499",Boot Rugged,WHT,UK11
FW-BOOT-WHT-UK11,Ludhiana Store,14,0,1.0,10,3499,Boot Rugged,WHT,UK11
FW-BOOT-WHT-UK11,Agra Store,4,48,2.7,14,"₹3,499",Boot Rugged,WHT,UK11
FW-BOOT-WHT-UK11,Nashik Store,16,0,2.9,21,3499,Boot Rugged,WHT,UK11
FW-BOOT-WHT-UK11,Meerut Store,52,0,1.8,14,3499,Boot Rugged,WHT,UK11
FW-BOOT-WHT-UK11,Rajkot Store,9,0,0.4,10,3499,Boot Rugged,WHT,UK11
FW-BOOT-WHT-UK11,Varanasi Store,18,13,1.5,10,3499,Boot Rugged,WHT,UK11
FW-BOOT-WHT-UK11,Amritsar Store,9,23,2.0,14,3499,Boot Rugged,WHT,UK11
FW-BOOT-WHT-UK11,Noida Store,22,0,2.3,14,3499,Boot Rugged,WHT,UK11
FW-BOOT-WHT-UK11,Gurugram Store,20,0,1.4,14,3499,Boot Rugged,WHT,UK11
FW-BOOT-WHT-UK11,Coimbatore Store,(5),0,0.5,21,"₹3,499",Boot Rugged,WHT,UK11
FW-BOOT-WHT-UK11,Madurai Store,14,0,1.0,14,"₹3,499",Boot Rugged,WHT,UK11
FW-BOOT-WHT-UK11,Guwahati Store,17,2,0.4,14,3499,Boot Rugged,WHT,UK11
FW-BOOT-TAN-UK6,Mumbai Store,47,0,1.9,14,"Rs. 2,299",Boot Rugged,TAN,UK6
FW-BOOT-TAN-UK6,Delhi Store,84,0,1.3,21,"Rs. 2,299",Boot Rugged,TAN,UK6
FW-BOOT-TAN-UK6,Bengaluru Store,4,0,0.2,14,2299,Boot Rugged,TAN,UK6
FW-BOOT-TAN-UK6,Hyderabad Store,31,44,2.8,21,"2,299.00",Boot Rugged,TAN,UK6
FW-BOOT-TAN-UK6,Chennai Store,5,0,1.8,14,2299,Boot Rugged,TAN,UK6
FW-BOOT-TAN-UK6,Kolkata Store,87,16,1.9,14,2299,Boot Rugged,TAN,UK6
FW-BOOT-TAN-UK6,Pune Store,0,23,2.6,14 days,2299,Boot Rugged,TAN,UK6
FW-BOOT-TAN-UK6,Ahmedabad Store,3,0,0.6,21,2299,Boot Rugged,TAN,UK6
FW-BOOT-TAN-UK6,Jaipur Store,31,0,1.0,10,"Rs. 2,299",Boot Rugged,TAN,UK6
FW-BOOT-TAN-UK6,Lucknow Store,49,33,1.4,21,"₹2,299",Boot Rugged,TAN,UK6
FW-BOOT-TAN-UK6,Surat Store,23,12,0.7,21,2299,Boot Rugged,TAN,UK6
FW-BOOT-TAN-UK6,Indore Store,55,0,1.3,21,"₹2,299",Boot Rugged,TAN,UK6
FW-BOOT-TAN-UK6,Nagpur Store,25,-1,2.5,14,2299,Boot Rugged,TAN,UK6
FW-BOOT-TAN-UK6,Kochi Store,81,0,1.2,21,2299,Boot Rugged,TAN,UK6
FW-BOOT-TAN-UK6,Chandigarh Store,25,0,1.1,10,2299,Boot Rugged,TAN,UK6
FW-BOOT-TAN-UK6,Bhopal Store,83,18,2.0,14,"2,299.00",Boot Rugged,TAN,UK6
FW-BOOT-TAN-UK6,Patna Store,72,0,1.8,21,2299,Boot Rugged,TAN,UK6
FW-BOOT-TAN-UK6,Vadodara Store,25,0,2.3,21,2299,Boot Rugged,TAN,UK6
FW-BOOT-TAN-UK6,Ludhiana Store,13,0,0.5,14,N/A,Boot Rugged,TAN,UK6
FW-BOOT-TAN-UK6,Agra Store,21.5,0,0.5,14,"₹2,299",Boot Rugged,TAN,UK6
FW-BOOT-TAN-UK6,Nashik Store,87,0,2.0,14,"2,299.00",Boot Rugged,TAN,UK6
FW-BOOT-TAN-UK6,Meerut Store, 42 ,26,2.2,10,"₹2,299",Boot Rugged,TAN,UK6
FW-BOOT-TAN-UK6,Rajkot Store,32,0,1.1,10,"₹2,299",Boot Rugged,TAN,UK6
FW-BOOT-TAN-UK6,Varanasi Store,3,29,2.3,10,"Rs. 2,299",Boot Rugged,TAN,UK6
FW-BOOT-TAN-UK6,Amritsar Store,52,0,2.1,21,"₹2,299",Boot Rugged,TAN,UK6
FW-BOOT-TAN-UK6,Noida Store,196,0,2.8,21,"₹2,299",Boot Rugged,TAN,UK6
FW-BOOT-TAN-UK6,Gurugram Store,29,15,1.1,14,2299,Boot Rugged,TAN,UK6
FW-BOOT-TAN-UK6,Coimbatore Store,38,0,2.3,10,"Rs. 2,299",Boot Rugged,TAN,UK6
FW-BOOT-TAN-UK6,Madurai Store,8,0,1.8,10,"Rs. 2,299",Boot Rugged,TAN,UK6
FW-BOOT-TAN-UK6,Guwahati Store,23,0,0.9,14,"₹2,299",Boot Rugged,TAN,UK6
FW-BOOT-TAN-UK7,Mumbai Store,10,0,0.7,10,"Rs. 2,299",Boot Rugged,TAN,UK7
FW-BOOT-TAN-UK7,Delhi Store,79,0,2.0,21,"Rs. 2,299",Boot Rugged,TAN,UK7
FW-BOOT-TAN-UK7,Bengaluru Store,91,0,2.6,14,"₹2,299",Boot Rugged,TAN,UK7
FW-BOOT-TAN-UK7,Hyderabad Store,49,0,2.1,14,2299,Boot Rugged,TAN,UK7
FW-BOOT-TAN-UK7,Chennai Store,24,0,2.4,21,"₹2,299",Boot Rugged,TAN,UK7
FW-BOOT-TAN-UK7,Kolkata Store,13,14,1.2,21,"₹2,299",Boot Rugged,TAN,UK7
FW-BOOT-TAN-UK7,Pune Store,96,0,2.8,21,"₹2,299",Boot Rugged,TAN,UK7
FW-BOOT-TAN-UK7,Ahmedabad Store,13,0,2.6,14,"₹2,299",Boot Rugged,TAN,UK7
FW-BOOT-TAN-UK7,Jaipur Store,48,0,2.0,14,"Rs. 2,299",Boot Rugged,TAN,UK7
FW-BOOT-TAN-UK7,Lucknow Store,11,0,0.6,10,"2,299.00",Boot Rugged,TAN,UK7
FW-BOOT-TAN-UK7,Surat Store,2,0,0.2,14,2299,Boot Rugged,TAN,UK7
FW-BOOT-TAN-UK7,Indore Store,6,0,3.0,14,"Rs. 2,299",Boot Rugged,TAN,UK7
FW-BOOT-TAN-UK7,Nagpur Store,22,0,2.3,10,"₹2,299",Boot Rugged,TAN,UK7
FW-BOOT-TAN-UK7,Kochi Store,4,30,1.3,21,2299,Boot Rugged,TAN,UK7
FW-BOOT-TAN-UK7,Chandigarh Store,50,0,2.1,10,"₹2,299",Boot Rugged,TAN,UK7
FW-BOOT-TAN-UK7,Bhopal Store,40,0,1.5,14,"2,299.00",Boot Rugged,TAN,UK7
FW-BOOT-TAN-UK7,Patna Store,5,9,0.8,14,"₹2,299",Boot Rugged,TAN,UK7
FW-BOOT-TAN-UK7,Vadodara Store,25,0,1.7,10,2299,Boot Rugged,TAN,UK7
FW-BOOT-TAN-UK7,Ludhiana Store,124,0,3.0,21,"Rs. 2,299",Boot Rugged,TAN,UK7
FW-BOOT-TAN-UK7,Agra Store,36,0,1.2,14,2299,Boot Rugged,TAN,UK7
,Nashik Store,10,4,,14,2299,Boot Rugged,TAN,UK7
FW-BOOT-TAN-UK7,Meerut Store,8,0,0.5,21,"₹2,299",Boot Rugged,TAN,UK7
FW-BOOT-TAN-UK7,Rajkot Store,71,0,1.4,21,2299,Boot Rugged,TAN,UK7
FW-BOOT-TAN-UK7,Varanasi Store,6,0,0.2,21,"₹2,299",Boot Rugged,TAN,UK7
FW-BOOT-TAN-UK7,Amritsar Store,19,0,2.3,14,"₹2,299",Boot Rugged,TAN,UK7
FW-BOOT-TAN-UK7,Noida Store,106,0,2.0,21,"₹2,299",Boot Rugged,TAN,UK7
FW-BOOT-TAN-UK7,Gurugram Store,20,0,0.5,,2299,Boot Rugged,TAN,UK7
FW-BOOT-TAN-UK7,Coimbatore Store,44,0,1.6,10,"₹2,299",Boot Rugged,TAN,UK7
FW-BOOT-TAN-UK7,Madurai Store,133,0,2.9,14,"Rs. 2,299",Boot Rugged,TAN,UK7
FW-BOOT-TAN-UK7,Guwahati Store,61,0,2.7,10,2299,Boot Rugged,TAN,UK7
FW-BOOT-TAN-UK8,Mumbai Store,53,0,2.2,10,1499,Boot Rugged,TAN,UK8
FW-BOOT-TAN-UK8,Delhi Store,3,0,1.5,21,1499,Boot Rugged,TAN,UK8
FW-BOOT-TAN-UK8,Bengaluru Store,136, 29 ,2.9,21,"₹1,499",Boot Rugged,TAN,UK8
FW-BOOT-TAN-UK8,Hyderabad Store,12,0,2.1,10,"₹1,499",Boot Rugged,TAN,UK8
FW-BOOT-TAN-UK8,Chennai Store,68,0,2.7,10,"Rs. 1,499",Boot Rugged,TAN,UK8
FW-BOOT-TAN-UK8,Kolkata Store,87,0,3.0,10,1499,Boot Rugged,TAN,UK8
FW-BOOT-TAN-UK8,Pune Store,26,18,1.5,10,1499,Boot Rugged,TAN,UK8
FW-BOOT-TAN-UK8,Ahmedabad Store,48,0,2.3,21,1499,Boot Rugged,TAN,UK8
FW-BOOT-TAN-UK8,Jaipur Store,31,0,1.0,14,1499,Boot Rugged,TAN,UK8
FW-BOOT-TAN-UK8,Lucknow Store,14,0,0.5,10,1499,Boot Rugged,TAN,UK8
FW-BOOT-TAN-UK8,Surat Store,20,0,0.9,21,1499,Boot Rugged,TAN,UK8
FW-BOOT-TAN-UK8,Indore Store,37,24,3.0,14,"1,499.00",Boot Rugged,TAN,UK8
FW-BOOT-TAN-UK8,Nagpur Store,28.5,0,0.6,14,"₹1,499",Boot Rugged,TAN,UK8
FW-BOOT-TAN-UK8,Kochi Store,9,0,0.8,10,1499,Boot Rugged,TAN,UK8
FW-BOOT-TAN-UK8,Chandigarh Store,23,0,2.6,14,"₹1,499",Boot Rugged,TAN,UK8
FW-BOOT-TAN-UK8,Bhopal Store,107,0,2.4,14,"₹1,499",Boot Rugged,TAN,UK8
FW-BOOT-TAN-UK8,Patna Store,59,0,1.4,14,"₹1,499",Boot Rugged,TAN,UK8
FW-BOOT-TAN-UK8,Vadodara Store,88,0,1.9,14,N/A,Boot Rugged,TAN,UK8
FW-BOOT-TAN-UK8,Ludhiana Store,4,0,2.4,14,1499,Boot Rugged,TAN,UK8
FW-BOOT-TAN-UK8,Ludhiana Store,4,0,2.4,14,1499,Boot Rugged,TAN,UK8
FW-BOOT-TAN-UK8,Agra Store,0,27,2.6,10,"₹1,499",Boot Rugged,TAN,UK8
FW-BOOT-TAN-UK8,Nashik Store,168,51,2.7,21,1499,Boot Rugged,TAN,UK8
FW-BOOT-TAN-UK8,Meerut Store,3,0,0.2,10,"1,499.00",Boot Rugged,TAN,UK8
FW-BOOT-TAN-UK8,Rajkot Store,40,11,1.3,21,"₹1,499",Boot Rugged,TAN,UK8
FW-BOOT-TAN-UK8,Varanasi Store,154,-17,2.9,21,1499,Boot Rugged,TAN,UK8
FW-BOOT-TAN-UK8,Amritsar Store,4,0,0.3,14,"1,499.00",Boot Rugged,TAN,UK8
FW-BOOT-TAN-UK8,Noida Store,11,7,0.5,14 days,"Rs. 1,499",Boot Rugged,TAN,UK8
FW-BOOT-TAN-UK8,Gurugram Store,-3,4,0.5,10,"Rs. 1,499",Boot Rugged,TAN,UK8
FW-BOOT-TAN-UK8,Coimbatore Store,45,0,1.7,14,1499,Boot Rugged,TAN,UK8
FW-BOOT-TAN-UK8,Madurai Store, 4 ,0,1.1,21,1499,Boot Rugged,TAN,UK8
FW-BOOT-TAN-UK8,Guwahati Store,17,0,2.9,10,"₹1,499",Boot Rugged,TAN,UK8
FW-BOOT-TAN-UK9,Mumbai Store,40,0,1.6,21,3499,Boot Rugged,TAN,UK9
FW-BOOT-TAN-UK9,Delhi Store,53,0,1.4,14,3499,Boot Rugged,TAN,UK9
FW-BOOT-TAN-UK9,Bengaluru Store,0,0,0.6,21,3499,Boot Rugged,TAN,UK9
FW-BOOT-TAN-UK9,Hyderabad Store,67,28,2.1,10,"₹3,499",Boot Rugged,TAN,UK9
FW-BOOT-TAN-UK9,Chennai Store,32,0,2.1,21,"₹3,499",Boot Rugged,TAN,UK9
FW-BOOT-TAN-UK9,Kolkata Store,140,0,2.0,21,"₹3,499",Boot Rugged,TAN,UK9
FW-BOOT-TAN-UK9,Pune Store,12,0,0.5,14,"₹3,499",Boot Rugged,TAN,UK9
FW-BOOT-TAN-UK9,Ahmedabad Store,62,0,1.8,14,"₹3,499",Boot Rugged,TAN,UK9
FW-BOOT-TAN-UK9,Jaipur Store,64,0,1.6,21,3499,Boot Rugged,TAN,UK9
FW-BOOT-TAN-UK9,Lucknow Store,5,0,0.3,10,"Rs. 3,499",Boot Rugged,TAN,UK9
FW-BOOT-TAN-UK9,Surat Store,151,36,2.8,21,3499,Boot Rugged,TAN,UK9
FW-BOOT-TAN-UK9,Indore Store,22,0,2.7,10,"Rs. 3,499",Boot Rugged,TAN,UK9
FW-BOOT-TAN-UK9,Nagpur Store,0,0,1.4,21,3499,Boot Rugged,TAN,UK9
FW-BOOT-TAN-UK9,Kochi Store,80,0,1.2,21,3499,Boot Rugged,TAN,UK9
FW-BOOT-TAN-UK9,Chandigarh Store,25,0,0.5,21,"₹3,499",Boot Rugged,TAN,UK9
FW-BOOT-TAN-UK9,Bhopal Store,34,0,1.4,21,"₹3,499",Boot Rugged,TAN,UK9
FW-BOOT-TAN-UK9,Patna Store,85,0,2.2,21,3499,Boot Rugged,TAN,UK9
FW-BOOT-TAN-UK9,Vadodara Store, 17 ,0,1.4,21,"3,499.00",Boot Rugged,TAN,UK9
FW-BOOT-TAN-UK9,Ludhiana Store,41,0,1.5,10,3499,Boot Rugged,TAN,UK9
FW-BOOT-TAN-UK9,Agra Store,0,0,0.2,10,"₹3,499",Boot Rugged,TAN,UK9
FW-BOOT-TAN-UK9,Nashik Store,164,54,2.5,21,"₹3,499",Boot Rugged,TAN,UK9
FW-BOOT-TAN-UK9,Meerut Store,7,0,0.4,14,3499,Boot Rugged,TAN,UK9
FW-BOOT-TAN-UK9,Rajkot Store,92,0,1.4,21,"₹3,499",Boot Rugged,TAN,UK9
FW-BOOT-TAN-UK9,Varanasi Store,56,33,2.1,14,3499,Boot Rugged,TAN,UK9
FW-BOOT-TAN-UK9,Amritsar Store,43,35,1.9,14,3499,Boot Rugged,TAN,UK9
FW-BOOT-TAN-UK9,Noida Store,96,52,2.9,14,"₹3,499",Boot Rugged,TAN,UK9
FW-BOOT-TAN-UK9,Gurugram Store,96,0,2.3,14,3499,Boot Rugged,TAN,UK9
FW-BOOT-TAN-UK9,Coimbatore Store,36,0,1.2,10,3499,Boot Rugged,TAN,UK9
FW-BOOT-TAN-UK9,Madurai Store,7,0,2.4,10,"Rs. 3,499",Boot Rugged,TAN,UK9
FW-BOOT-TAN-UK9,Guwahati Store,40,28,2.3,10,3499,Boot Rugged,TAN,UK9
FW-BOOT-TAN-UK10,Mumbai Store,14,0,0.5,14,1499,Boot Rugged,TAN,UK10
FW-BOOT-TAN-UK10,Delhi Store,31,0,1.2,10,1499,Boot Rugged,TAN,UK10
FW-BOOT-TAN-UK10,Bengaluru Store,100,0,2.6,21,1499,Boot Rugged,TAN,UK10
FW-BOOT-TAN-UK10,Hyderabad Store,114,0,2.1,21,1499,Boot Rugged,TAN,UK10
FW-BOOT-TAN-UK10,Chennai Store,57,0,2.1,14,"1,499.00",Boot Rugged,TAN,UK10
FW-BOOT-TAN-UK10,Kolkata Store,60.5,49,3.0,14,1499,Boot Rugged,TAN,UK10
FW-BOOT-TAN-UK10,Pune Store,0,0,0.7,10,1499,Boot Rugged,TAN,UK10
FW-BOOT-TAN-UK10,Ahmedabad Store,50,10,1.1,14,1499,Boot Rugged,TAN,UK10
FW-BOOT-TAN-UK10,Jaipur Store,17,16,0.9,21,"Rs. 1,499",Boot Rugged,TAN,UK10
FW-BOOT-TAN-UK10,Lucknow Store,61,0,1.3,,1499,Boot Rugged,TAN,UK10
FW-BOOT-TAN-UK10,Surat Store,38,0,1.3,14,1499,Boot Rugged,TAN,UK10
FW-BOOT-TAN-UK10,Indore Store, 16 ,0,2.0,10,1499,Boot Rugged,TAN,UK10
FW-BOOT-TAN-UK10,Nagpur Store,26,0,0.8,14,"1,499.00",Boot Rugged,TAN,UK10
FW-BOOT-TAN-UK10,Kochi Store,29,0,,14,"₹1,499",Boot Rugged,TAN,UK10
FW-BOOT-TAN-UK10,Chandigarh Store,14,0,2.5,14,"1,499.00",Boot Rugged,TAN,UK10
FW-BOOT-TAN-UK10,Bhopal Store,133,0,2.3,21,1499,Boot Rugged,TAN,UK10
FW-BOOT-TAN-UK10,Patna Store,119,0,2.8,21,N/A,Boot Rugged,TAN,UK10
FW-BOOT-TAN-UK10,Vadodara Store,14,0,0.6,14,1499,Boot Rugged,TAN,UK10
FW-BOOT-TAN-UK10,Ludhiana Store,20,28,1.1,21,"₹1,499",Boot Rugged,TAN,UK10
FW-BOOT-TAN-UK10,Agra Store,16,0,1.6,21,1499,Boot Rugged,TAN,UK10
FW-BOOT-TAN-UK10,Nashik Store,74,0,1.6,21,1499,Boot Rugged,TAN,UK10
FW-BOOT-TAN-UK10,Meerut Store,21,19,1.7,10,1499,Boot Rugged,TAN,UK10
FW-BOOT-TAN-UK10,Rajkot Store,3,13,2.8,10,"₹1,499",Boot Rugged,TAN,UK10
FW-BOOT-TAN-UK10,Varanasi Store,37,0,1.9,10,1499,Boot Rugged,TAN,UK10
FW-BOOT-TAN-UK10,Amritsar Store,36,0,2.4,14,"₹1,499",Boot Rugged,TAN,UK10
FW-BOOT-TAN-UK10,Noida Store,28,11,1.2,10,"Rs. 1,499",Boot Rugged,TAN,UK10
FW-BOOT-TAN-UK10,Gurugram Store,17,17,2.4,14,"₹1,499",Boot Rugged,TAN,UK10
FW-BOOT-TAN-UK10,Coimbatore Store,47,0,0.7,21,"₹1,499",Boot Rugged,TAN,UK10
FW-BOOT-TAN-UK10,Madurai Store,20,0,0.9,10,1499,Boot Rugged,TAN,UK10
FW-BOOT-TAN-UK10,Guwahati Store, 71 ,0,2.3,14,1499,Boot Rugged,TAN,UK10
FW-BOOT-TAN-UK11,Mumbai Store,27,0,1.8,14,2299,Boot Rugged,TAN,UK11
,Delhi Store,66,26,2.1,10,2299,Boot Rugged,TAN,UK11
FW-BOOT-TAN-UK11,Bengaluru Store,12,0,0.4,10,"2,299.00",Boot Rugged,TAN,UK11
FW-BOOT-TAN-UK11,Hyderabad Store,165,0,2.7,21,2299,Boot Rugged,TAN,UK11
FW-BOOT-TAN-UK11,Chennai Store,81,-8,2.0,14,2299,Boot Rugged,TAN,UK11
FW-BOOT-TAN-UK11,Kolkata Store,15,0,1.2,10,2299,Boot Rugged,TAN,UK11
FW-BOOT-TAN-UK11,Pune Store,4,0,0.9,10,"₹2,299",Boot Rugged,TAN,UK11
FW-BOOT-TAN-UK11,Ahmedabad Store,55,23,2.9,10,2299,Boot Rugged,TAN,UK11
FW-BOOT-TAN-UK11,Jaipur Store,87,0,3.0,10,2299,Boot Rugged,TAN,UK11
FW-BOOT-TAN-UK11,Lucknow Store,118,27,2.7,14,2299,Boot Rugged,TAN,UK11
FW-BOOT-TAN-UK11,Surat Store,35,0,1.6,10,"₹2,299",Boot Rugged,TAN,UK11
FW-BOOT-TAN-UK11,Indore Store,4,0,0.3,10,"₹2,299",Boot Rugged,TAN,UK11
FW-BOOT-TAN-UK11,Nagpur Store,64,0,2.5,21,"₹2,299",Boot Rugged,TAN,UK11
FW-BOOT-TAN-UK11,Kochi Store,80,0,2.6,10,"₹2,299",Boot Rugged,TAN,UK11
FW-BOOT-TAN-UK11,Chandigarh Store,37,0,0.6,21 days,"₹2,299",Boot Rugged,TAN,UK11
FW-BOOT-TAN-UK11,Bhopal Store, 100 ,0,1.9,21,2299,Boot Rugged,TAN,UK11
FW-BOOT-TAN-UK11,Patna Store,40,0,1.5,10,"Rs. 2,299",Boot Rugged,TAN,UK11
FW-BOOT-TAN-UK11,Vadodara Store,14,3,0.6,10,"₹2,299",Boot Rugged,TAN,UK11
FW-BOOT-TAN-UK11,Ludhiana Store,46,0,1.8,10,2299,Boot Rugged,TAN,UK11
FW-BOOT-TAN-UK11,Agra Store,10,0,0.8,10,"₹2,299",Boot Rugged,TAN,UK11
FW-BOOT-TAN-UK11,Nashik Store,24,0,2.2,14,2299,Boot Rugged,TAN,UK11
FW-BOOT-TAN-UK11,Meerut Store,20,0,1.1,14,2299,Boot Rugged,TAN,UK11
FW-BOOT-TAN-UK11,Rajkot Store,52,0,2.5,21,"2,299.00",Boot Rugged,TAN,UK11
FW-BOOT-TAN-UK11,Varanasi Store,8,12,0.9,14,"Rs. 2,299",Boot Rugged,TAN,UK11
FW-BOOT-TAN-UK11,Amritsar Store,24,0,0.9,21,"₹2,299",Boot Rugged,TAN,UK11
FW-BOOT-TAN-UK11,Noida Store,(2),0,2.9,10,2299,Boot Rugged,TAN,UK11
FW-BOOT-TAN-UK11,Noida Store,(2),0,2.9,10,2299,Boot Rugged,TAN,UK11
FW-BOOT-TAN-UK11,Gurugram Store,92,0,1.4,21,"₹2,299",Boot Rugged,TAN,UK11
FW-BOOT-TAN-UK11,Coimbatore Store,73,0,1.4,21,"Rs. 2,299",Boot Rugged,TAN,UK11
FW-BOOT-TAN-UK11,Madurai Store,44.5,0,1.2,14,2299,Boot Rugged,TAN,UK11
FW-BOOT-TAN-UK11,Guwahati Store,27,0,2.8,10,"Rs. 2,299",Boot Rugged,TAN,UK11
