sku,store,soh,qoo,ads,lead_time,unit_price
MX-0001,Mumbai,48,0,3.4,7,1999
MX-0001,Delhi,55,0,2.2,14,1999
MX-0001,Bengaluru,137,0,4.0,14,1999
MX-0001,Hyderabad,25,0,6.9,7,1999
MX-0001,Chennai,46,0,5.8,5,1999
MX-0001,Kolkata,117,32,3.5,10,1999
MX-0001,Pune,23,0,3.8,5,1999
MX-0001,Ahmedabad,80,0,3.6,7,1999
MX-0001,Jaipur,5,0,1.5,14,1999
MX-0001,Lucknow,78,0,5.0,14,1999
MX-0001,Surat,82,0,7.8,7,1999
MX-0001,Indore,12,0,5.6,5,1999
MX-0001,Nagpur,6,0,3.4,5,1999
MX-0001,Kochi,168,0,7.4,21,1999
MX-0001,Chandigarh, 6 ,0,1.1,10,1999
MX-0001,Bhopal,49,53,6.7,10,1999
MX-0001,Patna,92,40,4.4,7,1999
MX-0001,Vadodara,107,0,6.9,7,1999
MX-0001,Ludhiana,59,0,6.5,7,1999
MX-0001,Agra,8,0,3.5,10,1999
MX-0001,Nashik,64,0,4.4,10,1999
MX-0001,Meerut,338,117,5.5,21,1999
MX-0001,Rajkot,19,0,1.7,5,1999
MX-0001,Varanasi,120,0,5.4,10,1999
MX-0001,Amritsar, 1 ,0,6.9,14,1999
MX-0001,Noida,31.5,0,2.6,7,1999
MX-0001,Gurugram,151,0,6.8,14,1999
MX-0001,Coimbatore,5,0,0.4,5,1999
MX-0001,Madurai,115,0,3.5,10,N/A
MX-0001,Guwahati,18,8,1.0,14,1999
MX-0001,Mumbai City Mall,143,0,7.2,14,1999
MX-0001,Delhi City Mall,49,32,1.8,14,1999
MX-0001,Bengaluru City Mall,510,216,8.0,21,1999
MX-0001,Hyderabad City Mall,107,30,4.3,14,1999
MX-0001,Chennai City Mall,3,-6,0.2,21,1999
MX-0001,Kolkata City Mall,8,0,1.3,,1999
MX-0001,Pune City Mall,6,0,2.5,14,1999
MX-0001,Ahmedabad City Mall,7,0,1.1,7,1999
MX-0001,Jaipur City Mall,21,0,1.7,21 days,1999
MX-0001,Lucknow City Mall, 21 ,0,1.1,7,1999
MX-0001,Surat City Mall,33,0,,14,1999
MX-0001,Indore City Mall,70,0,6.1,21,1999
MX-0001,Nagpur City Mall,21,18,3.6,10,1999
MX-0001,Kochi City Mall,-4,0,7.5,7,1999
MX-0001,Chandigarh City Mall,368,0,5.9,21,1999
MX-0001,Bhopal City Mall,118,0,6.7,14,1999
MX-0001,Patna City Mall,1,0,0.4,7,1999
MX-0001,Vadodara City Mall,20,0,2.5,5,1999
MX-0001,Vadodara City Mall,20,0,2.5,5,1999
MX-0001,Ludhiana City Mall,141,0,4.9,10,1999
,Agra City Mall,29,0,2.3,7,1999
MX-0002,Mumbai,149,0,7.5,14,1999
MX-0002,Delhi,12,0,3.4,5,1999
MX-0002,Bengaluru,8,0,0.9,5,1999
MX-0002,Hyderabad,15,0,7.6,10,1999
MX-0002,Chennai,57,7,3.6,5,1999
MX-0002,Kolkata,13,14,0.8,21,1999
MX-0002,Pune,71,0,4.1,7,1999
MX-0002,Ahmedabad,5,0,1.8,7,1999
MX-0002,Jaipur,86,0,5.6,7,1999
MX-0002,Lucknow,80,0,4.3,14,1999
MX-0002,Surat,104,0,6.2,10,1999
MX-0002,Indore,23,0,3.6,10,1999
MX-0002,Nagpur,2,0,7.2,10,1999
MX-0002,Kochi,14,0,1.1,10,1999
MX-0002,Chandigarh,3,0,0.6,5,1999
MX-0002,Bhopal,102,0,3.2,10,1999
MX-0002,Patna,3,0,6.3,5,1999
MX-0002,Vadodara,66,25,6.1,5,1999
MX-0002,Ludhiana,119,0,5.9,14,1999
MX-0002,Agra,13,0,2.9,5,1999
MX-0002,Nashik,12,0,2.7,5,1999
MX-0002,Meerut,6,0,5.4,21,1999
MX-0002,Rajkot,5,6,1.2,5,1999
MX-0002,Varanasi,38,0,2.7,7,1999
MX-0002,Amritsar,5,30,3.3,7,1999
MX-0002,Noida,3,0,4.8,5,1999
MX-0002,Gurugram,70,0,1.7,21,1999
MX-0002,Coimbatore,1,0,5.4,5,1999
MX-0002,Madurai,44.5,0,1.3,10,1999
MX-0002,Guwahati,29,0,1.6,14,1999
MX-0002,Mumbai City Mall,46,0,2.6,7,1999
MX-0002,Delhi City Mall,107,0,6.7,10,1999
MX-0002,Bengaluru City Mall,41,0,1.9,21,1999
MX-0002,Hyderabad City Mall,17,0,3.8,7,1999
MX-0002,Chennai City Mall,18,0,4.9,5,1999
MX-0002,Kolkata City Mall,77,18,2.8,14,1999
MX-0002,Pune City Mall,18,0,0.9,7,1999
MX-0002,Ahmedabad City Mall,26,0,1.1,10,N/A
MX-0002,Jaipur City Mall,18, 3 ,1.1,5,1999
MX-0002,Lucknow City Mall,86,0,5.3,10,1999
MX-0002,Surat City Mall,11,0,0.5,10,1999
MX-0002,Indore City Mall,280,0,6.5,21,1999
MX-0002,Nagpur City Mall, 271 ,0,4.5,21,1999
MX-0002,Kochi City Mall,14,0,4.8,7,1999
MX-0002,Chandigarh City Mall,27,0,4.6,10,1999
MX-0002,Bhopal City Mall,36,0,2.5,10,1999
MX-0002,Patna City Mall,18,11,0.9,14,1999
MX-0002,Vadodara City Mall,26,0,7.4,10,1999
MX-0002,Ludhiana City Mall,34,0,2.2,5,1999
MX-0002,Agra City Mall,227,0,4.8,21,1999
MX-0003,Mumbai,8,0,1.2,7,499
MX-0003,Delhi,25,0,4.4,7,499
MX-0003,Bengaluru,15,0,3.6,14,499
MX-0003,Hyderabad,16,0,2.0,5,499
MX-0003,Chennai,102,0,6.5,5,499
MX-0003,Kolkata,195,-7,7.4,10,499
MX-0003,Pune,44,30,5.8,5,499
MX-0003,Ahmedabad,19,5,1.9,5,499
MX-0003,Jaipur,225,0,6.9,,499
MX-0003,Lucknow,29,0,5.8,5,499
MX-0003,Surat,247,0,6.8,14,499
MX-0003,Indore,18,0,1.4,5,499
MX-0003,Nagpur,81,0,1.8,14,499
MX-0003,Kochi,27,0,0.8,14,499
MX-0003,Chandigarh,53,0,4.5,5,499
MX-0003,Bhopal,60,54,6.9,10,499
MX-0003,Patna,16,0,6.3,5,499
MX-0003,Vadodara,99,0,4.0,10 days,499
MX-0003,Ludhiana,15,8,0.6,14,499
MX-0003,Agra,147,0,5.6,10,499
MX-0003,Nashik,21,0,5.7,5,499
MX-0003,Meerut,54,0,3.2,7,499
MX-0003,Rajkot,2,0,1.6,5,499
MX-0003,Varanasi,37,29,,10,499
MX-0003,Amritsar,40,0,2.7,7,499
MX-0003,Noida,61,15,1.3,14,499
MX-0003,Gurugram,153,0,4.8,21,499
MX-0003,Coimbatore,70,0,7.7,14,499
MX-0003,Madurai,199,0,7.1,10,499
MX-0003,Guwahati,33,0,1.1,21,499
MX-0003,Mumbai City Mall, 15 ,0,4.8,7,499
MX-0003,Delhi City Mall,92.5,0,5.7,5,499
MX-0003,Bengaluru City Mall,(8),0,7.5,7,499
MX-0003,Hyderabad City Mall,25,12,3.1,10,499
MX-0003,Chennai City Mall,9,0,0.5,7,499
MX-0003,Kolkata City Mall,42,0,6.7,10,499
MX-0003,Pune City Mall,194,0,6.3,14,499
MX-0003,Ahmedabad City Mall,18,65,4.9,10,499
MX-0003,Jaipur City Mall,16,0,5.6,5,499
MX-0003,Lucknow City Mall,102,0,7.7,10,499
MX-0003,Surat City Mall,37,0,6.7,21,499
MX-0003,Indore City Mall,32,0,5.5,5,499
MX-0003,Nagpur City Mall,7,5,0.6,7,499
MX-0003,Kochi City Mall,45,0,7.0,10,499
MX-0003,Chandigarh City Mall,63,0,5.7,5,499
MX-0003,Chandigarh City Mall,63,0,5.7,5,499
MX-0003,Bhopal City Mall,9,0,3.9,5,499
MX-0003,Patna City Mall,31,0,7.4,5,N/A
MX-0003,Vadodara City Mall,11,0,0.9,21,499
MX-0003,Ludhiana City Mall,75,0,3.2,7,499
MX-0003,Agra City Mall,113,0,3.5,21,499
,Mumbai,35,0,2.0,10,3999
MX-0004,Delhi,15,0,6.3,7,3999
MX-0004,Bengaluru,231,0,7.9,10,3999
MX-0004,Hyderabad,0,0,0.3,5,3999
MX-0004,Chennai,196,42,7.4,10,3999
MX-0004,Kolkata,128,0,3.9,21,3999
MX-0004,Pune, 52 ,0,2.6,10,3999
MX-0004,Ahmedabad,65,16,4.5,7,3999
MX-0004,Jaipur,20,0,1.5,5,3999
MX-0004,Lucknow,34,0,3.5,5,3999
MX-0004,Surat,115,41,2.1,21,3999
MX-0004,Indore,159,0,2.3,21,3999
MX-0004,Nagpur,153,112,6.0,14,3999
MX-0004,Kochi,73,0,4.9,5,3999
MX-0004,Chandigarh,17,0,2.0,21,3999
MX-0004,Bhopal,38,0,2.4,7,3999
MX-0004,Patna,90,0,1.7,21,3999
MX-0004,Vadodara,243,0,4.0,21,3999
MX-0004,Ludhiana,19,0,2.1,10,3999
MX-0004,Agra,35,0,4.0,21,3999
MX-0004,Nashik,35,0,6.9,7,3999
MX-0004,Meerut,1,0,2.4,10,3999
MX-0004,Rajkot,5,0,2.3,5,3999
MX-0004,Varanasi,22,0,1.7,5,3999
MX-0004,Amritsar,242,60,3.6,21,3999
MX-0004,Noida,157,0,3.7,21,3999
MX-0004,Gurugram,73,-7,5.5,5,3999
MX-0004,Coimbatore,218,0,6.4,21,3999
MX-0004,Madurai,167,0,5.4,10,3999
MX-0004,Guwahati,7,0,0.9,14,3999
MX-0004,Mumbai City Mall,96,0,3.5,10,3999
MX-0004,Delhi City Mall,34,0,6.3,,3999
MX-0004,Bengaluru City Mall,33,0,2.1,10,3999
MX-0004,Hyderabad City Mall,167,0,7.2,21,3999
MX-0004,Chennai City Mall,29.5,23,1.3,14,3999
MX-0004,Kolkata City Mall,14,7,0.6,14,3999
MX-0004,Pune City Mall,13,3,0.6,7,3999
MX-0004,Ahmedabad City Mall,37,0,0.8,21,3999
MX-0004,Jaipur City Mall, 125 ,52,5.3,10,3999
MX-0004,Lucknow City Mall,1,0,4.5,7,3999
MX-0004,Surat City Mall,33,18,3.0,7,3999
MX-0004,Indore City Mall,1,0,1.4,5,3999
MX-0004,Nagpur City Mall,124,0,7.3,10,3999
MX-0004,Kochi City Mall,53,105,6.0,14,3999
MX-0004,Chandigarh City Mall, 62 ,31,2.3,14,3999
MX-0004,Bhopal City Mall,9,10,0.9,21,3999
MX-0004,Patna City Mall, 70 ,0,1.1,21 days,3999
MX-0004,Vadodara City Mall,46,0,4.3,14,3999
MX-0004,Ludhiana City Mall,4,4,0.4,10,3999
MX-0004,Agra City Mall,92,0,2.6,21,3999
MX-0005,Mumbai,15,0,2.0,7,499
MX-0005,Delhi,9,7,0.3,21,499
MX-0005,Bengaluru,41,0,7.0,5,499
MX-0005,Hyderabad,163,0,6.5,21,499
MX-0005,Chennai,5,0,1.4,5,499
MX-0005,Kolkata,124,0,5.0,14,N/A
MX-0005,Pune,67,0,,7,499
MX-0005,Ahmedabad,49,0,2.7,21,499
MX-0005,Jaipur,365,0,6.7,21,499
MX-0005,Lucknow,133,0,4.4,10,499
MX-0005,Surat,1,4,1.5,5,499
MX-0005,Indore,174,41,5.2,14,499
MX-0005,Nagpur,0,0,6.3,5,499
MX-0005,Kochi,73,0,7.1,10,499
MX-0005,Chandigarh,19,0,0.8,21,499
MX-0005,Bhopal,17,0,3.6,7,499
MX-0005,Patna,94,0,7.7,14,499
MX-0005,Vadodara,41,0,2.1,21,499
MX-0005,Ludhiana,0,0,0.6,5,499
MX-0005,Agra,28,0,5.4,7,499
MX-0005,Nashik,48,52,5.8,7,499
MX-0005,Meerut,(9),0,3.7,14,499
MX-0005,Rajkot,39,51,4.0,21,499
MX-0005,Varanasi,36,0,3.6,10,499
MX-0005,Amritsar,4,0,2.4,10,499
MX-0005,Noida,47,27,7.0,5,499
MX-0005,Gurugram, 11 ,0,0.4,14,499
MX-0005,Coimbatore,17,0,0.7,14,499
MX-0005,Madurai,112,0,5.7,10,499
MX-0005,Guwahati,19,0,1.5,7,499
MX-0005,Mumbai City Mall,67,0,4.4,21,499
MX-0005,Delhi City Mall,41,0,6.7,5,499
MX-0005,Bengaluru City Mall,41,0,3.0,10,499
MX-0005,Hyderabad City Mall,19,0,3.2,21,499
MX-0005,Chennai City Mall,12,0,0.2,21,499
MX-0005,Kolkata City Mall,124,83,7.5,14,499
MX-0005,Pune City Mall,44,0,5.0,14,499
MX-0005,Ahmedabad City Mall,56.5,0,4.8,7,499
MX-0005,Jaipur City Mall, 20 ,0,3.7,14,499
MX-0005,Lucknow City Mall,3,0,7.9,21,499
MX-0005,Surat City Mall,48,0,5.3,5,499
MX-0005,Indore City Mall,30,0,1.9,7,499
MX-0005,Indore City Mall,30,0,1.9,7,499
MX-0005,Nagpur City Mall,0,1,0.5,5,499
MX-0005,Kochi City Mall,85,0,5.6,7,499
MX-0005,Chandigarh City Mall,26,0,1.1,10,499
MX-0005,Bhopal City Mall,37,0,4.9,5,499
MX-0005,Patna City Mall,14,0,1.1,14,499
MX-0005,Vadodara City Mall,134,-1,7.2,14,499
MX-0005,Ludhiana City Mall, 20 ,0,1.5,7,499
MX-0005,Agra City Mall,318,0,6.4,21,499
MX-0006,Mumbai,12,0,4.8,5,499
,Delhi,13,0,0.8,7,499
MX-0006,Bengaluru,120,0,5.5,7,499
MX-0006,Hyderabad,33,0,1.4,10,499
MX-0006,Chennai,9,16,3.3,,499
MX-0006,Kolkata,83,0,2.1,14,499
MX-0006,Pune, 154 ,116,5.5,21,499
MX-0006,Ahmedabad, 107 ,0,6.4,7,499
MX-0006,Jaipur,83,0,2.7,10,499
MX-0006,Lucknow,49,21,3.8,5,499
MX-0006,Surat,122,0,7.4,14,499
MX-0006,Indore,104,0,6.4,7,499
MX-0006,Nagpur,179,0,5.6,14,499
MX-0006,Kochi,66,0,2.1,10,499
MX-0006,Chandigarh,46,17,6.0,5,N/A
MX-0006,Bhopal,268,39,6.0,14,499
MX-0006,Patna,53,0,3.7,5,499
MX-0006,Vadodara,64,0,3.7,7,499
MX-0006,Ludhiana,91,0,3.2,10,499
MX-0006,Agra,41,0,5.4,7,499
MX-0006,Nashik, 18 ,0,7.3,10,499
MX-0006,Meerut,146,39,2.3,21,499
MX-0006,Rajkot,111,0,4.7,10,499
MX-0006,Varanasi,2,2,0.6,5,499
MX-0006,Amritsar,444,0,6.5,21,499
MX-0006,Noida,6,0,5.8,14 days,499
MX-0006,Gurugram,60,0,6.1,14,499
MX-0006,Coimbatore,54,0,2.6,10,499
MX-0006,Madurai,10,39,3.4,14,499
MX-0006,Guwahati,25,0,2.9,14,499
MX-0006,Mumbai City Mall,170,73,6.0,10,499
MX-0006,Delhi City Mall,1,0,2.9,5,499
MX-0006,Bengaluru City Mall,42,0,2.3,21,499
MX-0006,Hyderabad City Mall,73,0,4.4,7,499
MX-0006,Chennai City Mall,16,0,4.0,5,499
MX-0006,Kolkata City Mall,51,0,7.7,21,499
MX-0006,Pune City Mall,95,0,4.5,7,499
MX-0006,Ahmedabad City Mall,43,0,6.3,21,499
MX-0006,Jaipur City Mall,55,0,4.1,5,499
MX-0006,Lucknow City Mall,76,0,,5,499
MX-0006,Surat City Mall,3.5,0,2.9,14,499
MX-0006,Indore City Mall,177,0,3.8,14,499
MX-0006,Nagpur City Mall,107,0,1.7,21,499
MX-0006,Kochi City Mall,354,135,7.7,14,499
MX-0006,Chandigarh City Mall,51,0,5.3,5,499
MX-0006,Bhopal City Mall,86,0,6.1,10,499
MX-0006,Patna City Mall,12,0,4.2,10,499
MX-0006,Vadodara City Mall,81,0,3.1,21,499
MX-0006,Ludhiana City Mall,8,0,0.6,7,499
MX-0006,Agra City Mall,38,66,5.3,21,499
MX-0007,Mumbai,34,0,2.4,10,499
MX-0007,Delhi, 46 ,9,2.2,7,499
MX-0007,Bengaluru,2,0,6.8,14,499
MX-0007,Hyderabad,48,18,2.0,14,499
MX-0007,Chennai,238,0,7.4,10,499
MX-0007,Kolkata,173,0,6.4,21,499
MX-0007,Pune,14,0,1.1,7,499
MX-0007,Ahmedabad,237,123,7.7,14,499
MX-0007,Jaipur,49,0,4.0,21,499
MX-0007,Lucknow,17,0,2.2,10,499
MX-0007,Surat,-8,0,3.4,21,499
MX-0007,Indore,103,23,7.1,7,499
MX-0007,Nagpur,5,0,3.5,7,499
MX-0007,Kochi,113,117,4.3,21,499
MX-0007,Chandigarh,42,0,1.1,14,499
MX-0007,Bhopal,76,0,1.4,21,499
MX-0007,Patna,288,73,4.2,21,499
MX-0007,Vadodara,351,0,6.1,21,499
MX-0007,Ludhiana,319,-17,6.9,14,499
MX-0007,Agra,4,0,4.0,10,499
MX-0007,Nashik,9,0,1.0,7,499
MX-0007,Meerut,367,0,5.6,21,499
MX-0007,Rajkot,14,0,3.9,7,499
MX-0007,Varanasi,185,55,7.6,10,N/A
MX-0007,Amritsar,239,0,7.7,14,499
MX-0007,Noida,83,15,2.3,14,499
MX-0007,Gurugram,64,0,5.5,7,499
MX-0007,Coimbatore,4,0,2.1,,499
MX-0007,Madurai,8,3,0.6,5,499
MX-0007,Guwahati,5,12,4.9,5,499
MX-0007,Mumbai City Mall,88,0,2.4,14,499
MX-0007,Delhi City Mall,65,0,2.2,21,499
MX-0007,Bengaluru City Mall,167,0,7.2,10,499
MX-0007,Hyderabad City Mall,218,0,5.1,21,499
MX-0007,Chennai City Mall,93,17,5.6,5,499
MX-0007,Kolkata City Mall,32,0,2.8,10,499
MX-0007,Pune City Mall,18,3,1.3,5,499
MX-0007,Ahmedabad City Mall,74,0,6.1,10,499
MX-0007,Jaipur City Mall,89,0,6.3,14,499
MX-0007,Jaipur City Mall,89,0,6.3,14,499
MX-0007,Lucknow City Mall,11,0,1.6,5,499
MX-0007,Surat City Mall,46,0,4.1,5,499
MX-0007,Indore City Mall,164,0,5.7,14,499
MX-0007,Nagpur City Mall,122,0,1.8,21,499
MX-0007,Kochi City Mall,48.5,0,6.4,14,499
MX-0007,Chandigarh City Mall,55,0,4.5,5,499
MX-0007,Bhopal City Mall,88,0,6.5,5,499
MX-0007,Patna City Mall, 24 ,0,1.9,14,499
MX-0007,Vadodara City Mall,285,0,6.9,21,499
MX-0007,Ludhiana City Mall,5,0,7.8,21,499
MX-0007,Agra City Mall,25,0,3.3,10,499
MX-0008,Mumbai,49,146,5.1,21,499
MX-0008,Delhi,58,20,2.7,7,499
,Bengaluru,65,0,5.6,5,499
MX-0008,Hyderabad,67,13,2.9,7,499
MX-0008,Chennai,20,0,3.0,7 days,499
MX-0008,Kolkata,209,0,5.6,14,499
MX-0008,Pune,68,0,6.0,21,499
MX-0008,Ahmedabad,7,13,2.4,5,499
MX-0008,Jaipur,41,0,3.7,14,499
MX-0008,Lucknow,89,20,6.1,5,499
MX-0008,Surat,58,16,1.4,14,499
MX-0008,Indore,63,17,2.8,14,499
MX-0008,Nagpur,215,149,5.1,21,499
MX-0008,Kochi,534,0,7.7,21,499
MX-0008,Chandigarh,78,28,5.2,7,499
MX-0008,Bhopal,224,0,4.4,21,499
MX-0008,Patna,35,0,8.0,14,499
MX-0008,Vadodara,40,40,6.9,5,499
MX-0008,Ludhiana,73,0,7.6,10,499
MX-0008,Agra,90,0,4.3,7,499
MX-0008,Nashik,20,0,0.4,21,499
MX-0008,Meerut,172,0,7.7,7,499
MX-0008,Rajkot, 340 ,0,,14,499
MX-0008,Varanasi,19,0,3.4,7,499
MX-0008,Amritsar,19,0,1.4,5,499
MX-0008,Noida,31,0,1.7,10,499
MX-0008,Gurugram,241,154,5.5,21,499
MX-0008,Coimbatore,87, 46 ,7.0,5,499
MX-0008,Madurai,4,0,5.6,5,499
MX-0008,Guwahati,29,0,3.3,5,499
MX-0008,Mumbai City Mall,135,0,6.5,7,499
MX-0008,Delhi City Mall,54,0,4.4,10,499
MX-0008,Bengaluru City Mall,9,0,0.4,14,N/A
MX-0008,Hyderabad City Mall, 90 ,0,6.9,5,499
MX-0008,Chennai City Mall,48,0,3.2,14,499
MX-0008,Kolkata City Mall,36,0,4.7,10,499
MX-0008,Pune City Mall,20,8,2.1,5,499
MX-0008,Ahmedabad City Mall,200,0,3.1,21,499
MX-0008,Jaipur City Mall,76,42,7.3,5,499
MX-0008,Lucknow City Mall,15,-14,1.1,21,499
MX-0008,Surat City Mall,72,0,4.7,5,499
MX-0008,Indore City Mall,54,50,5.6,14,499
MX-0008,Nagpur City Mall,45,0,4.3,5,499
MX-0008,Kochi City Mall,100,0,3.1,10,499
MX-0008,Chandigarh City Mall,17,0,2.8,21,499
MX-0008,Bhopal City Mall,99,0,3.4,14,499
MX-0008,Patna City Mall,16.5,33,5.0,5,499
MX-0008,Vadodara City Mall,42,0,5.4,5,499
MX-0008,Ludhiana City Mall,20,0,3.1,5,499
MX-0008,Agra City Mall,(2),0,6.3,14,499
MX-0009,Mumbai,5,0,1.0,,199
MX-0009,Delhi,61,0,5.9,5,199
MX-0009,Bengaluru,64,0,5.2,7,199
MX-0009,Hyderabad,0,0,3.2,10,199
MX-0009,Chennai,4,31,7.7,10,199
MX-0009,Kolkata,11,0,2.4,10,199
MX-0009,Pune,19,0,1.5,5,199
MX-0009,Ahmedabad,165,0,6.7,10,199
MX-0009,Jaipur,2,0,1.2,7,199
MX-0009,Lucknow,450,0,6.9,21,199
MX-0009,Surat,108,0,4.3,21,199
MX-0009,Indore,64,0,3.1,21,199
MX-0009,Nagpur, 18 ,0,0.7,21,199
MX-0009,Kochi,81,0,5.8,7,199
MX-0009,Chandigarh, 220 ,95,5.6,14,199
MX-0009,Bhopal,70,30,2.8,14,199
MX-0009,Patna,38,8,3.7,5,199
MX-0009,Vadodara,133,0,5.7,10,199
MX-0009,Ludhiana,262,0,4.6,21,199
MX-0009,Agra,26,0,3.6,7,199
MX-0009,Nashik,84,0,6.7,7,199
MX-0009,Meerut, 17 ,0,6.4,5,199
MX-0009,Rajkot,172,44,7.0,10,199
MX-0009,Varanasi,1,1,0.5,5,199
MX-0009,Amritsar,116,0,3.8,10,199
MX-0009,Noida, 25 ,21,3.3,5,199
MX-0009,Gurugram, 28 ,0,7.9,21,199
MX-0009,Coimbatore,16,0,3.2,7,199
MX-0009,Madurai,17,0,0.7,10,199
MX-0009,Guwahati,62,0,3.1,10,199
MX-0009,Mumbai City Mall,15,0,7.7,5,199
MX-0009,Delhi City Mall,36,0,2.6,21,199
MX-0009,Bengaluru City Mall,6,0,3.8,5,199
MX-0009,Hyderabad City Mall,220,0,4.8,21 days,199
MX-0009,Chennai City Mall,4,29,3.4,10,199
MX-0009,Kolkata City Mall,16,0,6.3,5,199
MX-0009,Kolkata City Mall,16,0,6.3,5,199
MX-0009,Pune City Mall,89,0,2.4,14,199
MX-0009,Ahmedabad City Mall,60,0,3.7,7,199
MX-0009,Jaipur City Mall,20,12,1.2,21,199
MX-0009,Lucknow City Mall,107,39,6.1,14,199
MX-0009,Surat City Mall,69,0,7.8,14,199
MX-0009,Indore City Mall,13,0,1.3,5,N/A
MX-0009,Nagpur City Mall,28,0,5.4,21,199
MX-0009,Kochi City Mall,94,0,7.0,10,199
MX-0009,Chandigarh City Mall,2,0,0.6,10,199
MX-0009,Bhopal City Mall,75,15,1.6,14,199
MX-0009,Patna City Mall,90,0,1.9,14,199
MX-0009,Vadodara City Mall,32,0,6.0,5,199
MX-0009,Ludhiana City Mall,13,0,2.2,5,199
MX-0009,Agra City Mall,151.5,0,5.0,10,199
MX-0010,Mumbai,50,56,4.3,10,999
MX-0010,Delhi,107,0,4.8,10,999
MX-0010,Bengaluru,15,7,1.9,5,999
,Hyderabad,15, 4 ,1.6,5,999
MX-0010,Chennai,31,0,3.6,5,999
MX-0010,Kolkata,52,0,,14,999
MX-0010,Pune, 35 ,0,4.3,5,999
MX-0010,Ahmedabad,140,55,2.9,21,999
MX-0010,Jaipur,88,54,5.9,7,999
MX-0010,Lucknow,175,89,5.6,14,999
MX-0010,Surat,3,-6,0.3,14,999
MX-0010,Indore,65,0,6.0,14,999
MX-0010,Nagpur,105,0,6.9,5,999
MX-0010,Kochi,163,0,5.2,10,999
MX-0010,Chandigarh,9,0,1.5,10,999
MX-0010,Bhopal,76,0,5.3,7,999
MX-0010,Patna,156,0,5.7,10,999
MX-0010,Vadodara,227,0,3.2,21,999
MX-0010,Ludhiana,397,0,6.2,21,999
MX-0010,Agra,28,0,5.4,7,999
MX-0010,Nashik,17,24,3.0,10,999
MX-0010,Meerut, 2 ,0,2.1,7,999
MX-0010,Rajkot,382,211,7.7,21,999
MX-0010,Varanasi,146,0,7.0,,999
MX-0010,Amritsar,186,0,7.9,14,999
MX-0010,Noida,372,0,5.4,21,999
MX-0010,Gurugram,2,19,1.5,21,999
MX-0010,Coimbatore,24,0,0.7,21,999
MX-0010,Madurai,24,0,0.4,21,999
MX-0010,Guwahati,68,0,5.6,21,999
MX-0010,Mumbai City Mall,391,151,7.0,21,999
MX-0010,Delhi City Mall,115, 86 ,6.5,10,999
MX-0010,Bengaluru City Mall,281,0,7.5,14,999
MX-0010,Hyderabad City Mall,11,19,1.9,10,999
MX-0010,Chennai City Mall,41,0,3.4,10,999
MX-0010,Kolkata City Mall,1,0,3.0,21,999
MX-0010,Pune City Mall,17,0,3.4,7,999
MX-0010,Ahmedabad City Mall,6,0,6.1,5,999
MX-0010,Jaipur City Mall,(4),0,5.8,10,999
MX-0010,Lucknow City Mall,131,0,3.3,14,999
MX-0010,Surat City Mall,23,11,1.2,10,999
MX-0010,Indore City Mall,43,12,3.9,7,999
MX-0010,Nagpur City Mall,22,0,1.4,5,999
MX-0010,Kochi City Mall,23,0,1.7,10,999
MX-0010,Chandigarh City Mall,313,0,4.4,21,999
MX-0010,Bhopal City Mall,39,20,0.8,21,999
MX-0010,Patna City Mall,282,0,7.0,14,999
MX-0010,Vadodara City Mall,64,0,1.2,21,999
MX-0010,Ludhiana City Mall,59,82,6.1,21,999
MX-0010,Agra City Mall,0,0,6.1,5,999
MX-0011,Mumbai,13,0,2.0,7,N/A
MX-0011,Delhi,48,81,6.5,14,1999
MX-0011,Bengaluru,4.5,5,0.3,14,1999
MX-0011,Hyderabad, 13 ,0,2.1,7,1999
MX-0011,Chennai,22,0,1.4,21,1999
MX-0011,Kolkata,115,0,5.8,7,1999
MX-0011,Pune,27,0,4.1,14,1999
MX-0011,Ahmedabad,37,0,3.7,5,1999
MX-0011,Jaipur,116,0,6.3,10,1999
MX-0011,Lucknow,25,0,1.6,5,1999
MX-0011,Surat,165,77,7.0,14,1999
MX-0011,Indore,110,0,7.5,7,1999
MX-0011,Nagpur,17,31,3.6,7 days,1999
MX-0011,Kochi,217,0,7.5,10,1999
MX-0011,Chandigarh,90,0,3.9,7,1999
MX-0011,Bhopal,85,98,8.0,14,1999
MX-0011,Patna,24,0,2.2,10,1999
MX-0011,Vadodara,315,0,7.2,14,1999
MX-0011,Ludhiana,37,30,7.6,5,1999
MX-0011,Agra,0,0,0.5,7,1999
MX-0011,Nashik,31,0,1.4,7,1999
MX-0011,Meerut,33,0,2.7,5,1999
MX-0011,Rajkot,47,0,2.7,14,1999
MX-0011,Varanasi,55,0,1.0,21,1999
MX-0011,Amritsar,19,22,2.7,14,1999
MX-0011,Noida,82,48,2.6,21,1999
MX-0011,Gurugram,46,0,2.7,7,1999
MX-0011,Coimbatore,98,0,6.7,14,1999
MX-0011,Madurai,9,0,1.5,5,1999
MX-0011,Guwahati,233,0,6.2,14,1999
MX-0011,Mumbai City Mall,33,20,6.1,7,1999
MX-0011,Delhi City Mall,172,-13,6.8,14,1999
MX-0011,Bengaluru City Mall,21,0,7.4,5,1999
MX-0011,Bengaluru City Mall,21,0,7.4,5,1999
MX-0011,Hyderabad City Mall,164,75,4.0,21,1999
MX-0011,Chennai City Mall,243,0,5.3,14,1999
MX-0011,Kolkata City Mall,42,31,4.9,10,1999
MX-0011,Pune City Mall,30,0,1.5,10,1999
MX-0011,Ahmedabad City Mall,216,0,4.1,21,1999
MX-0011,Jaipur City Mall,52,0,,5,1999
MX-0011,Lucknow City Mall,14,0,1.5,7,1999
MX-0011,Surat City Mall,44,0,2.4,10,1999
MX-0011,Indore City Mall,269,0,5.3,21,1999
MX-0011,Nagpur City Mall,56,10,4.5,5,1999
MX-0011,Kochi City Mall,113,29,5.2,10,1999
MX-0011,Chandigarh City Mall,33,0,2.8,5,1999
MX-0011,Bhopal City Mall,109,0,7.7,10,1999
MX-0011,Patna City Mall,60,0,3.7,,1999
MX-0011,Vadodara City Mall,0,0,1.2,21,1999
MX-0011,Ludhiana City Mall,260,92,6.5,21,1999
MX-0011,Agra City Mall,99,0,3.7,21,1999
MX-0012,Mumbai, 3 ,3,1.0,7,3999
MX-0012,Delhi,170,0,7.7,21,3999
MX-0012,Bengaluru,26,0,1.7,5,3999
MX-0012,Hyderabad,68,0,6.7,10,3999
,Chennai,60,0,6.3,14,3999
MX-0012,Kolkata,4.5,16,3.0,10,3999
MX-0012,Pune,28,0,1.7,10,3999
MX-0012,Ahmedabad,223,0,7.9,10,3999
MX-0012,Jaipur,92,39,1.5,21,3999
MX-0012,Lucknow,40,0,3.7,10,N/A
MX-0012,Surat,45,0,6.5,5,3999
MX-0012,Indore,248,0,3.8,21,3999
MX-0012,Nagpur,142,0,5.8,10,3999
MX-0012,Kochi,25,0,1.7,10,3999
MX-0012,Chandigarh,9,0,4.4,7,3999
MX-0012,Bhopal,246,85,5.1,21,3999
MX-0012,Patna,94,0,7.8,21,3999
MX-0012,Vadodara,5,9,1.7,5,3999
MX-0012,Ludhiana, 24 ,68,6.3,10,3999
MX-0012,Agra,153,0,5.7,10,3999
MX-0012,Nashik,170,65,7.7,14,3999
MX-0012,Meerut,185,0,3.2,21,3999
MX-0012,Rajkot,7,4,0.8,10,3999
MX-0012,Varanasi,77,0,3.2,14,3999
MX-0012,Amritsar,268,0,7.5,14,3999
MX-0012,Noida,138,0,5.9,7,3999
MX-0012,Gurugram,98,0,3.3,21,3999
MX-0012,Coimbatore,-6,0,0.2,10,3999
MX-0012,Madurai,48,20,1.7,10,3999
MX-0012,Guwahati,93,0,7.5,10,3999
MX-0012,Mumbai City Mall,5,0,7.6,7,3999
MX-0012,Delhi City Mall,49,17,2.9,7,3999
MX-0012,Bengaluru City Mall,171,0,6.8,14,3999
MX-0012,Hyderabad City Mall,1,0,0.3,10,3999
MX-0012,Chennai City Mall,49,0,1.7,10,3999
MX-0012,Kolkata City Mall,20,0,1.1,10,3999
MX-0012,Pune City Mall,31,0,1.8,10,3999
MX-0012,Ahmedabad City Mall,64,0,7.5,7,3999
MX-0012,Jaipur City Mall,1,0,2.8,7,3999
MX-0012,Lucknow City Mall,337,0,7.6,14,3999
MX-0012,Surat City Mall,40,0,6.8,14,3999
MX-0012,Indore City Mall,7,0,0.9,10 days,3999
MX-0012,Nagpur City Mall,33,0,6.3,5,3999
MX-0012,Kochi City Mall,5,0,1.6,14,3999
MX-0012,Chandigarh City Mall,479,0,7.1,21,3999
MX-0012,Bhopal City Mall,131, 23 ,2.6,21,3999
MX-0012,Patna City Mall,54,0,3.1,7,3999
MX-0012,Vadodara City Mall, 10 ,0,2.4,7,3999
MX-0012,Ludhiana City Mall,67,0,4.0,7,3999
MX-0012,Agra City Mall,184,0,6.3,10,3999
MX-0013,Mumbai,69,0,3.6,14,3999
MX-0013,Delhi,2,0,0.5,10,3999
MX-0013,Bengaluru,160,-12,5.0,10,3999
MX-0013,Hyderabad,16,6,2.0,7,3999
MX-0013,Chennai,53,0,5.1,5,3999
MX-0013,Kolkata,42,56,6.5,7,3999
MX-0013,Pune,0,0,0.4,21,3999
MX-0013,Ahmedabad,13,0,7.5,10,3999
MX-0013,Jaipur,95.5,0,7.3,5,3999
MX-0013,Lucknow,70,0,2.2,14,3999
MX-0013,Surat,427,0,6.6,21,3999
MX-0013,Indore,79,42,3.7,10,3999
MX-0013,Nagpur,44,0,4.0,10,3999
MX-0013,Kochi, 164 ,0,3.0,21,3999
MX-0013,Chandigarh,169,0,6.8,10,3999
MX-0013,Bhopal,27,20,6.8,5,3999
MX-0013,Patna,282,192,7.3,21,3999
MX-0013,Vadodara,75,0,2.3,10,3999
MX-0013,Ludhiana,63,0,1.6,14,N/A
MX-0013,Agra,72,42,3.2,,3999
MX-0013,Nashik,11,0,3.0,5,3999
MX-0013,Meerut,19,0,,10,3999
MX-0013,Rajkot,11,0,1.1,10,3999
MX-0013,Varanasi,198,0,5.5,21,3999
MX-0013,Amritsar,20,0,2.9,21,3999
MX-0013,Noida,65,0,4.8,10,3999
MX-0013,Gurugram,0,95,4.9,14,3999
MX-0013,Coimbatore,79,0,2.6,10,3999
MX-0013,Madurai,141,0,7.6,10,3999
MX-0013,Guwahati,67,0,6.9,14,3999
MX-0013,Guwahati,67,0,6.9,14,3999
MX-0013,Mumbai City Mall,24,0,2.7,10,3999
MX-0013,Delhi City Mall, 192 ,0,3.1,21,3999
MX-0013,Bengaluru City Mall,26,0,1.1,7,3999
MX-0013,Hyderabad City Mall,37,0,5.0,7,3999
MX-0013,Chennai City Mall,173,0,2.6,21,3999
MX-0013,Kolkata City Mall,91,67,7.4,10,3999
MX-0013,Pune City Mall,23,0,3.1,7,3999
MX-0013,Ahmedabad City Mall,0,0,0.6,21,3999
MX-0013,Jaipur City Mall,12,53,6.4,7,3999
MX-0013,Lucknow City Mall,67,0,4.9,21,3999
MX-0013,Surat City Mall,9,0,6.2,10,3999
MX-0013,Indore City Mall,184,0,6.5,10,3999
MX-0013,Nagpur City Mall,9,0,1.2,7,3999
MX-0013,Kochi City Mall,5,0,4.2,5,3999
MX-0013,Chandigarh City Mall,71,0,4.5,10,3999
MX-0013,Bhopal City Mall,96,147,7.6,14,3999
MX-0013,Patna City Mall,77,0,6.1,10,3999
MX-0013,Vadodara City Mall,19,0,7.5,5,3999
MX-0013,Ludhiana City Mall,10,0,0.9,7,3999
MX-0013,Agra City Mall,160,0,5.5,10,3999
MX-0014,Mumbai,33,0,3.7,7,199
MX-0014,Delhi,137,0,6.2,7,199
MX-0014,Bengaluru, 28 ,0,5.4,21,199
MX-0014,Hyderabad,36,0,1.6,21,199
MX-0014,Chennai,16,0,2.5,10,199
,Kolkata,108,0,3.9,14,199
MX-0014,Pune,52,0,7.0,7,199
MX-0014,Ahmedabad,13,0,2.8,10,199
MX-0014,Jaipur,34,0,2.4,5,199
MX-0014,Lucknow,6,0,0.4,14,199
MX-0014,Surat,56,0,3.6,10,199
MX-0014,Indore,7.5,0,1.4,5,199
MX-0014,Nagpur,13,0,5.1,14,199
MX-0014,Kochi,46,0,0.7,21,199
MX-0014,Chandigarh,262,0,5.7,21,199
MX-0014,Bhopal,39,0,3.9,7,199
MX-0014,Patna,-2,54,6.5,7,199
MX-0014,Vadodara,5,0,0.5,21,199
MX-0014,Ludhiana,22, 8 ,2.7,7,199
MX-0014,Agra,407,0,7.5,21,199
MX-0014,Nashik,138,0,5.9,7 days,199
MX-0014,Meerut,78,35,5.1,10,199
MX-0014,Rajkot,44,0,2.1,21,199
MX-0014,Varanasi,33,-6,3.0,10,199
MX-0014,Amritsar,18,0,1.6,5,199
MX-0014,Noida,66,0,3.9,7,199
MX-0014,Gurugram,10,0,0.4,21,199
MX-0014,Coimbatore,39,0,6.2,21,N/A
MX-0014,Madurai,0,0,2.8,7,199
MX-0014,Guwahati,22,0,2.0,7,199
MX-0014,Mumbai City Mall,0,0,0.3,21,199
MX-0014,Delhi City Mall,82,38,3.5,10,199
MX-0014,Bengaluru City Mall,167,0,8.0,7,199
MX-0014,Hyderabad City Mall,28,0,5.2,10,199
MX-0014,Chennai City Mall,29,0,4.7,5,199
MX-0014,Kolkata City Mall,38,0,3.4,10,199
MX-0014,Pune City Mall,47,0,6.1,7,199
MX-0014,Ahmedabad City Mall,302,84,7.3,21,199
MX-0014,Jaipur City Mall,29,10,3.2,5,199
MX-0014,Lucknow City Mall,49,0,3.6,7,199
MX-0014,Surat City Mall,21,0,5.1,10,199
MX-0014,Indore City Mall,15,0,2.0,10,199
MX-0014,Nagpur City Mall,200,54,3.8,,199
MX-0014,Kochi City Mall,11,0,2.5,5,199
MX-0014,Chandigarh City Mall,1,49,6.2,7,199
MX-0014,Bhopal City Mall,257,0,6.0,21,199
MX-0014,Patna City Mall,6,0,1.1,5,199
MX-0014,Vadodara City Mall,49,0,3.0,14,199
MX-0014,Ludhiana City Mall,238,0,6.2,21,199
MX-0014,Agra City Mall,382,0,7.2,21,199
MX-0015,Mumbai,61,0,6.1,5,3999
MX-0015,Delhi, 100 ,0,1.8,21,3999
MX-0015,Bengaluru,23,9,1.8,5,3999
MX-0015,Hyderabad,59,0,3.1,21,3999
MX-0015,Chennai, 104 ,0,,7,3999
MX-0015,Kolkata, 8 ,4,0.9,7,3999
MX-0015,Pune,21,0,6.6,7,3999
MX-0015,Ahmedabad,46,0,2.3,21,3999
MX-0015,Jaipur,48,0,1.8,10,3999
MX-0015,Lucknow, 6 ,15,2.9,7,3999
MX-0015,Surat, 34 ,0,2.3,10,3999
MX-0015,Indore,53,0,5.7,10,3999
MX-0015,Nagpur,14,0,2.0,10,3999
MX-0015,Kochi,14,0,3.7,5,3999
MX-0015,Chandigarh,7.5,0,1.2,5,3999
MX-0015,Bhopal,40,0,4.9,7,3999
MX-0015,Patna,24,0,0.5,21,3999
MX-0015,Vadodara,343,0,7.3,14,3999
MX-0015,Ludhiana,52,0,3.4,10,3999
MX-0015,Agra,293,0,5.1,21,3999
MX-0015,Nashik,66,0,6.9,7,3999
MX-0015,Meerut,329,0,5.5,21,3999
MX-0015,Rajkot,128,0,5.9,10,3999
MX-0015,Varanasi,243,0,6.7,21,3999
MX-0015,Amritsar,33,0,3.4,5,3999
MX-0015,Noida,17,0,3.5,14,3999
MX-0015,Gurugram,55,46,5.0,14,3999
MX-0015,Gurugram,55,46,5.0,14,3999
MX-0015,Coimbatore,0,0,0.3,5,3999
MX-0015,Madurai,47,0,4.0,7,3999
MX-0015,Guwahati,31,0,3.0,14,3999
MX-0015,Mumbai City Mall,110,0,7.5,5,3999
MX-0015,Delhi City Mall,1,0,3.6,5,3999
MX-0015,Bengaluru City Mall,3,0,1.3,5,3999
MX-0015,Hyderabad City Mall,30,29,3.3,10,3999
MX-0015,Chennai City Mall,164,61,4.2,14,3999
MX-0015,Kolkata City Mall,16,0,1.0,7,3999
MX-0015,Pune City Mall,10,0,4.6,5,N/A
MX-0015,Ahmedabad City Mall,67,0,1.0,21,3999
MX-0015,Jaipur City Mall,15,6,1.4,7,3999
MX-0015,Lucknow City Mall,79, 20 ,5.9,5,3999
MX-0015,Surat City Mall,9,0,2.3,5,3999
MX-0015,Indore City Mall,48,0,4.6,14,3999
MX-0015,Nagpur City Mall,2,0,6.2,5,3999
MX-0015,Kochi City Mall,27,0,7.0,5,3999
MX-0015,Chandigarh City Mall,63,-18,3.7,14,3999
MX-0015,Bhopal City Mall,39,0,1.7,7,3999
MX-0015,Patna City Mall,36,0,2.3,5,3999
MX-0015,Vadodara City Mall,72,18,3.2,7,3999
MX-0015,Ludhiana City Mall,178,41,3.6,21,3999
MX-0015,Agra City Mall,333,0,6.6,21 days,3999
MX-0016,Mumbai,137,0,6.9,21,1999
MX-0016,Delhi,80,21,4.7,7,1999
MX-0016,Bengaluru,27,11,2.4,10,1999
MX-0016,Hyderabad, 139 ,0,6.6,7,1999
MX-0016,Chennai,122,0,5.6,10,1999
MX-0016,Kolkata,(4),0,1.6,21,1999
,Pune,21,88,5.0,14,1999
MX-0016,Ahmedabad,14,0,1.1,10,1999
MX-0016,Jaipur,225,0,6.0,21,1999
MX-0016,Lucknow,22,0,1.4,5,1999
MX-0016,Surat,33,0,2.5,21,1999
MX-0016,Indore, 59 ,0,2.7,7,1999
MX-0016,Nagpur,45,0,2.2,7,1999
MX-0016,Kochi,125,49,2.9,14,1999
MX-0016,Chandigarh,20,0,1.7,5,1999
MX-0016,Bhopal,10,0,5.4,,1999
MX-0016,Patna,20,0,2.6,10,1999
MX-0016,Vadodara,76.5,39,7.6,5,1999
MX-0016,Ludhiana,159,50,3.2,21,1999
MX-0016,Agra,509,0,7.9,21,1999
MX-0016,Nashik,115,0,6.7,10,1999
MX-0016,Meerut,109,44,1.9,21,1999
MX-0016,Rajkot,18,0,5.5,7,1999
MX-0016,Varanasi,202,0,7.7,10,1999
MX-0016,Amritsar,78,0,1.1,21,1999
MX-0016,Noida,62,0,6.3,21,1999
MX-0016,Gurugram,68,56,4.4,10,1999
MX-0016,Coimbatore,175,41,3.9,14,1999
MX-0016,Madurai,19,0,0.5,21,1999
MX-0016,Guwahati,162,0,7.2,10,1999
MX-0016,Mumbai City Mall,30,0,3.0,5,1999
MX-0016,Delhi City Mall,6,0,1.2,5,1999
MX-0016,Bengaluru City Mall,294,107,4.3,21,1999
MX-0016,Hyderabad City Mall,55,0,3.4,5,1999
MX-0016,Chennai City Mall,21,0,1.5,7,1999
MX-0016,Kolkata City Mall,50,0,3.6,10,1999
MX-0016,Pune City Mall,79,13,2.4,10,1999
MX-0016,Ahmedabad City Mall,15,0,,10,1999
MX-0016,Jaipur City Mall,73,0,2.3,10,1999
MX-0016,Lucknow City Mall,118,0,7.0,7,1999
MX-0016,Surat City Mall,41,0,7.1,21,1999
MX-0016,Indore City Mall,3,61,4.0,14,1999
MX-0016,Nagpur City Mall,10,0,3.4,10,1999
MX-0016,Kochi City Mall,86,0,4.3,21,1999
MX-0016,Chandigarh City Mall,35,0,5.4,5,1999
MX-0016,Bhopal City Mall,370,0,7.8,21,N/A
MX-0016,Patna City Mall,48,0,1.2,14,1999
MX-0016,Vadodara City Mall,139,75,7.9,10,1999
MX-0016,Ludhiana City Mall,35,0,1.2,10,1999
MX-0016,Agra City Mall,114,0,5.6,10,1999
MX-0017,Mumbai,29,0,2.1,5,499
MX-0017,Delhi,73,0,7.3,5,499
MX-0017,Bengaluru,68,0,3.0,14,499
MX-0017,Hyderabad,45,0,5.9,5,499
MX-0017,Chennai,62,0,6.9,5,499
MX-0017,Kolkata,27,0,1.2,14,499
MX-0017,Pune,23,0,7.3,5,499
MX-0017,Ahmedabad,11,0,6.7,5,499
MX-0017,Jaipur,71,0,2.9,10,499
MX-0017,Lucknow,128,0,6.7,21,499
MX-0017,Surat, 238 ,0,7.9,21,499
MX-0017,Indore,345,0,5.3,21,499
MX-0017,Nagpur,109,0,5.3,7,499
MX-0017,Kochi,63,0,2.1,21,499
MX-0017,Chandigarh,28,0,1.9,10,499
MX-0017,Bhopal,58,-17,1.7,14,499
MX-0017,Patna,0,0,0.9,5,499
MX-0017,Vadodara,124,0,7.5,14,499
MX-0017,Ludhiana,84,0,5.0,7,499
MX-0017,Agra,74,0,3.2,10,499
MX-0017,Nashik,43.5,18,1.6,10,499
MX-0017,Meerut,99,0,3.5,10,499
MX-0017,Rajkot,176,25,3.9,14,499
MX-0017,Varanasi,66,0,6.5,5,499
MX-0017,Varanasi,66,0,6.5,5,499
MX-0017,Amritsar,13,0,0.6,7,499
MX-0017,Noida,26,0,4.7,5,499
MX-0017,Gurugram,169,0,7.4,10,499
MX-0017,Coimbatore,179,0,7.2,14,499
MX-0017,Madurai,61,0,2.8,10 days,499
MX-0017,Guwahati,10,29,2.5,10,499
MX-0017,Mumbai City Mall,77,0,4.4,21,499
MX-0017,Delhi City Mall,46,12,1.9,10,499
MX-0017,Bengaluru City Mall,86,0,6.1,5,499
MX-0017,Hyderabad City Mall,250,0,6.2,21,499
MX-0017,Chennai City Mall,60,0,4.6,7,499
MX-0017,Kolkata City Mall,1,0,0.3,7,499
MX-0017,Pune City Mall,145,0,5.5,14,499
MX-0017,Ahmedabad City Mall,112,0,5.9,14,499
MX-0017,Jaipur City Mall,32,25,4.0,,499
MX-0017,Lucknow City Mall,86,47,5.4,10,499
MX-0017,Surat City Mall,62,101,4.3,21,499
MX-0017,Indore City Mall,12,77,7.5,10,499
MX-0017,Nagpur City Mall,30,0,6.2,10,499
MX-0017,Kochi City Mall,28,0,3.1,10,499
MX-0017,Chandigarh City Mall,(9),7,3.1,5,499
MX-0017,Bhopal City Mall,9,0,5.8,7,499
MX-0017,Patna City Mall,95,59,4.3,10,499
MX-0017,Vadodara City Mall,284,108,5.9,21,499
MX-0017,Ludhiana City Mall,29,0,0.9,14,499
MX-0017,Agra City Mall,63,59,3.2,14,499
MX-0018,Mumbai,38,0,4.4,21,1999
MX-0018,Delhi,14,0,0.5,10,1999
MX-0018,Bengaluru,18,20,3.2,10,1999
MX-0018,Hyderabad,33,37,2.1,14,1999
MX-0018,Chennai,99,0,2.6,21,N/A
MX-0018,Kolkata,141,0,3.0,14,1999
MX-0018,Pune,14,0,0.8,10,1999
,Ahmedabad,2,0,0.9,5,1999
MX-0018,Jaipur,32,11,2.6,7,1999
MX-0018,Lucknow,101,39,7.5,5,1999
MX-0018,Surat,3,0,2.5,5,1999
MX-0018,Indore,20,0,6.9,7,1999
MX-0018,Nagpur,122,0,4.5,10,1999
MX-0018,Kochi,9,0,1.4,10,1999
MX-0018,Chandigarh,83,0,2.0,21,1999
MX-0018,Bhopal,54,0,7.0,7,1999
MX-0018,Patna,58,0,7.7,7,1999
MX-0018,Vadodara,28,0,6.6,7,1999
MX-0018,Ludhiana,14,0,1.5,5,1999
MX-0018,Agra,50,0,1.1,14,1999
MX-0018,Nashik,227,0,,14,1999
MX-0018,Meerut,180,0,7.3,10,1999
MX-0018,Rajkot,79,0,7.9,5,1999
MX-0018,Varanasi,373.5,0,6.3,21,1999
MX-0018,Amritsar,225, 67 ,4.9,14,1999
MX-0018,Noida,35,0,1.6,10,1999
MX-0018,Gurugram,10,0,2.3,5,1999
MX-0018,Coimbatore,164,0,7.9,21,1999
MX-0018,Madurai,214,0,4.6,14,1999
MX-0018,Guwahati,63,23,2.4,10,1999
MX-0018,Mumbai City Mall,58,0,4.4,7,1999
MX-0018,Delhi City Mall,81,0,6.4,5,1999
MX-0018,Bengaluru City Mall,28,58,2.1,21,1999
MX-0018,Hyderabad City Mall,15,17,3.1,7,1999
MX-0018,Chennai City Mall,215,70,6.6,10,1999
MX-0018,Kolkata City Mall,73,46,5.2,10,1999
MX-0018,Pune City Mall,26,-9,7.2,21,1999
MX-0018,Ahmedabad City Mall,9,0,5.1,7,1999
MX-0018,Jaipur City Mall,1,13,2.7,10,1999
MX-0018,Lucknow City Mall,54,0,4.1,5,1999
MX-0018,Surat City Mall,13,0,3.4,5,1999
MX-0018,Indore City Mall,9,0,1.2,5,1999
MX-0018,Nagpur City Mall,21,27,6.5,5,1999
MX-0018,Kochi City Mall, 70 ,0,6.2,10,1999
MX-0018,Chandigarh City Mall,135,0,7.2,7,1999
MX-0018,Bhopal City Mall,55,0,6.8,7,1999
MX-0018,Patna City Mall,60,0,2.6,10,1999
MX-0018,Vadodara City Mall,326,110,6.8,21,1999
MX-0018,Ludhiana City Mall,28,0,7.5,5,1999
MX-0018,Agra City Mall,40,0,6.1,21,1999
MX-0019,Mumbai,38,43,1.5,21,3999
MX-0019,Delhi,42,0,7.9,5,3999
MX-0019,Bengaluru,73,0,2.1,21,3999
MX-0019,Hyderabad,441,57,6.2,21,3999
MX-0019,Chennai,286,0,7.4,14,3999
MX-0019,Kolkata,99,0,4.8,10,3999
MX-0019,Pune, 10 ,0,5.7,5,3999
MX-0019,Ahmedabad,39,0,3.7,5 days,3999
MX-0019,Jaipur,113,0,2.5,14,3999
MX-0019,Lucknow,91,0,4.3,14,3999
MX-0019,Surat,73,0,2.2,10,3999
MX-0019,Indore,273,128,7.4,,3999
MX-0019,Nagpur,49,0,5.3,21,3999
MX-0019,Kochi,28,0,7.4,7,N/A
MX-0019,Chandigarh,6,0,3.6,7,3999
MX-0019,Bhopal,134,0,3.0,14,3999
MX-0019,Patna,81,0,3.4,10,3999
MX-0019,Vadodara,11,0,0.9,5,3999
MX-0019,Ludhiana,6,0,0.3,10,3999
MX-0019,Agra,16,6,1.0,7,3999
MX-0019,Nashik,176,105,4.6,21,3999
MX-0019,Nashik,176,105,4.6,21,3999
MX-0019,Meerut,34,0,2.2,7,3999
MX-0019,Rajkot,257,0,5.4,21,3999
MX-0019,Varanasi,156,0,4.6,10,3999
MX-0019,Amritsar, 288 ,154,7.5,21,3999
MX-0019,Noida,70,0,7.8,5,3999
MX-0019,Gurugram,61.5,0,7.0,7,3999
MX-0019,Coimbatore,267,0,7.6,14,3999
MX-0019,Madurai,54,0,6.5,7,3999
MX-0019,Guwahati,1,0,3.6,14,3999
MX-0019,Mumbai City Mall,13,0,0.7,21,3999
MX-0019,Delhi City Mall,171,0,4.5,14,3999
MX-0019,Bengaluru City Mall, 43 ,10,2.7,7,3999
MX-0019,Hyderabad City Mall,-6,31,5.0,10,3999
MX-0019,Chennai City Mall, 34 ,0,2.2,5,3999
MX-0019,Kolkata City Mall,166,0,8.0,10,3999
MX-0019,Pune City Mall,45,0,1.7,14,3999
MX-0019,Ahmedabad City Mall,23,0,1.8,7,3999
MX-0019,Jaipur City Mall,18,18,4.1,10,3999
MX-0019,Lucknow City Mall,7,15,0.9,14,3999
MX-0019,Surat City Mall,85,0,5.7,5,3999
MX-0019,Indore City Mall,65,0,7.6,10,3999
MX-0019,Nagpur City Mall,313,0,7.2,21,3999
MX-0019,Kochi City Mall,462,0,7.0,21,3999
MX-0019,Chandigarh City Mall,23,20,2.6,7,3999
MX-0019,Bhopal City Mall,21,0,2.8,5,3999
MX-0019,Patna City Mall,29,6,1.2,10,3999
MX-0019,Vadodara City Mall, 142 ,37,4.8,10,3999
MX-0019,Ludhiana City Mall,68,0,6.1,5,3999
MX-0019,Agra City Mall,7,0,2.7,5,3999
MX-0020,Mumbai,5,0,3.7,7,3999
MX-0020,Delhi,17,0,5.2,14,3999
MX-0020,Bengaluru,467,0,6.7,21,3999
MX-0020,Hyderabad,120,86,,21,3999
MX-0020,Chennai,13,7,0.3,21,3999
MX-0020,Kolkata,11,0,4.7,10,3999
MX-0020,Pune,72,16,4.4,5,3999
MX-0020,Ahmedabad,28,-1,4.1,7,3999
,Jaipur, 90 ,17,3.3,10,3999
MX-0020,Lucknow,296,126,4.3,21,3999
MX-0020,Surat,205,0,3.6,21,3999
MX-0020,Indore,47,13,4.2,5,3999
MX-0020,Nagpur,254,0,6.4,21,3999
MX-0020,Kochi,83,0,4.1,10,3999
MX-0020,Chandigarh,18,0,1.4,14,3999
MX-0020,Bhopal,71,21,3.7,7,3999
MX-0020,Patna, 124 ,0,4.4,10,3999
MX-0020,Vadodara,31,0,1.1,10,3999
MX-0020,Ludhiana,67,0,5.7,5,3999
MX-0020,Agra,50,0,4.5,7,3999
MX-0020,Nashik,350,0,5.8,21,3999
MX-0020,Meerut, 45 ,0,4.2,5,3999
MX-0020,Rajkot,114,22,2.8,14,N/A
MX-0020,Varanasi,54,14,3.9,7,3999
MX-0020,Amritsar,35,0,3.2,10,3999
MX-0020,Noida,16,0,6.8,7,3999
MX-0020,Gurugram,2,0,0.9,7,3999
MX-0020,Coimbatore,189,167,7.1,21,3999
MX-0020,Madurai,156,46,6.2,10,3999
MX-0020,Guwahati,6.5,0,3.0,7,3999
MX-0020,Mumbai City Mall,41,39,1.9,21,3999
MX-0020,Delhi City Mall,8, 3 ,0.8,7,3999
MX-0020,Bengaluru City Mall,17,0,1.3,7,3999
MX-0020,Hyderabad City Mall,148,0,5.7,21,3999
MX-0020,Chennai City Mall,37,57,6.3,,3999
MX-0020,Kolkata City Mall,234,0,7.8,21,3999
MX-0020,Pune City Mall,33,20,2.7,7 days,3999
MX-0020,Ahmedabad City Mall,19,0,1.5,5,3999
MX-0020,Jaipur City Mall,35,0,3.4,5,3999
MX-0020,Lucknow City Mall,33,0,1.5,14,3999
MX-0020,Surat City Mall,58,0,4.9,5,3999
MX-0020,Indore City Mall, 52 ,0,1.7,21,3999
MX-0020,Nagpur City Mall,103,0,2.4,14,3999
MX-0020,Kochi City Mall,127,0,6.9,7,3999
MX-0020,Chandigarh City Mall,5,0,1.3,21,3999
MX-0020,Bhopal City Mall,156,0,4.9,10,3999
MX-0020,Patna City Mall,28,36,1.9,14,3999
MX-0020,Vadodara City Mall,22,0,3.2,5,3999
MX-0020,Ludhiana City Mall,71,0,5.1,7,3999
MX-0020,Agra City Mall, 2 ,0,1.6,5,3999
MX-0021,Mumbai,38,0,2.3,14,499
MX-0021,Delhi,33,0,3.6,7,499
MX-0021,Bengaluru,60,19,3.4,7,499
MX-0021,Hyderabad,32,23,3.8,5,499
MX-0021,Chennai,156,0,3.3,14,499
MX-0021,Kolkata,96,0,7.4,10,499
MX-0021,Pune,21,0,7.6,5,499
MX-0021,Ahmedabad,16,0,1.4,5,499
MX-0021,Jaipur,50,0,6.6,7,499
MX-0021,Lucknow,37,0,4.7,14,499
MX-0021,Surat,10,34,4.1,7,499
MX-0021,Indore,46,29,1.0,21,499
MX-0021,Nagpur,262,0,6.3,14,499
MX-0021,Kochi,36,46,7.6,5,499
MX-0021,Chandigarh,307,0,4.5,21,499
MX-0021,Bhopal,18,0,2.0,7,499
MX-0021,Patna,144,0,6.6,7,499
MX-0021,Vadodara,53,32,4.5,7,499
MX-0021,Vadodara,53,32,4.5,7,499
MX-0021,Ludhiana,4,0,3.5,14,499
MX-0021,Agra,0,7,2.2,7,499
MX-0021,Nashik,38,0,7.0,7,499
MX-0021,Meerut,196,0,5.1,21,499
MX-0021,Rajkot,-5,38,6.5,5,499
MX-0021,Varanasi,14,0,3.6,5,499
MX-0021,Amritsar,30,0,7.2,10,499
MX-0021,Noida,63,33,6.1,5,499
MX-0021,Gurugram,83,0,5.0,7,499
MX-0021,Coimbatore,107,0,6.4,5,499
MX-0021,Madurai,344,-17,5.4,21,499
MX-0021,Guwahati, 305 ,0,7.8,21,499
MX-0021,Mumbai City Mall,1,0,0.4,5,499
MX-0021,Delhi City Mall,87,0,5.9,5,N/A
MX-0021,Bengaluru City Mall,21.5,0,2.9,21,499
MX-0021,Hyderabad City Mall,155,0,4.6,10,499
MX-0021,Chennai City Mall,66,0,7.3,21,499
MX-0021,Kolkata City Mall,38,0,3.7,21,499
MX-0021,Pune City Mall,17,0,,14,499
MX-0021,Ahmedabad City Mall,20,0,1.6,5,499
MX-0021,Jaipur City Mall,17,0,1.4,14,499
MX-0021,Lucknow City Mall,58,0,1.7,14,499
MX-0021,Surat City Mall,162,0,6.5,10,499
MX-0021,Indore City Mall,224,0,6.6,21,499
MX-0021,Nagpur City Mall,23,0,1.2,10,499
MX-0021,Kochi City Mall,44,0,1.0,14,499
MX-0021,Chandigarh City Mall,175,161,5.6,21,499
MX-0021,Bhopal City Mall,6,21,1.2,14,499
MX-0021,Patna City Mall,27,156,6.0,21,499
MX-0021,Vadodara City Mall,231,0,7.8,14,499
MX-0021,Ludhiana City Mall,53,0,7.6,5,499
MX-0021,Agra City Mall, 48 ,0,5.4,10,499
MX-0022,Mumbai, 4 ,0,0.5,10,999
MX-0022,Delhi,8,0,5.3,5,999
MX-0022,Bengaluru,16,13,2.1,10,999
MX-0022,Hyderabad,4,0,0.6,7,999
MX-0022,Chennai,74,0,7.7,7,999
MX-0022,Kolkata,57,0,4.9,7,999
MX-0022,Pune,127,0,8.0,7,999
MX-0022,Ahmedabad,13,0,0.5,,999
MX-0022,Jaipur,483,149,7.1,21,999
,Lucknow,23,28,1.0,21,999
MX-0022,Surat,8,2,0.4,7,999
MX-0022,Indore,78,18,1.2,21,999
MX-0022,Nagpur,72, 33 ,6.0,5,999
MX-0022,Kochi,12,0,0.3,14,999
MX-0022,Chandigarh,15,0,4.1,10,999
MX-0022,Bhopal,8,0,2.2,5 days,999
MX-0022,Patna,11,0,0.5,21,999
MX-0022,Vadodara, 5 ,0,0.2,14,999
MX-0022,Ludhiana,4,0,0.8,21,999
MX-0022,Agra,18,0,3.9,14,999
MX-0022,Nashik,99,56,5.9,10,999
MX-0022,Meerut,122,0,6.4,14,999
MX-0022,Rajkot,343,0,5.4,21,999
MX-0022,Varanasi,23,100,5.9,14,999
MX-0022,Amritsar,87,0,5.6,10,999
MX-0022,Noida,308,110,4.9,21,999
MX-0022,Gurugram, 10 ,0,2.8,5,999
MX-0022,Coimbatore,143,50,4.1,21,999
MX-0022,Madurai,12,0,4.4,5,999
MX-0022,Guwahati,89,24,4.7,7,999
MX-0022,Mumbai City Mall,132,0,4.5,10,999
MX-0022,Delhi City Mall,22,0,6.2,21,999
MX-0022,Bengaluru City Mall,115,0,5.9,14,999
MX-0022,Hyderabad City Mall,11,26,6.0,7,999
MX-0022,Chennai City Mall, 11 ,0,0.2,21,999
MX-0022,Kolkata City Mall,6.5,0,5.3,14,999
MX-0022,Pune City Mall,13,27,4.9,5,999
MX-0022,Ahmedabad City Mall,102,0,5.8,10,999
MX-0022,Jaipur City Mall,10,0,2.5,5,999
MX-0022,Lucknow City Mall,295,0,5.1,21,999
MX-0022,Surat City Mall,70,0,3.0,7,N/A
MX-0022,Indore City Mall,1,0,1.1,5,999
MX-0022,Nagpur City Mall,157,0,4.4,14,999
MX-0022,Kochi City Mall,269,0,7.0,14,999
MX-0022,Chandigarh City Mall,72,0,4.8,7,999
MX-0022,Bhopal City Mall,44,12,1.9,10,999
MX-0022,Patna City Mall,153,0,6.5,10,999
MX-0022,Vadodara City Mall,3,4,0.8,7,999
MX-0022,Ludhiana City Mall,131,0,3.3,14,999
MX-0022,Agra City Mall, 96 ,-3,3.3,14,999
MX-0023,Mumbai,41,0,7.6,7,1999
MX-0023,Delhi,74,0,3.6,14,1999
MX-0023,Bengaluru,36,0,6.2,5,1999
MX-0023,Hyderabad,54,0,3.1,21,1999
MX-0023,Chennai,4,4,0.4,10,1999
MX-0023,Kolkata,204,0,5.5,14,1999
MX-0023,Pune,104,0,5.1,7,1999
MX-0023,Ahmedabad,45,0,5.0,14,1999
MX-0023,Jaipur,28,24,1.7,21,1999
MX-0023,Lucknow,149,0,6.1,10,1999
MX-0023,Surat,68,0,2.3,10,1999
MX-0023,Indore,(7),0,7.1,10,1999
MX-0023,Nagpur,150,0,6.1,14,1999
MX-0023,Kochi,7,0,0.9,5,1999
MX-0023,Chandigarh,158,0,5.1,10,1999
MX-0023,Chandigarh,158,0,5.1,10,1999
MX-0023,Bhopal,5,0,2.0,14,1999
MX-0023,Patna,21,0,5.6,10,1999
MX-0023,Vadodara,11,0,7.8,10,1999
MX-0023,Ludhiana,168,0,3.7,14,1999
MX-0023,Agra,41,0,,5,1999
MX-0023,Nashik,15,0,3.8,5,1999
MX-0023,Meerut,252,0,5.1,21,1999
MX-0023,Rajkot,96,116,6.4,14,1999
MX-0023,Varanasi,27,0,6.1,5,1999
MX-0023,Amritsar,90,0,4.0,7,1999
MX-0023,Noida,150,39,3.6,14,1999
MX-0023,Gurugram,130,0,5.5,7,1999
MX-0023,Coimbatore,81,0,3.3,10,1999
MX-0023,Madurai,19,0,1.3,7,1999
MX-0023,Guwahati,2,0,2.2,7,1999
MX-0023,Mumbai City Mall,18,0,2.7,,1999
MX-0023,Delhi City Mall,98,0,7.7,7,1999
MX-0023,Bengaluru City Mall,75,25,5.7,10,1999
MX-0023,Hyderabad City Mall,37,0,4.9,7,1999
MX-0023,Chennai City Mall,69,0,1.5,14,1999
MX-0023,Kolkata City Mall,10,0,0.7,7,1999
MX-0023,Pune City Mall,333,0,7.1,21,1999
MX-0023,Ahmedabad City Mall,1,0,4.1,5,1999
MX-0023,Jaipur City Mall,11.5,0,4.1,10,1999
MX-0023,Lucknow City Mall,0,0,2.8,7,1999
MX-0023,Surat City Mall,51,0,6.3,14,1999
MX-0023,Indore City Mall,3,7,1.4,7,1999
MX-0023,Nagpur City Mall,10,0,5.2,5,1999
MX-0023,Kochi City Mall,34,36,3.9,10,1999
MX-0023,Chandigarh City Mall,97,84,7.1,10 days,1999
MX-0023,Bhopal City Mall,46,0,6.2,10,1999
MX-0023,Patna City Mall,454,0,7.9,21,1999
MX-0023,Vadodara City Mall,54,0,5.1,5,1999
MX-0023,Ludhiana City Mall,21,75,3.3,21,1999
MX-0023,Agra City Mall,264,0,7.6,14,N/A
MX-0024,Mumbai,18,0,1.6,5,499
MX-0024,Delhi,126,0,7.9,5,499
MX-0024,Bengaluru,28,0,4.9,7,499
MX-0024,Hyderabad,168,0,5.9,21,499
MX-0024,Chennai,87,53,4.1,10,499
MX-0024,Kolkata,59,48,8.0,7,499
MX-0024,Pune,135,0,6.2,21,499
MX-0024,Ahmedabad,67,53,7.5,10,499
MX-0024,Jaipur,83,0,5.1,5,499
MX-0024,Lucknow,40,0,2.4,14,499
,Surat, 27 ,0,1.9,5,499
MX-0024,Indore,44,0,2.5,7,499
MX-0024,Nagpur,69,35,5.4,7,499
MX-0024,Kochi, 29 ,0,4.7,14,499
MX-0024,Chandigarh,42,0,1.7,21,499
MX-0024,Bhopal,42,86,3.1,21,499
MX-0024,Patna,72,44,5.2,7,499
MX-0024,Vadodara,6,0,0.7,5,499
MX-0024,Ludhiana,51,0,1.6,10,499
MX-0024,Agra,3,15,0.9,14,499
MX-0024,Nashik,139,-4,4.9,10,499
MX-0024,Meerut,1,80,4.4,14,499
MX-0024,Rajkot,122,0,6.9,10,499
MX-0024,Varanasi,44,0,3.6,7,499
MX-0024,Amritsar,75,37,6.2,5,499
MX-0024,Noida,52,81,5.8,21,499
MX-0024,Gurugram, 22 ,0,0.5,14,499
MX-0024,Coimbatore,126,25,1.8,21,499
MX-0024,Madurai,67,0,1.7,14,499
MX-0024,Guwahati,79,0,3.6,7,499
MX-0024,Mumbai City Mall, 119 ,0,7.1,5,499
MX-0024,Delhi City Mall,7,0,5.7,14,499
MX-0024,Bengaluru City Mall,8,0,1.8,10,499
MX-0024,Hyderabad City Mall,118,0,3.6,14,499
MX-0024,Chennai City Mall, 29 ,0,5.2,10,499
MX-0024,Kolkata City Mall,372,156,7.5,21,499
MX-0024,Pune City Mall,318,0,6.9,21,499
MX-0024,Ahmedabad City Mall,10,0,1.3,7,499
MX-0024,Jaipur City Mall,502,153,7.2,21,499
MX-0024,Lucknow City Mall,121,0,7.3,10,499
MX-0024,Surat City Mall,37,0,4.5,7,499
MX-0024,Indore City Mall,20.5,0,3.2,10,499
MX-0024,Nagpur City Mall, 203 ,60,4.4,14,499
MX-0024,Kochi City Mall,51,0,4.6,7,499
MX-0024,Chandigarh City Mall,47,0,3.9,5,499
MX-0024,Bhopal City Mall,323,154,7.4,21,499
MX-0024,Patna City Mall,9,0,0.5,10,499
MX-0024,Vadodara City Mall,69,0,4.7,14,499
MX-0024,Ludhiana City Mall,79,66,6.3,14,499
MX-0024,Agra City Mall,7,0,0.7,10,499
MX-0025,Mumbai,(3),0,0.8,14,499
MX-0025,Delhi,11,0,0.4,10,499
MX-0025,Bengaluru,58,35,,10,499
MX-0025,Hyderabad,33,78,7.2,,499
MX-0025,Chennai,22,0,1.7,7,499
MX-0025,Kolkata,60,50,5.6,10,499
MX-0025,Pune,20,0,1.3,7,499
MX-0025,Ahmedabad,0,0,2.0,10,499
MX-0025,Jaipur,258,0,5.1,21,N/A
MX-0025,Lucknow,258,0,7.1,14,499
MX-0025,Surat,195,40,7.2,10,499
MX-0025,Indore,9,0,5.7,14,499
MX-0025,Indore,9,0,5.7,14,499
MX-0025,Nagpur, 36 ,0,3.2,5,499
MX-0025,Kochi,22,0,7.8,5,499
MX-0025,Chandigarh, 56 ,0,3.8,5,499
MX-0025,Bhopal,43,0,1.5,14,499
MX-0025,Patna,48,0,6.6,5,499
MX-0025,Vadodara,4,0,2.0,14,499
MX-0025,Ludhiana,214,0,7.2,10,499
MX-0025,Agra,28,0,4.5,5,499
MX-0025,Nashik,10,0,1.4,7,499
MX-0025,Meerut,88,0,3.8,7,499
MX-0025,Rajkot,89,0,4.9,7,499
MX-0025,Varanasi,263,0,5.6,14 days,499
MX-0025,Amritsar,237,0,6.3,14,499
MX-0025,Noida,6,0,1.5,7,499
MX-0025,Gurugram,151,0,6.3,10,499
MX-0025,Coimbatore,54,19,2.5,7,499
MX-0025,Madurai,198,0,6.6,14,499
MX-0025,Guwahati,130,0,6.6,7,499
MX-0025,Mumbai City Mall, 4 ,3,0.7,7,499
MX-0025,Delhi City Mall,12,0,2.5,10,499
MX-0025,Bengaluru City Mall,103,0,5.7,10,499
MX-0025,Hyderabad City Mall,89,0,2.2,21,499
MX-0025,Chennai City Mall,28,63,3.3,14,499
MX-0025,Kolkata City Mall,60,0,7.2,5,499
MX-0025,Pune City Mall,63,63,7.7,7,499
MX-0025,Ahmedabad City Mall, 54 ,0,2.8,7,499
MX-0025,Jaipur City Mall,158,0,6.0,21,499
MX-0025,Lucknow City Mall,45,0,3.0,10,499
MX-0025,Surat City Mall,265,0,6.7,14,499
MX-0025,Indore City Mall,15,-13,1.2,10,499
MX-0025,Nagpur City Mall,21,0,5.0,10,499
MX-0025,Kochi City Mall,102,100,7.9,14,499
MX-0025,Chandigarh City Mall,40.5,0,3.2,14,499
MX-0025,Bhopal City Mall,76,0,7.8,5,499
MX-0025,Patna City Mall,21,0,5.7,10,499
MX-0025,Vadodara City Mall,6,0,0.2,10,499
MX-0025,Ludhiana City Mall,34,45,4.8,7,499
MX-0025,Agra City Mall,6,0,0.4,5,499
MX-0026,Mumbai,20,0,1.4,10,1999
MX-0026,Delhi,21,0,4.9,5,1999
MX-0026,Bengaluru,43,0,6.7,5,1999
MX-0026,Hyderabad, 107 ,0,5.3,7,1999
MX-0026,Chennai,22,0,4.0,7,1999
MX-0026,Kolkata,23,0,5.5,7,1999
MX-0026,Pune,2,23,1.7,10,1999
MX-0026,Ahmedabad,41,0,2.7,5,1999
MX-0026,Jaipur,79,0,2.3,14,1999
MX-0026,Lucknow,20,0,3.4,5,1999
MX-0026,Surat,231,0,6.1,21,1999
,Indore,31,0,4.4,7,1999
MX-0026,Nagpur,214,0,6.0,14,1999
MX-0026,Kochi,105,21,4.6,7,1999
MX-0026,Chandigarh,53,13,1.0,21,1999
MX-0026,Bhopal,36, 13 ,2.2,7,1999
MX-0026,Patna,24,0,3.7,10,1999
MX-0026,Vadodara,6,0,2.3,5,N/A
MX-0026,Ludhiana,199,100,5.4,21,1999
MX-0026,Agra,50,0,5.0,5,1999
MX-0026,Nashik,73,0,7.2,5,1999
MX-0026,Meerut,3,0,4.1,10,1999
MX-0026,Rajkot,23,0,3.1,5,1999
MX-0026,Varanasi,30,0,3.1,5,1999
MX-0026,Amritsar,36,98,7.9,10,1999
MX-0026,Noida,122,36,6.0,7,1999
MX-0026,Gurugram,124,0,2.1,,1999
MX-0026,Coimbatore,120,0,2.7,14,1999
MX-0026,Madurai,43,0,7.6,7,1999
MX-0026,Guwahati,12, 4 ,0.3,14,1999
MX-0026,Mumbai City Mall,81,0,6.2,10,1999
MX-0026,Delhi City Mall, 207 ,161,6.8,21,1999
MX-0026,Bengaluru City Mall,9,0,1.8,5,1999
MX-0026,Hyderabad City Mall,31,21,2.7,7,1999
MX-0026,Chennai City Mall,7,0,0.4,10,1999
MX-0026,Kolkata City Mall, 13 ,0,,10,1999
MX-0026,Pune City Mall,70,0,6.9,5,1999
MX-0026,Ahmedabad City Mall,72,0,3.7,10,1999
MX-0026,Jaipur City Mall,211,0,8.0,14,1999
MX-0026,Lucknow City Mall,-6,0,3.8,10,1999
MX-0026,Surat City Mall,22,0,6.1,5,1999
MX-0026,Indore City Mall, 10 ,0,0.8,10,1999
MX-0026,Nagpur City Mall,462,64,6.9,21,1999
MX-0026,Kochi City Mall,17,0,0.3,21,1999
MX-0026,Chandigarh City Mall,87,0,4.9,21,1999
MX-0026,Bhopal City Mall,46,0,7.1,14,1999
MX-0026,Patna City Mall,15,0,1.1,5,1999
MX-0026,Vadodara City Mall,52.5,0,2.2,10,1999
MX-0026,Ludhiana City Mall,144,0,6.4,10,1999
MX-0026,Agra City Mall,75,0,5.2,5,1999
MX-0027,Mumbai,58,112,5.0,21,499
MX-0027,Delhi,2,0,2.3,10,499
MX-0027,Bengaluru,59,22,5.4,10 days,499
MX-0027,Hyderabad,93,0,2.8,10,499
MX-0027,Chennai,2,0,0.5,7,499
MX-0027,Kolkata,44,0,3.5,7,499
MX-0027,Pune,60,76,6.6,10,499
MX-0027,Ahmedabad,80,0,2.5,14,499
MX-0027,Jaipur,89,0,8.0,7,499
MX-0027,Jaipur,89,0,8.0,7,499
MX-0027,Lucknow,2,0,1.3,14,499
MX-0027,Surat,4,0,0.4,10,499
MX-0027,Indore,34,0,2.0,14,499
MX-0027,Nagpur,2,-14,0.2,7,499
MX-0027,Kochi,56,17,4.7,7,499
MX-0027,Chandigarh,291,0,6.3,14,499
MX-0027,Bhopal,25,0,1.8,5,499
MX-0027,Patna,27,0,1.4,10,499
MX-0027,Vadodara,191,0,7.2,10,499
MX-0027,Ludhiana,174,0,4.0,14,499
MX-0027,Agra,27,0,3.5,5,499
MX-0027,Nashik,158,0,7.0,7,499
MX-0027,Meerut,39,0,1.2,21,499
MX-0027,Rajkot,127,0,6.8,10,499
MX-0027,Varanasi,124,0,4.0,14,499
MX-0027,Amritsar,116,0,7.7,7,499
MX-0027,Noida,63,0,4.7,5,499
MX-0027,Gurugram,75,0,4.7,10,N/A
MX-0027,Coimbatore,34,0,2.0,7,499
MX-0027,Madurai,66,44,6.2,14,499
MX-0027,Guwahati,32,0,7.2,10,499
MX-0027,Mumbai City Mall,54,0,5.9,7,499
MX-0027,Delhi City Mall,26,0,1.7,7,499
MX-0027,Bengaluru City Mall,39,0,2.8,5,499
MX-0027,Hyderabad City Mall,129,0,4.1,14,499
MX-0027,Chennai City Mall,36,45,2.3,21,499
MX-0027,Kolkata City Mall,53,0,1.3,14,499
MX-0027,Pune City Mall,9,4,0.4,14,499
MX-0027,Ahmedabad City Mall,23,0,3.6,14,499
MX-0027,Jaipur City Mall,12,0,4.3,7,499
MX-0027,Lucknow City Mall,0,1,0.5,5,499
MX-0027,Surat City Mall,21,57,7.6,7,499
MX-0027,Indore City Mall,94,0,3.8,21,499
MX-0027,Nagpur City Mall,2,11,1.0,10,499
MX-0027,Kochi City Mall,16,0,1.1,7,499
MX-0027,Chandigarh City Mall,35,0,3.6,7,499
MX-0027,Bhopal City Mall,30,24,1.4,14,499
MX-0027,Patna City Mall, 134 ,0,5.4,10,499
MX-0027,Vadodara City Mall,39,46,5.3,14,499
MX-0027,Ludhiana City Mall,41,0,1.9,10,499
MX-0027,Agra City Mall,18,0,3.8,,499
MX-0028,Mumbai,278.5,0,7.1,21,3999
MX-0028,Delhi,3,0,3.7,10,3999
MX-0028,Bengaluru,49,0,4.2,5,3999
MX-0028,Hyderabad,4,0,0.2,7,3999
MX-0028,Chennai,304,0,7.0,14,3999
MX-0028,Kolkata, 8 ,0,0.2,21,3999
MX-0028,Pune,44,0,4.4,14,3999
MX-0028,Ahmedabad,33,0,1.1,14,3999
MX-0028,Jaipur,12,0,1.5,10,3999
MX-0028,Lucknow,27,41,2.4,21,3999
MX-0028,Surat,101,0,2.9,14,3999
MX-0028,Indore,35,0,1.1,10,3999
,Nagpur,64,0,1.2,21,3999
MX-0028,Kochi,452,120,6.6,21,3999
MX-0028,Chandigarh,12,0,0.5,21,3999
MX-0028,Bhopal,174,0,4.8,21,3999
MX-0028,Patna,79,0,2.7,21,3999
MX-0028,Vadodara,89,0,7.2,5,3999
MX-0028,Ludhiana, 3 ,0,,14,3999
MX-0028,Agra,23,9,1.7,5,3999
MX-0028,Nashik,148,0,2.6,21,3999
MX-0028,Meerut,45,0,1.8,14,3999
MX-0028,Rajkot,21,22,1.7,14,3999
MX-0028,Varanasi,12,0,0.5,21,3999
MX-0028,Amritsar,9, 67 ,2.9,21,3999
MX-0028,Noida,4,0,0.2,10,3999
MX-0028,Gurugram,13,4,0.5,14,3999
MX-0028,Coimbatore,41,0,2.7,5,3999
MX-0028,Madurai,(3),0,1.5,21,3999
MX-0028,Guwahati,71,0,6.8,7,3999
MX-0028,Mumbai City Mall,100,26,4.2,10,3999
MX-0028,Delhi City Mall,7,4,0.5,7 days,3999
MX-0028,Bengaluru City Mall,129,0,6.8,14,3999
MX-0028,Hyderabad City Mall,22,-5,1.4,10,3999
MX-0028,Chennai City Mall,2,0,1.2,10,3999
MX-0028,Kolkata City Mall,178,0,5.9,10,N/A
MX-0028,Pune City Mall,72,0,2.3,14,3999
MX-0028,Ahmedabad City Mall,17,0,1.1,5,3999
MX-0028,Jaipur City Mall,38,0,3.2,10,3999
MX-0028,Lucknow City Mall,26,12,2.3,10,3999
MX-0028,Surat City Mall,7,0,3.2,5,3999
MX-0028,Indore City Mall,207,38,6.8,10,3999
MX-0028,Nagpur City Mall,41,19,2.3,7,3999
MX-0028,Kochi City Mall,18,0,6.3,10,3999
MX-0028,Chandigarh City Mall,177,0,2.5,21,3999
MX-0028,Bhopal City Mall,134,0,4.3,10,3999
MX-0028,Patna City Mall,30,0,3.7,5,3999
MX-0028,Vadodara City Mall,17,0,0.7,21,3999
MX-0028,Ludhiana City Mall,9,0,0.5,10,3999
MX-0028,Agra City Mall,14,35,5.9,5,3999
MX-0029,Mumbai,4, 27 ,1.5,14,999
MX-0029,Delhi,27,37,5.6,5,999
MX-0029,Bengaluru,82,0,3.9,14,999
MX-0029,Hyderabad,95.5,33,2.9,21,999
MX-0029,Chennai,8,0,0.6,5,999
MX-0029,Kolkata,13,0,2.1,7,999
MX-0029,Kolkata,13,0,2.1,7,999
MX-0029,Pune,39,0,2.2,10,999
MX-0029,Ahmedabad,58,0,1.2,21,999
MX-0029,Jaipur,37,22,6.1,5,999
MX-0029,Lucknow,11,0,6.7,7,999
MX-0029,Surat,127,0,5.9,10,999
MX-0029,Indore,51,0,3.3,14,999
MX-0029,Nagpur,4,0,4.6,5,999
MX-0029,Kochi,2,0,0.4,10,999
MX-0029,Chandigarh,8,54,2.0,21,999
MX-0029,Bhopal,90,58,7.6,10,999
MX-0029,Patna,421,0,7.6,21,999
MX-0029,Vadodara,126,0,5.1,14,999
MX-0029,Ludhiana,4,0,1.8,14,999
MX-0029,Agra,103,0,4.4,7,999
MX-0029,Nashik, 51 ,0,7.9,5,999
MX-0029,Meerut,20,0,4.0,5,999
MX-0029,Rajkot,111,0,5.4,,999
MX-0029,Varanasi,36,0,1.0,14,999
MX-0029,Amritsar,25,0,3.4,5,999
MX-0029,Noida,27,0,1.9,14,999
MX-0029,Gurugram,265,0,6.3,14,999
MX-0029,Coimbatore,92,0,2.7,14,999
MX-0029,Madurai,159,74,3.3,21,999
MX-0029,Guwahati,24,0,2.1,10,999
MX-0029,Mumbai City Mall,5,0,0.4,10,999
MX-0029,Delhi City Mall,162,34,7.8,7,999
MX-0029,Bengaluru City Mall,289,0,7.2,21,999
MX-0029,Hyderabad City Mall,66,0,2.9,10,999
MX-0029,Chennai City Mall,10,0,1.3,21,999
MX-0029,Kolkata City Mall,71,21,5.7,5,999
MX-0029,Pune City Mall,38,0,5.7,14,999
MX-0029,Ahmedabad City Mall,15,0,4.7,14,999
MX-0029,Jaipur City Mall,105,0,7.7,7,999
MX-0029,Lucknow City Mall, 48 ,31,5.0,5,999
MX-0029,Surat City Mall,97,0,6.3,14,999
MX-0029,Indore City Mall,54,30,3.2,7,999
MX-0029,Nagpur City Mall,104,0,4.9,21,999
MX-0029,Kochi City Mall,236,141,5.1,21,999
MX-0029,Chandigarh City Mall,72,79,4.4,21,N/A
MX-0029,Bhopal City Mall,337,0,5.2,21,999
MX-0029,Patna City Mall,113, 30 ,2.4,14,999
MX-0029,Vadodara City Mall,183,0,4.0,14,999
MX-0029,Ludhiana City Mall,61,0,1.0,21,999
MX-0029,Agra City Mall,27,0,3.5,5,999
MX-0030,Mumbai, 29 ,0,3.9,5,199
MX-0030,Delhi,7,0,,21,199
MX-0030,Bengaluru,8,0,6.9,7,199
MX-0030,Hyderabad,23,0,1.6,7,199
MX-0030,Chennai, 19 ,-9,0.9,14,199
MX-0030,Kolkata,143,0,7.4,14,199
MX-0030,Pune,139.5,48,3.0,14,199
MX-0030,Ahmedabad,31,0,6.7,5,199
MX-0030,Jaipur,438,209,7.7,21,199
MX-0030,Lucknow,257,96,7.0,14,199
MX-0030,Surat, 88 ,0,3.8,10 days,199
MX-0030,Indore,123,0,7.7,5,199
MX-0030,Nagpur,31,0,6.1,10,199
,Kochi,24,0,2.0,21,199
MX-0030,Chandigarh,19,0,3.3,7,199
MX-0030,Bhopal,78,50,3.3,21,199
MX-0030,Patna,398,0,7.8,21,199
MX-0030,Vadodara,(7),0,6.4,14,199
MX-0030,Ludhiana,152,0,8.0,10,199
MX-0030,Agra,42,0,0.6,21,199
MX-0030,Nashik,156,0,7.1,10,199
MX-0030,Meerut, 255 ,59,4.4,21,199
MX-0030,Rajkot,61,0,4.8,14,199
MX-0030,Varanasi, 36 ,0,6.4,7,199
MX-0030,Amritsar,260,0,6.5,14,199
MX-0030,Noida,67,0,1.3,21,199
MX-0030,Gurugram,24,0,4.4,5,199
MX-0030,Coimbatore,39,0,7.8,14,199
MX-0030,Madurai,152,0,7.8,7,199
MX-0030,Guwahati,246,59,6.9,21,199
MX-0030,Mumbai City Mall,61,0,6.3,5,199
MX-0030,Delhi City Mall,58,0,1.1,21,199
MX-0030,Bengaluru City Mall,167,73,6.0,21,199
MX-0030,Hyderabad City Mall,213,0,5.2,14,199
MX-0030,Chennai City Mall,324,49,7.4,14,199
MX-0030,Kolkata City Mall, 44 ,0,3.4,5,199
MX-0030,Pune City Mall,207,0,5.8,21,199
MX-0030,Ahmedabad City Mall,72,0,5.3,5,199
MX-0030,Jaipur City Mall,336,0,7.9,14,199
MX-0030,Lucknow City Mall,49,0,2.6,10,199
MX-0030,Surat City Mall,154,53,7.4,7,199
MX-0030,Indore City Mall,52,13,5.0,5,199
MX-0030,Nagpur City Mall,8,0,5.5,7,199
MX-0030,Kochi City Mall,125,0,2.7,14,199
MX-0030,Chandigarh City Mall,37,0,7.7,21,199
MX-0030,Bhopal City Mall,259,0,5.5,,199
MX-0030,Patna City Mall,45,0,2.6,21,199
MX-0030,Vadodara City Mall,114,0,6.3,10,199
MX-0030,Ludhiana City Mall,18,0,0.7,10,199
MX-0030,Agra City Mall,57,30,2.5,10,199
MX-0031,Mumbai,78,0,1.2,21,3999
MX-0031,Delhi,15,0,5.0,14,3999
MX-0031,Bengaluru,92,0,7.5,21,3999
MX-0031,Bengaluru,92,0,7.5,21,3999
MX-0031,Hyderabad,20,0,7.1,5,N/A
MX-0031,Chennai,7,0,2.6,14,3999
MX-0031,Kolkata,4,25,4.9,7,3999
MX-0031,Pune,217,0,6.3,14,3999
MX-0031,Ahmedabad,34,66,3.2,21,3999
MX-0031,Jaipur,79,0,2.0,14,3999
MX-0031,Lucknow,262.5,0,5.7,21,3999
MX-0031,Surat,13,0,0.9,5,3999
MX-0031,Indore,142,113,5.9,14,3999
MX-0031,Nagpur,305,0,7.4,14,3999
MX-0031,Kochi,38,0,4.4,5,3999
MX-0031,Chandigarh,8,0,0.6,7,3999
MX-0031,Bhopal,89,42,6.1,5,3999
MX-0031,Patna, 15 ,17,1.3,14,3999
MX-0031,Vadodara,75,35,7.3,5,3999
MX-0031,Ludhiana,36,0,5.7,7,3999
MX-0031,Agra,56,0,5.0,21,3999
MX-0031,Nashik,29,0,3.0,5,3999
MX-0031,Meerut,197,0,7.2,21,3999
MX-0031,Rajkot,7,0,2.9,14,3999
MX-0031,Varanasi,103,0,5.3,14,3999
MX-0031,Amritsar,189,0,8.0,7,3999
MX-0031,Noida,137,-19,4.9,21,3999
MX-0031,Gurugram,37,49,2.6,21,3999
MX-0031,Coimbatore,18,9,1.2,7,3999
MX-0031,Madurai,148,0,7.1,10,3999
MX-0031,Guwahati,19,0,1.2,7,3999
MX-0031,Mumbai City Mall,200,0,3.0,21,3999
MX-0031,Delhi City Mall,0,0,2.8,10,3999
MX-0031,Bengaluru City Mall,134,0,7.4,10,3999
MX-0031,Hyderabad City Mall,43,0,2.3,7,3999
MX-0031,Chennai City Mall,78,0,,10,3999
MX-0031,Kolkata City Mall,198,0,4.8,21,3999
MX-0031,Pune City Mall,83,0,4.5,14,3999
MX-0031,Ahmedabad City Mall,56,0,4.0,21,3999
MX-0031,Jaipur City Mall, 4 ,0,2.4,5,3999
MX-0031,Lucknow City Mall,212,0,4.7,14 days,3999
MX-0031,Surat City Mall,10,0,1.3,10,3999
MX-0031,Indore City Mall,61,0,7.1,5,3999
MX-0031,Nagpur City Mall,32,0,2.0,14,3999
MX-0031,Kochi City Mall,145,45,6.6,10,3999
MX-0031,Chandigarh City Mall,40,0,7.4,10,3999
MX-0031,Bhopal City Mall,86,0,5.2,7,3999
MX-0031,Patna City Mall,89,0,7.1,7,3999
MX-0031,Vadodara City Mall,38,0,2.1,21,3999
MX-0031,Ludhiana City Mall,100,0,7.8,7,3999
MX-0031,Agra City Mall,30,0,7.4,5,3999
MX-0032,Mumbai,7,0,7.7,7,199
MX-0032,Delhi,128,0,6.5,21,199
MX-0032,Bengaluru,12,0,1.4,5,199
MX-0032,Hyderabad,41,7,0.9,21,199
MX-0032,Chennai,13,0,5.9,5,199
MX-0032,Kolkata,201,0,7.7,14,199
MX-0032,Pune,(9),23,2.9,7,199
MX-0032,Ahmedabad,17,0,3.0,14,199
MX-0032,Jaipur,3,0,0.4,5,199
MX-0032,Lucknow,86,37,2.3,21,199
MX-0032,Surat,4,0,3.8,5,199
MX-0032,Indore,265,40,6.9,14,199
MX-0032,Nagpur,23.5,54,6.7,7,N/A
MX-0032,Kochi,133,122,7.7,21,199
,Chandigarh,38,0,1.0,14,199
MX-0032,Bhopal,98,0,6.9,5,199
MX-0032,Patna,7,0,0.4,10,199
MX-0032,Vadodara,2,0,3.3,5,199
MX-0032,Ludhiana,113,0,4.5,,199
MX-0032,Agra,308, 174 ,6.7,21,199
MX-0032,Nashik,98,0,7.4,5,199
MX-0032,Meerut,31,0,1.8,21,199
MX-0032,Rajkot,148,48,6.7,7,199
MX-0032,Varanasi,110,0,6.9,5,199
MX-0032,Amritsar,51,0,5.3,5,199
MX-0032,Noida,5,0,1.0,21,199
MX-0032,Gurugram, 115 ,0,6.3,21,199
MX-0032,Coimbatore,3,0,4.8,14,199
MX-0032,Madurai,165,0,2.7,21,199
MX-0032,Guwahati,57, 167 ,6.3,21,199
MX-0032,Mumbai City Mall,5,0,0.8,5,199
MX-0032,Delhi City Mall,134,0,7.3,21,199
MX-0032,Bengaluru City Mall,36,0,2.8,5,199
MX-0032,Hyderabad City Mall,1,0,3.8,10,199
MX-0032,Chennai City Mall,35,10,2.2,5,199
MX-0032,Kolkata City Mall,202,0,7.6,10,199
MX-0032,Pune City Mall,1,12,1.5,10,199
MX-0032,Ahmedabad City Mall,240,0,7.1,10,199
MX-0032,Jaipur City Mall,5,0,0.5,21,199
MX-0032,Lucknow City Mall,32,19,1.1,21,199
MX-0032,Surat City Mall,7,0,0.2,14,199
MX-0032,Indore City Mall,373,0,6.1,21,199
MX-0032,Nagpur City Mall,215,0,3.9,21,199
MX-0032,Kochi City Mall,65,0,6.8,5,199
MX-0032,Chandigarh City Mall,6,0,0.7,5,199
MX-0032,Bhopal City Mall,21,0,1.6,5,199
MX-0032,Patna City Mall,194,-7,6.2,21,199
MX-0032,Vadodara City Mall,51,0,7.2,21,199
MX-0032,Ludhiana City Mall,82,0,3.5,10,199
MX-0032,Agra City Mall,9,0,2.1,5,199
MX-0032,Agra City Mall,9,0,2.1,5,199
MX-0033,Mumbai,76,37,3.2,21,1999
MX-0033,Delhi,130,58,6.7,10,1999
MX-0033,Bengaluru,147,38,3.3,14,1999
MX-0033,Hyderabad,135,0,5.0,10,1999
MX-0033,Chennai,91,0,5.0,21,1999
MX-0033,Kolkata,1,0,0.3,5,1999
MX-0033,Pune,4,0,0.3,10,1999
MX-0033,Ahmedabad,65,0,5.4,10,1999
MX-0033,Jaipur,0,0,2.2,7,1999
MX-0033,Lucknow,114,0,3.4,10,1999
MX-0033,Surat,4,0,7.3,7,1999
MX-0033,Indore,272,0,4.9,21,1999
MX-0033,Nagpur,67,0,7.8,5,1999
MX-0033,Kochi,13,10,1.6,5,1999
MX-0033,Chandigarh,3,0,2.2,5,1999
MX-0033,Bhopal,87.5,0,2.9,14,1999
MX-0033,Patna,49,0,0.8,21,1999
MX-0033,Vadodara,42,0,,5,1999
MX-0033,Ludhiana,139,0,7.3,7 days,1999
MX-0033,Agra,65,51,7.5,5,1999
MX-0033,Nashik,79,0,3.5,10,1999
MX-0033,Meerut,4,0,0.2,14,N/A
MX-0033,Rajkot,87,0,5.7,7,1999
MX-0033,Varanasi,97,32,7.3,7,1999
MX-0033,Amritsar,54,38,4.8,7,1999
MX-0033,Noida,9,0,0.6,5,1999
MX-0033,Gurugram,93,21,2.4,14,1999
MX-0033,Coimbatore,75,0,2.5,14,1999
MX-0033,Madurai,2,0,6.3,5,1999
MX-0033,Guwahati, 49 ,0,1.9,10,1999
MX-0033,Mumbai City Mall,5,5,0.9,5,1999
MX-0033,Delhi City Mall,66,0,6.7,7,1999
MX-0033,Bengaluru City Mall,198,0,7.9,10,1999
MX-0033,Hyderabad City Mall,89,27,2.1,14,1999
MX-0033,Chennai City Mall,22,0,1.4,5,1999
MX-0033,Kolkata City Mall,69,27,1.5,14,1999
MX-0033,Pune City Mall,139,27,4.8,14,1999
MX-0033,Ahmedabad City Mall,71,0,4.7,14,1999
MX-0033,Jaipur City Mall,1,0,0.8,5,1999
MX-0033,Lucknow City Mall,216,71,3.5,21,1999
MX-0033,Surat City Mall,34,0,5.6,5,1999
MX-0033,Indore City Mall,249,0,3.9,,1999
MX-0033,Nagpur City Mall,34,6,3.1,5,1999
MX-0033,Kochi City Mall,366,0,7.4,21,1999
MX-0033,Chandigarh City Mall,96,0,7.7,5,1999
MX-0033,Bhopal City Mall,(4),0,2.6,10,1999
MX-0033,Patna City Mall,116,0,6.8,14,1999
MX-0033,Vadodara City Mall,3,9,0.8,10,1999
MX-0033,Ludhiana City Mall, 43 ,0,2.6,14,1999
MX-0033,Agra City Mall,219,0,7.0,10,1999
MX-0034,Mumbai,160,0,5.1,10,999
MX-0034,Delhi,135,0,6.8,10,999
MX-0034,Bengaluru,60,0,7.8,10,999
MX-0034,Hyderabad,100,0,7.7,14,999
MX-0034,Chennai,29,79,5.3,14,999
MX-0034,Kolkata,109,0,2.3,21,999
MX-0034,Pune,15,3,0.9,5,999
MX-0034,Ahmedabad,37,0,7.0,14,999
MX-0034,Jaipur,54,0,1.3,14,999
MX-0034,Lucknow,258,0,3.7,21,999
MX-0034,Surat,6,0,0.6,5,999
MX-0034,Indore,24,0,1.9,5,999
MX-0034,Nagpur,19,0,2.4,5,999
MX-0034,Kochi,1,0,3.3,21,999
MX-0034,Chandigarh,40,0,5.2,10,999
,Bhopal,24,0,4.2,10,999
MX-0034,Patna,57,0,2.7,7,999
MX-0034,Vadodara,127,-4,5.4,14,999
MX-0034,Ludhiana,32.5,22,7.5,5,999
MX-0034,Agra,20,0,1.0,7,999
MX-0034,Nashik,31, 9 ,3.4,5,999
MX-0034,Meerut,2,0,2.5,7,999
MX-0034,Rajkot,66,0,2.1,14,999
MX-0034,Varanasi,29,0,1.3,10,999
MX-0034,Amritsar,71,15,4.5,5,999
MX-0034,Noida,125,0,7.2,14,999
MX-0034,Gurugram, 40 ,0,0.6,21,999
MX-0034,Coimbatore,118,0,3.9,21,999
MX-0034,Madurai,5,0,0.7,10,999
MX-0034,Guwahati,7,7,2.7,5,999
MX-0034,Mumbai City Mall,49,0,3.9,5,N/A
MX-0034,Delhi City Mall,5,0,0.3,7,999
MX-0034,Bengaluru City Mall, 33 ,92,7.1,10,999
MX-0034,Hyderabad City Mall,213,0,4.6,14,999
MX-0034,Chennai City Mall,96,0,5.4,14,999
MX-0034,Kolkata City Mall,28,0,5.6,14,999
MX-0034,Pune City Mall,54,0,4.7,5,999
MX-0034,Ahmedabad City Mall,9,0,3.2,5,999
MX-0034,Jaipur City Mall,182,0,7.5,10,999
MX-0034,Lucknow City Mall,235,0,5.1,14,999
MX-0034,Surat City Mall,333,0,6.7,21,999
MX-0034,Indore City Mall,295,0,7.5,21,999
MX-0034,Nagpur City Mall,213,0,5.4,21,999
MX-0034,Kochi City Mall,76,0,1.4,21,999
MX-0034,Chandigarh City Mall,60,0,1.8,10,999
MX-0034,Bhopal City Mall,66,0,4.5,14,999
MX-0034,Patna City Mall,88,0,4.8,7,999
MX-0034,Patna City Mall,88,0,4.8,7,999
MX-0034,Vadodara City Mall,46,0,4.0,7 days,999
MX-0034,Ludhiana City Mall,20,0,2.5,5,999
MX-0034,Agra City Mall,55,0,3.2,21,999
MX-0035,Mumbai,82,0,,14,1999
MX-0035,Delhi,10,0,4.0,14,1999
MX-0035,Bengaluru,15,0,4.0,7,1999
MX-0035,Hyderabad,133,48,2.3,21,1999
MX-0035,Chennai,79,0,4.2,7,1999
MX-0035,Kolkata,41, 40 ,3.6,10,1999
MX-0035,Pune,56,0,3.3,10,1999
MX-0035,Ahmedabad,191,0,7.1,10,1999
MX-0035,Jaipur,66,0,4.3,10,1999
MX-0035,Lucknow,175,0,3.5,21,1999
MX-0035,Surat,133,0,7.6,7,1999
MX-0035,Indore,118,0,2.5,21,1999
MX-0035,Nagpur,5,0,0.9,14,1999
MX-0035,Kochi,8,0,3.6,5,1999
MX-0035,Chandigarh,53,24,3.7,,1999
MX-0035,Bhopal,125,67,5.4,10,1999
MX-0035,Patna,82,32,1.8,21,1999
MX-0035,Vadodara,10,0,1.1,5,1999
MX-0035,Ludhiana,6,0,2.2,14,1999
MX-0035,Agra,118,0,6.7,7,1999
MX-0035,Nashik,47,0,2.8,21,1999
MX-0035,Meerut,96.5,27,3.1,10,1999
MX-0035,Rajkot,76,12,6.0,5,1999
MX-0035,Varanasi,87,30,2.8,21,1999
MX-0035,Amritsar,201,120,4.6,21,1999
MX-0035,Noida,17,4,0.5,14,1999
MX-0035,Gurugram,215,0,7.3,14,1999
MX-0035,Coimbatore,101,0,1.9,21,1999
MX-0035,Madurai, 22 ,0,0.7,21,1999
MX-0035,Guwahati,126,0,6.5,7,1999
MX-0035,Mumbai City Mall,29,0,2.8,5,1999
MX-0035,Delhi City Mall,19,0,1.4,7,1999
MX-0035,Bengaluru City Mall,253,0,7.1,21,1999
MX-0035,Hyderabad City Mall,6,0,4.3,14,1999
MX-0035,Chennai City Mall,-4,0,0.4,5,1999
MX-0035,Kolkata City Mall, 21 ,0,2.0,10,1999
MX-0035,Pune City Mall,13,0,0.5,10,1999
MX-0035,Ahmedabad City Mall,324,0,5.1,21,1999
MX-0035,Jaipur City Mall,24,-1,1.4,10,1999
MX-0035,Lucknow City Mall,184,0,5.1,21,N/A
MX-0035,Surat City Mall,149,26,5.7,10,1999
MX-0035,Indore City Mall, 76 ,0,4.8,14,1999
MX-0035,Nagpur City Mall,38,0,4.0,5,1999
MX-0035,Kochi City Mall,70,0,7.6,14,1999
MX-0035,Chandigarh City Mall,41,0,4.3,5,1999
MX-0035,Bhopal City Mall,34,0,4.3,10,1999
MX-0035,Patna City Mall,223, 128 ,6.7,14,1999
MX-0035,Vadodara City Mall,17,0,7.9,7,1999
MX-0035,Ludhiana City Mall,4,0,4.6,14,1999
MX-0035,Agra City Mall, 96 ,41,1.9,21,1999
MX-0036,Mumbai,36,0,6.3,7,199
MX-0036,Delhi,305,0,5.5,21,199
MX-0036,Bengaluru,105,0,7.9,7,199
MX-0036,Hyderabad,269,0,4.9,21,199
MX-0036,Chennai,49,100,3.6,21,199
MX-0036,Kolkata,4,0,1.6,21,199
MX-0036,Pune,60,0,5.5,14,199
MX-0036,Ahmedabad,32,0,4.0,7,199
MX-0036,Jaipur,15,0,1.0,21,199
MX-0036,Lucknow, 70 ,0,6.6,5,199
MX-0036,Surat,24,0,0.8,21,199
MX-0036,Indore,78,12,3.7,7,199
MX-0036,Nagpur,17,9,0.9,10,199
MX-0036,Kochi,165,0,5.1,14,199
MX-0036,Chandigarh,111,0,7.0,5,199
MX-0036,Bhopal,18,0,4.6,10,199
,Patna,10,0,1.3,5,199
MX-0036,Vadodara,61,0,4.3,5,199
MX-0036,Ludhiana, 31 ,0,7.0,7,199
MX-0036,Agra,23,6,1.8,7,199
MX-0036,Nashik,101,0,3.6,21,199
MX-0036,Meerut,87,0,3.8,14,199
MX-0036,Rajkot,27,0,4.0,21,199
MX-0036,Varanasi,47,0,4.9,5,199
MX-0036,Amritsar,28.5,0,1.0,21,199
MX-0036,Noida,0,0,2.0,5,199
MX-0036,Gurugram,74,0,4.8,21 days,199
MX-0036,Coimbatore,44,0,5.2,7,199
MX-0036,Madurai,6,12,2.2,10,199
MX-0036,Guwahati,226,48,6.8,10,199
MX-0036,Mumbai City Mall,23,0,2.0,10,199
MX-0036,Delhi City Mall,140,0,6.3,7,199
MX-0036,Bengaluru City Mall,5,0,0.8,5,199
MX-0036,Hyderabad City Mall,51,0,,7,199
MX-0036,Chennai City Mall,229,0,5.6,14,199
MX-0036,Kolkata City Mall,126,0,6.0,7,199
MX-0036,Pune City Mall,117,0,4.1,14,199
MX-0036,Ahmedabad City Mall,133,0,3.7,,199
MX-0036,Jaipur City Mall,23,12,1.5,7,199
MX-0036,Lucknow City Mall,0,0,3.5,5,199
MX-0036,Surat City Mall,17,0,1.5,14,199
MX-0036,Indore City Mall, 33 ,0,1.2,10,199
MX-0036,Nagpur City Mall,188,0,7.5,14,199
MX-0036,Kochi City Mall, 16 ,0,1.3,14,199
MX-0036,Kochi City Mall, 16 ,0,1.3,14,199
MX-0036,Chandigarh City Mall,29,34,1.2,21,199
MX-0036,Bhopal City Mall,7,0,2.0,7,199
MX-0036,Patna City Mall, 35 ,12,2.1,7,199
MX-0036,Vadodara City Mall,20,0,1.8,21,199
MX-0036,Ludhiana City Mall,14,14,2.3,10,N/A
MX-0036,Agra City Mall,73,0,2.6,21,199
MX-0037,Mumbai,9,7,2.2,5,999
MX-0037,Delhi,1,0,0.4,5,999
MX-0037,Bengaluru,37,38,5.1,14,999
MX-0037,Hyderabad,376,0,7.6,21,999
MX-0037,Chennai,7,19,2.5,10,999
MX-0037,Kolkata,79,0,5.6,10,999
MX-0037,Pune,40,0,3.6,7,999
MX-0037,Ahmedabad,55,0,4.1,7,999
MX-0037,Jaipur,61,0,4.7,14,999
MX-0037,Lucknow,44,-5,1.7,14,999
MX-0037,Surat,90,0,6.1,10,999
MX-0037,Indore,52,17,4.4,7,999
MX-0037,Nagpur,147,0,6.1,10,999
MX-0037,Kochi,172,0,7.6,7,999
MX-0037,Chandigarh,4,19,2.4,14,999
MX-0037,Bhopal,13,4,1.2,5,999
MX-0037,Patna,47,21,1.6,10,999
MX-0037,Vadodara,37,0,3.7,10,999
MX-0037,Ludhiana,52,0,4.3,10,999
MX-0037,Agra,8,0,2.8,21,999
MX-0037,Nashik,15,27,2.0,10,999
MX-0037,Meerut,298,0,5.5,21,999
MX-0037,Rajkot,222,76,5.1,14,999
MX-0037,Varanasi,(8),0,6.9,7,999
MX-0037,Amritsar,1,0,0.4,7,999
MX-0037,Noida,3,0,0.5,5,999
MX-0037,Gurugram,2,7,1.2,7,999
MX-0037,Coimbatore,1.5,0,2.1,7,999
MX-0037,Madurai,70,0,5.0,7,999
MX-0037,Guwahati,56,0,3.3,5,999
MX-0037,Mumbai City Mall,29,0,1.6,14,999
MX-0037,Delhi City Mall, 26 ,0,7.5,5,999
MX-0037,Bengaluru City Mall,435,111,6.7,21,999
MX-0037,Hyderabad City Mall, 20 ,0,1.3,5,999
MX-0037,Chennai City Mall,0,0,1.4,7,999
MX-0037,Kolkata City Mall,129,0,2.3,21,999
MX-0037,Pune City Mall,21,0,0.5,14,999
MX-0037,Ahmedabad City Mall,92,62,7.1,7,999
MX-0037,Jaipur City Mall, 118 ,0,6.3,14,999
MX-0037,Lucknow City Mall,15,0,0.7,7,999
MX-0037,Surat City Mall,9,0,0.6,5,999
MX-0037,Indore City Mall,16,12,2.2,5,999
MX-0037,Nagpur City Mall,26,0,7.0,5,999
MX-0037,Kochi City Mall,158,0,7.2,14,999
MX-0037,Chandigarh City Mall,19,0,3.4,5,999
MX-0037,Bhopal City Mall,56,14,3.8,5,999
MX-0037,Patna City Mall,77, 27 ,6.0,7,999
MX-0037,Vadodara City Mall,71,0,7.5,7,999
MX-0037,Ludhiana City Mall,246,0,5.3,21,999
MX-0037,Agra City Mall,32,0,1.7,7,999
MX-0038,Mumbai,74,0,6.4,5,3999
MX-0038,Delhi,138,0,7.8,14,3999
MX-0038,Bengaluru,164,41,3.1,21,3999
MX-0038,Hyderabad,73,20,2.9,10,3999
MX-0038,Chennai,68,0,7.0,7,3999
MX-0038,Kolkata,165,55,5.8,10 days,3999
MX-0038,Pune,91,0,2.2,14,3999
MX-0038,Ahmedabad,105,0,6.4,14,N/A
MX-0038,Jaipur,51,0,2.8,10,3999
MX-0038,Lucknow,39,0,2.4,5,3999
MX-0038,Surat,164,141,5.0,,3999
MX-0038,Indore,12,8,2.0,5,3999
MX-0038,Nagpur,176,0,6.7,10,3999
MX-0038,Kochi,120,0,5.9,21,3999
MX-0038,Chandigarh,17,32,5.0,10,3999
MX-0038,Bhopal,39,50,2.0,21,3999
MX-0038,Patna,44,14,,14,3999
,Vadodara,1,0,1.9,21,3999
MX-0038,Ludhiana,13,19,1.2,14,3999
MX-0038,Agra,122,0,3.3,14,3999
MX-0038,Nashik,170,0,7.2,21,3999
MX-0038,Meerut,69,68,7.4,21,3999
MX-0038,Rajkot,4,0,2.7,10,3999
MX-0038,Varanasi,409,95,6.7,21,3999
MX-0038,Amritsar,7,0,7.6,7,3999
MX-0038,Noida, 34 ,0,2.3,14,3999
MX-0038,Gurugram,108,0,7.4,5,3999
MX-0038,Coimbatore,101,0,5.3,21,3999
MX-0038,Madurai,85,0,4.4,7,3999
MX-0038,Guwahati,64,21,3.9,5,3999
MX-0038,Mumbai City Mall,27.5,-9,1.0,14,3999
MX-0038,Delhi City Mall,71,0,3.3,14,3999
MX-0038,Bengaluru City Mall,19,0,2.1,7,3999
MX-0038,Hyderabad City Mall, 211 ,0,6.5,10,3999
MX-0038,Chennai City Mall,50,0,1.6,21,3999
MX-0038,Kolkata City Mall,11,0,0.5,7,3999
MX-0038,Pune City Mall,372,77,5.4,21,3999
MX-0038,Ahmedabad City Mall,279,0,7.6,21,3999
MX-0038,Jaipur City Mall,7,0,5.7,7,3999
MX-0038,Lucknow City Mall,65,0,5.4,14,3999
MX-0038,Surat City Mall,150,0,7.3,7,3999
MX-0038,Surat City Mall,150,0,7.3,7,3999
MX-0038,Indore City Mall,106,0,1.7,21,3999
MX-0038,Nagpur City Mall,2,0,0.3,7,3999
MX-0038,Kochi City Mall,132,0,6.8,7,3999
MX-0038,Chandigarh City Mall,18,0,1.8,10,3999
MX-0038,Bhopal City Mall,2,0,7.8,7,3999
MX-0038,Patna City Mall,72,0,3.6,14,3999
MX-0038,Vadodara City Mall,36,0,2.0,7,3999
MX-0038,Ludhiana City Mall,42,0,5.2,14,3999
MX-0038,Agra City Mall,49,14,7.0,5,3999
MX-0039,Mumbai,9,0,1.1,5,199
MX-0039,Delhi,86,36,7.6,7,199
MX-0039,Bengaluru,95,0,5.9,21,199
MX-0039,Hyderabad,41,0,5.6,5,199
MX-0039,Chennai, 31 ,0,5.4,5,199
MX-0039,Kolkata,66,0,4.5,7,199
MX-0039,Pune,176,0,5.4,14,199
MX-0039,Ahmedabad,11,10,2.6,5,199
MX-0039,Jaipur,51,45,3.6,14,199
MX-0039,Lucknow,34,0,3.3,7,199
MX-0039,Surat,33,28,3.1,7,199
MX-0039,Indore,45,24,1.9,10,199
MX-0039,Nagpur,-6,0,2.1,21,199
MX-0039,Kochi,29,0,4.3,5,199
MX-0039,Chandigarh,68,0,6.6,21,199
MX-0039,Bhopal,0,12,3.4,5,199
MX-0039,Patna,5,0,1.0,7,N/A
MX-0039,Vadodara,205,0,7.6,10,199
MX-0039,Ludhiana,25,0,5.7,7,199
MX-0039,Agra,44,0,1.4,10,199
MX-0039,Nashik,98,0,7.0,21,199
MX-0039,Meerut,11,0,2.9,10,199
MX-0039,Rajkot,322,0,4.7,21,199
MX-0039,Varanasi,11,0,2.9,14,199
MX-0039,Amritsar,120,0,7.9,14,199
MX-0039,Noida,14,0,1.8,5,199
MX-0039,Gurugram,23,0,1.4,7,199
MX-0039,Coimbatore,8,0,4.7,10,199
MX-0039,Madurai,166,0,6.4,21,199
MX-0039,Guwahati,160,0,5.2,10,199
MX-0039,Mumbai City Mall,117,59,5.7,10,199
MX-0039,Delhi City Mall,6,0,3.5,7,199
MX-0039,Bengaluru City Mall,2,0,1.1,10,199
MX-0039,Hyderabad City Mall,110.5,0,5.8,,199
MX-0039,Chennai City Mall,40,0,2.9,5 days,199
MX-0039,Kolkata City Mall,29,0,4.7,5,199
MX-0039,Pune City Mall, 22 , 12 ,1.2,10,199
MX-0039,Ahmedabad City Mall,152,153,6.1,21,199
MX-0039,Jaipur City Mall,29,0,0.9,21,199
MX-0039,Lucknow City Mall,306,0,5.9,21,199
MX-0039,Surat City Mall,48,29,1.8,21,199
MX-0039,Indore City Mall,28,0,1.4,14,199
MX-0039,Nagpur City Mall,54,0,3.0,14,199
MX-0039,Kochi City Mall,42,0,3.1,5,199
MX-0039,Chandigarh City Mall,21,0,1.8,14,199
MX-0039,Bhopal City Mall, 294 ,0,4.9,21,199
MX-0039,Patna City Mall,36,0,4.9,5,199
MX-0039,Vadodara City Mall,5,2,0.3,7,199
MX-0039,Ludhiana City Mall, 318 ,0,7.4,14,199
MX-0039,Agra City Mall,10,0,,5,199
MX-0040,Mumbai,40,0,5.6,7,1999
MX-0040,Delhi,97,-16,6.4,7,1999
MX-0040,Bengaluru,276,0,5.7,21,1999
MX-0040,Hyderabad,138,0,6.2,14,1999
MX-0040,Chennai,81,0,6.0,7,1999
MX-0040,Kolkata,50, 62 ,4.1,14,1999
MX-0040,Pune,75,0,5.5,5,1999
MX-0040,Ahmedabad,135,0,7.4,7,1999
MX-0040,Jaipur,17,0,0.6,10,1999
MX-0040,Lucknow,32,12,3.3,5,1999
MX-0040,Surat,2,0,0.7,7,1999
MX-0040,Indore,79,0,3.0,14,1999
MX-0040,Nagpur,2,0,2.7,21,1999
MX-0040,Kochi,145,39,6.3,10,1999
MX-0040,Chandigarh, 80 ,0,6.1,5,1999
MX-0040,Bhopal,13,0,0.3,14,1999
MX-0040,Patna,20,0,4.4,10,1999
MX-0040,Vadodara,11,9,1.4,10,1999
,Ludhiana,2,4,0.3,14,1999
MX-0040,Agra,2,0,1.7,5,1999
MX-0040,Nashik,432,58,6.1,21,1999
MX-0040,Meerut,1,0,1.1,5,1999
MX-0040,Rajkot,63,0,2.6,21,1999
MX-0040,Varanasi,129,45,6.4,7,1999
MX-0040,Amritsar,31,35,3.3,10,1999
MX-0040,Noida,142,72,7.9,7,N/A
MX-0040,Gurugram,195,0,7.6,21,1999
MX-0040,Coimbatore,134,57,5.6,10,1999
MX-0040,Madurai,24,0,1.8,10,1999
MX-0040,Guwahati,17,0,1.4,5,1999
MX-0040,Mumbai City Mall,28,0,4.8,5,1999
MX-0040,Delhi City Mall,22,0,6.4,10,1999
MX-0040,Bengaluru City Mall,84,80,2.8,21,1999
MX-0040,Hyderabad City Mall, 6 ,0,3.2,14,1999
MX-0040,Chennai City Mall,62,36,5.6,5,1999
MX-0040,Kolkata City Mall,290,0,5.1,21,1999
MX-0040,Pune City Mall,108.5,0,7.9,10,1999
MX-0040,Ahmedabad City Mall,35,0,3.0,7,1999
MX-0040,Ahmedabad City Mall,35,0,3.0,7,1999
MX-0040,Jaipur City Mall,63,0,1.4,14,1999
MX-0040,Lucknow City Mall,8,0,1.7,21,1999
MX-0040,Surat City Mall,29,0,5.7,14,1999
MX-0040,Indore City Mall,8,2,0.3,10,1999
MX-0040,Nagpur City Mall,19,5,1.9,7,1999
MX-0040,Kochi City Mall, 9 ,0,0.4,14,1999
MX-0040,Chandigarh City Mall, 32 ,19,2.0,10,1999
MX-0040,Bhopal City Mall,21,61,7.8,7,1999
MX-0040,Patna City Mall,39,0,3.0,10,1999
MX-0040,Vadodara City Mall,43,24,2.6,10,1999
MX-0040,Ludhiana City Mall,1,0,0.7,5,1999
MX-0040,Agra City Mall,124,0,5.2,10,1999
MX-0041,Mumbai,97,0,3.1,14,499
MX-0041,Delhi,(1),0,0.7,21,499
MX-0041,Bengaluru,29,0,6.1,21,499
MX-0041,Hyderabad,186,0,6.6,21,499
MX-0041,Chennai,14,0,4.1,5,499
MX-0041,Kolkata,3,0,4.4,7,499
MX-0041,Pune,227,0,4.2,,499
MX-0041,Ahmedabad,6,0,2.1,14,499
MX-0041,Jaipur,144,0,3.6,14,499
MX-0041,Lucknow,37,0,1.2,14,499
MX-0041,Surat,1,0,2.7,5,499
MX-0041,Indore,26,0,5.3,10,499
MX-0041,Nagpur,250,0,6.6,21,499
MX-0041,Kochi,4,2,0.4,5 days,499
MX-0041,Chandigarh,12,5,1.2,5,499
MX-0041,Bhopal,238,0,6.6,21,499
MX-0041,Patna,87,0,3.8,14,499
MX-0041,Vadodara,333,0,5.1,21,499
MX-0041,Ludhiana,24,10,0.8,10,499
MX-0041,Agra,0,0,0.4,7,499
MX-0041,Nashik,5,0,7.9,5,499
MX-0041,Meerut,65,69,6.0,10,499
MX-0041,Rajkot,23,-19,0.5,21,499
MX-0041,Varanasi,94,0,7.1,5,499
MX-0041,Amritsar,39,0,3.4,10,499
MX-0041,Noida,165,58,7.0,7,499
MX-0041,Gurugram,85,0,1.5,21,499
MX-0041,Coimbatore,87,0,5.4,7,499
MX-0041,Madurai,7,15,2.0,14,499
MX-0041,Guwahati,0,0,0.2,10,499
MX-0041,Mumbai City Mall,50,0,7.0,5,499
MX-0041,Delhi City Mall,123,0,5.2,7,499
MX-0041,Bengaluru City Mall,23,0,,21,499
MX-0041,Hyderabad City Mall,71,0,2.4,14,499
MX-0041,Chennai City Mall,9,0,0.3,14,N/A
MX-0041,Kolkata City Mall,13,5,0.8,5,499
MX-0041,Pune City Mall, 40 ,0,2.0,14,499
MX-0041,Ahmedabad City Mall,48,0,3.0,5,499
MX-0041,Jaipur City Mall, 312 ,0,5.0,21,499
MX-0041,Lucknow City Mall,24.5,0,0.9,10,499
MX-0041,Surat City Mall,190,102,7.3,14,499
MX-0041,Indore City Mall,172,0,7.8,10,499
MX-0041,Nagpur City Mall,3, 1 ,0.2,5,499
MX-0041,Kochi City Mall,85,0,1.2,21,499
MX-0041,Chandigarh City Mall,38,0,1.8,7,499
MX-0041,Bhopal City Mall,59,0,5.0,21,499
MX-0041,Patna City Mall,4,19,3.2,5,499
MX-0041,Vadodara City Mall,273,0,7.4,21,499
MX-0041,Ludhiana City Mall,50,0,2.7,7,499
MX-0041,Agra City Mall,16,0,0.5,10,499
MX-0042,Mumbai,84,0,5.3,14,999
MX-0042,Delhi,210,0,5.8,14,999
MX-0042,Bengaluru,31,0,6.1,7,999
MX-0042,Hyderabad,14,0,1.3,21,999
MX-0042,Chennai,0,1,0.2,7,999
MX-0042,Kolkata,17,0,2.9,10,999
MX-0042,Pune,40,0,0.8,21,999
MX-0042,Ahmedabad,25,0,3.0,14,999
MX-0042,Jaipur,93,0,4.5,7,999
MX-0042,Lucknow,253,0,3.8,21,999
MX-0042,Surat,122,0,3.4,14,999
MX-0042,Indore,22,0,2.9,21,999
MX-0042,Nagpur,47,28,2.5,10,999
MX-0042,Kochi,1,0,0.5,10,999
MX-0042,Chandigarh,36,0,5.4,10,999
MX-0042,Bhopal, 25 ,0,5.8,5,999
MX-0042,Patna,106, 29 ,4.9,10,999
MX-0042,Vadodara,11,0,4.3,21,999
MX-0042,Ludhiana,137,0,3.1,14,999
,Agra,25,0,4.0,5,999
MX-0042,Nashik,244,0,7.9,14,999
MX-0042,Meerut,124,0,2.7,21,999
MX-0042,Rajkot,17,0,3.7,14,999
MX-0042,Varanasi,91,0,6.9,5,999
MX-0042,Amritsar,30,0,5.2,5,999
MX-0042,Noida,38,0,5.3,14,999
MX-0042,Gurugram,15,6,2.2,7,999
MX-0042,Coimbatore,72,0,5.1,7,999
MX-0042,Madurai,4,0,4.0,14,999
MX-0042,Guwahati, 121 ,0,4.0,,999
MX-0042,Mumbai City Mall,23,18,2.0,14,999
MX-0042,Delhi City Mall,43,0,7.8,10,999
MX-0042,Bengaluru City Mall,5, 14 ,4.3,5,999
MX-0042,Hyderabad City Mall,3,4,0.8,7,999
MX-0042,Chennai City Mall,280,0,4.2,21,999
MX-0042,Chennai City Mall,280,0,4.2,21,999
MX-0042,Kolkata City Mall,66,0,3.4,7,999
MX-0042,Pune City Mall,41,0,7.9,5,999
MX-0042,Ahmedabad City Mall,65,0,3.5,10,999
MX-0042,Jaipur City Mall,62,17,3.8,5,999
MX-0042,Lucknow City Mall,15,0,3.1,5,999
MX-0042,Surat City Mall,(4),11,1.3,21,999
MX-0042,Indore City Mall,36,0,1.0,21,999
MX-0042,Nagpur City Mall,386.5,0,6.7,21 days,999
MX-0042,Kochi City Mall,77,-14,5.7,5,N/A
MX-0042,Chandigarh City Mall,55,0,2.9,21,999
MX-0042,Bhopal City Mall,233,0,6.9,21,999
MX-0042,Patna City Mall,99,0,3.4,14,999
MX-0042,Vadodara City Mall,141,0,5.2,10,999
MX-0042,Ludhiana City Mall,2,0,0.4,10,999
MX-0042,Agra City Mall,89,0,6.8,10,999
MX-0043,Mumbai,51,0,6.4,10,3999
MX-0043,Delhi,19,0,3.2,7,3999
MX-0043,Bengaluru,76,0,6.6,5,3999
MX-0043,Hyderabad,91,0,4.3,7,3999
MX-0043,Chennai,18,0,1.1,7,3999
MX-0043,Kolkata,143,0,4.5,14,3999
MX-0043,Pune,70,0,2.6,10,3999
MX-0043,Ahmedabad,130,0,5.3,14,3999
MX-0043,Jaipur,7,0,0.7,21,3999
MX-0043,Lucknow,93,0,2.2,21,3999
MX-0043,Surat,0,3,0.4,7,3999
MX-0043,Indore,87,53,5.6,10,3999
MX-0043,Nagpur,255,0,6.6,14,3999
MX-0043,Kochi,1,0,7.3,10,3999
MX-0043,Chandigarh,47,28,7.7,5,3999
MX-0043,Bhopal,29,0,,10,3999
MX-0043,Patna,4,0,7.4,5,3999
MX-0043,Vadodara,101,0,4.4,7,3999
MX-0043,Ludhiana,13,17,2.5,5,3999
MX-0043,Agra,165,0,5.8,14,3999
MX-0043,Nashik,44,0,1.8,10,3999
MX-0043,Meerut,273,0,6.4,21,3999
MX-0043,Rajkot,22,12,2.6,7,3999
MX-0043,Varanasi,1,156,6.4,21,3999
MX-0043,Amritsar,1,0,0.5,7,3999
MX-0043,Noida,3,0,0.5,5,3999
MX-0043,Gurugram,11,0,5.3,5,3999
MX-0043,Coimbatore,68,32,1.7,21,3999
MX-0043,Madurai,5,0,0.8,7,3999
MX-0043,Guwahati,27,0,4.3,7,3999
MX-0043,Mumbai City Mall,43,23,2.6,7,3999
MX-0043,Delhi City Mall,125,0,4.5,14,3999
MX-0043,Bengaluru City Mall,15,13,1.9,10,3999
MX-0043,Hyderabad City Mall,56,0,1.0,21,3999
MX-0043,Chennai City Mall,33,60,4.7,21,3999
MX-0043,Kolkata City Mall,17,27,5.1,5,3999
MX-0043,Pune City Mall, 84 ,0,4.2,10,3999
MX-0043,Ahmedabad City Mall,118,0,7.6,7,3999
MX-0043,Jaipur City Mall,21,0,5.0,14,3999
MX-0043,Lucknow City Mall,435,0,7.5,21,3999
MX-0043,Surat City Mall,88,0,4.4,14,3999
MX-0043,Indore City Mall,347,0,7.9,21,3999
MX-0043,Nagpur City Mall,82,66,2.3,21,3999
MX-0043,Kochi City Mall,259,105,6.2,14,3999
MX-0043,Chandigarh City Mall,84,40,6.2,5,3999
MX-0043,Bhopal City Mall,69.5,0,6.0,21,3999
MX-0043,Patna City Mall,34,0,2.2,10,3999
MX-0043,Vadodara City Mall,16,44,6.6,5,3999
MX-0043,Ludhiana City Mall,6,0,4.3,10,3999
MX-0043,Agra City Mall,24,0,2.2,14,3999
MX-0044,Mumbai,46,0,1.2,21,199
MX-0044,Delhi,185,0,5.6,21,199
MX-0044,Bengaluru,128,0,3.8,,N/A
MX-0044,Hyderabad,87,62,5.6,10,199
MX-0044,Chennai,10,0,7.9,21,199
MX-0044,Kolkata,144,0,4.6,14,199
MX-0044,Pune,10,0,0.3,21,199
MX-0044,Ahmedabad,11,0,1.4,10,199
MX-0044,Jaipur,13,9,1.2,7,199
MX-0044,Lucknow,98,0,2.9,14,199
MX-0044,Surat,8,0,3.8,5,199
MX-0044,Indore,177,0,5.3,10,199
MX-0044,Nagpur,69,0,2.3,21,199
MX-0044,Kochi,349,0,5.2,21,199
MX-0044,Chandigarh, 252 ,-15,7.8,10,199
MX-0044,Bhopal,87,0,2.7,10,199
MX-0044,Patna,51,13,3.1,5,199
MX-0044,Vadodara,12,2,0.8,5,199
MX-0044,Ludhiana, 16 ,13,1.4,14,199
MX-0044,Agra,154,0,7.0,10,199
,Nashik,28,0,2.2,5,199
MX-0044,Meerut, 11 ,0,2.9,5 days,199
MX-0044,Rajkot,196, 101 ,6.5,14,199
MX-0044,Varanasi,174,0,7.9,14,199
MX-0044,Amritsar,143,0,7.3,21,199
MX-0044,Noida,98,0,4.2,7,199
MX-0044,Gurugram,215,0,5.5,21,199
MX-0044,Coimbatore,55,0,2.0,10,199
MX-0044,Madurai,68,0,5.5,10,199
MX-0044,Guwahati,(8),0,6.4,10,199
MX-0044,Mumbai City Mall,13,0,5.6,10,199
MX-0044,Delhi City Mall,49,0,2.5,7,199
MX-0044,Delhi City Mall,49,0,2.5,7,199
MX-0044,Bengaluru City Mall,42,0,7.4,5,199
MX-0044,Hyderabad City Mall,215,0,6.6,14,199
MX-0044,Chennai City Mall,43,0,2.3,10,199
MX-0044,Kolkata City Mall,15,0,2.9,7,199
MX-0044,Pune City Mall,44,0,3.4,10,199
MX-0044,Ahmedabad City Mall,0,0,0.4,5,199
MX-0044,Jaipur City Mall,65,0,6.4,10,199
MX-0044,Lucknow City Mall, 6 ,0,7.2,10,199
MX-0044,Surat City Mall,83,0,6.1,14,199
MX-0044,Indore City Mall,5,0,0.3,10,199
MX-0044,Nagpur City Mall,7,0,7.7,5,199
MX-0044,Kochi City Mall,269,0,6.4,14,199
MX-0044,Chandigarh City Mall,39,0,5.6,7,199
MX-0044,Bhopal City Mall,23,0,1.6,5,199
MX-0044,Patna City Mall,87,85,5.7,14,199
MX-0044,Vadodara City Mall,178,0,7.6,14,199
MX-0044,Ludhiana City Mall,47.5,13,,7,199
MX-0044,Agra City Mall,124,0,4.7,14,199
MX-0045,Mumbai,190,64,3.0,21,1999
MX-0045,Delhi,299,0,6.6,21,1999
MX-0045,Bengaluru,47,0,4.7,5,1999
MX-0045,Hyderabad,389,142,6.1,21,1999
MX-0045,Chennai,42,0,1.6,10,1999
MX-0045,Kolkata,5,0,1.5,21,1999
MX-0045,Pune,4,0,5.3,7,1999
MX-0045,Ahmedabad,13,0,6.9,14,1999
MX-0045,Jaipur,99,39,6.2,7,1999
MX-0045,Lucknow,56,0,7.4,7,1999
MX-0045,Surat,66,0,4.9,14,1999
MX-0045,Indore,57,0,2.4,14,N/A
MX-0045,Nagpur,286,77,6.8,14,1999
MX-0045,Kochi,441,0,6.2,21,1999
MX-0045,Chandigarh,1,0,7.2,5,1999
MX-0045,Bhopal,67,0,1.2,21,1999
MX-0045,Patna,11,4,1.4,5,1999
MX-0045,Vadodara,62,0,1.7,14,1999
MX-0045,Ludhiana,21,0,1.0,10,1999
MX-0045,Agra,36,0,2.9,5,1999
MX-0045,Nashik,190,0,7.7,10,1999
MX-0045,Meerut,234, 48 ,7.5,14,1999
MX-0045,Rajkot,24,0,5.2,10,1999
MX-0045,Varanasi,18,0,3.4,21,1999
MX-0045,Amritsar,32,0,4.7,5,1999
MX-0045,Noida,4,0,0.6,,1999
MX-0045,Gurugram,43,0,5.4,10,1999
MX-0045,Coimbatore,80,0,6.1,5,1999
MX-0045,Madurai,296,141,6.8,21,1999
MX-0045,Guwahati,0,0,2.6,5,1999
MX-0045,Mumbai City Mall,33,13,1.5,7,1999
MX-0045,Delhi City Mall,20,0,1.0,7,1999
MX-0045,Bengaluru City Mall, 120 ,0,5.9,7,1999
MX-0045,Hyderabad City Mall,5,0,0.5,7,1999
MX-0045,Chennai City Mall,36,0,4.2,10,1999
MX-0045,Kolkata City Mall,1,-19,4.1,5,1999
MX-0045,Pune City Mall,31,0,3.7,14,1999
MX-0045,Ahmedabad City Mall,17,0,1.0,14,1999
MX-0045,Jaipur City Mall,7,0,0.6,21,1999
MX-0045,Lucknow City Mall,103,0,5.0,7,1999
MX-0045,Surat City Mall,52,8,3.5,5,1999
MX-0045,Indore City Mall,52,0,4.3,5,1999
MX-0045,Nagpur City Mall,18,0,1.7,5,1999
MX-0045,Kochi City Mall,27,0,4.5,10,1999
MX-0045,Chandigarh City Mall,72,29,4.4,5,1999
MX-0045,Bhopal City Mall,116,0,3.9,21,1999
MX-0045,Patna City Mall,57,0,7.3,14,1999
MX-0045,Vadodara City Mall,239,64,7.6,10,1999
MX-0045,Ludhiana City Mall,46,0,4.6,10,1999
MX-0045,Agra City Mall,1,0,4.8,14,1999
MX-0046,Mumbai,5,0,4.6,7 days,3999
MX-0046,Delhi,80.5,0,6.4,10,3999
MX-0046,Bengaluru,36,90,3.3,21,3999
MX-0046,Hyderabad,245,90,6.0,14,3999
MX-0046,Chennai,8,0,0.6,7,3999
MX-0046,Kolkata,40,13,1.0,14,3999
MX-0046,Pune,2,0,0.3,14,3999
MX-0046,Ahmedabad,47,0,3.4,10,3999
MX-0046,Jaipur,143,23,3.4,14,3999
MX-0046,Lucknow,10,4,0.7,7,3999
MX-0046,Surat,72,0,6.9,10,3999
MX-0046,Indore,186,0,7.2,14,3999
MX-0046,Nagpur,26,0,2.9,5,3999
MX-0046,Kochi,142,0,6.8,7,3999
MX-0046,Chandigarh,122,0,6.4,14,3999
MX-0046,Bhopal,32,0,3.3,7,3999
MX-0046,Patna,131,0,3.7,14,3999
MX-0046,Vadodara,95,23,7.6,7,3999
MX-0046,Ludhiana,-2,72,5.3,10,3999
MX-0046,Agra,0,0,7.9,5,3999
MX-0046,Nashik,100,0,6.2,10,N/A
,Meerut,12,0,3.2,5,3999
MX-0046,Rajkot,17,0,0.3,21,3999
MX-0046,Varanasi,22,0,7.3,7,3999
MX-0046,Amritsar,8,0,1.4,5,3999
MX-0046,Noida,82,0,5.3,7,3999
MX-0046,Gurugram,27,7,2.4,5,3999
MX-0046,Coimbatore,103,0,7.4,7,3999
MX-0046,Madurai,364,68,8.0,21,3999
MX-0046,Madurai,364,68,8.0,21,3999
MX-0046,Guwahati,14,0,7.5,10,3999
MX-0046,Mumbai City Mall, 97 ,0,5.4,7,3999
MX-0046,Delhi City Mall,231,67,,14,3999
MX-0046,Bengaluru City Mall,199,0,6.4,10,3999
MX-0046,Hyderabad City Mall,45,0,3.5,5,3999
MX-0046,Chennai City Mall,115,42,6.9,7,3999
MX-0046,Kolkata City Mall,45,22,4.5,10,3999
MX-0046,Pune City Mall,57,0,4.4,14,3999
MX-0046,Ahmedabad City Mall,21,0,2.7,14,3999
MX-0046,Jaipur City Mall,86,44,7.3,5,3999
MX-0046,Lucknow City Mall,40,0,6.0,5,3999
MX-0046,Surat City Mall,38,0,2.4,5,3999
MX-0046,Indore City Mall, 211 ,28,5.1,14,3999
MX-0046,Nagpur City Mall,17,0,0.6,10,3999
MX-0046,Kochi City Mall,40,0,4.6,7,3999
MX-0046,Chandigarh City Mall,45,0,6.3,7,3999
MX-0046,Bhopal City Mall,296,0,7.3,21,3999
MX-0046,Patna City Mall,41,0,3.3,10,3999
MX-0046,Vadodara City Mall,25,0,1.4,7,3999
MX-0046,Ludhiana City Mall,24,9,1.6,,3999
MX-0046,Agra City Mall,247,77,7.8,14,3999
MX-0047,Mumbai,137,33,3.6,14,499
MX-0047,Delhi,81,0,2.1,21,499
MX-0047,Bengaluru,2,0,2.3,14,499
MX-0047,Hyderabad,12,0,3.5,10,499
MX-0047,Chennai,4.5,0,0.3,10,499
MX-0047,Kolkata,90,0,1.7,21,499
MX-0047,Pune,246,-19,7.2,14,499
MX-0047,Ahmedabad,84,0,7.0,21,499
MX-0047,Jaipur,18,0,4.0,7,499
MX-0047,Lucknow,73,0,7.2,5,499
MX-0047,Surat,171,0,3.4,21,499
MX-0047,Indore,26,0,1.9,5,499
MX-0047,Nagpur,206,0,7.8,10,499
MX-0047,Kochi,20,0,3.0,5,499
MX-0047,Chandigarh,28,17,6.2,5,499
MX-0047,Bhopal,44,34,4.1,10,499
MX-0047,Patna,5,0,1.1,10,499
MX-0047,Vadodara,18,0,0.6,14,499
MX-0047,Ludhiana,32,0,6.8,21,499
MX-0047,Agra,14,0,0.3,21,499
MX-0047,Nashik,41,0,1.5,10,499
MX-0047,Meerut,103,0,4.4,14,499
MX-0047,Rajkot,132,0,7.2,10,499
MX-0047,Varanasi,1,0,4.5,7,499
MX-0047,Amritsar,31,0,7.9,7,499
MX-0047,Noida,132,0,7.5,7,499
MX-0047,Gurugram,4,0,1.2,5,499
MX-0047,Coimbatore,31,0,6.7,5,499
MX-0047,Madurai,53,0,6.3,7,499
MX-0047,Guwahati,22,0,1.3,10 days,N/A
MX-0047,Mumbai City Mall,52,0,7.5,10,499
MX-0047,Delhi City Mall,61,0,4.1,21,499
MX-0047,Bengaluru City Mall,5,2,0.8,5,499
MX-0047,Hyderabad City Mall,112,0,5.3,14,499
MX-0047,Chennai City Mall,201,0,7.0,14,499
MX-0047,Kolkata City Mall,7,4,0.9,5,499
MX-0047,Pune City Mall,25,0,7.3,5,499
MX-0047,Ahmedabad City Mall,124,0,1.9,21,499
MX-0047,Jaipur City Mall,88,0,6.7,5,499
MX-0047,Lucknow City Mall,44,0,1.1,21,499
MX-0047,Surat City Mall,65,0,3.2,7,499
MX-0047,Indore City Mall,69,0,1.2,21,499
MX-0047,Nagpur City Mall,19,20,4.5,5,499
MX-0047,Kochi City Mall,32,0,6.8,5,499
MX-0047,Chandigarh City Mall,11,0,3.0,14,499
MX-0047,Bhopal City Mall,33,0,4.2,7,499
MX-0047,Patna City Mall,86,0,3.4,14,499
MX-0047,Vadodara City Mall,7,0,1.0,5,499
MX-0047,Ludhiana City Mall,16,0,3.5,10,499
MX-0047,Agra City Mall,393,0,7.0,21,499
MX-0048,Mumbai,68,0,2.4,10,3999
MX-0048,Delhi,61,0,3.6,7,3999
MX-0048,Bengaluru,13,0,6.7,21,3999
MX-0048,Hyderabad,76,0,1.3,21,3999
MX-0048,Chennai,3,0,3.0,10,3999
MX-0048,Kolkata,193,94,7.7,10,3999
MX-0048,Pune,0,0,0.9,7,3999
MX-0048,Ahmedabad,179.5,82,7.6,10,3999
MX-0048,Jaipur,94,0,2.5,14,3999
MX-0048,Lucknow,171,0,6.4,14,3999
MX-0048,Surat,19,0,2.3,5,3999
MX-0048,Indore,11,88,6.0,14,3999
MX-0048,Nagpur,117,0,3.9,14,3999
MX-0048,Kochi,8,0,6.7,10,3999
MX-0048,Chandigarh, 46 ,0,,5,3999
MX-0048,Bhopal,48,0,1.4,21,3999
MX-0048,Patna,3,0,0.9,10,3999
MX-0048,Vadodara,5,0,1.2,7,3999
MX-0048,Ludhiana,16,0,5.6,7,3999
MX-0048,Agra,63,0,5.7,7,3999
MX-0048,Nashik,86,0,4.6,7,3999
MX-0048,Meerut,17,6,1.1,,3999
,Rajkot,29,20,3.1,5,3999
MX-0048,Varanasi,325,0,6.9,21,3999
MX-0048,Amritsar,111,29,3.3,10,3999
MX-0048,Noida,220, 95 ,7.4,21,3999
MX-0048,Noida,220, 95 ,7.4,21,3999
MX-0048,Gurugram,21,104,6.2,21,3999
MX-0048,Coimbatore,23,-14,2.6,7,3999
MX-0048,Madurai,5,0,0.8,10,3999
MX-0048,Guwahati,157,0,7.2,10,3999
MX-0048,Mumbai City Mall, 163 ,65,7.7,7,3999
MX-0048,Delhi City Mall,220,0,5.8,14,3999
MX-0048,Bengaluru City Mall,37,0,4.9,7,3999
MX-0048,Hyderabad City Mall,9,0,4.3,10,3999
MX-0048,Chennai City Mall,78,0,7.7,7,3999
MX-0048,Kolkata City Mall,49,0,6.8,10,3999
MX-0048,Pune City Mall,3,0,7.4,7,3999
MX-0048,Ahmedabad City Mall,150,0,5.1,14,3999
MX-0048,Jaipur City Mall,147,0,7.2,14,N/A
MX-0048,Lucknow City Mall,29,73,5.3,14,3999
MX-0048,Surat City Mall,220,0,7.1,10,3999
MX-0048,Indore City Mall,15,0,4.6,7,3999
MX-0048,Nagpur City Mall, 55 ,77,7.0,21,3999
MX-0048,Kochi City Mall,243,0,7.2,10,3999
MX-0048,Chandigarh City Mall,16,0,6.5,5,3999
MX-0048,Bhopal City Mall,31,0,7.8,7,3999
MX-0048,Patna City Mall,4,0,6.7,21,3999
MX-0048,Vadodara City Mall,89,0,3.3,14,3999
MX-0048,Ludhiana City Mall,110,0,7.7,5,3999
MX-0048,Agra City Mall,55,26,3.5,7,3999
MX-0049,Mumbai,0,0,1.8,10,1999
MX-0049,Delhi,15,0,1.5,7,1999
MX-0049,Bengaluru,0,6,0.5,14,1999
MX-0049,Hyderabad,96,0,6.8,5,1999
MX-0049,Chennai,67,26,6.1,7,1999
MX-0049,Kolkata,266,0,7.9,21,1999
MX-0049,Pune,39,11,5.3,5,1999
MX-0049,Ahmedabad,13,34,2.6,10,1999
MX-0049,Jaipur,93,0,2.8,14 days,1999
MX-0049,Lucknow,120,0,5.4,7,1999
MX-0049,Surat,27.5,0,6.4,10,1999
MX-0049,Indore,4,0,0.4,7,1999
MX-0049,Nagpur,25,0,1.3,14,1999
MX-0049,Kochi, 110 ,0,2.5,21,1999
MX-0049,Chandigarh,7,0,0.9,5,1999
MX-0049,Bhopal,18,62,4.1,14,1999
MX-0049,Patna,13,0,0.7,7,1999
MX-0049,Vadodara,2,1,0.3,10,1999
MX-0049,Ludhiana,57,0,4.6,7,1999
MX-0049,Agra,16,0,7.4,7,1999
MX-0049,Nashik,63,0,4.6,10,1999
MX-0049,Meerut,122,0,7.3,14,1999
MX-0049,Rajkot,51,0,4.0,5,1999
MX-0049,Varanasi,41,0,5.0,7,1999
MX-0049,Amritsar,57,8,1.4,14,1999
MX-0049,Noida,10,3,1.1,5,1999
MX-0049,Gurugram,133,32,3.6,14,1999
MX-0049,Coimbatore,16,0,1.3,10,1999
MX-0049,Madurai,74,0,3.2,7,1999
MX-0049,Guwahati,51,25,2.9,7,1999
MX-0049,Mumbai City Mall,204,0,5.1,21,1999
MX-0049,Delhi City Mall,42,0,5.1,14,1999
MX-0049,Bengaluru City Mall,3,2,0.4,7,1999
MX-0049,Hyderabad City Mall,39,0,4.4,5,1999
MX-0049,Chennai City Mall,0,0,1.0,7,1999
MX-0049,Kolkata City Mall,7,0,0.5,5,1999
MX-0049,Pune City Mall,24,0,2.9,5,1999
MX-0049,Ahmedabad City Mall,41,0,2.8,5,1999
MX-0049,Jaipur City Mall,47,26,3.5,10,1999
MX-0049,Lucknow City Mall,27,10,1.8,7,1999
MX-0049,Surat City Mall,58,44,5.1,10,1999
MX-0049,Indore City Mall,61,84,6.2,14,1999
MX-0049,Nagpur City Mall,204,0,5.3,14,1999
MX-0049,Kochi City Mall,105,136,5.8,21,1999
MX-0049,Chandigarh City Mall,117,33,7.2,,1999
MX-0049,Bhopal City Mall,60,0,2.2,10,1999
MX-0049,Patna City Mall,(9),0,3.6,7,1999
MX-0049,Vadodara City Mall,18,0,,5,N/A
MX-0049,Ludhiana City Mall,12,-4,0.6,7,1999
MX-0049,Agra City Mall,24,32,1.7,14,1999
MX-0050,Mumbai,17,6,0.8,10,199
MX-0050,Delhi,1,0,0.7,5,199
MX-0050,Bengaluru,5,0,0.5,5,199
MX-0050,Hyderabad,9,0,0.5,14,199
MX-0050,Chennai,46,0,3.2,14,199
MX-0050,Kolkata,1,0,0.7,7,199
MX-0050,Pune,108,0,3.8,10,199
MX-0050,Ahmedabad,37,0,3.3,7,199
MX-0050,Jaipur,14,0,0.5,21,199
MX-0050,Lucknow,260,0,7.1,14,199
MX-0050,Surat,21,0,1.3,5,199
MX-0050,Indore,4,12,0.5,21,199
MX-0050,Nagpur,26,0,3.6,7,199
MX-0050,Kochi,30.5,0,2.6,5,199
MX-0050,Chandigarh,56,0,0.8,21,199
MX-0050,Bhopal,328,0,5.8,21,199
MX-0050,Patna,155,0,6.4,14,199
MX-0050,Vadodara,12,0,1.0,21,199
MX-0050,Ludhiana,8,0,0.6,14,199
MX-0050,Agra,89,42,2.3,14,199
MX-0050,Nashik,64,0,4.6,10,199
MX-0050,Meerut,17,0,0.9,7,199
MX-0050,Rajkot,5,0,0.2,14,199
MX-0050,Rajkot,5,0,0.2,14,199
,Varanasi,34,22,4.9,5,199
MX-0050,Amritsar,51,0,6.8,7,199
MX-0050,Noida,14,8,0.4,21,199
MX-0050,Gurugram,76,0,4.5,7,199
MX-0050,Coimbatore,157,0,6.8,14,199
MX-0050,Madurai,3,3,0.3,10,199
MX-0050,Guwahati,96,0,6.9,5,199
MX-0050,Mumbai City Mall,279,0,4.0,21,199
MX-0050,Delhi City Mall,64,0,2.5,21,199
MX-0050,Bengaluru City Mall,73,0,5.1,5,199
MX-0050,Hyderabad City Mall, 4 ,7,2.8,7,199
MX-0050,Chennai City Mall,75,56,2.5,21,199
MX-0050,Kolkata City Mall,25,0,2.6,14,199
MX-0050,Pune City Mall,7,0,7.6,10,199
MX-0050,Ahmedabad City Mall,24,91,6.7,14 days,199
MX-0050,Jaipur City Mall,163,0,7.8,14,199
MX-0050,Lucknow City Mall,38,0,7.3,7,199
MX-0050,Surat City Mall,19,0,1.8,21,199
MX-0050,Indore City Mall,216,0,3.6,21,199
MX-0050,Nagpur City Mall,175,0,3.7,14,199
MX-0050,Kochi City Mall,112,41,3.8,21,199
MX-0050,Chandigarh City Mall,486,0,6.9,21,199
MX-0050,Bhopal City Mall,87,17,5.5,7,199
MX-0050,Patna City Mall,122,31,5.8,10,199
MX-0050,Vadodara City Mall,26,39,5.3,7,199
MX-0050,Ludhiana City Mall,5,10,1.2,7,199
MX-0050,Agra City Mall,8,18,3.0,10,199
MX-0051,Mumbai,8,0,0.3,10,999
MX-0051,Delhi,113,0,6.1,10,999
MX-0051,Bengaluru,120,0,6.6,21,999
MX-0051,Hyderabad,3,0,0.6,5,999
MX-0051,Chennai,44,0,5.0,10,999
MX-0051,Kolkata,4,0,4.4,5,999
MX-0051,Pune,33,0,1.7,21,N/A
MX-0051,Ahmedabad, 80 ,0,5.7,5,999
MX-0051,Jaipur,21,0,0.8,21,999
MX-0051,Lucknow,190,0,3.7,21,999
MX-0051,Surat,125,55,7.5,7,999
MX-0051,Indore,33,0,6.1,5,999
MX-0051,Nagpur,127,0,8.0,21,999
MX-0051,Kochi,161,0,7.3,7,999
MX-0051,Chandigarh,52,44,2.8,14,999
MX-0051,Bhopal,7,0,1.8,5,999
MX-0051,Patna,1.5,0,5.8,7,999
MX-0051,Vadodara,6,0,0.3,,999
MX-0051,Ludhiana,3,0,3.0,7,999
MX-0051,Agra,6,-4,5.5,5,999
MX-0051,Nashik,8,0,1.7,5,999
MX-0051,Meerut,0,0,1.5,7,999
MX-0051,Rajkot,50,30,4.9,5,999
MX-0051,Varanasi,190,0,5.7,14,999
MX-0051,Amritsar,95,0,1.4,21,999
MX-0051,Noida,99,0,4.5,7,999
MX-0051,Gurugram,19,0,2.7,21,999
MX-0051,Coimbatore,45,0,3.3,5,999
MX-0051,Madurai,177, 43 ,7.9,7,999
MX-0051,Guwahati,0,0,0.2,7,999
MX-0051,Mumbai City Mall,199, 57 ,,10,999
MX-0051,Delhi City Mall,11,0,1.8,7,999
MX-0051,Bengaluru City Mall,77,33,2.5,14,999
MX-0051,Hyderabad City Mall,229,0,4.6,21,999
MX-0051,Chennai City Mall,78,0,4.7,14,999
MX-0051,Kolkata City Mall,-7,35,5.2,5,999
MX-0051,Pune City Mall,31,0,0.8,14,999
MX-0051,Ahmedabad City Mall,25,0,0.5,21,999
MX-0051,Jaipur City Mall,40,0,6.4,5,999
MX-0051,Lucknow City Mall,28,0,1.4,7,999
MX-0051,Surat City Mall,36,0,2.2,5,999
MX-0051,Indore City Mall,17,0,1.7,21,999
MX-0051,Nagpur City Mall, 27 ,0,5.5,5,999
MX-0051,Kochi City Mall,65,0,3.0,7,999
MX-0051,Chandigarh City Mall,5,1,0.4,7,999
MX-0051,Bhopal City Mall,213,0,6.1,14,999
MX-0051,Patna City Mall,114,0,2.9,21,999
MX-0051,Vadodara City Mall,75,0,6.5,10,999
MX-0051,Ludhiana City Mall,6,0,1.2,7,999
MX-0051,Agra City Mall,111,107,5.8,21,999
MX-0052,Mumbai,14,0,7.5,5,499
MX-0052,Delhi,93,0,5.0,10,499
MX-0052,Bengaluru,60,0,6.8,21,499
MX-0052,Hyderabad,9,0,1.6,5,499
MX-0052,Chennai,274,0,7.0,21,499
MX-0052,Kolkata,9,0,1.1,14,499
MX-0052,Pune, 2 ,4,1.2,7,499
MX-0052,Ahmedabad,70,20,2.6,10,499
MX-0052,Jaipur,69,0,4.9,7,499
MX-0052,Lucknow,134,0,5.5,14,499
MX-0052,Surat,89,97,5.8,14,499
MX-0052,Indore,63,0,3.9,10,499
MX-0052,Nagpur,102,0,3.6,10,499
MX-0052,Kochi,170,0,5.8,14,499
MX-0052,Chandigarh,68,0,4.9,5,499
MX-0052,Bhopal,114,0,3.0,21,N/A
MX-0052,Patna,95,0,4.8,14 days,499
MX-0052,Vadodara,6,0,0.6,21,499
MX-0052,Ludhiana,15,0,1.4,5,499
MX-0052,Agra,5.5,2,0.3,7,499
MX-0052,Agra,5.5,2,0.3,7,499
MX-0052,Nashik,117,117,6.6,21,499
MX-0052,Meerut,6,0,0.5,10,499
MX-0052,Rajkot,21,0,2.3,10,499
MX-0052,Varanasi,20,0,4.5,5,499
,Amritsar,31,0,1.5,7,499
MX-0052,Noida,42,0,3.0,5,499
MX-0052,Gurugram,8,0,1.4,7,499
MX-0052,Coimbatore,8,38,5.7,5,499
MX-0052,Madurai,185,0,7.3,14,499
MX-0052,Guwahati,40,22,2.3,7,499
MX-0052,Mumbai City Mall,23,0,3.4,14,499
MX-0052,Delhi City Mall,87,39,1.5,21,499
MX-0052,Bengaluru City Mall,30,17,4.2,10,499
MX-0052,Hyderabad City Mall,41,25,4.2,7,499
MX-0052,Chennai City Mall,197,0,3.0,21,499
MX-0052,Kolkata City Mall,49,0,6.9,10,499
MX-0052,Pune City Mall,15,45,2.2,21,499
MX-0052,Ahmedabad City Mall,19,0,2.4,5,499
MX-0052,Jaipur City Mall,217,55,7.5,10,499
MX-0052,Lucknow City Mall,148,63,4.7,21,499
MX-0052,Surat City Mall,23,-15,6.4,,499
MX-0052,Indore City Mall,18,0,1.4,7,499
MX-0052,Nagpur City Mall, 8 ,0,0.3,10,499
MX-0052,Kochi City Mall,98,0,6.8,7,499
MX-0052,Chandigarh City Mall,55,0,4.2,5,499
MX-0052,Bhopal City Mall,11,18,3.5,5,499
MX-0052,Patna City Mall,91,0,1.6,21,499
MX-0052,Vadodara City Mall,71,14,2.3,14,499
MX-0052,Ludhiana City Mall,26,0,2.2,14,499
MX-0052,Agra City Mall,102,0,4.3,14,499
MX-0053,Mumbai,47,0,5.7,7,499
MX-0053,Delhi,113,34,7.9,7,499
MX-0053,Bengaluru,10,0,6.5,5,499
MX-0053,Hyderabad,0,0,0.4,7,499
MX-0053,Chennai,113,57,4.9,10,499
MX-0053,Kolkata,28,6,0.7,14,499
MX-0053,Pune,177,0,7.2,10,499
MX-0053,Ahmedabad,63,0,6.7,7,499
MX-0053,Jaipur,131,45,7.3,10,499
MX-0053,Lucknow,102,0,4.0,14,499
MX-0053,Surat,132,0,5.6,10,499
MX-0053,Indore,3,0,4.4,10,499
MX-0053,Nagpur,2, 5 ,0.8,7,499
MX-0053,Kochi,22,0,,21,499
MX-0053,Chandigarh,13,41,4.8,10,499
MX-0053,Bhopal,11,0,0.7,10,499
MX-0053,Patna,181,0,5.3,21,499
MX-0053,Vadodara,81,0,4.8,10,499
MX-0053,Ludhiana,2,8,1.5,10,499
MX-0053,Agra,210,0,6.2,10,499
MX-0053,Nashik,67,0,2.7,21,499
MX-0053,Meerut,163,0,7.7,7,499
MX-0053,Rajkot,91.5,27,5.9,7,499
MX-0053,Varanasi,6,0,7.7,5,499
MX-0053,Amritsar,(2),34,2.2,14,N/A
MX-0053,Noida,16,0,3.3,14,499
MX-0053,Gurugram,36,0,7.4,5,499
MX-0053,Coimbatore,88,29,3.2,10,499
MX-0053,Madurai,336,0,7.7,14,499
MX-0053,Guwahati,129, 37 ,3.7,14,499
MX-0053,Mumbai City Mall,42,0,5.7,5,499
MX-0053,Delhi City Mall,47,0,4.0,7,499
MX-0053,Bengaluru City Mall,78,0,6.5,14,499
MX-0053,Hyderabad City Mall,84,14,5.1,5,499
MX-0053,Chennai City Mall,202,0,6.1,10,499
MX-0053,Kolkata City Mall,4,0,4.7,7,499
MX-0053,Pune City Mall,305,0,7.7,14,499
MX-0053,Ahmedabad City Mall,423,0,6.4,21,499
MX-0053,Jaipur City Mall,5,0,2.4,7,499
MX-0053,Lucknow City Mall,47, 14 ,2.8,5,499
MX-0053,Surat City Mall,30,58,7.0,7,499
MX-0053,Indore City Mall,9,0,0.9,10,499
MX-0053,Nagpur City Mall,77,0,4.7,5,499
MX-0053,Kochi City Mall,39,18,2.1,10,499
MX-0053,Chandigarh City Mall,354,0,7.9,21,499
MX-0053,Bhopal City Mall,119,0,3.4,21 days,499
MX-0053,Patna City Mall,34,0,3.1,7,499
MX-0053,Vadodara City Mall,165,58,6.3,14,499
MX-0053,Ludhiana City Mall,82,0,6.6,5,499
MX-0053,Agra City Mall,47,0,3.4,5,499
MX-0054,Mumbai, 186 ,54,7.3,10,499
MX-0054,Delhi,30,0,2.0,10,499
MX-0054,Bengaluru, 11 ,0,7.9,10,499
MX-0054,Hyderabad,86,0,3.5,10,499
MX-0054,Chennai,307,175,6.2,21,499
MX-0054,Kolkata,249,0,3.8,21,499
MX-0054,Pune,16,9,1.0,7,499
MX-0054,Ahmedabad,34,88,5.2,14,499
MX-0054,Jaipur,196,0,3.7,21,499
MX-0054,Lucknow,38,0,7.0,5,499
MX-0054,Surat,18,5,0.9,7,499
MX-0054,Indore,266,-9,5.9,21,499
MX-0054,Nagpur,224,0,7.0,14,499
MX-0054,Kochi,120,0,2.6,,499
MX-0054,Chandigarh,75,0,4.8,10,499
MX-0054,Bhopal,64,0,7.5,10,499
MX-0054,Patna,225,0,4.0,21,499
MX-0054,Patna,225,0,4.0,21,499
MX-0054,Vadodara,494,0,7.3,21,499
MX-0054,Ludhiana,15,0,0.8,10,499
MX-0054,Agra,7,0,0.6,21,499
MX-0054,Nashik,108,0,6.6,5,499
MX-0054,Meerut,111,0,3.5,10,499
MX-0054,Rajkot,32,52,5.6,10,499
MX-0054,Varanasi,6,0,0.2,21,499
MX-0054,Amritsar,43,0,5.1,7,499
,Noida,92.5,23,3.7,10,499
MX-0054,Gurugram,34,0,2.4,5,499
MX-0054,Coimbatore,108,39,7.2,5,499
MX-0054,Madurai,73,0,1.7,14,499
MX-0054,Guwahati,104, 40 ,4.6,7,499
MX-0054,Mumbai City Mall,0,0,4.4,5,499
MX-0054,Delhi City Mall,135,44,5.7,10,499
MX-0054,Bengaluru City Mall,4,19,4.0,5,499
MX-0054,Hyderabad City Mall,3,10,1.7,7,N/A
MX-0054,Chennai City Mall,18,64,4.2,14,499
MX-0054,Kolkata City Mall,17,0,5.3,7,499
MX-0054,Pune City Mall,4,0,0.5,14,499
MX-0054,Ahmedabad City Mall,19,0,2.2,10,499
MX-0054,Jaipur City Mall,112,0,1.8,21,499
MX-0054,Lucknow City Mall,10,54,5.9,10,499
MX-0054,Surat City Mall,22,0,0.8,21,499
MX-0054,Indore City Mall,222,0,5.5,14,499
MX-0054,Nagpur City Mall,67,0,3.0,10,499
MX-0054,Kochi City Mall,103,0,4.4,7,499
MX-0054,Chandigarh City Mall, 35 ,24,5.2,5,499
MX-0054,Bhopal City Mall,2,0,2.1,5,499
MX-0054,Patna City Mall,66,0,,5,499
MX-0054,Vadodara City Mall,59,70,4.1,14,499
MX-0054,Ludhiana City Mall,112,0,5.5,10,499
MX-0054,Agra City Mall,15,16,6.9,5,499
MX-0055,Mumbai,280,0,7.1,14,1999
MX-0055,Delhi,261,0,7.1,14,1999
MX-0055,Bengaluru,57,0,4.2,10,1999
MX-0055,Hyderabad,324,0,7.2,21,1999
MX-0055,Chennai,20,6,0.9,7,1999
MX-0055,Kolkata,3,0,4.2,7,1999
MX-0055,Pune,34,0,0.8,21,1999
MX-0055,Ahmedabad,104,39,2.4,14,1999
MX-0055,Jaipur,204,89,4.9,14,1999
MX-0055,Lucknow,128,68,6.4,21,1999
MX-0055,Surat,138,0,2.5,21,1999
MX-0055,Indore,171,83,6.5,10,1999
MX-0055,Nagpur,30,0,0.8,14,1999
MX-0055,Kochi,-8,0,0.6,14,1999
MX-0055,Chandigarh,4,0,1.0,5,1999
MX-0055,Bhopal,60,55,4.1,21,1999
MX-0055,Patna,5,0,2.6,7,1999
MX-0055,Vadodara,8,5,0.5,10,1999
MX-0055,Ludhiana,11,0,1.0,7,1999
MX-0055,Agra, 242 ,118,5.4,21,1999
MX-0055,Nashik,49,0,7.4,21,1999
MX-0055,Meerut,73,0,6.3,5,1999
MX-0055,Rajkot,4,0,2.4,7,1999
MX-0055,Varanasi,2,0,4.8,5,1999
MX-0055,Amritsar,17,0,7.7,10 days,1999
MX-0055,Noida,363,0,5.3,21,1999
MX-0055,Gurugram,72,0,3.4,7,1999
MX-0055,Coimbatore,27,0,1.9,5,1999
MX-0055,Madurai,40.5,0,1.9,7,1999
MX-0055,Guwahati,167,0,3.7,21,1999
MX-0055,Mumbai City Mall,40,0,2.7,7,1999
MX-0055,Delhi City Mall,52,0,7.5,7,1999
MX-0055,Bengaluru City Mall,35,-12,1.2,14,1999
MX-0055,Hyderabad City Mall,9,0,1.4,10,1999
MX-0055,Chennai City Mall,133,0,5.0,10,1999
MX-0055,Kolkata City Mall,178,0,7.5,14,1999
MX-0055,Pune City Mall,44,0,1.4,,1999
MX-0055,Ahmedabad City Mall,31,6,0.7,21,1999
MX-0055,Jaipur City Mall,24,0,2.2,14,1999
MX-0055,Lucknow City Mall,47,0,2.6,10,1999
MX-0055,Surat City Mall,0,0,0.3,5,1999
MX-0055,Indore City Mall,38,0,4.5,14,1999
MX-0055,Nagpur City Mall,33,0,5.4,5,N/A
MX-0055,Kochi City Mall,94,24,4.4,10,1999
MX-0055,Chandigarh City Mall,0,12,3.1,5,1999
MX-0055,Bhopal City Mall,130,0,2.1,21,1999
MX-0055,Patna City Mall,59,44,7.5,5,1999
MX-0055,Vadodara City Mall, 1 ,0,0.8,7,1999
MX-0055,Ludhiana City Mall,25,0,5.3,7,1999
MX-0055,Agra City Mall,74,34,5.4,7,1999
MX-0056,Mumbai,107,15,6.6,5,3999
MX-0056,Delhi,14,0,0.5,21,3999
MX-0056,Bengaluru,50,0,4.3,7,3999
MX-0056,Hyderabad,80,0,5.5,5,3999
MX-0056,Chennai,41,16,1.3,10,3999
MX-0056,Kolkata,20,63,6.1,10,3999
MX-0056,Pune, 64 ,0,3.0,7,3999
MX-0056,Ahmedabad,36,0,1.4,10,3999
MX-0056,Jaipur,419,0,8.0,21,3999
MX-0056,Lucknow, 43 ,12,0.9,21,3999
MX-0056,Surat,166,0,2.8,21,3999
MX-0056,Indore,46,0,3.4,14,3999
MX-0056,Nagpur,139,0,6.3,10,3999
MX-0056,Kochi,108,0,7.9,7,3999
MX-0056,Kochi,108,0,7.9,7,3999
MX-0056,Chandigarh,47,0,7.2,7,3999
MX-0056,Bhopal,62,0,4.4,7,3999
MX-0056,Patna,67,18,2.0,10,3999
MX-0056,Vadodara,91,34,6.5,7,3999
MX-0056,Ludhiana,50,0,7.8,7,3999
MX-0056,Agra,13,0,4.3,14,3999
MX-0056,Nashik, 43 ,0,2.1,7,3999
MX-0056,Meerut,49, 30 ,5.3,5,3999
MX-0056,Rajkot,95,0,3.5,10,3999
MX-0056,Varanasi,25,15,0.9,14,3999
MX-0056,Amritsar,9,0,3.4,10,3999
MX-0056,Noida,171,0,7.6,10,3999
,Gurugram, 83 ,0,2.8,21,3999
MX-0056,Coimbatore,39,0,2.6,5,3999
MX-0056,Madurai,68,0,7.4,5,3999
MX-0056,Guwahati,70,0,,7,3999
MX-0056,Mumbai City Mall,345,0,6.1,21,3999
MX-0056,Delhi City Mall,40.5,0,2.2,10,3999
MX-0056,Bengaluru City Mall,16,0,4.9,7,3999
MX-0056,Hyderabad City Mall,109,0,6.6,14,3999
MX-0056,Chennai City Mall,113,0,2.5,14,3999
MX-0056,Kolkata City Mall,156,0,7.1,14,3999
MX-0056,Pune City Mall,82,0,4.8,14,3999
MX-0056,Ahmedabad City Mall,81,0,3.7,10,3999
MX-0056,Jaipur City Mall,214,0,7.3,10,3999
MX-0056,Lucknow City Mall,61,0,5.8,7,3999
MX-0056,Surat City Mall,10,0,4.2,10,3999
MX-0056,Indore City Mall,101,34,6.0,7,3999
MX-0056,Nagpur City Mall,70,0,1.5,14,3999
MX-0056,Kochi City Mall,280,81,6.0,14,3999
MX-0056,Chandigarh City Mall,118,0,4.4,10,3999
MX-0056,Bhopal City Mall,55,0,5.0,10,3999
MX-0056,Patna City Mall,75,17,2.5,10,3999
MX-0056,Vadodara City Mall,459,0,7.8,21,3999
MX-0056,Ludhiana City Mall, 146 ,0,7.3,10,3999
MX-0056,Agra City Mall,187,0,4.4,14,3999
MX-0057,Mumbai,50,0,4.9,7,499
MX-0057,Delhi,45,0,1.7,21,N/A
MX-0057,Bengaluru,(3),82,6.6,10,499
MX-0057,Hyderabad,9,-12,0.4,10 days,499
MX-0057,Chennai,83,0,2.2,14,499
MX-0057,Kolkata,20,0,1.6,5,499
MX-0057,Pune,26,0,1.8,14,499
MX-0057,Ahmedabad,65,0,5.0,5,499
MX-0057,Jaipur,32,0,6.7,7,499
MX-0057,Lucknow,112,0,2.4,,499
MX-0057,Surat,127,0,6.6,21,499
MX-0057,Indore,101,0,6.9,7,499
MX-0057,Nagpur,87,0,4.9,14,499
MX-0057,Kochi,79,58,6.7,7,499
MX-0057,Chandigarh,118,0,7.5,14,499
MX-0057,Bhopal,3,0,1.2,14,499
MX-0057,Patna,88,0,4.3,10,499
MX-0057,Vadodara,15,0,1.0,5,499
MX-0057,Ludhiana,458,0,7.5,21,499
MX-0057,Agra,53,15,1.4,14,499
MX-0057,Nashik,15,14,3.0,5,499
MX-0057,Meerut,103,0,6.9,14,499
MX-0057,Rajkot,73,0,2.4,14,499
MX-0057,Varanasi,118,0,4.9,14,499
MX-0057,Amritsar,24,0,1.1,10,499
MX-0057,Noida,8,0,1.0,5,499
MX-0057,Gurugram,154,166,6.6,21,499
MX-0057,Coimbatore,60,8,2.8,7,499
MX-0057,Madurai,128,0,7.1,7,499
MX-0057,Guwahati,15,41,3.2,10,499
MX-0057,Mumbai City Mall,79,0,6.2,5,499
MX-0057,Delhi City Mall,7,0,7.3,10,499
MX-0057,Bengaluru City Mall,16,0,7.3,5,499
MX-0057,Hyderabad City Mall,64,0,5.2,7,499
MX-0057,Chennai City Mall,3.5,0,0.3,10,499
MX-0057,Kolkata City Mall,8,81,6.7,10,499
MX-0057,Pune City Mall,11,0,4.4,5,499
MX-0057,Ahmedabad City Mall,15,0,2.5,5,499
MX-0057,Jaipur City Mall,10,0,3.1,21,499
MX-0057,Lucknow City Mall,168,0,7.4,14,499
MX-0057,Surat City Mall,207,0,6.3,10,499
MX-0057,Indore City Mall,197,0,4.5,14,499
MX-0057,Nagpur City Mall,177,0,6.5,10,499
MX-0057,Kochi City Mall,76,0,6.3,5,499
MX-0057,Chandigarh City Mall,45,0,1.7,14,499
MX-0057,Bhopal City Mall,2,0,4.9,7,499
MX-0057,Patna City Mall,71,0,6.0,14,499
MX-0057,Vadodara City Mall,53,0,3.1,7,499
MX-0057,Ludhiana City Mall,33,0,7.4,5,499
MX-0057,Agra City Mall,64,0,1.4,14,499
MX-0058,Mumbai,70,30,1.1,21,3999
MX-0058,Delhi, 68 ,0,7.7,5,3999
MX-0058,Bengaluru,3,0,1.1,7,3999
MX-0058,Hyderabad,121,58,6.5,7,3999
MX-0058,Chennai,87,41,7.6,5,3999
MX-0058,Kolkata,40,20,3.2,14,3999
MX-0058,Pune, 27 ,0,1.2,14,3999
MX-0058,Ahmedabad,53,0,2.7,7,3999
MX-0058,Jaipur,28,0,1.2,10,3999
MX-0058,Lucknow,229,99,7.6,14,3999
MX-0058,Surat,19,0,3.6,5,N/A
MX-0058,Surat,19,0,3.6,5,N/A
MX-0058,Indore,16,0,7.1,5,3999
MX-0058,Nagpur,4,0,,7,3999
MX-0058,Kochi,142,0,2.3,21,3999
MX-0058,Chandigarh, 161 ,36,7.0,7,3999
MX-0058,Bhopal, 46 ,0,3.6,14,3999
MX-0058,Patna,104,0,3.2,21,3999
MX-0058,Vadodara,61,0,3.8,14,3999
MX-0058,Ludhiana,38,0,4.4,5,3999
MX-0058,Agra,113,0,6.9,5,3999
MX-0058,Nashik,40,0,4.8,7,3999
MX-0058,Meerut,58,64,6.5,21,3999
MX-0058,Rajkot,10,0,2.3,7,3999
MX-0058,Varanasi,60,34,5.0,5,3999
MX-0058,Amritsar,24,-5,1.6,7,3999
MX-0058,Noida,463,0,7.1,21,3999
MX-0058,Gurugram,8,0,4.0,10,3999
,Coimbatore,174,74,4.0,14,3999
MX-0058,Madurai,7,0,3.9,21,3999
MX-0058,Guwahati,188,0,4.1,14,3999
MX-0058,Mumbai City Mall,0,0,0.2,14,3999
MX-0058,Delhi City Mall,134,0,5.9,10,3999
MX-0058,Bengaluru City Mall,117,16,3.5,,3999
MX-0058,Hyderabad City Mall,102,0,4.1,21,3999
MX-0058,Chennai City Mall, 192 ,76,5.8,10,3999
MX-0058,Kolkata City Mall,36,0,0.8,21,3999
MX-0058,Pune City Mall,97,0,5.5,7,3999
MX-0058,Ahmedabad City Mall,22.5,0,1.4,7,3999
MX-0058,Jaipur City Mall,11,0,6.5,7,3999
MX-0058,Lucknow City Mall,0,0,3.2,7,3999
MX-0058,Surat City Mall,44,6,3.1,5,3999
MX-0058,Indore City Mall,(5),0,3.3,21,3999
MX-0058,Nagpur City Mall,4,3,0.9,5,3999
MX-0058,Kochi City Mall, 19 ,0,3.1,14,3999
MX-0058,Chandigarh City Mall,189,40,5.9,10,3999
MX-0058,Bhopal City Mall,53,67,7.2,7,3999
MX-0058,Patna City Mall, 62 ,0,2.0,10,3999
MX-0058,Vadodara City Mall,41,0,2.3,10,3999
MX-0058,Ludhiana City Mall,15,0,1.5,5,3999
MX-0058,Agra City Mall,62,0,2.9,7,3999
MX-0059,Mumbai,67,43,2.0,21,499
MX-0059,Delhi,86,0,6.4,5,499
MX-0059,Bengaluru,64,0,6.5,10,499
MX-0059,Hyderabad,87,0,4.7,10,499
MX-0059,Chennai,85,0,4.8,10,499
MX-0059,Kolkata,17,0,5.3,7,499
MX-0059,Pune,67,0,6.6,5,499
MX-0059,Ahmedabad,59,0,4.1,10,499
MX-0059,Jaipur,44,0,3.8,7,499
MX-0059,Lucknow,0,22,4.0,14,499
MX-0059,Surat,123,0,6.4,7,499
MX-0059,Indore,175,0,7.6,21,499
MX-0059,Nagpur,52,0,7.2,10,499
MX-0059,Kochi,19,0,4.5,21,499
MX-0059,Chandigarh, 124 ,0,4.4,21,499
MX-0059,Bhopal,45,0,4.0,5,499
MX-0059,Patna,301,0,6.9,21,499
MX-0059,Vadodara,64,0,3.9,7,499
MX-0059,Ludhiana,123,0,2.8,14,499
MX-0059,Agra,45,0,2.4,7,N/A
MX-0059,Nashik,73,0,6.8,5,499
MX-0059,Meerut,81,0,5.2,10,499
MX-0059,Rajkot,7,0,2.5,21,499
MX-0059,Varanasi,2,68,5.6,10,499
MX-0059,Amritsar,98,0,2.5,14,499
MX-0059,Noida, 66 ,0,6.9,5,499
MX-0059,Gurugram,32,0,5.3,14,499
MX-0059,Coimbatore,46,0,7.5,10,499
MX-0059,Madurai,524,0,7.9,21,499
MX-0059,Guwahati,63,0,2.2,21,499
MX-0059,Mumbai City Mall,5,0,4.8,7,499
MX-0059,Delhi City Mall,20,0,7.7,5,499
MX-0059,Bengaluru City Mall,7,0,5.2,5,499
MX-0059,Hyderabad City Mall,138,0,6.6,7,499
MX-0059,Chennai City Mall,85,0,5.9,21,499
MX-0059,Kolkata City Mall,5,0,0.3,14,499
MX-0059,Pune City Mall,117,0,6.6,14,499
MX-0059,Ahmedabad City Mall,54,49,6.9,7,499
MX-0059,Jaipur City Mall,120,0,5.3,7,499
MX-0059,Lucknow City Mall,75,0,7.1,10,499
MX-0059,Surat City Mall,8.5,0,1.8,7,499
MX-0059,Indore City Mall,41,25,6.2,5,499
MX-0059,Nagpur City Mall,90,0,2.2,14,499
MX-0059,Kochi City Mall,2,0,3.5,7,499
MX-0059,Chandigarh City Mall,34,0,5.4,5,499
MX-0059,Bhopal City Mall,135,-7,,14,499
MX-0059,Patna City Mall,35,0,3.2,10,499
MX-0059,Vadodara City Mall,10,0,1.3,7,499
MX-0059,Ludhiana City Mall,36,0,3.1,10,499
MX-0059,Agra City Mall,18,0,2.0,10,499
MX-0060,Mumbai,2,0,4.1,14,199
MX-0060,Delhi,98,0,5.7,10,199
MX-0060,Bengaluru,118,0,7.2,5,199
MX-0060,Hyderabad,275,129,4.7,21,199
MX-0060,Chennai,40,0,1.8,10,199
MX-0060,Kolkata,13,0,0.3,,199
MX-0060,Pune,77,0,5.9,5,199
MX-0060,Ahmedabad,18,0,0.8,21,199
MX-0060,Ahmedabad,18,0,0.8,21,199
MX-0060,Jaipur, 121 ,0,3.1,21,199
MX-0060,Lucknow,51,26,2.8,7,199
MX-0060,Surat,38,26,3.5,10,199
MX-0060,Indore,149,53,4.9,10 days,199
MX-0060,Nagpur,5,5,0.6,14,199
MX-0060,Kochi,93,0,1.5,21,199
MX-0060,Chandigarh,101,0,6.3,5,199
MX-0060,Bhopal,24,0,3.4,7,199
MX-0060,Patna,1,0,1.4,7,199
MX-0060,Vadodara,18,0,7.3,5,199
MX-0060,Ludhiana,11,0,5.7,7,199
MX-0060,Agra,10,0,2.4,5,199
MX-0060,Nashik,4,0,0.3,7,199
MX-0060,Meerut, 276 ,0,5.7,21,199
MX-0060,Rajkot,20,0,1.2,7,199
MX-0060,Varanasi,6,0,0.4,5,199
MX-0060,Amritsar,120,0,3.1,14,199
MX-0060,Noida,64,0,2.8,7,199
MX-0060,Gurugram,333,0,5.6,21,199
MX-0060,Coimbatore,5,0,0.8,7,199
,Madurai,139,0,7.2,10,N/A
MX-0060,Guwahati,2,0,1.7,21,199
MX-0060,Mumbai City Mall,-5,0,6.5,7,199
MX-0060,Delhi City Mall,142,0,5.8,14,199
MX-0060,Bengaluru City Mall,292,0,5.5,21,199
MX-0060,Hyderabad City Mall,65,0,7.4,5,199
MX-0060,Chennai City Mall,74,0,5.4,14,199
MX-0060,Kolkata City Mall,112,0,6.8,5,199
MX-0060,Pune City Mall,62,32,7.0,5,199
MX-0060,Ahmedabad City Mall,49,0,2.8,7,199
MX-0060,Jaipur City Mall,20,6,1.4,7,199
MX-0060,Lucknow City Mall,175,120,6.7,14,199
MX-0060,Surat City Mall,99,0,3.1,14,199
MX-0060,Indore City Mall,40,0,4.7,7,199
MX-0060,Nagpur City Mall,131,0,6.7,7,199
MX-0060,Kochi City Mall,375.5,167,7.0,21,199
MX-0060,Chandigarh City Mall,128,0,6.9,7,199
MX-0060,Bhopal City Mall,38,51,7.9,7,199
MX-0060,Patna City Mall,90,39,4.4,7,199
MX-0060,Vadodara City Mall,253,0,5.1,21,199
MX-0060,Ludhiana City Mall,10,0,0.6,7,199
MX-0060,Agra City Mall, 335 ,0,7.9,14,199
MX-0061,Mumbai,31,0,2.9,7,199
MX-0061,Delhi,111,90,4.8,21,199
MX-0061,Bengaluru,19,0,5.2,21,199
MX-0061,Hyderabad,17,0,4.3,5,199
MX-0061,Chennai,37,73,3.1,21,199
MX-0061,Kolkata,39,0,2.5,5,199
MX-0061,Pune,140,47,6.8,10,199
MX-0061,Ahmedabad,204,0,5.9,14,199
MX-0061,Jaipur,54,0,2.6,7,199
MX-0061,Lucknow,86,0,6.6,7,199
MX-0061,Surat,14,0,2.5,7,199
MX-0061,Indore, 3 , 4 ,0.3,14,199
MX-0061,Nagpur,25,0,1.2,10,199
MX-0061,Kochi,1,0,1.1,5,199
MX-0061,Chandigarh,35,0,4.9,7,199
MX-0061,Bhopal,20,0,1.7,5,199
MX-0061,Patna,13,-17,2.3,7,199
MX-0061,Vadodara,36,196,7.8,21,199
MX-0061,Ludhiana,40,11,3.9,5,199
MX-0061,Agra,5,0,1.8,5,199
MX-0061,Nashik, 28 ,0,1.3,7,199
MX-0061,Meerut,14,0,4.7,7,199
MX-0061,Rajkot,90,0,5.0,7,199
MX-0061,Varanasi,3,48,5.8,10,199
MX-0061,Amritsar,42,0,4.5,7,199
MX-0061,Noida,65,0,3.0,10,199
MX-0061,Gurugram,33,0,2.9,14,199
MX-0061,Coimbatore,9,0,0.6,5,199
MX-0061,Madurai,146,0,,,199
MX-0061,Guwahati,76,0,6.6,14,199
MX-0061,Mumbai City Mall,37,0,5.4,14,199
MX-0061,Delhi City Mall,8,0,2.1,5,199
MX-0061,Bengaluru City Mall, 35 ,0,2.4,21,199
MX-0061,Hyderabad City Mall,29,0,1.3,7,199
MX-0061,Chennai City Mall,80,0,2.7,21,199
MX-0061,Kolkata City Mall,38,0,2.1,14,199
MX-0061,Pune City Mall,8,15,1.9,7,199
MX-0061,Ahmedabad City Mall,7,0,5.9,7,N/A
MX-0061,Jaipur City Mall,11,0,5.5,5,199
MX-0061,Lucknow City Mall,186,47,7.3,10,199
MX-0061,Surat City Mall,30,0,1.9,14 days,199
MX-0061,Indore City Mall,48,0,6.1,10,199
MX-0061,Nagpur City Mall,86,0,7.1,5,199
MX-0061,Kochi City Mall,38,0,3.6,5,199
MX-0061,Chandigarh City Mall,8,81,7.5,14,199
MX-0061,Bhopal City Mall,7,0,2.6,5,199
MX-0061,Patna City Mall,0.5,1,0.4,7,199
MX-0061,Vadodara City Mall,100,0,2.5,14,199
MX-0061,Ludhiana City Mall,108,56,6.5,10,199
MX-0061,Agra City Mall,33,0,6.1,7,199
MX-0062,Mumbai,15,0,3.1,10,199
MX-0062,Delhi,1,0,2.5,10,199
MX-0062,Bengaluru,35,0,4.8,10,199
MX-0062,Hyderabad,78,33,3.9,14,199
MX-0062,Chennai, 162 ,26,4.0,14,199
MX-0062,Chennai, 162 ,26,4.0,14,199
MX-0062,Kolkata,79,0,1.9,14,199
MX-0062,Pune,314,0,6.7,21,199
MX-0062,Ahmedabad,4,0,0.3,5,199
MX-0062,Jaipur,60,28,3.0,7,199
MX-0062,Lucknow,85,0,6.1,14,199
MX-0062,Surat,93,0,4.7,14,199
MX-0062,Indore, 7 ,0,0.9,5,199
MX-0062,Nagpur, 102 ,58,3.6,21,199
MX-0062,Kochi,113,0,4.1,10,199
MX-0062,Chandigarh,191,0,6.0,14,199
MX-0062,Bhopal,189,0,8.0,7,199
MX-0062,Patna,56,0,6.6,5,199
MX-0062,Vadodara,8,0,7.4,5,199
MX-0062,Ludhiana,9,0,0.8,10,199
MX-0062,Agra,(9),0,2.1,21,199
MX-0062,Nashik,108,37,3.5,10,199
MX-0062,Meerut,185,0,4.0,21,199
MX-0062,Rajkot,17,0,3.4,5,199
MX-0062,Varanasi,30,6,1.6,10,199
MX-0062,Amritsar,1,0,0.8,7,199
MX-0062,Noida,15,0,1.4,5,199
MX-0062,Gurugram,31,0,6.1,7,199
MX-0062,Coimbatore,58,24,5.2,5,199
MX-0062,Madurai,241,0,5.1,21,199
,Guwahati,7,0,1.1,5,199
MX-0062,Mumbai City Mall, 387 ,0,6.7,21,199
MX-0062,Delhi City Mall,53,0,2.2,10,199
MX-0062,Bengaluru City Mall,18,0,0.9,21,199
MX-0062,Hyderabad City Mall,95,0,6.3,5,199
MX-0062,Chennai City Mall,74,0,4.6,5,199
MX-0062,Kolkata City Mall,95,0,2.5,14,199
MX-0062,Pune City Mall,23, 16 ,3.1,5,199
MX-0062,Ahmedabad City Mall, 45 ,-1,2.9,14,199
MX-0062,Jaipur City Mall,267,0,8.0,21,199
MX-0062,Lucknow City Mall,165,0,7.7,7,199
MX-0062,Surat City Mall,10,0,3.9,7,199
MX-0062,Indore City Mall,61,0,7.6,21,199
MX-0062,Nagpur City Mall,20,0,7.0,5,199
MX-0062,Kochi City Mall,191,0,6.6,21,199
MX-0062,Chandigarh City Mall,124,0,4.1,14,199
MX-0062,Bhopal City Mall,319,0,4.9,21,199
MX-0062,Patna City Mall,496,0,7.8,21,N/A
MX-0062,Vadodara City Mall,6,0,0.4,5,199
MX-0062,Ludhiana City Mall,215,0,4.0,21,199
MX-0062,Agra City Mall,272.5,0,4.3,21,199
MX-0063,Mumbai,118,0,6.8,7,499
MX-0063,Delhi, 210 ,0,7.7,,499
MX-0063,Bengaluru,21,0,0.5,21,499
MX-0063,Hyderabad,98,0,2.5,14,499
MX-0063,Chennai, 1 ,0,0.4,5,499
MX-0063,Kolkata,18,3,0.9,7,499
MX-0063,Pune,63,0,6.4,10,499
MX-0063,Ahmedabad,26,11,3.1,7,499
MX-0063,Jaipur,70,0,2.1,10,499
MX-0063,Lucknow,32,0,1.2,21,499
MX-0063,Surat, 134 ,158,5.6,21,499
MX-0063,Indore,133,0,,14,499
MX-0063,Nagpur,127,62,2.8,21,499
MX-0063,Kochi,98,0,7.6,10,499
MX-0063,Chandigarh,3,0,0.9,14,499
MX-0063,Bhopal,72,0,6.8,7,499
MX-0063,Patna,114,0,5.1,10,499
MX-0063,Vadodara,36,0,5.5,5,499
MX-0063,Ludhiana,151,0,6.4,21,499
MX-0063,Agra,12,0,3.5,10 days,499
MX-0063,Nashik,30,0,4.1,14,499
MX-0063,Meerut,4,0,0.3,14,499
MX-0063,Rajkot,24,0,1.4,7,499
MX-0063,Varanasi,24,0,5.9,7,499
MX-0063,Amritsar,16,0,1.3,5,499
MX-0063,Noida,53,0,5.9,7,499
MX-0063,Gurugram,90,0,3.1,10,499
MX-0063,Coimbatore,106,0,5.6,7,499
MX-0063,Madurai,2,0,0.4,7,499
MX-0063,Guwahati,149,90,7.2,14,499
MX-0063,Mumbai City Mall,163,0,6.6,14,499
MX-0063,Delhi City Mall,121,0,6.8,21,499
MX-0063,Bengaluru City Mall,29,0,7.2,14,499
MX-0063,Hyderabad City Mall, 16 ,179,7.2,21,499
MX-0063,Chennai City Mall,96,0,5.2,7,499
MX-0063,Kolkata City Mall,143,0,4.2,21,499
MX-0063,Pune City Mall,68,0,4.6,10,499
MX-0063,Ahmedabad City Mall,7,0,2.6,5,499
MX-0063,Jaipur City Mall,37,0,3.1,21,499
MX-0063,Lucknow City Mall,141,0,4.6,10,499
MX-0063,Surat City Mall,27,0,2.1,5,499
MX-0063,Indore City Mall,87,0,4.1,21,499
MX-0063,Nagpur City Mall,44,0,7.2,5,499
MX-0063,Kochi City Mall,75,42,3.3,14,499
MX-0063,Chandigarh City Mall,79,0,5.1,10,499
MX-0063,Bhopal City Mall,329,0,6.9,21,499
MX-0063,Patna City Mall,28,9,2.4,7,499
MX-0063,Vadodara City Mall,41,15,5.0,5,499
MX-0063,Ludhiana City Mall,52,45,2.2,21,499
MX-0063,Agra City Mall,2,0,6.6,7,499
MX-0064,Mumbai,31,0,5.2,5,1999
MX-0064,Delhi,31,0,3.4,5,1999
MX-0064,Delhi,31,0,3.4,5,1999
MX-0064,Bengaluru,1.5,0,5.5,10,1999
MX-0064,Hyderabad,39,17,3.4,5,1999
MX-0064,Chennai,193,0,6.5,10,1999
MX-0064,Kolkata,225,0,4.8,21,N/A
MX-0064,Pune,91,35,5.0,7,1999
MX-0064,Ahmedabad,28,0,5.1,7,1999
MX-0064,Jaipur,(7),-15,1.8,14,1999
MX-0064,Lucknow,211,0,6.4,10,1999
MX-0064,Surat,2,0,0.7,21,1999
MX-0064,Indore,117,103,6.2,14,1999
MX-0064,Nagpur, 132 ,0,5.7,7,1999
MX-0064,Kochi,11, 8 ,1.4,10,1999
MX-0064,Chandigarh,34, 78 ,7.5,10,1999
MX-0064,Bhopal,30,0,1.9,7,1999
MX-0064,Patna,120,0,3.0,14,1999
MX-0064,Vadodara,107,48,5.6,10,1999
MX-0064,Ludhiana,97,0,2.3,21,1999
MX-0064,Agra,295,0,5.6,21,1999
MX-0064,Nashik,6,0,7.2,14,1999
MX-0064,Meerut,13,10,0.4,21,1999
MX-0064,Rajkot,101,0,4.8,21,1999
MX-0064,Varanasi,6,0,2.3,10,1999
MX-0064,Amritsar,91,28,3.0,,1999
MX-0064,Noida,31,0,4.3,5,1999
MX-0064,Gurugram,254, 43 ,7.9,10,1999
MX-0064,Coimbatore,49,0,0.7,21,1999
MX-0064,Madurai,26,0,4.0,21,1999
MX-0064,Guwahati,72,0,2.8,10,1999
,Mumbai City Mall,49,87,6.9,21,1999
MX-0064,Delhi City Mall,74,0,6.3,7,1999
MX-0064,Bengaluru City Mall,5,0,1.6,5,1999
MX-0064,Hyderabad City Mall,31,19,3.1,5,1999
MX-0064,Chennai City Mall,179,0,4.3,21,1999
MX-0064,Kolkata City Mall,27,0,4.7,21,1999
MX-0064,Pune City Mall,25,0,4.0,5,1999
MX-0064,Ahmedabad City Mall,54,0,6.3,5,1999
MX-0064,Jaipur City Mall,40,0,3.3,21,1999
MX-0064,Lucknow City Mall,49,0,7.9,7,1999
MX-0064,Surat City Mall,23,0,1.9,10,1999
MX-0064,Indore City Mall,43,34,5.9,7,1999
MX-0064,Nagpur City Mall, 23 ,0,0.7,14,1999
MX-0064,Kochi City Mall,61,0,6.5,21,1999
MX-0064,Chandigarh City Mall,22,0,,5,1999
MX-0064,Bhopal City Mall,27,30,3.5,7,1999
MX-0064,Patna City Mall,391,161,7.1,21,1999
MX-0064,Vadodara City Mall,189,0,3.5,21,1999
MX-0064,Ludhiana City Mall,15,0,1.9,21 days,1999
MX-0064,Agra City Mall,46,0,5.9,5,1999
MX-0065,Mumbai,170,0,7.5,7,1999
MX-0065,Delhi,24,0,1.7,5,1999
MX-0065,Bengaluru,18,0,0.9,21,1999
MX-0065,Hyderabad,47,0,4.4,7,1999
MX-0065,Chennai,131,0,5.0,10,1999
MX-0065,Kolkata,194.5,0,7.2,10,1999
MX-0065,Pune,5,0,0.2,10,1999
MX-0065,Ahmedabad, 36 ,0,4.2,5,1999
MX-0065,Jaipur,13,0,2.4,5,1999
MX-0065,Lucknow,164,66,2.5,21,1999
MX-0065,Surat,1,0,0.5,5,1999
MX-0065,Indore, 131 ,0,3.0,21,1999
MX-0065,Nagpur,33,0,0.6,21,1999
MX-0065,Kochi,42,0,5.5,21,1999
MX-0065,Chandigarh,167,0,5.3,10,N/A
MX-0065,Bhopal,9,3,0.3,14,1999
MX-0065,Patna,49,0,7.3,7,1999
MX-0065,Vadodara,66,0,2.0,14,1999
MX-0065,Ludhiana,94,0,3.5,14,1999
MX-0065,Agra,65,63,3.7,14,1999
MX-0065,Nashik,276,0,6.9,14,1999
MX-0065,Meerut,16,0,1.0,21,1999
MX-0065,Rajkot,48,0,3.5,5,1999
MX-0065,Varanasi,149,202,7.8,21,1999
MX-0065,Amritsar,41,0,1.8,7,1999
MX-0065,Noida,6,0,2.1,5,1999
MX-0065,Gurugram,8,0,1.5,5,1999
MX-0065,Coimbatore,18,0,7.5,5,1999
MX-0065,Madurai,28,0,3.6,5,1999
MX-0065,Guwahati,9,-5,4.9,7,1999
MX-0065,Mumbai City Mall,25,13,0.6,21,1999
MX-0065,Delhi City Mall,48,0,5.9,5,1999
MX-0065,Bengaluru City Mall,98,68,7.3,7,1999
MX-0065,Hyderabad City Mall,100,0,4.3,7,1999
MX-0065,Chennai City Mall,388,0,6.1,21,1999
MX-0065,Kolkata City Mall,267, 84 ,4.2,21,1999
MX-0065,Pune City Mall,6,0,0.7,5,1999
MX-0065,Ahmedabad City Mall,25,0,7.2,10,1999
MX-0065,Jaipur City Mall,42,0,2.6,7,1999
MX-0065,Lucknow City Mall,202,0,3.3,21,1999
MX-0065,Surat City Mall,0,0,0.9,5,1999
MX-0065,Indore City Mall, 19 ,0,6.9,5,1999
MX-0065,Nagpur City Mall,27,16,2.1,7,1999
MX-0065,Kochi City Mall,25,0,3.1,14,1999
MX-0065,Chandigarh City Mall,35,28,5.4,10,1999
MX-0065,Bhopal City Mall,43,0,2.9,7,1999
MX-0065,Patna City Mall,47,0,7.9,7,1999
MX-0065,Vadodara City Mall,-4,0,4.3,,1999
MX-0065,Ludhiana City Mall,12,0,2.4,10,1999
MX-0065,Ludhiana City Mall,12,0,2.4,10,1999
MX-0065,Agra City Mall,106,0,6.8,21,1999
MX-0066,Mumbai,98,0,6.6,5,199
MX-0066,Delhi,13,68,4.8,14,199
MX-0066,Bengaluru,70,0,5.4,14,199
MX-0066,Hyderabad, 55 ,0,7.8,10,199
MX-0066,Chennai,21,0,4.7,5,199
MX-0066,Kolkata,197,0,6.5,10,199
MX-0066,Pune,86,0,7.2,21,199
MX-0066,Ahmedabad,5,0,2.4,5,199
MX-0066,Jaipur,160.5,84,6.9,21,199
MX-0066,Lucknow,42,21,4.6,5,199
MX-0066,Surat,9,0,3.2,10,199
MX-0066,Indore,43,29,3.9,7,199
MX-0066,Nagpur,191,0,6.0,21,199
MX-0066,Kochi,17,0,1.8,7,199
MX-0066,Chandigarh,124,0,6.9,10,199
MX-0066,Bhopal,1,0,0.4,10,199
MX-0066,Patna,4,0,0.6,21,199
MX-0066,Vadodara,41,0,4.4,10,199
MX-0066,Ludhiana,33,0,1.6,10,199
MX-0066,Agra,56,0,3.4,5,199
MX-0066,Nashik,2,0,2.7,10,199
MX-0066,Meerut,0, 1 ,0.8,5,199
MX-0066,Rajkot,23,0,6.7,21,199
MX-0066,Varanasi,93,0,5.6,5,N/A
MX-0066,Amritsar,40,0,6.8,7,199
MX-0066,Noida,78,63,2.6,21,199
MX-0066,Gurugram,191,0,3.6,21,199
MX-0066,Coimbatore,120, 35 ,,10 days,199
MX-0066,Madurai,51,15,1.2,14,199
MX-0066,Guwahati,59,0,2.2,10,199
MX-0066,Mumbai City Mall, 4 ,0,0.3,5,199
,Delhi City Mall,36,0,1.8,7,199
MX-0066,Bengaluru City Mall,15,0,7.0,10,199
MX-0066,Hyderabad City Mall,54,0,1.8,10,199
MX-0066,Chennai City Mall,155,166,5.9,21,199
MX-0066,Kolkata City Mall,2,0,0.3,5,199
MX-0066,Pune City Mall,98,0,6.8,14,199
MX-0066,Ahmedabad City Mall,391,0,7.6,21,199
MX-0066,Jaipur City Mall,20,0,1.2,21,199
MX-0066,Lucknow City Mall,36,0,6.0,14,199
MX-0066,Surat City Mall, 56 ,0,3.1,21,199
MX-0066,Indore City Mall,30,0,0.5,21,199
MX-0066,Nagpur City Mall, 36 ,0,6.9,7,199
MX-0066,Kochi City Mall,44,0,3.5,14,199
MX-0066,Chandigarh City Mall,104,0,5.8,7,199
MX-0066,Bhopal City Mall,19,18,2.4,7,199
MX-0066,Patna City Mall,107,0,5.8,10,199
MX-0066,Vadodara City Mall, 77 ,0,1.7,21,199
MX-0066,Ludhiana City Mall, 58 ,0,7.9,7,199
MX-0066,Agra City Mall, 56 ,42,6.8,5,199
MX-0067,Mumbai,65,-13,1.6,21,1999
MX-0067,Delhi,86,0,7.6,7,1999
MX-0067,Bengaluru,40,0,1.8,21,1999
MX-0067,Hyderabad, 26 ,0,1.7,7,1999
MX-0067,Chennai,6,0,3.8,10,1999
MX-0067,Kolkata,35,0,1.4,14,1999
MX-0067,Pune,100,0,3.5,10,1999
MX-0067,Ahmedabad,21,0,5.9,5,1999
MX-0067,Jaipur,31,0,2.3,5,1999
MX-0067,Lucknow,5,0,2.3,7,1999
MX-0067,Surat,47,0,6.6,7,1999
MX-0067,Indore,76.5,82,6.0,10,1999
MX-0067,Nagpur,65,0,2.1,10,1999
MX-0067,Kochi,20,0,2.1,10,1999
MX-0067,Chandigarh,255,0,7.3,14,1999
MX-0067,Bhopal,30,7,2.2,5,1999
MX-0067,Patna,80,30,6.5,7,1999
MX-0067,Vadodara,108,0,6.5,21,1999
MX-0067,Ludhiana,76,0,7.3,5,1999
MX-0067,Agra,96,0,5.3,10,1999
MX-0067,Nashik,29,14,4.7,,1999
MX-0067,Meerut,115,0,6.5,10,1999
MX-0067,Rajkot, 206 ,0,6.3,14,1999
MX-0067,Varanasi,44,0,3.2,5,1999
MX-0067,Amritsar,94,0,2.2,21,1999
MX-0067,Noida,5, 10 ,0.9,14,1999
MX-0067,Gurugram,155,0,5.1,14,1999
MX-0067,Coimbatore,22,0,0.7,14,1999
MX-0067,Madurai,188,0,4.5,21,1999
MX-0067,Guwahati,132,0,2.9,14,1999
MX-0067,Mumbai City Mall,55,0,1.2,21,1999
MX-0067,Delhi City Mall,4,0,0.3,5,1999
MX-0067,Bengaluru City Mall,192,0,6.0,10,N/A
MX-0067,Hyderabad City Mall,17,0,3.7,14,1999
MX-0067,Chennai City Mall,113,0,5.0,7,1999
MX-0067,Kolkata City Mall,1,0,4.0,5,1999
MX-0067,Pune City Mall,-8,0,3.7,5,1999
MX-0067,Ahmedabad City Mall,50,0,3.6,5,1999
MX-0067,Jaipur City Mall,60,51,2.5,21,1999
MX-0067,Lucknow City Mall, 135 ,0,5.3,10,1999
MX-0067,Surat City Mall,28,0,6.0,21,1999
MX-0067,Indore City Mall,88,19,3.5,10,1999
MX-0067,Nagpur City Mall,46,0,4.6,21,1999
MX-0067,Kochi City Mall,10,4,1.1,5,1999
MX-0067,Chandigarh City Mall,49,10,4.1,5,1999
MX-0067,Bhopal City Mall,28,37,6.6,5,1999
MX-0067,Bhopal City Mall,28,37,6.6,5,1999
MX-0067,Patna City Mall,48,0,5.4,21,1999
MX-0067,Vadodara City Mall,43,0,1.5,10,1999
MX-0067,Ludhiana City Mall,462,0,6.9,21,1999
MX-0067,Agra City Mall,13,0,3.1,14,1999
MX-0068,Mumbai,55,25,5.9,10,199
MX-0068,Delhi,45,22,1.6,14,199
MX-0068,Bengaluru,128,0,7.1,21,199
MX-0068,Hyderabad,206,0,6.2,10,199
MX-0068,Chennai,5,0,0.7,5,199
MX-0068,Kolkata,324,0,6.9,14,199
MX-0068,Pune,2,0,0.9,10 days,199
MX-0068,Ahmedabad,92,0,1.5,21,199
MX-0068,Jaipur,18,0,5.3,7,199
MX-0068,Lucknow,52,30,3.8,7,199
MX-0068,Surat,91,0,,10,199
MX-0068,Indore,90,0,2.5,21,199
MX-0068,Nagpur,48,41,6.5,5,199
MX-0068,Kochi,115,0,7.8,14,199
MX-0068,Chandigarh,164.5,0,3.6,14,199
MX-0068,Bhopal,304,0,6.5,14,199
MX-0068,Patna,18,0,7.0,5,199
MX-0068,Vadodara,30,0,3.2,5,199
MX-0068,Ludhiana,57,0,6.6,7,199
MX-0068,Agra, 71 ,0,6.6,10,199
MX-0068,Nashik,27,12,5.5,5,199
MX-0068,Meerut,144,-15,5.9,14,199
MX-0068,Rajkot,49,0,5.7,5,199
MX-0068,Varanasi,93,0,4.5,14,199
MX-0068,Amritsar,13,67,4.9,21,199
MX-0068,Noida,26,0,1.1,14,199
MX-0068,Gurugram,210,0,6.6,10,199
MX-0068,Coimbatore,25,26,3.7,7,199
MX-0068,Madurai,30,18,1.9,10,199
MX-0068,Guwahati,101,0,6.0,5,199
MX-0068,Mumbai City Mall,128,0,4.7,14,199
MX-0068,Delhi City Mall,71,34,7.9,5,199
,Bengaluru City Mall,40, 21 ,2.4,7,199
MX-0068,Hyderabad City Mall,86,0,6.8,10,199
MX-0068,Chennai City Mall,14,0,1.1,7,199
MX-0068,Kolkata City Mall,162,0,7.9,10,199
MX-0068,Pune City Mall,137,51,3.3,14,199
MX-0068,Ahmedabad City Mall,204,0,4.4,14,199
MX-0068,Jaipur City Mall,236,0,5.1,14,199
MX-0068,Lucknow City Mall,6,5,0.4,10,199
MX-0068,Surat City Mall,67,0,4.8,7,199
MX-0068,Indore City Mall,70,0,3.2,14,N/A
MX-0068,Nagpur City Mall, 164 ,0,5.0,10,199
MX-0068,Kochi City Mall,13,0,1.3,,199
MX-0068,Chandigarh City Mall,477,0,6.9,21,199
MX-0068,Bhopal City Mall,48,27,4.0,5,199
MX-0068,Patna City Mall,97,0,3.9,14,199
MX-0068,Vadodara City Mall,403,127,6.4,21,199
MX-0068,Ludhiana City Mall,39,0,4.6,14,199
MX-0068,Agra City Mall, 342 ,0,7.9,14,199
MX-0069,Mumbai,9,0,1.7,5,499
MX-0069,Delhi,35,71,6.8,10,499
MX-0069,Bengaluru,26,0,7.9,21,499
MX-0069,Hyderabad,13,0,0.9,7,499
MX-0069,Chennai,95,0,4.9,7,499
MX-0069,Kolkata,141,0,5.1,10,499
MX-0069,Pune,25,0,2.7,7,499
MX-0069,Ahmedabad,89,60,3.3,14,499
MX-0069,Jaipur,67,0,2.9,7,499
MX-0069,Lucknow,44,0,1.4,10,499
MX-0069,Surat,9,0,0.5,7,499
MX-0069,Indore,101,65,5.9,14,499
MX-0069,Nagpur,4,22,2.7,10,499
MX-0069,Kochi,3,0,0.4,14,499
MX-0069,Chandigarh,44,0,4.5,5,499
MX-0069,Bhopal,8,61,3.5,14,499
MX-0069,Patna,3,0,2.5,7,499
MX-0069,Vadodara,84.5,0,1.3,21,499
MX-0069,Ludhiana,3,0,6.5,5,499
MX-0069,Agra,21,151,6.8,21,499
MX-0069,Nashik,155,0,6.1,14,499
MX-0069,Meerut,6,0,7.1,10,499
MX-0069,Rajkot,5,0,0.3,21,499
MX-0069,Varanasi,20,0,4.5,10,499
MX-0069,Amritsar,229,0,7.8,21,499
MX-0069,Noida,(1),0,4.1,10,499
MX-0069,Gurugram,101,0,5.5,10,499
MX-0069,Coimbatore,29,0,2.2,5,499
MX-0069,Madurai,68,63,6.6,14,499
MX-0069,Guwahati,122,34,2.1,21,499
MX-0069,Mumbai City Mall,31,0,7.3,10,499
MX-0069,Delhi City Mall, 141 ,0,7.5,10,499
MX-0069,Bengaluru City Mall,60,0,5.9,7,499
MX-0069,Hyderabad City Mall,54, 21 ,3.5,5,499
MX-0069,Chennai City Mall,21,0,4.5,14,499
MX-0069,Kolkata City Mall,111,0,2.5,14 days,499
MX-0069,Pune City Mall,12,53,6.2,10,499
MX-0069,Ahmedabad City Mall,19,0,3.4,14,499
MX-0069,Jaipur City Mall,134,21,2.2,21,499
MX-0069,Lucknow City Mall,112,0,6.2,10,499
MX-0069,Surat City Mall,12,12,1.8,5,499
MX-0069,Indore City Mall,210,0,4.5,21,499
MX-0069,Nagpur City Mall,336,-10,5.8,21,499
MX-0069,Nagpur City Mall,336,-10,5.8,21,499
MX-0069,Kochi City Mall,60,0,,10,499
MX-0069,Chandigarh City Mall,27,0,2.9,7,499
MX-0069,Bhopal City Mall,224,0,4.1,21,499
MX-0069,Patna City Mall,98,0,5.5,10,499
MX-0069,Vadodara City Mall, 4 ,11,2.4,5,499
MX-0069,Ludhiana City Mall,16,2,0.7,7,499
MX-0069,Agra City Mall,6,0,7.8,5,499
MX-0070,Mumbai,146,0,6.5,10,N/A
MX-0070,Delhi,19,0,2.9,7,999
MX-0070,Bengaluru,27,0,6.1,5,999
MX-0070,Hyderabad,109,0,5.3,7,999
MX-0070,Chennai,10,0,6.4,7,999
MX-0070,Kolkata,20,0,4.6,7,999
MX-0070,Pune,11,29,7.3,5,999
MX-0070,Ahmedabad,88,0,5.3,7,999
MX-0070,Jaipur,15,0,2.5,5,999
MX-0070,Lucknow,29,0,4.6,5,999
MX-0070,Surat,34,0,5.1,21,999
MX-0070,Indore,220,0,5.8,14,999
MX-0070,Nagpur,82,0,5.3,5,999
MX-0070,Kochi,17,8,1.3,10,999
MX-0070,Chandigarh,10,0,1.7,5,999
MX-0070,Bhopal,9,0,2.2,10,999
MX-0070,Patna,83,45,2.4,,999
MX-0070,Vadodara,162,172,7.7,21,999
MX-0070,Ludhiana,9,22,3.6,5,999
MX-0070,Agra,0,0,6.1,5,999
MX-0070,Nashik,137.5,0,7.3,7,999
MX-0070,Meerut,72,0,3.7,10,999
MX-0070,Rajkot,66,0,2.0,10,999
MX-0070,Varanasi,4,19,3.7,7,999
MX-0070,Amritsar,236,0,7.5,14,999
MX-0070,Noida, 48 ,0,3.8,14,999
MX-0070,Gurugram,41,0,5.3,7,999
MX-0070,Coimbatore,3,0,0.3,5,999
MX-0070,Madurai,17,0,5.8,5,999
MX-0070,Guwahati,0,0,0.6,5,999
MX-0070,Mumbai City Mall,131,69,4.5,21,999
MX-0070,Delhi City Mall,1,33,4.4,10,999
MX-0070,Bengaluru City Mall,170,0,6.3,14,999
,Hyderabad City Mall,23,0,6.2,10,999
MX-0070,Chennai City Mall,82,0,2.5,14,999
MX-0070,Kolkata City Mall,140,0,6.5,7,999
MX-0070,Pune City Mall,224,60,6.2,21,999
MX-0070,Ahmedabad City Mall,110,0,6.6,21,999
MX-0070,Jaipur City Mall,16,0,2.7,5,999
MX-0070,Lucknow City Mall,10,0,2.0,10,999
MX-0070,Surat City Mall,280,81,7.8,21,999
MX-0070,Indore City Mall,23,26,7.4,5,999
MX-0070,Nagpur City Mall,96,0,7.1,7,999
MX-0070,Kochi City Mall,32,0,1.3,10,999
MX-0070,Chandigarh City Mall, 181 ,0,6.3,10,999
MX-0070,Bhopal City Mall,24,26,4.3,7,999
MX-0070,Patna City Mall,161,74,7.1,14,999
MX-0070,Vadodara City Mall, 24 ,0,1.7,14,999
MX-0070,Ludhiana City Mall, 15 ,9,3.3,5,999
MX-0070,Agra City Mall,26,0,1.5,14,999
MX-0071,Mumbai,28,0,1.3,10,3999
MX-0071,Delhi,73,0,4.3,21,3999
MX-0071,Bengaluru,308,0,7.0,14,3999
MX-0071,Hyderabad,9,0,2.3,10,3999
MX-0071,Chennai,24,10,3.7,5,3999
MX-0071,Kolkata,17,0,3.2,21,3999
MX-0071,Pune, 33 ,0,3.9,21,3999
MX-0071,Ahmedabad,9,0,4.0,21,3999
MX-0071,Jaipur,16,6,0.9,7,3999
MX-0071,Lucknow,77,0,4.4,14,N/A
MX-0071,Surat,205,0,5.4,14,3999
MX-0071,Indore,43,0,1.3,21,3999
MX-0071,Nagpur,19,0,3.1,7,3999
MX-0071,Kochi,102,-12,7.1,5,3999
MX-0071,Chandigarh,(5),0,4.0,21 days,3999
MX-0071,Bhopal,45,0,5.6,10,3999
MX-0071,Patna,40,0,3.4,21,3999
MX-0071,Vadodara,50,0,1.3,21,3999
MX-0071,Ludhiana,5,0,0.8,5,3999
MX-0071,Agra,11,0,1.5,14,3999
MX-0071,Nashik,32,0,6.6,14,3999
MX-0071,Meerut,29,0,1.7,7,3999
MX-0071,Rajkot,32,0,2.0,21,3999
MX-0071,Varanasi,16.5,0,4.8,5,3999
MX-0071,Amritsar,267,0,6.0,21,3999
MX-0071,Noida,27,0,6.2,7,3999
MX-0071,Gurugram,56,0,,7,3999
MX-0071,Coimbatore,3,26,4.0,5,3999
MX-0071,Madurai,173,61,4.6,14,3999
MX-0071,Guwahati,116,0,2.7,14,3999
MX-0071,Mumbai City Mall,107,0,3.9,14,3999
MX-0071,Delhi City Mall,324,0,6.3,21,3999
MX-0071,Bengaluru City Mall,8,0,0.7,14,3999
MX-0071,Hyderabad City Mall,199,0,5.1,14,3999
MX-0071,Chennai City Mall,146,53,6.8,10,3999
MX-0071,Kolkata City Mall,6,4,0.6,7,3999
MX-0071,Pune City Mall,33,0,1.9,7,3999
MX-0071,Ahmedabad City Mall,36,0,6.2,5,3999
MX-0071,Jaipur City Mall,97,54,4.2,14,3999
MX-0071,Lucknow City Mall,9,29,2.0,,3999
MX-0071,Lucknow City Mall,9,29,2.0,,3999
MX-0071,Surat City Mall,48,0,3.8,7,3999
MX-0071,Indore City Mall,5,0,1.9,5,3999
MX-0071,Nagpur City Mall,130,0,7.0,14,3999
MX-0071,Kochi City Mall,26,19,2.0,7,3999
MX-0071,Chandigarh City Mall,75,0,3.3,10,3999
MX-0071,Bhopal City Mall,17,0,6.0,7,3999
MX-0071,Patna City Mall,166,0,3.2,21,3999
MX-0071,Vadodara City Mall,120,49,1.8,21,3999
MX-0071,Ludhiana City Mall,61,0,2.8,21,3999
MX-0071,Agra City Mall,1,0,0.2,7,3999
MX-0072,Mumbai,27,0,2.9,5,199
MX-0072,Delhi,67,0,4.7,7,199
MX-0072,Bengaluru,52,25,4.8,5,199
MX-0072,Hyderabad,37,0,1.9,10,199
MX-0072,Chennai, 258 ,0,5.2,21,199
MX-0072,Kolkata,323,0,8.0,14,199
MX-0072,Pune,37,13,1.5,10,199
MX-0072,Ahmedabad,85,0,2.2,21,199
MX-0072,Jaipur,64,0,4.4,7,199
MX-0072,Lucknow,124,71,4.3,21,199
MX-0072,Surat,35,0,1.1,21,199
MX-0072,Indore,70,21,6.0,7,199
MX-0072,Nagpur,35,4,2.2,5,199
MX-0072,Kochi,40,0,5.0,10,199
MX-0072,Chandigarh,472,0,7.0,21,199
MX-0072,Bhopal,313,0,7.6,14,199
MX-0072,Patna,28,0,4.7,10,199
MX-0072,Vadodara,73,0,4.5,7,199
MX-0072,Ludhiana,104,0,3.6,10,N/A
MX-0072,Agra, 3 ,0,5.1,10,199
MX-0072,Nashik,60,11,5.1,5,199
MX-0072,Meerut,84,0,5.8,14,199
MX-0072,Rajkot,32,10,0.5,21,199
MX-0072,Varanasi,12,0,2.4,14,199
MX-0072,Amritsar,42,0,4.9,5,199
MX-0072,Noida,56,0,2.7,10,199
MX-0072,Gurugram,18.5,0,2.5,5,199
MX-0072,Coimbatore,155,85,4.1,21,199
MX-0072,Madurai,50,18,3.7,5,199
MX-0072,Guwahati,10,0,4.7,5,199
MX-0072,Mumbai City Mall,4,0,0.7,5,199
MX-0072,Delhi City Mall,13,0,0.4,14,199
MX-0072,Bengaluru City Mall, 115 ,0,3.0,21,199
MX-0072,Hyderabad City Mall,20,0,1.7,21,199
,Chennai City Mall,85,-14,3.6,7,199
MX-0072,Kolkata City Mall,23,0,1.5,21,199
MX-0072,Pune City Mall,67,0,4.1,10,199
MX-0072,Ahmedabad City Mall,184,0,4.4,21,199
MX-0072,Jaipur City Mall, 69 ,0,6.8,5,199
MX-0072,Lucknow City Mall,80,0,7.6,10,199
MX-0072,Surat City Mall,63,9,4.9,5,199
MX-0072,Indore City Mall,413,0,7.2,21,199
MX-0072,Nagpur City Mall,45,14,3.5,7,199
MX-0072,Kochi City Mall,56,27,5.0,10 days,199
MX-0072,Chandigarh City Mall,33,5,1.8,7,199
MX-0072,Bhopal City Mall,19,27,5.7,7,199
MX-0072,Patna City Mall,32,0,0.7,14,199
MX-0072,Vadodara City Mall,131,0,6.0,10,199
MX-0072,Ludhiana City Mall,19,0,3.7,14,199
MX-0072,Agra City Mall,0,0,0.9,5,199
MX-0073,Mumbai,42,0,3.1,21,1999
MX-0073,Delhi,2,0,0.8,10,1999
MX-0073,Bengaluru,149,85,6.5,10,1999
MX-0073,Hyderabad,-2,0,0.7,10,1999
MX-0073,Chennai,10,0,3.4,10,1999
MX-0073,Kolkata,75,25,3.4,7,1999
MX-0073,Pune,26,8,1.9,5,1999
MX-0073,Ahmedabad,41,0,6.5,7,1999
MX-0073,Jaipur,13,0,0.6,7,1999
MX-0073,Lucknow,3,0,,5,1999
MX-0073,Surat,175,0,5.3,10,1999
MX-0073,Indore,27,35,2.7,14,1999
MX-0073,Nagpur, 17 ,0,1.3,,1999
MX-0073,Kochi,71,0,2.9,21,1999
MX-0073,Chandigarh,6,6,1.8,5,1999
MX-0073,Bhopal,46,80,5.4,14,1999
MX-0073,Patna,158,23,2.4,21,1999
MX-0073,Vadodara,41,0,4.6,10,1999
MX-0073,Ludhiana,182,0,7.2,10,1999
MX-0073,Agra, 309 ,0,5.5,21,1999
MX-0073,Nashik,166,0,7.2,14,1999
MX-0073,Meerut,215,121,5.3,21,1999
MX-0073,Rajkot,17,0,7.9,21,1999
MX-0073,Varanasi,70,0,4.7,5,1999
MX-0073,Amritsar,5,60,3.1,14,1999
MX-0073,Noida,168,0,5.0,10,1999
MX-0073,Gurugram,67,28,4.9,5,1999
MX-0073,Coimbatore,458,76,7.3,21,N/A
MX-0073,Madurai,47,11,5.2,5,1999
MX-0073,Guwahati,74.5,0,4.8,21,1999
MX-0073,Mumbai City Mall,58,0,3.7,5,1999
MX-0073,Delhi City Mall,233,0,5.9,21,1999
MX-0073,Bengaluru City Mall,83,30,6.7,10,1999
MX-0073,Hyderabad City Mall, 102 ,0,5.6,7,1999
MX-0073,Chennai City Mall,100,0,2.6,21,1999
MX-0073,Kolkata City Mall,83,37,3.8,10,1999
MX-0073,Pune City Mall,24,0,6.6,7,1999
MX-0073,Pune City Mall,24,0,6.6,7,1999
MX-0073,Ahmedabad City Mall,59,0,3.6,7,1999
MX-0073,Jaipur City Mall, 188 ,23,2.7,21,1999
MX-0073,Lucknow City Mall,101,0,7.6,7,1999
MX-0073,Surat City Mall,319,0,7.3,14,1999
MX-0073,Indore City Mall,46,0,2.3,21,1999
MX-0073,Nagpur City Mall,44,31,4.7,5,1999
MX-0073,Kochi City Mall,53,0,2.4,7,1999
MX-0073,Chandigarh City Mall,86,36,6.5,5,1999
MX-0073,Bhopal City Mall,158,0,5.5,10,1999
MX-0073,Patna City Mall,228,53,6.9,10,1999
MX-0073,Vadodara City Mall,262,0,7.3,14,1999
MX-0073,Ludhiana City Mall, 17 ,0,1.0,7,1999
MX-0073,Agra City Mall,124,0,6.2,10,1999
MX-0074,Mumbai,123,60,4.6,10,999
MX-0074,Delhi,156,0,7.7,14,999
MX-0074,Bengaluru,25,29,7.0,5,999
MX-0074,Hyderabad,314,0,6.5,21,999
MX-0074,Chennai,151,0,5.7,14,999
MX-0074,Kolkata,408,-19,7.9,21,999
MX-0074,Pune,73,0,3.3,14,999
MX-0074,Ahmedabad,144,34,4.7,14,999
MX-0074,Jaipur,182,0,2.7,21,999
MX-0074,Lucknow,40,0,1.2,21,999
MX-0074,Surat,66,73,3.1,21,999
MX-0074,Indore,78,0,5.3,7,999
MX-0074,Nagpur,94,0,5.4,10,999
MX-0074,Kochi,78,24,2.0,14,999
MX-0074,Chandigarh,46,9,3.9,5,999
MX-0074,Bhopal,95,0,2.3,21,999
MX-0074,Patna,198,69,4.2,21,999
MX-0074,Vadodara,68,13,5.8,5,999
MX-0074,Ludhiana,14,148,6.9,21,999
MX-0074,Agra,7,0,1.5,5,999
MX-0074,Nashik,117,0,7.2,7,999
MX-0074,Meerut,83,0,5.2,7,999
MX-0074,Rajkot,59,0,6.4,5 days,999
MX-0074,Varanasi,2,1,0.5,5,999
MX-0074,Amritsar,9,0,0.7,21,999
MX-0074,Noida,156,0,4.4,14,999
MX-0074,Gurugram,37,0,2.0,21,999
MX-0074,Coimbatore,2,153,6.5,21,999
MX-0074,Madurai,358,0,5.6,21,999
MX-0074,Guwahati,22,12,2.1,7,999
MX-0074,Mumbai City Mall,106,13,3.2,10,999
MX-0074,Delhi City Mall,10,0,1.7,5,999
MX-0074,Bengaluru City Mall,14.5,0,5.8,7,999
MX-0074,Hyderabad City Mall,305,0,6.0,21,999
MX-0074,Chennai City Mall,158,0,5.6,14,999
,Kolkata City Mall,9,0,4.6,,999
MX-0074,Pune City Mall,55,0,1.8,21,N/A
MX-0074,Ahmedabad City Mall,14,0,3.5,10,999
MX-0074,Jaipur City Mall,35,0,3.2,14,999
MX-0074,Lucknow City Mall,60,40,4.2,7,999
MX-0074,Surat City Mall,30,0,3.8,5,999
MX-0074,Indore City Mall,95,27,7.1,5,999
MX-0074,Nagpur City Mall,-8,0,,21,999
MX-0074,Kochi City Mall, 7 ,0,2.5,7,999
MX-0074,Chandigarh City Mall,57,26,4.5,7,999
MX-0074,Bhopal City Mall,20,0,4.5,10,999
MX-0074,Patna City Mall,10,0,4.5,5,999
MX-0074,Vadodara City Mall,92,32,2.9,14,999
MX-0074,Ludhiana City Mall,168,0,7.8,7,999
MX-0074,Agra City Mall,31,0,2.0,10,999
MX-0075,Mumbai,149,0,7.7,21,499
MX-0075,Delhi,49,0,2.7,21,499
MX-0075,Bengaluru,66,0,5.4,7,499
MX-0075,Hyderabad,464,0,6.8,21,499
MX-0075,Chennai,202,0,4.8,14,499
MX-0075,Kolkata,1, 6 ,1.6,5,499
MX-0075,Pune,19,0,5.6,10,499
MX-0075,Ahmedabad,36,0,7.6,10,499
MX-0075,Jaipur,304,0,5.5,21,499
MX-0075,Lucknow,9,0,1.7,5,499
MX-0075,Surat,9,0,1.9,5,499
MX-0075,Indore,30,19,2.0,10,499
MX-0075,Nagpur,26,0,4.4,5,499
MX-0075,Kochi,47,35,3.1,21,499
MX-0075,Chandigarh,66,0,1.5,21,499
MX-0075,Bhopal,27,22,1.9,10,499
MX-0075,Patna,7,8,1.3,5,499
MX-0075,Vadodara,41,21,2.2,7,499
MX-0075,Ludhiana,18,0,1.6,21,499
MX-0075,Agra,19,0,2.9,7,499
MX-0075,Nashik,95,34,5.6,14,499
MX-0075,Meerut,53,0,3.3,7,499
MX-0075,Rajkot,16,0,0.9,14,499
MX-0075,Varanasi,2,0,0.5,10,499
MX-0075,Amritsar,53,0,4.3,14,499
MX-0075,Noida, 22 ,14,4.2,7,499
MX-0075,Gurugram,175,-9,6.0,14,499
MX-0075,Coimbatore,60,106,4.1,21,499
MX-0075,Madurai,1,0,0.2,7,499
MX-0075,Guwahati,21,0,2.0,21,499
MX-0075,Mumbai City Mall,475,0,7.4,21,499
MX-0075,Delhi City Mall,42,0,3.5,10,499
MX-0075,Bengaluru City Mall,77,0,1.9,21,499
MX-0075,Hyderabad City Mall,10,0,0.7,7,499
MX-0075,Hyderabad City Mall,10,0,0.7,7,499
MX-0075,Chennai City Mall,28,12,1.2,10,499
MX-0075,Kolkata City Mall,133.5,0,7.7,7,499
MX-0075,Pune City Mall,21,0,0.7,14,499
MX-0075,Ahmedabad City Mall,125,184,7.4,21,499
MX-0075,Jaipur City Mall,6,0,7.6,5,499
MX-0075,Lucknow City Mall,44,0,6.5,10,499
MX-0075,Surat City Mall,58,0,3.6,5,499
MX-0075,Indore City Mall,79,0,5.4,21,499
MX-0075,Nagpur City Mall,2,23,5.6,5,499
MX-0075,Kochi City Mall,81,0,7.5,14,499
MX-0075,Chandigarh City Mall,23,0,0.8,10,499
MX-0075,Bhopal City Mall,127,0,2.9,21,N/A
MX-0075,Patna City Mall,350,0,7.9,21,499
MX-0075,Vadodara City Mall,82,0,7.4,7,499
MX-0075,Ludhiana City Mall,37,0,1.8,7,499
MX-0075,Agra City Mall,217,0,7.3,14,499
MX-0076,Mumbai,12,0,0.4,14,3999
MX-0076,Delhi,132,0,4.3,10 days,3999
MX-0076,Bengaluru, 35 ,10,1.2,14,3999
MX-0076,Hyderabad,249,0,7.5,10,3999
MX-0076,Chennai,17,0,8.0,7,3999
MX-0076,Kolkata,144,27,6.5,7,3999
MX-0076,Pune,24,0,3.0,10,3999
MX-0076,Ahmedabad,26,4,1.1,10,3999
MX-0076,Jaipur,167,0,2.7,,3999
MX-0076,Lucknow,160,0,5.0,14,3999
MX-0076,Surat,18,10,1.6,10,3999
MX-0076,Indore,6,6,0.9,14,3999
MX-0076,Nagpur,71,0,4.3,14,3999
MX-0076,Kochi,61,0,4.0,7,3999
MX-0076,Chandigarh,59,0,2.8,14,3999
MX-0076,Bhopal,210,58,3.7,21,3999
MX-0076,Patna,27,0,5.5,7,3999
MX-0076,Vadodara,81,0,6.4,14,3999
MX-0076,Ludhiana,6,36,7.4,5,3999
MX-0076,Agra,55,0,4.8,5,3999
MX-0076,Nashik,24,0,1.7,5,3999
MX-0076,Meerut,28,0,3.0,5,3999
MX-0076,Rajkot, 31 ,16,1.2,14,3999
MX-0076,Varanasi,14,0,7.0,5,3999
MX-0076,Amritsar,155,58,4.8,14,3999
MX-0076,Noida,49,0,,21,3999
MX-0076,Gurugram, 11 ,0,4.5,10,3999
MX-0076,Coimbatore,1,9,2.2,7,3999
MX-0076,Madurai,53,0,2.6,14,3999
MX-0076,Guwahati,15,0,3.9,5,3999
MX-0076,Mumbai City Mall,19,0,2.6,7,3999
MX-0076,Delhi City Mall,(3),0,4.8,21,3999
MX-0076,Bengaluru City Mall,25,52,4.5,10,3999
MX-0076,Hyderabad City Mall,89,52,5.5,7,3999
MX-0076,Chennai City Mall,35,8,2.6,5,3999
MX-0076,Kolkata City Mall,23,0,1.0,7,3999
,Pune City Mall,148,0,7.7,14,3999
MX-0076,Ahmedabad City Mall,354,0,6.0,21,3999
MX-0076,Jaipur City Mall,94.5,0,5.2,7,3999
MX-0076,Lucknow City Mall,21,0,1.7,5,3999
MX-0076,Surat City Mall,147,0,6.6,10,3999
MX-0076,Indore City Mall,41,0,5.8,5,3999
MX-0076,Nagpur City Mall,25,0,0.7,14,3999
MX-0076,Kochi City Mall, 215 , 37 ,4.0,21,3999
MX-0076,Chandigarh City Mall,147,51,4.0,14,3999
MX-0076,Bhopal City Mall,459,0,7.4,21,3999
MX-0076,Patna City Mall,48,0,5.0,14,3999
MX-0076,Vadodara City Mall,131,-13,6.3,7,3999
MX-0076,Ludhiana City Mall, 4 ,0,0.5,10,3999
MX-0076,Agra City Mall,70,27,4.0,7,3999
MX-0077,Mumbai,17,0,1.0,10,1999
MX-0077,Delhi,48,0,2.4,14,1999
MX-0077,Bengaluru,38,0,6.1,5,1999
MX-0077,Hyderabad,181,0,4.8,14,1999
MX-0077,Chennai,17,0,1.6,14,N/A
MX-0077,Kolkata,23,0,2.9,21,1999
MX-0077,Pune,35,0,4.8,10,1999
MX-0077,Ahmedabad,172,0,7.4,7,1999
MX-0077,Jaipur,121,0,7.7,10,1999
MX-0077,Lucknow,79,24,1.2,21,1999
MX-0077,Surat,28,0,4.9,10,1999
MX-0077,Indore,43,0,4.6,5,1999
MX-0077,Nagpur,23,0,7.7,10,1999
MX-0077,Kochi,4,0,0.3,5,1999
MX-0077,Chandigarh,14,4,1.2,5,1999
MX-0077,Bhopal,101,0,4.7,7,1999
MX-0077,Patna,15,0,0.6,10,1999
MX-0077,Vadodara,80,0,2.4,14,1999
MX-0077,Ludhiana,27,26,2.8,7,1999
MX-0077,Agra,80,23,4.9,5,1999
MX-0077,Nashik,85,0,2.6,14,1999
MX-0077,Meerut,361,0,5.2,21,1999
MX-0077,Rajkot,4,26,3.2,21,1999
MX-0077,Varanasi,20,0,0.6,14,1999
MX-0077,Amritsar,164,0,4.9,14,1999
MX-0077,Noida,80,49,5.4,7,1999
MX-0077,Gurugram,26,0,6.2,5,1999
MX-0077,Coimbatore,29,22,3.5,14,1999
MX-0077,Madurai,177,110,3.8,21,1999
MX-0077,Guwahati,6,55,2.8,21,1999
MX-0077,Mumbai City Mall,68,0,5.6,21 days,1999
MX-0077,Mumbai City Mall,68,0,5.6,21 days,1999
MX-0077,Delhi City Mall,59,0,7.4,,1999
MX-0077,Bengaluru City Mall, 69 ,0,2.2,10,1999
MX-0077,Hyderabad City Mall,54,0,4.3,5,1999
MX-0077,Chennai City Mall,51,0,2.5,10,1999
MX-0077,Kolkata City Mall,203,0,7.3,10,1999
MX-0077,Pune City Mall,53,0,4.3,14,1999
MX-0077,Ahmedabad City Mall,65,0,1.7,21,1999
MX-0077,Jaipur City Mall,51,0,4.7,10,1999
MX-0077,Lucknow City Mall,36,0,4.9,10,1999
MX-0077,Surat City Mall,40,0,2.7,5,1999
MX-0077,Indore City Mall,64.5,0,2.0,10,1999
MX-0077,Nagpur City Mall,244,0,7.6,14,1999
MX-0077,Kochi City Mall,25,0,0.9,14,1999
MX-0077,Chandigarh City Mall,14,0,0.5,14,1999
MX-0077,Bhopal City Mall,33,0,8.0,5,1999
MX-0077,Patna City Mall,4,3,0.4,14,1999
MX-0077,Vadodara City Mall,15,0,7.3,7,1999
MX-0077,Ludhiana City Mall,3,0,0.9,5,1999
MX-0077,Agra City Mall,16,0,7.4,10,1999
MX-0078,Mumbai,69,0,6.9,21,499
MX-0078,Delhi,41,0,2.7,5,499
MX-0078,Bengaluru,78,0,2.9,14,499
MX-0078,Hyderabad,169,0,4.3,14,499
MX-0078,Chennai,44,13,2.6,10,499
MX-0078,Kolkata,53,0,2.5,7,499
MX-0078,Pune,85,0,2.2,14,499
MX-0078,Ahmedabad,218,67,6.8,14,499
MX-0078,Jaipur,10,0,,5,499
MX-0078,Lucknow, 16 ,0,5.7,5,499
MX-0078,Surat,121,0,5.5,7,499
MX-0078,Indore,193,31,6.0,10,499
MX-0078,Nagpur,30,0,5.8,7,499
MX-0078,Kochi,236,78,6.6,21,N/A
MX-0078,Chandigarh,68,0,2.4,14,499
MX-0078,Bhopal,65,0,5.5,5,499
MX-0078,Patna,34,0,2.1,7,499
MX-0078,Vadodara,35,0,2.2,21,499
MX-0078,Ludhiana,132,-4,7.5,21,499
MX-0078,Agra,61,43,4.3,10,499
MX-0078,Nashik,-5,46,7.0,5,499
MX-0078,Meerut,319,75,8.0,14,499
MX-0078,Rajkot,38,19,2.4,7,499
MX-0078,Varanasi,11,0,4.6,7,499
MX-0078,Amritsar,114,0,4.3,21,499
MX-0078,Noida,80,20,2.6,10,499
MX-0078,Gurugram,110,110,6.6,14,499
MX-0078,Coimbatore,69,0,1.2,21,499
MX-0078,Madurai,3,0,5.7,5,499
MX-0078,Guwahati,51,0,7.2,10,499
MX-0078,Mumbai City Mall,68,0,6.7,5,499
MX-0078,Delhi City Mall,1,0,0.6,7,499
MX-0078,Bengaluru City Mall,5,0,0.9,14,499
MX-0078,Hyderabad City Mall,15,5,0.8,14,499
MX-0078,Chennai City Mall,307,144,6.8,21,499
MX-0078,Kolkata City Mall,137,0,6.7,10,499
MX-0078,Pune City Mall,154,58,3.9,14,499
,Ahmedabad City Mall,28,0,3.6,7,499
MX-0078,Jaipur City Mall,16,0,3.8,5,499
MX-0078,Lucknow City Mall,7,0,0.3,14,499
MX-0078,Surat City Mall,219,0,4.0,21,499
MX-0078,Indore City Mall,126,0,7.3,21,499
MX-0078,Nagpur City Mall,135,0,4.4,14,499
MX-0078,Kochi City Mall,26,0,6.2,7,499
MX-0078,Chandigarh City Mall,9.5,0,4.5,10,499
MX-0078,Bhopal City Mall,140,0,3.8,21,499
MX-0078,Patna City Mall,30,0,0.7,21,499
MX-0078,Vadodara City Mall,166,0,7.9,10,499
MX-0078,Ludhiana City Mall, 26 ,5,1.2,7,499
MX-0078,Agra City Mall,4,0,0.3,14,499
MX-0079,Mumbai,79,0,3.8,10,199
MX-0079,Delhi, 4 ,0,1.3,10,199
MX-0079,Bengaluru,35,0,2.2,7,199
MX-0079,Hyderabad,290,114,4.9,21,199
MX-0079,Chennai,455,67,7.3,,199
MX-0079,Kolkata,3,0,0.4,10,199
MX-0079,Pune,60,0,2.9,14,199
MX-0079,Ahmedabad,15,0,0.9,21,199
MX-0079,Jaipur,49,0,4.3,10,199
MX-0079,Lucknow,41,0,4.9,5 days,199
MX-0079,Surat,188,83,4.9,14,199
MX-0079,Indore,8,0,1.0,5,199
MX-0079,Nagpur,0,0,3.7,5,199
MX-0079,Kochi,101,0,2.5,21,199
MX-0079,Chandigarh,75,0,5.9,10,199
MX-0079,Bhopal,50,0,3.3,5,199
MX-0079,Patna,190,156,7.0,21,199
MX-0079,Vadodara,87,19,5.3,7,199
MX-0079,Ludhiana,18,14,3.2,5,199
MX-0079,Agra,116,47,5.2,7,199
MX-0079,Nashik,115,0,5.5,10,199
MX-0079,Meerut,85,0,7.2,10,199
MX-0079,Rajkot,7,0,0.3,21,N/A
MX-0079,Varanasi,3,0,5.0,10,199
MX-0079,Amritsar,3,0,0.6,21,199
MX-0079,Noida,87,0,6.2,10,199
MX-0079,Gurugram,74,26,5.9,5,199
MX-0079,Coimbatore,101,0,6.5,5,199
MX-0079,Coimbatore,101,0,6.5,5,199
MX-0079,Madurai,182,0,5.7,10,199
MX-0079,Guwahati,62,0,2.0,10,199
MX-0079,Mumbai City Mall,37,0,5.0,5,199
MX-0079,Delhi City Mall,294,0,5.5,21,199
MX-0079,Bengaluru City Mall,24,0,3.9,5,199
MX-0079,Hyderabad City Mall,55,0,7.1,5,199
MX-0079,Chennai City Mall,0,0,2.0,5,199
MX-0079,Kolkata City Mall,58,0,6.5,10,199
MX-0079,Pune City Mall,9,0,1.4,10,199
MX-0079,Ahmedabad City Mall,80,30,3.1,10,199
MX-0079,Jaipur City Mall,105,25,7.1,5,199
MX-0079,Lucknow City Mall,8,-5,4.7,21,199
MX-0079,Surat City Mall,7,11,1.4,7,199
MX-0079,Indore City Mall,118,0,,7,199
MX-0079,Nagpur City Mall,18,12,1.5,10,199
MX-0079,Kochi City Mall,72,66,4.9,10,199
MX-0079,Chandigarh City Mall, 342 ,0,5.3,21,199
MX-0079,Bhopal City Mall,226,0,5.4,14,199
MX-0079,Patna City Mall,241,106,4.7,21,199
MX-0079,Vadodara City Mall,55.5,0,2.2,10,199
MX-0079,Ludhiana City Mall,34,0,1.2,14,199
MX-0079,Agra City Mall,34,0,2.0,14,199
MX-0080,Mumbai,103,0,4.7,10,499
MX-0080,Delhi,298,0,7.6,14,499
MX-0080,Bengaluru,38,0,6.1,7,499
MX-0080,Hyderabad,33,0,1.5,10,499
MX-0080,Chennai,162,75,5.7,10,499
MX-0080,Kolkata,55,0,6.8,10,499
MX-0080,Pune,124,39,2.4,21,499
MX-0080,Ahmedabad,237,0,6.2,21,499
MX-0080,Jaipur,275,0,5.9,14,499
MX-0080,Lucknow,(6),0,6.9,5,499
MX-0080,Surat,259,0,5.6,21,499
MX-0080,Indore,128,0,6.5,14,499
MX-0080,Nagpur,33,0,5.1,21,499
MX-0080,Kochi,1,38,7.4,5,499
MX-0080,Chandigarh,6,0,5.1,10,499
MX-0080,Bhopal, 58 ,25,3.6,7,499
MX-0080,Patna,28, 11 ,1.4,14,499
MX-0080,Vadodara,9,0,0.8,14,499
MX-0080,Ludhiana,4,0,1.9,10,499
MX-0080,Agra,4,0,0.7,7,499
MX-0080,Nashik,47,0,4.6,7,499
MX-0080,Meerut,77,0,2.4,10,499
MX-0080,Rajkot,13,19,1.1,14,499
MX-0080,Varanasi,369,0,5.3,21,499
MX-0080,Amritsar,420,0,7.3,21,499
MX-0080,Noida,14,0,1.0,5,499
MX-0080,Gurugram,18,27,4.9,10,499
MX-0080,Coimbatore,75,0,5.9,,499
MX-0080,Madurai,75,20,3.5,7,499
MX-0080,Guwahati,133,47,7.9,10,499
MX-0080,Mumbai City Mall,54,0,1.9,21,499
MX-0080,Delhi City Mall,88,0,6.5,10,N/A
MX-0080,Bengaluru City Mall,80,0,5.5,21,499
MX-0080,Hyderabad City Mall,27,0,3.6,5,499
MX-0080,Chennai City Mall,5,0,5.8,5,499
MX-0080,Kolkata City Mall, 11 ,10,2.5,5,499
MX-0080,Pune City Mall,126,0,7.3,10,499
MX-0080,Ahmedabad City Mall,82,18,6.2,5,499
,Jaipur City Mall,28,0,3.1,7 days,499
MX-0080,Lucknow City Mall,15,0,4.7,7,499
MX-0080,Surat City Mall,118,0,7.8,7,499
MX-0080,Indore City Mall, 84 ,0,7.7,21,499
MX-0080,Nagpur City Mall,46,25,6.8,7,499
MX-0080,Kochi City Mall,47,16,4.9,7,499
MX-0080,Chandigarh City Mall,46,0,1.4,10,499
MX-0080,Bhopal City Mall,23,0,5.6,5,499
MX-0080,Patna City Mall,54,0,2.5,10,499
MX-0080,Vadodara City Mall,0,21,1.6,10,499
MX-0080,Ludhiana City Mall,3,0,0.9,10,499
MX-0080,Agra City Mall,1,0,1.0,7,499
MX-0081,Mumbai,14.5,0,0.7,7,1999
MX-0081,Delhi, 30 ,39,7.7,7,1999
MX-0081,Bengaluru,3,0,1.2,7,1999
MX-0081,Hyderabad,57,0,1.6,14,1999
MX-0081,Chennai,67,0,7.2,7,1999
MX-0081,Kolkata,61,32,1.7,14,1999
MX-0081,Pune,9, 5 ,0.7,10,1999
MX-0081,Ahmedabad,4,10,1.6,10,1999
MX-0081,Jaipur,22,0,5.9,10,1999
MX-0081,Lucknow,53,0,5.3,7,1999
MX-0081,Surat,179,-5,7.8,7,1999
MX-0081,Indore,264,0,6.3,21,1999
MX-0081,Nagpur,38,0,0.7,21,1999
MX-0081,Kochi,214,44,7.0,10,1999
MX-0081,Chandigarh,40,60,5.1,10,1999
MX-0081,Bhopal,47,65,4.1,14,1999
MX-0081,Patna,17,54,7.0,7,1999
MX-0081,Vadodara,66,27,2.5,10,1999
MX-0081,Ludhiana,4,0,2.3,5,1999
MX-0081,Agra,84,0,7.2,5,1999
MX-0081,Nashik,2,24,2.5,7,1999
MX-0081,Meerut,15,0,2.0,10,1999
MX-0081,Rajkot,58,19,2.6,7,1999
MX-0081,Varanasi,14,0,1.8,21,1999
MX-0081,Amritsar,1,0,,5,1999
MX-0081,Amritsar,1,0,,5,1999
MX-0081,Noida,79,0,5.5,21,1999
MX-0081,Gurugram,160,0,4.8,10,1999
MX-0081,Coimbatore,69,0,2.0,14,1999
MX-0081,Madurai,7,0,3.0,7,1999
MX-0081,Guwahati,54,0,6.8,7,1999
MX-0081,Mumbai City Mall,21,16,4.4,7,1999
MX-0081,Delhi City Mall,113,88,7.5,21,1999
MX-0081,Bengaluru City Mall,66,0,3.5,14,1999
MX-0081,Hyderabad City Mall,5,0,0.5,5,1999
MX-0081,Chennai City Mall,97,26,7.4,5,1999
MX-0081,Kolkata City Mall,48,0,3.5,5,1999
MX-0081,Pune City Mall,18,0,1.9,5,1999
MX-0081,Ahmedabad City Mall,46,11,3.1,5,1999
MX-0081,Jaipur City Mall,15,14,2.0,14,1999
MX-0081,Lucknow City Mall,14,0,1.3,5,1999
MX-0081,Surat City Mall,75,35,5.3,10,N/A
MX-0081,Indore City Mall,105,0,5.7,7,1999
MX-0081,Nagpur City Mall,18,14,4.8,5,1999
MX-0081,Kochi City Mall,6,0,0.5,14,1999
MX-0081,Chandigarh City Mall,6,17,1.0,14,1999
MX-0081,Bhopal City Mall,67,28,2.3,14,1999
MX-0081,Patna City Mall,27,0,1.8,5,1999
MX-0081,Vadodara City Mall,48,0,7.2,10,1999
MX-0081,Ludhiana City Mall,(5),27,2.8,10,1999
MX-0081,Agra City Mall,296,0,5.0,21,1999
MX-0082,Mumbai,482,202,7.3,,999
MX-0082,Delhi,5,0,0.4,5,999
MX-0082,Bengaluru,24,0,0.8,21,999
MX-0082,Hyderabad,9.5,0,2.4,7,999
MX-0082,Chennai,140,0,4.2,14,999
MX-0082,Kolkata,6,24,2.0,10,999
MX-0082,Pune,48,0,3.0,7,999
MX-0082,Ahmedabad, 35 ,0,1.2,10,999
MX-0082,Jaipur,16,0,1.2,5,999
MX-0082,Lucknow,336,0,7.3,14,999
MX-0082,Surat,27,0,3.9,5,999
MX-0082,Indore,34,0,6.4,21,999
MX-0082,Nagpur,10,27,3.5,10,999
MX-0082,Kochi,39,0,2.6,7,999
MX-0082,Chandigarh,9,4,1.0,5,999
MX-0082,Bhopal,102,0,6.5,21,999
MX-0082,Patna,28,0,3.3,14,999
MX-0082,Vadodara, 29 ,0,3.9,7 days,999
MX-0082,Ludhiana,11,0,0.6,14,999
MX-0082,Agra,199,0,6.1,14,999
MX-0082,Nashik,25,15,1.5,14,999
MX-0082,Meerut,405,0,6.1,21,999
MX-0082,Rajkot,177,0,5.1,14,999
MX-0082,Varanasi,12,0,0.5,14,999
MX-0082,Amritsar,40,18,3.7,5,999
MX-0082,Noida,19,0,5.6,7,999
MX-0082,Gurugram,49,35,3.3,10,999
MX-0082,Coimbatore,4,0,0.5,21,999
MX-0082,Madurai,119,74,4.5,14,999
MX-0082,Guwahati,84,0,6.7,7,999
MX-0082,Mumbai City Mall,69,0,3.5,14,999
MX-0082,Delhi City Mall,233,-20,5.0,14,999
MX-0082,Bengaluru City Mall,100,0,4.4,14,999
MX-0082,Hyderabad City Mall,40,29,4.5,5,999
MX-0082,Chennai City Mall,50,0,3.7,10,999
MX-0082,Kolkata City Mall,14,0,2.1,7,999
MX-0082,Pune City Mall,230,0,5.0,14,999
MX-0082,Ahmedabad City Mall,31,0,4.4,10,999
MX-0082,Jaipur City Mall,30,0,0.5,21,999
,Lucknow City Mall,126,0,3.4,14,999
MX-0082,Surat City Mall, 47 ,7,1.8,10,999
MX-0082,Indore City Mall,1,2,0.2,10,999
MX-0082,Nagpur City Mall,2,0,0.7,7,999
MX-0082,Kochi City Mall,2,0,0.5,7,999
MX-0082,Chandigarh City Mall,17,14,0.8,14,999
MX-0082,Bhopal City Mall,87,16,2.6,10,999
MX-0082,Patna City Mall,118,55,8.0,5,999
MX-0082,Vadodara City Mall,47,0,2.3,10,999
MX-0082,Ludhiana City Mall,95,0,2.3,14,999
MX-0082,Agra City Mall,66,46,5.0,7,N/A
MX-0083,Mumbai,87,0,2.7,14,3999
MX-0083,Delhi,26,0,4.4,14,3999
MX-0083,Bengaluru,8,5,0.2,21,3999
MX-0083,Hyderabad,19,0,0.7,10,3999
MX-0083,Chennai,127,24,8.0,7,3999
MX-0083,Kolkata,27,15,1.0,14,3999
MX-0083,Pune,178.5,0,7.5,10,3999
MX-0083,Ahmedabad, 68 ,0,,21,3999
MX-0083,Jaipur,121,23,3.8,10,3999
MX-0083,Lucknow,73,0,5.7,14,3999
MX-0083,Surat,77,0,1.5,21,3999
MX-0083,Indore,82,0,5.0,7,3999
MX-0083,Nagpur, 150 ,0,7.7,14,3999
MX-0083,Kochi,65,0,7.6,7,3999
MX-0083,Chandigarh,23,0,0.5,14,3999
MX-0083,Bhopal,108,37,6.5,7,3999
MX-0083,Patna,212,0,7.1,14,3999
MX-0083,Vadodara,114,0,7.1,21,3999
MX-0083,Ludhiana, 48 ,0,2.5,14,3999
MX-0083,Agra,7,0,3.5,10,3999
MX-0083,Nashik,2,0,2.5,7,3999
MX-0083,Meerut,282,0,6.5,14,3999
MX-0083,Meerut,282,0,6.5,14,3999
MX-0083,Rajkot, 14 ,0,2.2,10,3999
MX-0083,Varanasi,13,0,0.8,,3999
MX-0083,Amritsar,8,10,2.0,5,3999
MX-0083,Noida,1,0,0.6,14,3999
MX-0083,Gurugram,67,0,1.4,21,3999
MX-0083,Coimbatore,11,0,0.3,14,3999
MX-0083,Madurai,22,0,1.5,7,3999
MX-0083,Guwahati,13,0,0.4,14,3999
MX-0083,Mumbai City Mall,25,0,2.4,7,3999
MX-0083,Delhi City Mall,17,20,2.9,5,3999
MX-0083,Bengaluru City Mall,19,0,0.7,14,3999
MX-0083,Hyderabad City Mall, 47 ,0,1.8,10,3999
MX-0083,Chennai City Mall,8,0,1.1,7,3999
MX-0083,Kolkata City Mall,265,97,5.7,14,3999
MX-0083,Pune City Mall,91,97,7.1,10,3999
MX-0083,Ahmedabad City Mall,(7),105,5.7,21,3999
MX-0083,Jaipur City Mall,97,0,7.5,7,3999
MX-0083,Lucknow City Mall,16,0,1.9,7,3999
MX-0083,Surat City Mall,287,0,4.6,21,3999
MX-0083,Indore City Mall,219,0,5.2,14,3999
MX-0083,Nagpur City Mall,182,0,6.7,21,3999
MX-0083,Kochi City Mall,48,0,3.0,14,3999
MX-0083,Chandigarh City Mall,214,0,7.2,21,3999
MX-0083,Bhopal City Mall,10,0,7.0,10,3999
MX-0083,Patna City Mall,36,23,3.7,5 days,3999
MX-0083,Vadodara City Mall,5,0,3.5,10,3999
MX-0083,Ludhiana City Mall,34,61,7.3,7,3999
MX-0083,Agra City Mall,43,15,0.8,21,3999
MX-0084,Mumbai,168,160,5.9,21,1999
MX-0084,Delhi,101,0,4.5,7,1999
MX-0084,Bengaluru,21,-12,3.4,5,1999
MX-0084,Hyderabad,95,0,3.2,14,1999
MX-0084,Chennai,61,51,5.1,10,1999
MX-0084,Kolkata,15,0,4.8,10,1999
MX-0084,Pune,3,0,3.6,7,1999
MX-0084,Ahmedabad,12,0,1.2,14,1999
MX-0084,Jaipur,39,0,2.6,5,N/A
MX-0084,Lucknow,48.5,0,3.0,14,1999
MX-0084,Surat,14,8,1.5,10,1999
MX-0084,Indore,104,0,6.6,7,1999
MX-0084,Nagpur, 19 ,0,6.1,7,1999
MX-0084,Kochi,79,82,7.6,21,1999
MX-0084,Chandigarh,41,50,7.5,7,1999
MX-0084,Bhopal,239,64,5.3,14,1999
MX-0084,Patna,21,10,1.4,10,1999
MX-0084,Vadodara,20,0,6.3,14,1999
MX-0084,Ludhiana,278,0,4.7,21,1999
MX-0084,Agra,55,0,6.4,7,1999
MX-0084,Nashik,87,37,7.4,5,1999
MX-0084,Meerut,44,45,3.4,10,1999
MX-0084,Rajkot,73,0,7.4,10,1999
MX-0084,Varanasi,302,0,6.4,14,1999
MX-0084,Amritsar,215,0,3.4,21,1999
MX-0084,Noida,117,95,7.8,10,1999
MX-0084,Gurugram,28,0,1.3,7,1999
MX-0084,Coimbatore,91,58,5.3,10,1999
MX-0084,Madurai,189,0,7.8,10,1999
MX-0084,Guwahati,11,0,4.6,21,1999
MX-0084,Mumbai City Mall,81,0,5.0,10,1999
MX-0084,Delhi City Mall,3,31,2.9,10,1999
MX-0084,Bengaluru City Mall,23,0,2.8,14,1999
MX-0084,Hyderabad City Mall,62,0,3.2,7,1999
MX-0084,Chennai City Mall,105,0,5.1,7,1999
MX-0084,Kolkata City Mall, 77 ,0,3.4,14,1999
MX-0084,Pune City Mall,18,0,5.9,7,1999
MX-0084,Ahmedabad City Mall,27,10,0.7,14,1999
MX-0084,Jaipur City Mall,85,0,4.0,7,1999
MX-0084,Lucknow City Mall,110,0,5.4,7,1999
,Surat City Mall,446,0,,21,1999
MX-0084,Indore City Mall,12, 30 ,3.7,7,1999
MX-0084,Nagpur City Mall,40,9,3.5,5,1999
MX-0084,Kochi City Mall,52,0,6.8,5,1999
MX-0084,Chandigarh City Mall,3,0,0.3,7,1999
MX-0084,Bhopal City Mall,170,122,5.4,21,1999
MX-0084,Patna City Mall,48,0,2.6,,1999
MX-0084,Vadodara City Mall,95,0,4.8,14,1999
MX-0084,Ludhiana City Mall,14,0,5.5,7,1999
MX-0084,Agra City Mall,100,61,3.1,21,1999
MX-0085,Mumbai,0,0,0.4,5,499
MX-0085,Delhi,7,0,0.7,7,499
MX-0085,Bengaluru,7,0,3.1,10,499
MX-0085,Hyderabad,62,0,2.1,10,499
MX-0085,Chennai,39,0,3.8,7,499
MX-0085,Kolkata,110,0,3.8,21,499
MX-0085,Pune,8,0,3.4,7,499
MX-0085,Ahmedabad,66,18,1.4,21,499
MX-0085,Jaipur,76,0,4.9,7,499
MX-0085,Lucknow,80,0,2.0,14,499
MX-0085,Surat,23,0,4.9,5,499
MX-0085,Indore,147,0,4.3,14,499
MX-0085,Nagpur,65.5,0,7.4,14,499
MX-0085,Kochi,78,0,5.2,21,499
MX-0085,Chandigarh, 102 , 50 ,4.9,14,499
MX-0085,Bhopal,249,0,7.3,21,499
MX-0085,Patna,123,45,3.2,21,499
MX-0085,Vadodara,51,92,5.2,21,N/A
MX-0085,Ludhiana,6, 22 ,2.8,7,499
MX-0085,Ludhiana,6, 22 ,2.8,7,499
MX-0085,Agra,18,0,1.6,7,499
MX-0085,Nashik,32, 12 ,2.4,5,499
MX-0085,Meerut,53,0,1.9,10,499
MX-0085,Rajkot,70,0,2.1,10,499
MX-0085,Varanasi,73,-7,5.8,21,499
MX-0085,Amritsar,132,36,6.6,7,499
MX-0085,Noida,193,0,3.9,21 days,499
MX-0085,Gurugram,(2),0,6.9,10,499
MX-0085,Coimbatore,162,63,7.1,7,499
MX-0085,Madurai,135,49,4.1,10,499
MX-0085,Guwahati,92,0,6.2,10,499
MX-0085,Mumbai City Mall,126,0,6.5,21,499
MX-0085,Delhi City Mall, 173 ,0,4.9,21,499
MX-0085,Bengaluru City Mall,12,0,4.3,10,499
MX-0085,Hyderabad City Mall,107,0,2.5,21,499
MX-0085,Chennai City Mall,40,0,3.8,7,499
MX-0085,Kolkata City Mall,113,51,3.5,14,499
MX-0085,Pune City Mall,135,64,2.6,21,499
MX-0085,Ahmedabad City Mall,30,0,1.1,21,499
MX-0085,Jaipur City Mall,145,0,4.3,10,499
MX-0085,Lucknow City Mall, 131 ,0,5.6,14,499
MX-0085,Surat City Mall,5,0,5.4,14,499
MX-0085,Indore City Mall,40,0,5.3,7,499
MX-0085,Nagpur City Mall,38,0,1.6,14,499
MX-0085,Kochi City Mall, 9 ,0,6.7,7,499
MX-0085,Chandigarh City Mall,59,0,2.5,10,499
MX-0085,Bhopal City Mall,118,0,4.6,14,499
MX-0085,Patna City Mall,2,0,3.1,5,499
MX-0085,Vadodara City Mall,115,0,6.5,10,499
MX-0085,Ludhiana City Mall, 1 ,0,0.5,5,499
MX-0085,Agra City Mall,67,32,1.1,21,499
MX-0086,Mumbai,72,0,2.2,14,999
MX-0086,Delhi,118,0,5.9,10,999
MX-0086,Bengaluru,23,0,0.8,10,999
MX-0086,Hyderabad,203,0,7.5,10,999
MX-0086,Chennai,35,14,1.7,10,999
MX-0086,Kolkata,1,0,3.1,5,999
MX-0086,Pune,57,0,4.3,7,999
MX-0086,Ahmedabad,196,0,6.2,21,999
MX-0086,Jaipur,23,0,0.4,21,999
MX-0086,Lucknow,47,0,5.3,5,999
MX-0086,Surat,3,0,6.1,10,999
MX-0086,Indore,45,19,1.8,14,999
MX-0086,Nagpur,96,53,5.1,10,999
MX-0086,Kochi,5,0,1.7,21,999
MX-0086,Chandigarh,138,0,4.1,10,999
MX-0086,Bhopal,17.5,0,2.1,7,999
MX-0086,Patna,176,58,6.0,21,999
MX-0086,Vadodara,1,0,4.4,10,999
MX-0086,Ludhiana,27,0,1.2,14,999
MX-0086,Agra,7,0,4.3,,999
MX-0086,Nashik,13,0,1.4,7,999
MX-0086,Meerut,12,0,5.0,5,999
MX-0086,Rajkot,7,0,6.8,14,999
MX-0086,Varanasi,9,0,,5,999
MX-0086,Amritsar,23,0,3.9,21,999
MX-0086,Noida,30,0,6.3,7,999
MX-0086,Gurugram,164,41,4.9,10,N/A
MX-0086,Coimbatore,5,0,0.8,5,999
MX-0086,Madurai,5,9,0.6,14,999
MX-0086,Guwahati,20,0,0.4,21,999
MX-0086,Mumbai City Mall,120,52,5.0,10,999
MX-0086,Delhi City Mall,49,0,1.8,21,999
MX-0086,Bengaluru City Mall,23,0,1.5,14,999
MX-0086,Hyderabad City Mall,75,195,6.7,21,999
MX-0086,Chennai City Mall,25,4,1.0,10,999
MX-0086,Kolkata City Mall,43,0,2.0,10,999
MX-0086,Pune City Mall,72,0,5.0,14,999
MX-0086,Ahmedabad City Mall, 79 ,0,1.7,21,999
MX-0086,Jaipur City Mall,239,0,7.9,14,999
MX-0086,Lucknow City Mall, 15 ,0,0.4,14,999
MX-0086,Surat City Mall,92,86,4.0,21,999
,Indore City Mall,4,0,0.3,21,999
MX-0086,Nagpur City Mall,33,19,3.3,5,999
MX-0086,Kochi City Mall, 80 ,0,2.6,14,999
MX-0086,Chandigarh City Mall, 15 ,-10,3.3,7,999
MX-0086,Bhopal City Mall,175,0,6.1,10,999
MX-0086,Patna City Mall,552,0,7.8,21,999
MX-0086,Vadodara City Mall,12,0,1.0,14,999
MX-0086,Ludhiana City Mall,13,0,0.2,21,999
MX-0086,Agra City Mall,520,0,7.3,21,999
MX-0087,Mumbai, 17 ,45,2.5,21,1999
MX-0087,Delhi,90,0,7.5,5,1999
MX-0087,Bengaluru,18,97,7.2,10,1999
MX-0087,Hyderabad,5,0,0.6,5,1999
MX-0087,Chennai,190,78,4.0,14 days,1999
MX-0087,Kolkata,78,0,6.3,14,1999
MX-0087,Pune,93,0,6.4,14,1999
MX-0087,Ahmedabad,19,0,0.9,7,1999
MX-0087,Jaipur,41,0,3.7,5,1999
MX-0087,Lucknow,172,0,5.1,10,1999
MX-0087,Surat, 10 ,0,7.1,5,1999
MX-0087,Indore, 77 ,12,2.1,14,1999
MX-0087,Nagpur,48,13,2.0,10,1999
MX-0087,Kochi,86,0,6.8,14,1999
MX-0087,Chandigarh,12,0,5.4,7,1999
MX-0087,Bhopal,-1,28,5.9,5,1999
MX-0087,Bhopal,-1,28,5.9,5,1999
MX-0087,Patna,6,0,0.7,21,1999
MX-0087,Vadodara,72, 9 ,2.2,10,1999
MX-0087,Ludhiana,1.5,0,0.4,5,1999
MX-0087,Agra,3,0,0.8,5,1999
MX-0087,Nashik,334,0,4.7,21,1999
MX-0087,Meerut, 12 ,0,1.2,14,1999
MX-0087,Rajkot, 39 ,0,3.7,10,1999
MX-0087,Varanasi,21,0,4.8,14,1999
MX-0087,Amritsar,60,0,5.4,7,1999
MX-0087,Noida,35,32,5.2,5,1999
MX-0087,Gurugram,140,0,4.1,21,1999
MX-0087,Coimbatore, 132 ,0,3.0,14,1999
MX-0087,Madurai, 40 ,0,5.8,21,1999
MX-0087,Guwahati,57,0,2.2,14,1999
MX-0087,Mumbai City Mall,6,0,0.8,5,1999
MX-0087,Delhi City Mall,18,10,0.6,14,1999
MX-0087,Bengaluru City Mall,128,0,4.5,10,1999
MX-0087,Hyderabad City Mall, 232 ,0,6.4,14,1999
MX-0087,Chennai City Mall,175,0,7.2,14,1999
MX-0087,Kolkata City Mall,116,0,4.5,14,N/A
MX-0087,Pune City Mall,32,0,4.8,5,1999
MX-0087,Ahmedabad City Mall,79,0,3.2,10,1999
MX-0087,Jaipur City Mall,19, 75 ,6.4,14,1999
MX-0087,Lucknow City Mall,29,0,2.9,5,1999
MX-0087,Surat City Mall,68,0,2.8,21,1999
MX-0087,Indore City Mall,160,0,7.4,7,1999
MX-0087,Nagpur City Mall,4,0,6.0,,1999
MX-0087,Kochi City Mall,170,0,7.0,10,1999
MX-0087,Chandigarh City Mall,6,0,1.3,10,1999
MX-0087,Bhopal City Mall,20,0,0.7,10,1999
MX-0087,Patna City Mall,16,0,6.7,7,1999
MX-0087,Vadodara City Mall,116,76,4.6,21,1999
MX-0087,Ludhiana City Mall,0,5,0.4,10,1999
MX-0087,Agra City Mall,11,0,1.0,5,1999
MX-0088,Mumbai,67,0,6.2,14,199
MX-0088,Delhi,1,14,0.5,21,199
MX-0088,Bengaluru,97,0,6.6,5,199
MX-0088,Hyderabad,171,70,7.7,10,199
MX-0088,Chennai,88,0,4.2,14,199
MX-0088,Kolkata,39,0,2.1,7,199
MX-0088,Pune,205,0,,10,199
MX-0088,Ahmedabad,16,12,1.8,7,199
MX-0088,Jaipur,218,38,7.2,10,199
MX-0088,Lucknow,53,0,4.2,5,199
MX-0088,Surat,20,0,1.0,7,199
MX-0088,Indore,41,0,6.4,21,199
MX-0088,Nagpur, 76 ,0,6.1,10,199
MX-0088,Kochi,51,0,3.2,5,199
MX-0088,Chandigarh,4,0,2.3,5,199
MX-0088,Bhopal,14,-17,4.1,7,199
MX-0088,Patna,122,0,3.9,10,199
MX-0088,Vadodara,32,0,7.9,7,199
MX-0088,Ludhiana,299,69,7.9,14,199
MX-0088,Agra,5,1,0.4,7,199
MX-0088,Nashik,21,0,3.5,10,199
MX-0088,Meerut,21.5,31,3.8,7,199
MX-0088,Rajkot,53,34,5.3,7,199
MX-0088,Varanasi,133,0,7.7,14,199
MX-0088,Amritsar,19,7,0.8,7,199
MX-0088,Noida,145,74,5.4,10,199
MX-0088,Gurugram,8,0,4.5,7,199
MX-0088,Coimbatore,8,11,1.4,7,199
MX-0088,Madurai,19,3,0.7,10,199
MX-0088,Guwahati,291,0,7.5,21,199
MX-0088,Mumbai City Mall,160,0,2.5,21,199
MX-0088,Delhi City Mall,13,0,7.7,10,199
MX-0088,Bengaluru City Mall,96,57,4.9,10,199
MX-0088,Hyderabad City Mall,43,0,2.6,21 days,199
MX-0088,Chennai City Mall,121,0,7.8,10,199
MX-0088,Kolkata City Mall,71,0,3.1,10,199
MX-0088,Pune City Mall,71,97,7.7,14,199
MX-0088,Ahmedabad City Mall,37,16,1.9,7,199
MX-0088,Jaipur City Mall, 7 ,0,1.2,5,199
MX-0088,Lucknow City Mall,219,0,4.5,21,199
MX-0088,Surat City Mall,22,0,2.3,7,199
MX-0088,Indore City Mall,77,37,6.4,7,199
,Nagpur City Mall,41, 31 ,4.1,10,199
MX-0088,Kochi City Mall,16,0,2.5,14,199
MX-0088,Chandigarh City Mall,0,3,0.7,5,N/A
MX-0088,Bhopal City Mall,73,0,6.4,5,199
MX-0088,Patna City Mall,146,149,6.8,21,199
MX-0088,Vadodara City Mall,103,0,3.8,21,199
MX-0088,Ludhiana City Mall,54,0,3.3,5,199
MX-0088,Agra City Mall,14,0,3.4,10,199
MX-0089,Mumbai,121,0,6.7,7,499
MX-0089,Delhi,19,0,4.1,7,499
MX-0089,Bengaluru,113, 50 ,4.0,21,499
MX-0089,Hyderabad,75,0,2.5,14,499
MX-0089,Chennai,(9),0,3.4,7,499
MX-0089,Kolkata,41,17,3.2,5,499
MX-0089,Pune,23,27,4.1,7,499
MX-0089,Ahmedabad,167,0,6.0,21,499
MX-0089,Jaipur,27,0,7.8,5,499
MX-0089,Lucknow,17,0,4.5,7,499
MX-0089,Surat,227,100,5.9,21,499
MX-0089,Indore, 233 ,0,3.3,21,499
MX-0089,Nagpur,36,0,5.0,7,499
MX-0089,Nagpur,36,0,5.0,7,499
MX-0089,Kochi,85,0,3.8,10,499
MX-0089,Chandigarh,82,0,5.2,5,499
MX-0089,Bhopal,109,0,3.9,,499
MX-0089,Patna,41,103,3.7,21,499
MX-0089,Vadodara,7,3,0.6,5,499
MX-0089,Ludhiana,216,0,4.2,21,499
MX-0089,Agra, 45 ,0,4.2,5,499
MX-0089,Nashik,32,0,5.8,7,499
MX-0089,Meerut,91,65,5.3,10,499
MX-0089,Rajkot,209,0,8.0,21,499
MX-0089,Varanasi,6,0,0.7,7,499
MX-0089,Amritsar,4.5,0,0.9,14,499
MX-0089,Noida,235,77,4.9,21,499
MX-0089,Gurugram,37,32,4.6,7,499
MX-0089,Coimbatore,30,0,6.1,14,499
MX-0089,Madurai,24,6,0.7,21,499
MX-0089,Guwahati,114,0,3.5,10,499
MX-0089,Mumbai City Mall,220,0,7.6,21,499
MX-0089,Delhi City Mall,144,0,5.6,14,499
MX-0089,Bengaluru City Mall,2,0,0.4,5,499
MX-0089,Hyderabad City Mall,55,0,2.2,21,499
MX-0089,Chennai City Mall,9,0,2.4,14,499
MX-0089,Kolkata City Mall,12,0,5.3,10,499
MX-0089,Pune City Mall,76,-19,2.9,10,499
MX-0089,Ahmedabad City Mall,10,0,5.6,14,499
MX-0089,Jaipur City Mall,37,0,0.8,14,499
MX-0089,Lucknow City Mall,190,0,,21,499
MX-0089,Surat City Mall,4,0,0.3,14,499
MX-0089,Indore City Mall,207,0,6.8,14,499
MX-0089,Nagpur City Mall,77,77,6.3,10,499
MX-0089,Kochi City Mall,111,66,7.7,10,499
MX-0089,Chandigarh City Mall,2,0,2.1,10,499
MX-0089,Bhopal City Mall,61,0,4.0,7,499
MX-0089,Patna City Mall,49,22,2.5,14,499
MX-0089,Vadodara City Mall,13,0,3.9,5,499
MX-0089,Ludhiana City Mall,179,0,7.3,10,499
MX-0089,Agra City Mall,6,5,1.1,5,499
MX-0090,Mumbai,23,0,4.0,5,3999
MX-0090,Delhi,66,91,7.1,10,3999
MX-0090,Bengaluru,50,0,3.7,10,3999
MX-0090,Hyderabad,26,49,3.5,14,N/A
MX-0090,Chennai,56,0,5.9,5,3999
MX-0090,Kolkata,45,0,2.5,7,3999
MX-0090,Pune,100,0,3.9,10,3999
MX-0090,Ahmedabad, 2 ,0,2.5,21,3999
MX-0090,Jaipur,130,0,6.3,10,3999
MX-0090,Lucknow,28,18,2.2,10,3999
MX-0090,Surat,186,47,3.1,21,3999
MX-0090,Indore,163,43,7.1,7,3999
MX-0090,Nagpur,255,0,6.8,21 days,3999
MX-0090,Kochi,7,0,6.5,10,3999
MX-0090,Chandigarh,95,0,6.3,5,3999
MX-0090,Bhopal,98,0,5.8,7,3999
MX-0090,Patna,111,55,7.4,7,3999
MX-0090,Vadodara,9,0,1.7,5,3999
MX-0090,Ludhiana,80, 24 ,4.4,7,3999
MX-0090,Agra,191,0,7.6,14,3999
MX-0090,Nashik,89,0,5.3,10,3999
MX-0090,Meerut,120,0,3.7,10,3999
MX-0090,Rajkot,132,0,2.3,21,3999
MX-0090,Varanasi,133,22,6.0,7,3999
MX-0090,Amritsar,65,0,3.8,7,3999
MX-0090,Noida,107,0,3.7,10,3999
MX-0090,Gurugram,166,0,6.8,14,3999
MX-0090,Coimbatore,22.5,42,4.2,10,3999
MX-0090,Madurai,114,0,7.3,7,3999
MX-0090,Guwahati,72,0,3.2,7,3999
MX-0090,Mumbai City Mall,109,0,7.2,5,3999
MX-0090,Delhi City Mall,88,65,6.3,10,3999
MX-0090,Bengaluru City Mall,27,0,7.1,7,3999
MX-0090,Hyderabad City Mall,82,0,6.8,14,3999
MX-0090,Chennai City Mall,219,0,4.7,21,3999
MX-0090,Kolkata City Mall,54,0,4.7,10,3999
MX-0090,Pune City Mall,121,0,5.7,14,3999
MX-0090,Ahmedabad City Mall,5,0,0.3,7,3999
MX-0090,Jaipur City Mall,8,0,0.3,,3999
MX-0090,Lucknow City Mall,107,0,2.5,14,3999
MX-0090,Surat City Mall,348,138,6.1,21,3999
MX-0090,Indore City Mall,542,0,8.0,21,3999
MX-0090,Nagpur City Mall,26,0,4.1,7,3999
,Kochi City Mall,-3,0,1.4,10,3999
MX-0090,Chandigarh City Mall,63,23,5.0,5,3999
MX-0090,Bhopal City Mall,249,0,7.6,10,3999
MX-0090,Patna City Mall,75,0,3.0,21,3999
MX-0090,Vadodara City Mall,23,0,3.9,5,3999
MX-0090,Ludhiana City Mall,177,0,5.6,10,3999
MX-0090,Agra City Mall,44,0,4.8,21,3999
MX-0091,Mumbai,123,0,7.3,21,499
MX-0091,Delhi,66,0,3.5,7,499
MX-0091,Bengaluru,43,0,1.2,14,499
MX-0091,Hyderabad,94,16,5.7,7,499
MX-0091,Chennai,7,0,7.3,7,499
MX-0091,Kolkata,200,0,3.8,21,499
MX-0091,Pune,88,70,6.9,10,499
MX-0091,Ahmedabad,9,-13,1.0,21,499
MX-0091,Jaipur,182,0,2.9,21,499
MX-0091,Lucknow,25,0,1.4,10,499
MX-0091,Lucknow,25,0,1.4,10,499
MX-0091,Surat,161,0,3.5,14,499
MX-0091,Indore,7,0,0.7,14,499
MX-0091,Nagpur,35,22,3.3,5,N/A
MX-0091,Kochi,101,0,2.7,21,499
MX-0091,Chandigarh,188,0,7.8,14,499
MX-0091,Bhopal, 26 ,23,4.6,5,499
MX-0091,Patna,6,0,0.4,5,499
MX-0091,Vadodara,1,0,0.2,5,499
MX-0091,Ludhiana, 14 ,0,2.7,7,499
MX-0091,Agra,32,0,6.6,5,499
MX-0091,Nashik,27,22,2.2,10,499
MX-0091,Meerut, 127 ,0,7.7,14,499
MX-0091,Rajkot,83,0,,5,499
MX-0091,Varanasi,3,0,5.5,21,499
MX-0091,Amritsar,154,64,2.8,21,499
MX-0091,Noida,34,0,0.9,14,499
MX-0091,Gurugram,2,0,0.9,21,499
MX-0091,Coimbatore,28,19,1.6,10,499
MX-0091,Madurai,30,0,7.6,5,499
MX-0091,Guwahati,3,0,0.6,5,499
MX-0091,Mumbai City Mall,269.5,99,6.5,14,499
MX-0091,Delhi City Mall,311,0,5.2,21,499
MX-0091,Bengaluru City Mall,19,0,2.0,5,499
MX-0091,Hyderabad City Mall,114,0,4.1,10,499
MX-0091,Chennai City Mall,261,0,7.0,21,499
MX-0091,Kolkata City Mall,39,22,2.2,10,499
MX-0091,Pune City Mall,26,0,2.9,10,499
MX-0091,Ahmedabad City Mall,3,0,0.9,10,499
MX-0091,Jaipur City Mall,54,0,4.5,10,499
MX-0091,Lucknow City Mall,42,0,2.7,10,499
MX-0091,Surat City Mall,37,0,4.2,7,499
MX-0091,Indore City Mall,204,90,4.6,21 days,499
MX-0091,Nagpur City Mall,2,0,2.8,5,499
MX-0091,Kochi City Mall,444,167,6.4,21,499
MX-0091,Chandigarh City Mall,7,0,1.5,7,499
MX-0091,Bhopal City Mall,55,0,1.9,10,499
MX-0091,Patna City Mall,23,0,0.7,14,499
MX-0091,Vadodara City Mall, 16 ,0,2.2,14,499
MX-0091,Ludhiana City Mall,31,8,2.3,5,499
MX-0091,Agra City Mall,4,0,0.3,7,499
MX-0092,Mumbai,63,16,2.2,14,3999
MX-0092,Delhi,43,22,1.7,10,3999
MX-0092,Bengaluru,39,0,4.0,7,3999
MX-0092,Hyderabad,4,22,1.2,14,3999
MX-0092,Chennai,26,6,2.8,5,3999
MX-0092,Kolkata,19,0,1.7,14,3999
MX-0092,Pune,93,31,3.0,10,3999
MX-0092,Ahmedabad,86,19,1.4,21,3999
MX-0092,Jaipur,129,0,7.9,14,3999
MX-0092,Lucknow,100,0,5.7,21,3999
MX-0092,Surat,84,0,3.8,7,3999
MX-0092,Indore,194,0,7.5,,3999
MX-0092,Nagpur,55,0,2.8,7,3999
MX-0092,Kochi,72,0,7.7,21,3999
MX-0092,Chandigarh,1,0,0.6,5,3999
MX-0092,Bhopal,154,0,4.0,21,3999
MX-0092,Patna, 131 ,0,6.7,21,3999
MX-0092,Vadodara,161,0,2.6,21,3999
MX-0092,Ludhiana,269, 56 ,5.6,21,3999
MX-0092,Agra,37, 13 ,3.1,10,3999
MX-0092,Nashik,186,188,7.6,21,3999
MX-0092,Meerut,316,61,4.8,21,N/A
MX-0092,Rajkot,101,0,5.8,7,3999
MX-0092,Varanasi,14,0,0.6,14,3999
MX-0092,Amritsar,60,0,3.5,10,3999
MX-0092,Noida,5,22,4.1,5,3999
MX-0092,Gurugram,5,55,6.9,10,3999
MX-0092,Coimbatore,65,44,6.2,7,3999
MX-0092,Madurai,225,-18,5.2,14,3999
MX-0092,Guwahati,158,34,5.0,10,3999
MX-0092,Mumbai City Mall,194,59,6.5,14,3999
MX-0092,Delhi City Mall,203,0,3.5,21,3999
MX-0092,Bengaluru City Mall,-6,0,7.4,14,3999
MX-0092,Hyderabad City Mall,42.5,0,1.8,7,3999
MX-0092,Chennai City Mall,179,0,4.8,21,3999
MX-0092,Kolkata City Mall,206,0,6.9,10,3999
MX-0092,Pune City Mall,21,0,1.2,7,3999
MX-0092,Ahmedabad City Mall,87,0,3.8,7,3999
MX-0092,Jaipur City Mall,56,0,1.9,21,3999
MX-0092,Lucknow City Mall,3,48,3.8,10,3999
MX-0092,Surat City Mall, 54 ,0,5.8,14,3999
MX-0092,Indore City Mall,204,0,6.4,10,3999
MX-0092,Nagpur City Mall,18,0,3.7,7,3999
MX-0092,Kochi City Mall,132,0,7.5,21,3999
,Chandigarh City Mall,31,0,2.2,14,3999
MX-0092,Bhopal City Mall,18,4,1.3,5,3999
MX-0092,Patna City Mall,10,0,2.8,5,3999
MX-0092,Vadodara City Mall,3,0,0.7,7,3999
MX-0092,Ludhiana City Mall,266,0,7.9,10,3999
MX-0092,Agra City Mall, 423 ,0,7.0,21,3999
MX-0093,Mumbai,20,0,5.3,7,1999
MX-0093,Delhi,168,0,7.1,10,1999
MX-0093,Bengaluru,7,0,2.3,14,1999
MX-0093,Hyderabad,335,0,6.4,21,1999
MX-0093,Chennai,14,0,0.6,21,1999
MX-0093,Kolkata,84,0,,10,1999
MX-0093,Pune,243,0,7.8,10,1999
MX-0093,Pune,243,0,7.8,10,1999
MX-0093,Ahmedabad,13,0,7.5,5,1999
MX-0093,Jaipur,5,0,2.8,7,1999
MX-0093,Lucknow,8,52,6.1,7,1999
MX-0093,Surat,86,0,7.7,5,1999
MX-0093,Indore,39,0,5.1,5,1999
MX-0093,Nagpur,33,0,1.3,10,1999
MX-0093,Kochi,215,0,5.2,21,1999
MX-0093,Chandigarh,14,0,1.0,5,1999
MX-0093,Bhopal,17,0,3.4,10,1999
MX-0093,Patna,21,0,2.0,5,1999
MX-0093,Vadodara, 16 ,0,3.3,7,1999
MX-0093,Ludhiana,6,3,0.4,14,1999
MX-0093,Agra,252,0,7.5,10,1999
MX-0093,Nashik,2,0,1.5,10 days,1999
MX-0093,Meerut,19,0,2.3,10,1999
MX-0093,Rajkot,89,0,6.2,10,1999
MX-0093,Varanasi, 2 ,0,0.3,10,1999
MX-0093,Amritsar,215,61,3.1,21,1999
MX-0093,Noida,67,0,4.0,5,1999
MX-0093,Gurugram,25,0,3.0,21,1999
MX-0093,Coimbatore,60,62,2.2,21,1999
MX-0093,Madurai,9,0,1.0,21,1999
MX-0093,Guwahati, 346 ,115,7.6,21,1999
MX-0093,Mumbai City Mall,62,0,4.4,7,N/A
MX-0093,Delhi City Mall,8,0,0.4,7,1999
MX-0093,Bengaluru City Mall,48,0,4.5,5,1999
MX-0093,Hyderabad City Mall,19, 5 ,0.5,21,1999
MX-0093,Chennai City Mall,77,0,5.9,,1999
MX-0093,Kolkata City Mall,25,7,1.2,10,1999
MX-0093,Pune City Mall,254.5,44,7.3,14,1999
MX-0093,Ahmedabad City Mall,28, 11 ,1.2,21,1999
MX-0093,Jaipur City Mall,22,0,0.7,21,1999
MX-0093,Lucknow City Mall,91,0,6.7,10,1999
MX-0093,Surat City Mall, 22 ,0,2.1,5,1999
MX-0093,Indore City Mall,115,0,3.6,10,1999
MX-0093,Nagpur City Mall,22,0,6.5,5,1999
MX-0093,Kochi City Mall,26,0,3.8,7,1999
MX-0093,Chandigarh City Mall,22,0,6.1,7,1999
MX-0093,Bhopal City Mall,39,28,3.0,7,1999
MX-0093,Patna City Mall,13,0,4.0,14,1999
MX-0093,Vadodara City Mall,84,42,3.9,10,1999
MX-0093,Ludhiana City Mall,106,0,7.0,5,1999
MX-0093,Agra City Mall,50,-18,5.6,5,1999
MX-0094,Mumbai,12,0,7.5,7,199
MX-0094,Delhi,26,0,2.9,5,199
MX-0094,Bengaluru, 8 ,3,0.4,7,199
MX-0094,Hyderabad, 10 ,22,2.5,7,199
MX-0094,Chennai, 101 ,33,6.7,5,199
MX-0094,Kolkata,124,41,7.9,10,199
MX-0094,Pune,36,0,2.1,10,199
MX-0094,Ahmedabad,79,42,7.1,5,199
MX-0094,Jaipur,62,0,3.2,14,199
MX-0094,Lucknow,14,68,3.1,21,199
MX-0094,Surat,39,45,6.0,7,199
MX-0094,Indore,11,8,1.8,10,199
MX-0094,Nagpur,182,0,4.6,21,199
MX-0094,Kochi,216,0,7.5,14,199
MX-0094,Chandigarh,93,20,4.5,7,199
MX-0094,Bhopal,21,0,3.2,7,199
MX-0094,Patna,6,0,0.7,10,199
MX-0094,Vadodara,36,12,1.6,7,199
MX-0094,Ludhiana,90,0,6.9,10,199
MX-0094,Agra,72,0,4.5,10,199
MX-0094,Nashik,12,0,3.7,7,199
MX-0094,Meerut,-9,0,2.9,14,199
MX-0094,Rajkot,176,0,7.6,7,199
MX-0094,Varanasi,68,0,6.7,10,199
MX-0094,Amritsar,193,0,5.8,14,199
MX-0094,Noida,13,0,6.0,7,199
MX-0094,Gurugram, 161 ,0,6.4,14,199
MX-0094,Coimbatore,142,0,6.8,21,199
MX-0094,Madurai,62,0,7.8,7,199
MX-0094,Guwahati, 4 ,0,4.2,5,199
MX-0094,Mumbai City Mall,14,7,1.0,7,199
MX-0094,Delhi City Mall,55,0,2.7,14,199
MX-0094,Bengaluru City Mall,15,0,0.5,10,199
MX-0094,Hyderabad City Mall,3,0,0.2,7,199
MX-0094,Chennai City Mall,55,0,4.9,14,199
MX-0094,Kolkata City Mall,15,0,5.0,7,199
MX-0094,Pune City Mall,1,0,7.3,21,199
MX-0094,Ahmedabad City Mall,65,63,4.7,10,199
MX-0094,Jaipur City Mall,109,0,,21,199
MX-0094,Lucknow City Mall,82.5,107,5.8,14,N/A
MX-0094,Surat City Mall, 0 ,0,0.2,7,199
MX-0094,Indore City Mall,5,0,2.6,5,199
MX-0094,Nagpur City Mall,176,0,3.7,21,199
MX-0094,Kochi City Mall,61,0,7.4,7,199
MX-0094,Chandigarh City Mall,107,0,4.4,21,199
,Bhopal City Mall,11,0,0.6,14,199
MX-0094,Patna City Mall, 60 ,0,4.6,21,199
MX-0094,Vadodara City Mall,0,0,0.5,5,199
MX-0094,Ludhiana City Mall,8,0,0.6,10,199
MX-0094,Agra City Mall,56,0,1.8,21 days,199
MX-0095,Mumbai,142,42,3.2,14,199
MX-0095,Delhi,81,0,5.7,7,199
MX-0095,Bengaluru,244,0,7.6,10,199
MX-0095,Hyderabad,48,10,4.6,5,199
MX-0095,Hyderabad,48,10,4.6,5,199
MX-0095,Chennai, 11 ,0,0.6,7,199
MX-0095,Kolkata,47,0,7.0,5,199
MX-0095,Pune, 93 ,0,7.1,5,199
MX-0095,Ahmedabad,24,0,0.8,,199
MX-0095,Jaipur,8,0,0.5,10,199
MX-0095,Lucknow,116,0,3.0,14,199
MX-0095,Surat,45,0,4.9,5,199
MX-0095,Indore,2,0,0.2,21,199
MX-0095,Nagpur,34,0,2.6,14,199
MX-0095,Kochi,14,34,4.8,10,199
MX-0095,Chandigarh,243,0,6.1,21,199
MX-0095,Bhopal,1,30,4.7,5,199
MX-0095,Patna,94,0,7.3,5,199
MX-0095,Vadodara,9,5,1.1,7,199
MX-0095,Ludhiana,232,0,5.9,14,199
MX-0095,Agra,3,0,7.3,10,199
MX-0095,Nashik,129,-3,3.3,21,199
MX-0095,Meerut,9,0,1.2,10,199
MX-0095,Rajkot,33,0,2.4,10,199
MX-0095,Varanasi,292,0,7.7,21,199
MX-0095,Amritsar,180,57,7.7,10,199
MX-0095,Noida,130,0,7.5,14,199
MX-0095,Gurugram,60,0,4.0,5,199
MX-0095,Coimbatore,14,0,1.0,10,199
MX-0095,Madurai,130,39,6.1,10,199
MX-0095,Guwahati,30,0,7.6,7,199
MX-0095,Mumbai City Mall,46,0,0.7,21,199
MX-0095,Delhi City Mall, 3 ,18,3.4,5,199
MX-0095,Bengaluru City Mall,13,0,5.2,10,199
MX-0095,Hyderabad City Mall,113,0,4.8,14,199
MX-0095,Chennai City Mall,245,0,5.1,21,199
MX-0095,Kolkata City Mall,120,30,2.6,14,199
MX-0095,Pune City Mall,118,0,7.1,10,199
MX-0095,Ahmedabad City Mall,109,0,4.6,10,199
MX-0095,Jaipur City Mall,180,0,4.1,14,199
MX-0095,Lucknow City Mall,374,0,5.9,21,199
MX-0095,Surat City Mall,66,160,6.9,21,199
MX-0095,Indore City Mall, 62 ,0,2.6,14,199
MX-0095,Nagpur City Mall,10.5,0,5.1,10,199
MX-0095,Kochi City Mall,151,0,7.3,7,199
MX-0095,Chandigarh City Mall,5,23,2.3,10,199
MX-0095,Bhopal City Mall,19,17,2.7,7,199
MX-0095,Patna City Mall,28,0,1.8,5,199
MX-0095,Vadodara City Mall,2,12,4.9,5,199
MX-0095,Ludhiana City Mall, 9 ,0,1.8,10,N/A
MX-0095,Agra City Mall,94,24,4.3,10,199
MX-0096,Mumbai,89, 50 ,3.5,14,199
MX-0096,Delhi,60,16,2.9,14,199
MX-0096,Bengaluru,28,0,1.4,14,199
MX-0096,Hyderabad,6,0,2.1,21,199
MX-0096,Chennai,10,3,0.5,14,199
MX-0096,Kolkata,19,0,6.5,14,199
MX-0096,Pune,30,26,5.7,10,199
MX-0096,Ahmedabad,29,0,5.2,21,199
MX-0096,Jaipur,63,0,5.2,5,199
MX-0096,Lucknow,39,0,3.4,7,199
MX-0096,Surat,(5),103,6.5,14,199
MX-0096,Indore,362,0,6.9,21,199
MX-0096,Nagpur,124,0,6.1,7,199
MX-0096,Kochi,113,0,1.6,21,199
MX-0096,Chandigarh,102,0,4.8,21,199
MX-0096,Bhopal,82,80,3.7,21,199
MX-0096,Patna,27,0,3.3,5,199
MX-0096,Vadodara,121,0,2.7,21,199
MX-0096,Ludhiana,34,0,3.7,10,199
MX-0096,Agra,23,0,2.7,10,199
MX-0096,Nashik,167,0,7.2,10,199
MX-0096,Meerut,47,19,,7,199
MX-0096,Rajkot,16,0,2.4,5,199
MX-0096,Varanasi,11,78,7.9,14,199
MX-0096,Amritsar,26,76,3.7,21,199
MX-0096,Noida,209,116,6.2,14,199
MX-0096,Gurugram,53,34,6.2,10,199
MX-0096,Coimbatore,6,47,3.5,10,199
MX-0096,Madurai,107,0,6.4,7 days,199
MX-0096,Guwahati, 61 ,34,5.0,7,199
MX-0096,Mumbai City Mall,85,0,5.8,,199
MX-0096,Delhi City Mall,10,0,1.6,7,199
MX-0096,Bengaluru City Mall,79,0,1.2,21,199
MX-0096,Hyderabad City Mall,22,0,3.1,7,199
MX-0096,Chennai City Mall,81,0,3.5,10,199
MX-0096,Kolkata City Mall,24,0,1.1,7,199
MX-0096,Pune City Mall, 300 ,0,4.7,21,199
MX-0096,Ahmedabad City Mall,140,42,3.5,21,199
MX-0096,Jaipur City Mall,18,0,5.3,14,199
MX-0096,Lucknow City Mall,48,0,1.1,21,199
MX-0096,Surat City Mall,7,0,1.0,14,199
MX-0096,Indore City Mall,289,-6,6.4,14,199
MX-0096,Nagpur City Mall,7,3,0.5,7,199
MX-0096,Kochi City Mall,92,30,1.3,21,199
MX-0096,Chandigarh City Mall,92,0,3.9,10,199
MX-0096,Bhopal City Mall,52.5,70,5.7,10,199
,Patna City Mall,17,0,0.3,21,199
MX-0096,Vadodara City Mall,14,14,1.5,14,199
MX-0096,Ludhiana City Mall,393,109,6.4,21,199
MX-0096,Agra City Mall,35,0,2.0,14,199
MX-0097,Mumbai, 23 ,0,2.2,10,499
MX-0097,Mumbai, 23 ,0,2.2,10,499
MX-0097,Delhi,56,0,7.9,5,499
MX-0097,Bengaluru,352,0,7.0,21,499
MX-0097,Hyderabad,167,0,7.6,7,499
MX-0097,Chennai,17, 6 ,1.1,7,499
MX-0097,Kolkata,42,0,4.2,10,499
MX-0097,Pune,24,0,4.7,5,499
MX-0097,Ahmedabad,45,0,5.6,5,N/A
MX-0097,Jaipur,9,0,5.5,7,499
MX-0097,Lucknow,17,0,6.9,5,499
MX-0097,Surat, 101 ,0,4.7,14,499
MX-0097,Indore,59,0,4.8,21,499
MX-0097,Nagpur,53,28,3.8,7,499
MX-0097,Kochi, 119 ,40,4.2,14,499
MX-0097,Chandigarh, 109 ,35,1.8,21,499
MX-0097,Bhopal,76,0,6.8,5,499
MX-0097,Patna,40,0,3.8,5,499
MX-0097,Vadodara,301,135,5.2,21,499
MX-0097,Ludhiana,119,0,2.5,21,499
MX-0097,Agra,7,0,0.6,14,499
MX-0097,Nashik, 12 ,0,8.0,10,499
MX-0097,Meerut, 41 ,0,4.3,10,499
MX-0097,Rajkot,24,0,7.3,10,499
MX-0097,Varanasi,121,29,4.9,10,499
MX-0097,Amritsar, 236 ,0,3.9,21,499
MX-0097,Noida,150,39,7.1,10,499
MX-0097,Gurugram,75,0,7.0,5,499
MX-0097,Coimbatore,22,0,0.7,10,499
MX-0097,Madurai,81,0,5.1,5,499
MX-0097,Guwahati,40,0,4.1,21,499
MX-0097,Mumbai City Mall,115,38,5.2,7,499
MX-0097,Delhi City Mall,100,0,3.6,10,499
MX-0097,Bengaluru City Mall,152,77,7.0,21,499
MX-0097,Hyderabad City Mall,97,0,2.5,14,499
MX-0097,Chennai City Mall,27,0,0.4,21,499
MX-0097,Kolkata City Mall,25,0,1.8,5,499
MX-0097,Pune City Mall,28,0,6.4,5,499
MX-0097,Ahmedabad City Mall,87,0,2.3,14,499
MX-0097,Jaipur City Mall,0,0,3.3,7,499
MX-0097,Lucknow City Mall,2,0,0.4,5,499
MX-0097,Surat City Mall, 105 ,0,5.6,10,499
MX-0097,Indore City Mall,3,0,1.1,7,499
MX-0097,Nagpur City Mall,86,0,5.4,14,499
MX-0097,Kochi City Mall,19,0,0.7,21,499
MX-0097,Chandigarh City Mall,36,0,4.4,10,499
MX-0097,Bhopal City Mall,78,31,1.3,21,499
MX-0097,Patna City Mall, 70 ,0,5.4,10,499
MX-0097,Vadodara City Mall,24,0,1.9,21,499
MX-0097,Ludhiana City Mall,47.5,0,5.4,10,499
MX-0097,Agra City Mall,-2,0,7.0,10,499
MX-0098,Mumbai,241,0,4.0,21,999
MX-0098,Delhi,155,0,3.7,14,999
MX-0098,Bengaluru,44,0,1.9,7,999
MX-0098,Hyderabad,56,0,7.0,,999
MX-0098,Chennai,18,0,,10,999
MX-0098,Kolkata,254,0,5.2,21,999
MX-0098,Pune,2,0,1.6,21,999
MX-0098,Ahmedabad, 60 ,32,5.3,5 days,999
MX-0098,Jaipur,57,0,3.4,5,999
MX-0098,Lucknow, 10 ,95,7.1,14,999
MX-0098,Surat,76,0,6.3,10,999
MX-0098,Indore,39,10,1.0,14,999
MX-0098,Nagpur,70,-14,1.4,21,999
MX-0098,Kochi,235,0,5.4,14,999
MX-0098,Chandigarh,85,0,5.9,10,999
MX-0098,Bhopal,64,47,6.7,7,999
MX-0098,Patna, 82 ,0,1.9,14,N/A
MX-0098,Vadodara,9,0,4.6,21,999
MX-0098,Ludhiana,77,0,6.6,5,999
MX-0098,Agra, 39 ,7,1.9,10,999
MX-0098,Nashik, 169 ,0,6.2,21,999
MX-0098,Meerut, 147 ,0,7.1,7,999
MX-0098,Rajkot, 4 ,0,2.7,14,999
MX-0098,Varanasi,66,0,5.7,14,999
MX-0098,Amritsar, 20 ,0,1.7,7,999
MX-0098,Noida,75,0,5.6,21,999
MX-0098,Gurugram,54,17,2.4,14,999
MX-0098,Coimbatore,85,0,1.9,21,999
MX-0098,Madurai,0,0,5.7,5,999
MX-0098,Guwahati,26,0,4.4,5,999
MX-0098,Mumbai City Mall,114,136,5.5,21,999
MX-0098,Delhi City Mall,136,0,2.0,21,999
MX-0098,Bengaluru City Mall,188,110,4.9,21,999
MX-0098,Hyderabad City Mall,17,0,0.6,14,999
MX-0098,Chennai City Mall,53,52,4.6,10,999
MX-0098,Kolkata City Mall,89,15,5.4,5,999
MX-0098,Pune City Mall,10,0,1.4,14,999
MX-0098,Ahmedabad City Mall,85,0,3.3,14,999
MX-0098,Jaipur City Mall,173,49,7.3,10,999
MX-0098,Lucknow City Mall,1,0,2.5,21,999
MX-0098,Surat City Mall,114,81,7.0,10,999
MX-0098,Indore City Mall,110,0,6.0,14,999
MX-0098,Nagpur City Mall,56,0,2.2,14,999
MX-0098,Kochi City Mall,86, 41 ,4.9,7,999
MX-0098,Chandigarh City Mall,32,0,7.2,5,999
MX-0098,Bhopal City Mall,0,0,0.8,10,999
MX-0098,Patna City Mall,29,0,5.7,5,999
,Vadodara City Mall,54,0,7.4,5,999
,Vadodara City Mall,54,0,7.4,5,999
MX-0098,Ludhiana City Mall,119,0,2.5,21,999
MX-0098,Agra City Mall,17,0,0.3,21,999
MX-0099,Mumbai,19,0,1.7,7,499
MX-0099,Delhi,16.5,0,1.2,21,499
MX-0099,Bengaluru,29,0,4.9,7,499
MX-0099,Hyderabad,129,0,4.8,14,499
MX-0099,Chennai,113,81,6.1,10,499
MX-0099,Kolkata,9,0,1.0,10,499
MX-0099,Pune,28,8,1.8,5,499
MX-0099,Ahmedabad,3,0,4.5,21,499
MX-0099,Jaipur,139,0,2.9,21,499
MX-0099,Lucknow,248,0,5.6,14,499
MX-0099,Surat,109,46,7.1,5,499
MX-0099,Indore,235,0,6.9,14,499
MX-0099,Nagpur,4,0,0.4,7,499
MX-0099,Kochi,42,0,3.6,10,499
MX-0099,Chandigarh,12,0,5.6,5,499
MX-0099,Bhopal,53,15,1.3,21,499
MX-0099,Patna,141,76,4.4,14,499
MX-0099,Vadodara,28,18,7.4,5,499
MX-0099,Ludhiana,41,0,3.0,5,499
MX-0099,Agra,18,14,0.6,21,499
MX-0099,Nashik,109,0,2.1,21,499
MX-0099,Meerut,18,0,7.3,7,499
MX-0099,Rajkot,93,0,4.8,14,499
MX-0099,Varanasi,117,57,4.7,10,499
MX-0099,Amritsar,149,0,7.8,7,499
MX-0099,Noida,5,0,0.3,10,N/A
MX-0099,Gurugram,166,0,4.4,,499
MX-0099,Coimbatore, 5 , 4 ,0.5,7,499
MX-0099,Madurai,456,0,6.8,21,499
MX-0099,Guwahati,249,0,6.7,21,499
MX-0099,Mumbai City Mall,17,0,2.9,7,499
MX-0099,Delhi City Mall,354,0,5.0,21,499
MX-0099,Bengaluru City Mall,337,0,7.8,21,499
MX-0099,Hyderabad City Mall,38,-13,0.6,21,499
MX-0099,Chennai City Mall,1,0,1.8,14,499
MX-0099,Kolkata City Mall,22,0,1.7,7,499
MX-0099,Pune City Mall,243,0,4.7,21 days,499
MX-0099,Ahmedabad City Mall,62,0,,5,499
MX-0099,Jaipur City Mall,(9),0,2.1,10,499
MX-0099,Lucknow City Mall,141,0,6.1,7,499
MX-0099,Surat City Mall, 14 ,11,2.4,7,499
MX-0099,Indore City Mall,36,0,6.0,14,499
MX-0099,Nagpur City Mall,233,0,7.3,14,499
MX-0099,Kochi City Mall,25, 9 ,1.6,5,499
MX-0099,Chandigarh City Mall,50,0,3.5,5,499
MX-0099,Bhopal City Mall,81,37,5.4,7,499
MX-0099,Patna City Mall,122,0,7.4,21,499
MX-0099,Vadodara City Mall,107,61,7.0,7,499
MX-0099,Ludhiana City Mall, 61 ,0,4.0,10,499
MX-0099,Agra City Mall,155,0,6.9,7,499
MX-0100,Mumbai,161,0,6.1,10,499
MX-0100,Delhi,107,0,3.6,10,499
MX-0100,Bengaluru,49,119,4.4,21,499
MX-0100,Hyderabad,183,0,6.6,10,499
MX-0100,Chennai,30.5,0,3.0,10,499
MX-0100,Kolkata,11,10,3.0,5,499
MX-0100,Pune,51,0,2.4,21,499
MX-0100,Ahmedabad,167,38,3.8,14,499
MX-0100,Jaipur,101,0,6.4,5,499
MX-0100,Lucknow,145,0,7.7,7,499
MX-0100,Surat,112,0,7.9,7,499
MX-0100,Indore,135,0,6.0,7,499
MX-0100,Nagpur,28,0,5.6,14,499
MX-0100,Kochi,51,0,5.6,10,499
MX-0100,Chandigarh,29,0,2.1,10,499
MX-0100,Bhopal,0,0,0.3,7,499
MX-0100,Patna,9,0,3.1,5,499
MX-0100,Vadodara,135,72,3.2,21,499
MX-0100,Ludhiana,47,0,4.8,10,499
MX-0100,Agra,17,0,1.4,5,499
MX-0100,Nashik,150,0,4.3,14,499
MX-0100,Meerut,115,0,7.4,7,499
MX-0100,Rajkot,79,41,3.3,21,499
MX-0100,Varanasi,96,0,3.0,10,499
MX-0100,Amritsar,8,0,0.7,14,499
MX-0100,Noida,32,0,4.0,7,499
MX-0100,Gurugram,71,0,3.7,7,499
MX-0100,Coimbatore, 15 ,5,0.3,21,499
MX-0100,Madurai,43,0,1.6,10,499
MX-0100,Guwahati,7,0,0.6,5,499
MX-0100,Mumbai City Mall,13,0,6.2,14,499
MX-0100,Delhi City Mall,24,0,7.2,10,499
MX-0100,Bengaluru City Mall,138,0,6.9,10,499
MX-0100,Hyderabad City Mall,276,0,5.8,21,499
MX-0100,Chennai City Mall, 33 ,0,3.9,5,N/A
MX-0100,Kolkata City Mall, 71 ,0,5.6,5,499
MX-0100,Pune City Mall,18,39,2.6,14,499
MX-0100,Ahmedabad City Mall,2,20,1.9,10,499
MX-0100,Jaipur City Mall,39,0,6.1,14,499
MX-0100,Lucknow City Mall,20,13,1.2,14,499
MX-0100,Surat City Mall,96,0,5.0,10,499
MX-0100,Indore City Mall, 2 ,13,1.3,14,499
MX-0100,Nagpur City Mall,35,0,6.1,7,499
MX-0100,Kochi City Mall,16,0,1.0,10,499
MX-0100,Chandigarh City Mall,295,0,6.6,14,499
MX-0100,Chandigarh City Mall,295,0,6.6,14,499
MX-0100,Bhopal City Mall,66,0,4.3,7,499
MX-0100,Patna City Mall,10,0,0.7,5,499
MX-0100,Vadodara City Mall,80,0,1.2,21,499
,Ludhiana City Mall,98,0,3.3,10,499
MX-0100,Agra City Mall,184,0,7.7,,499
MX-0101,Mumbai,99,0,7.8,5,1999
MX-0101,Delhi,5,7,2.0,5,1999
MX-0101,Bengaluru,11, 4 ,0.7,10,1999
MX-0101,Hyderabad,58,12,2.0,10,1999
MX-0101,Chennai,24,-11,0.8,14,1999
MX-0101,Kolkata,8,31,3.9,14,1999
MX-0101,Pune,17,0,5.7,14,1999
MX-0101,Ahmedabad,0.5,0,1.3,5,1999
MX-0101,Jaipur, 17 ,0,6.6,10,1999
MX-0101,Lucknow,16,22,3.6,14,1999
MX-0101,Surat,74,0,1.9,21,1999
MX-0101,Indore,43,0,7.3,14,1999
MX-0101,Nagpur,241,0,7.8,14,1999
MX-0101,Kochi,1,1,0.5,5,1999
MX-0101,Chandigarh,106,54,3.5,14,1999
MX-0101,Bhopal,90,0,6.1,7 days,1999
MX-0101,Patna,89,0,1.3,21,1999
MX-0101,Vadodara,19,91,7.5,14,1999
MX-0101,Ludhiana,181,0,8.0,7,1999
MX-0101,Agra,62,0,6.5,14,1999
MX-0101,Nashik,130,0,,7,1999
MX-0101,Meerut,51,0,4.9,21,1999
MX-0101,Rajkot,109,0,6.7,5,1999
MX-0101,Varanasi,278,0,7.6,14,1999
MX-0101,Amritsar,95,0,4.3,21,1999
MX-0101,Noida,106,0,5.4,7,1999
MX-0101,Gurugram,52,10,3.8,7,1999
MX-0101,Coimbatore,(7),0,2.9,5,1999
MX-0101,Madurai,54,0,3.5,7,1999
MX-0101,Guwahati,2,0,0.2,10,1999
MX-0101,Mumbai City Mall,40,21,2.3,7,1999
MX-0101,Delhi City Mall,14,0,0.7,14,1999
MX-0101,Bengaluru City Mall,43,0,3.2,14,1999
MX-0101,Hyderabad City Mall,67,37,4.9,7,1999
MX-0101,Chennai City Mall,6,0,0.2,14,1999
MX-0101,Kolkata City Mall,2,0,0.9,5,1999
MX-0101,Pune City Mall,48,7,1.1,14,1999
MX-0101,Ahmedabad City Mall,43,0,2.7,10,1999
MX-0101,Jaipur City Mall,166,0,6.5,14,1999
MX-0101,Lucknow City Mall,70,0,4.8,5,1999
MX-0101,Surat City Mall, 70 ,59,6.0,21,1999
MX-0101,Indore City Mall,100,0,2.6,21,1999
MX-0101,Nagpur City Mall,372,87,6.2,21,1999
MX-0101,Kochi City Mall,22,0,1.5,14,N/A
MX-0101,Chandigarh City Mall,137,0,5.8,10,1999
MX-0101,Bhopal City Mall,130,0,7.1,7,1999
MX-0101,Patna City Mall,1,0,2.5,21,1999
MX-0101,Vadodara City Mall,115,0,4.2,14,1999
MX-0101,Ludhiana City Mall,40,0,0.9,21,1999
MX-0101,Agra City Mall,43,13,3.1,5,1999
MX-0102,Mumbai,110,55,3.1,14,499
MX-0102,Delhi,14,7,1.2,7,499
MX-0102,Bengaluru,224,0,7.7,10,499
MX-0102,Hyderabad, 313 ,0,6.6,21,499
MX-0102,Chennai,51,0,6.2,10,499
MX-0102,Kolkata,0,0,4.1,5,499
MX-0102,Pune,58,0,4.9,5,499
MX-0102,Ahmedabad,213,0,4.7,14,499
MX-0102,Jaipur,49,0,1.4,21,499
MX-0102,Lucknow,6,0,0.4,10,499
MX-0102,Surat,34.5,0,5.2,10,499
MX-0102,Indore,15,19,1.7,10,499
MX-0102,Nagpur,29,0,2.0,7,499
MX-0102,Kochi,12,0,5.6,7,499
MX-0102,Chandigarh, 59 ,0,7.3,21,499
MX-0102,Bhopal,125,0,3.4,21,499
MX-0102,Patna,282,0,4.2,21,499
MX-0102,Vadodara,73,0,2.2,14,499
MX-0102,Ludhiana,32,5,1.4,7,499
MX-0102,Agra,25,0,7.0,21,499
MX-0102,Nashik,80,0,2.9,21,499
MX-0102,Meerut,19,0,7.5,10,499
MX-0102,Rajkot,316,123,7.9,,499
MX-0102,Varanasi,5,19,2.3,10,499
MX-0102,Amritsar,18,0,6.3,14,499
MX-0102,Noida,64,-15,3.7,14,499
MX-0102,Gurugram,36,0,7.1,14,499
MX-0102,Coimbatore,17,0,6.5,7,499
MX-0102,Madurai,19,0,4.0,7,499
MX-0102,Guwahati,1,0,1.8,21,499
MX-0102,Mumbai City Mall, 11 ,5,0.6,14,499
MX-0102,Delhi City Mall, 109 ,48,3.8,10,499
MX-0102,Bengaluru City Mall, 27 ,0,1.6,5,499
MX-0102,Hyderabad City Mall,36,42,7.2,5,499
MX-0102,Chennai City Mall,7,0,0.9,7,499
MX-0102,Kolkata City Mall,1,0,0.6,10,499
MX-0102,Pune City Mall,15,0,3.0,7,499
MX-0102,Ahmedabad City Mall,6,0,1.2,5,499
MX-0102,Jaipur City Mall,5,0,7.0,10,499
MX-0102,Lucknow City Mall,23,0,1.0,10,499
MX-0102,Surat City Mall,287,0,5.1,21,499
MX-0102,Indore City Mall,43,0,5.0,7,499
MX-0102,Indore City Mall,43,0,5.0,7,499
MX-0102,Nagpur City Mall,27,21,4.8,5,499
MX-0102,Kochi City Mall,13,0,1.0,5,499
MX-0102,Chandigarh City Mall,15,0,3.5,10 days,499
MX-0102,Bhopal City Mall,3,0,3.7,7,499
MX-0102,Patna City Mall,7,12,4.0,5,499
MX-0102,Vadodara City Mall,5,0,1.9,5,499
MX-0102,Ludhiana City Mall,23,0,3.8,5,499
,Agra City Mall,55,0,2.1,10,499
MX-0103,Mumbai,8,0,1.9,7,499
MX-0103,Delhi,6,0,3.0,21,499
MX-0103,Bengaluru,5,6,1.0,7,N/A
MX-0103,Hyderabad,18,0,,5,499
MX-0103,Chennai,144,0,2.3,21,499
MX-0103,Kolkata,184,0,5.1,21,499
MX-0103,Pune,16,0,7.2,5,499
MX-0103,Ahmedabad,89,0,2.6,21,499
MX-0103,Jaipur,104,18,6.9,5,499
MX-0103,Lucknow,62,33,2.7,21,499
MX-0103,Surat,50,43,4.0,10,499
MX-0103,Indore,0,0,0.2,21,499
MX-0103,Nagpur, 144 ,26,2.1,21,499
MX-0103,Kochi,266.5, 125 ,4.8,21,499
MX-0103,Chandigarh,2,0,6.8,7,499
MX-0103,Bhopal,24,0,5.5,10,499
MX-0103,Patna,(1),16,3.0,7,499
MX-0103,Vadodara,19,0,3.5,10,499
MX-0103,Ludhiana,25,0,2.4,21,499
MX-0103,Agra,97,0,6.2,21,499
MX-0103,Nashik,76,0,2.3,14,499
MX-0103,Meerut,118,0,4.4,10,499
MX-0103,Rajkot,11,0,1.6,5,499
MX-0103,Varanasi,61,0,5.2,10,499
MX-0103,Amritsar,4,0,7.0,5,499
MX-0103,Noida, 9 ,0,0.8,5,499
MX-0103,Gurugram,2,33,3.5,7,499
MX-0103,Coimbatore,6, 4 ,0.3,14,499
MX-0103,Madurai,98,0,3.1,14,499
MX-0103,Guwahati,406,0,6.6,21,499
MX-0103,Mumbai City Mall,3,16,1.1,21,499
MX-0103,Delhi City Mall,30,0,3.9,5,499
MX-0103,Bengaluru City Mall, 22 ,16,2.2,7,499
MX-0103,Hyderabad City Mall, 114 ,38,5.9,7,499
MX-0103,Chennai City Mall,170,0,7.1,14,499
MX-0103,Kolkata City Mall,30,0,3.2,10,499
MX-0103,Pune City Mall,0,0,0.2,7,499
MX-0103,Ahmedabad City Mall,149,0,6.9,7,499
MX-0103,Jaipur City Mall,70,0,7.3,21,499
MX-0103,Lucknow City Mall,66,0,5.3,21,499
MX-0103,Surat City Mall,114,56,7.1,10,499
MX-0103,Indore City Mall,16,0,0.9,7,499
MX-0103,Nagpur City Mall,87,0,2.0,14,499
MX-0103,Kochi City Mall,11,0,0.5,21,499
MX-0103,Chandigarh City Mall,88,0,3.5,10,499
MX-0103,Bhopal City Mall,195,0,7.6,,499
MX-0103,Patna City Mall,8,-14,0.9,14,499
MX-0103,Vadodara City Mall,0, 1 ,0.2,7,499
MX-0103,Ludhiana City Mall,30,0,2.2,5,499
MX-0103,Agra City Mall,13,0,6.1,14,499
MX-0104,Mumbai,87,0,6.4,5,3999
MX-0104,Delhi,47,0,5.6,10,3999
MX-0104,Bengaluru,57,0,5.1,7,3999
MX-0104,Hyderabad,58,45,1.9,21,3999
MX-0104,Chennai,102,0,1.6,21,3999
MX-0104,Kolkata,15,0,0.9,10,3999
MX-0104,Pune,65,0,4.3,5,3999
MX-0104,Ahmedabad,4,0,2.9,5,3999
MX-0104,Jaipur,128,0,4.9,10,3999
MX-0104,Lucknow,106,0,3.3,21,3999
MX-0104,Surat,1,0,4.7,10,3999
MX-0104,Indore,82,0,4.9,7,N/A
MX-0104,Nagpur,7,0,1.6,10,3999
MX-0104,Kochi,109,25,2.6,14,3999
MX-0104,Chandigarh,173,0,6.1,10,3999
MX-0104,Bhopal,6,0,2.2,21,3999
MX-0104,Patna,13.5,0,1.1,10,3999
MX-0104,Vadodara,65,0,2.8,14,3999
MX-0104,Ludhiana,72,0,7.4,14,3999
MX-0104,Agra,108,0,4.1,21,3999
MX-0104,Nashik,136,0,5.1,10,3999
MX-0104,Meerut,64,28,2.5,10,3999
MX-0104,Rajkot,57,19,6.0,7,3999
MX-0104,Varanasi,33,0,3.2,5 days,3999
MX-0104,Amritsar,322,0,7.8,21,3999
MX-0104,Noida,17,0,3.1,14,3999
MX-0104,Gurugram,27,12,1.0,10,3999
MX-0104,Coimbatore,267,0,5.9,21,3999
MX-0104,Madurai,53,0,1.6,14,3999
MX-0104,Guwahati,5,20,6.1,5,3999
MX-0104,Mumbai City Mall,127,0,7.8,5,3999
MX-0104,Delhi City Mall,120,0,2.9,21,3999
MX-0104,Bengaluru City Mall,5,0,0.8,10,3999
MX-0104,Hyderabad City Mall,140,0,5.1,10,3999
MX-0104,Chennai City Mall,266,0,7.4,14,3999
MX-0104,Kolkata City Mall,1,0,0.2,14,3999
MX-0104,Pune City Mall,193,109,,21,3999
MX-0104,Ahmedabad City Mall,138,0,7.8,7,3999
MX-0104,Jaipur City Mall,27,9,0.6,14,3999
MX-0104,Jaipur City Mall,27,9,0.6,14,3999
MX-0104,Lucknow City Mall,11,3,0.3,21,3999
MX-0104,Surat City Mall,82, 52 ,7.4,14,3999
MX-0104,Indore City Mall,5,17,2.1,10,3999
MX-0104,Nagpur City Mall, 277 ,90,4.2,21,3999
MX-0104,Kochi City Mall, 39 ,0,5.1,10,3999
MX-0104,Chandigarh City Mall,61,0,6.7,5,3999
MX-0104,Bhopal City Mall,26,0,4.1,14,3999
MX-0104,Patna City Mall,67,107,6.7,21,3999
MX-0104,Vadodara City Mall,12,0,1.2,7,3999
MX-0104,Ludhiana City Mall,168,0,6.9,21,3999
MX-0104,Agra City Mall,11,0,4.5,14,3999
,Mumbai,44,16,1.4,21,999
MX-0105,Delhi,24,0,2.6,14,999
MX-0105,Bengaluru,119,0,6.4,14,999
MX-0105,Hyderabad,40,0,2.2,14,999
MX-0105,Chennai,6,21,0.9,21,999
MX-0105,Kolkata,(2),0,1.4,7,999
MX-0105,Pune,83,0,4.6,10,999
MX-0105,Ahmedabad,10,0,2.4,5,999
MX-0105,Jaipur,32,0,2.0,7,999
MX-0105,Lucknow,16,0,3.2,14,999
MX-0105,Surat,147,0,3.8,21,999
MX-0105,Indore,106,0,3.1,21,999
MX-0105,Nagpur,130,0,5.4,14,999
MX-0105,Kochi,39,0,4.0,14,999
MX-0105,Chandigarh, 55 ,0,3.0,21,999
MX-0105,Bhopal,27,0,7.9,7,999
MX-0105,Patna,15,0,2.2,7,999
MX-0105,Vadodara,2,-15,0.4,5,999
MX-0105,Ludhiana,32,0,1.9,,999
MX-0105,Agra,0.5,0,0.7,10,999
MX-0105,Nashik,198,70,3.7,21,N/A
MX-0105,Meerut,331,0,7.1,14,999
MX-0105,Rajkot,15,0,1.4,7,999
MX-0105,Varanasi,10,0,6.9,5,999
MX-0105,Amritsar,51,0,6.0,5,999
MX-0105,Noida,6,0,0.9,7,999
MX-0105,Gurugram,4,0,3.7,7,999
MX-0105,Coimbatore,6,0,0.3,10,999
MX-0105,Madurai,116,15,5.1,7,999
MX-0105,Guwahati,81,0,2.1,14,999
MX-0105,Mumbai City Mall,12,0,5.8,5,999
MX-0105,Delhi City Mall,72,0,4.6,5,999
MX-0105,Bengaluru City Mall,165,0,4.4,14,999
MX-0105,Hyderabad City Mall,316,0,7.1,14,999
MX-0105,Chennai City Mall,119,27,3.8,10,999
MX-0105,Kolkata City Mall,26,0,6.9,7,999
MX-0105,Pune City Mall,174,22,5.2,10,999
MX-0105,Ahmedabad City Mall,18,0,1.1,5,999
MX-0105,Jaipur City Mall,342,77,5.2,21,999
MX-0105,Lucknow City Mall, 196 ,0,7.1,10,999
MX-0105,Surat City Mall,105,45,6.3,7,999
MX-0105,Indore City Mall,16,15,1.7,7,999
MX-0105,Nagpur City Mall,33,0,4.0,5,999
MX-0105,Kochi City Mall,20,0,1.1,7,999
MX-0105,Chandigarh City Mall,86,0,6.1,7,999
MX-0105,Bhopal City Mall,47,0,3.2,5,999
MX-0105,Patna City Mall,49,0,5.7,5,999
MX-0105,Vadodara City Mall,74,0,4.9,10,999
MX-0105,Ludhiana City Mall,369,0,6.7,21,999
MX-0105,Agra City Mall,8,10,2.7,5,999
MX-0106,Mumbai,79,0,4.8,7,1999
MX-0106,Delhi,63,0,1.9,14,1999
MX-0106,Bengaluru,89,0,6.6,5 days,1999
MX-0106,Hyderabad,26,0,3.5,10,1999
MX-0106,Chennai,24,51,7.6,5,1999
MX-0106,Kolkata,34,0,2.5,5,1999
MX-0106,Pune,16, 13 ,0.8,14,1999
MX-0106,Ahmedabad,40,0,2.6,5,1999
MX-0106,Jaipur, 44 ,0,4.6,7,1999
MX-0106,Lucknow,0,0,0.5,10,1999
MX-0106,Surat,15,0,0.7,7,1999
MX-0106,Indore,22,0,3.5,7,1999
MX-0106,Nagpur, 14 ,0,7.7,5,1999
MX-0106,Kochi,279,158,6.6,21,1999
MX-0106,Chandigarh,60,0,3.6,7,1999
MX-0106,Bhopal,21,11,0.6,14,1999
MX-0106,Patna,166,0,7.5,10,1999
MX-0106,Vadodara,165,0,7.2,21,1999
MX-0106,Ludhiana,166,0,5.7,14,1999
MX-0106,Agra,98,0,,14,1999
MX-0106,Nashik,45,0,1.3,14,1999
MX-0106,Meerut,2,25,1.0,21,1999
MX-0106,Rajkot,118.5,0,5.8,14,1999
MX-0106,Varanasi,23,0,1.1,7,1999
MX-0106,Amritsar,90,0,5.2,21,1999
MX-0106,Noida,418,0,7.5,21,1999
MX-0106,Gurugram,274,0,4.0,21,1999
MX-0106,Coimbatore,48,0,5.5,14,1999
MX-0106,Madurai, 50 ,0,2.4,14,1999
MX-0106,Guwahati,43,0,7.7,5,N/A
MX-0106,Mumbai City Mall,220,0,7.2,10,1999
MX-0106,Delhi City Mall,37,0,2.0,14,1999
MX-0106,Bengaluru City Mall,233,0,7.7,14,1999
MX-0106,Hyderabad City Mall,237,0,6.8,21,1999
MX-0106,Chennai City Mall,49,0,3.6,7,1999
MX-0106,Kolkata City Mall,20,0,3.4,10,1999
MX-0106,Kolkata City Mall,20,0,3.4,10,1999
MX-0106,Pune City Mall,51,22,5.2,7,1999
MX-0106,Ahmedabad City Mall,14,0,3.3,7,1999
MX-0106,Jaipur City Mall,13,-10,0.9,10,1999
MX-0106,Lucknow City Mall,3,0,2.4,5,1999
MX-0106,Surat City Mall,108,0,2.2,21,1999
MX-0106,Indore City Mall,245,0,5.6,,1999
MX-0106,Nagpur City Mall,291,0,6.0,21,1999
MX-0106,Kochi City Mall,45,0,2.8,5,1999
MX-0106,Chandigarh City Mall,-9,0,6.7,21,1999
MX-0106,Bhopal City Mall,74,106,4.9,21,1999
MX-0106,Patna City Mall,220,118,6.6,14,1999
MX-0106,Vadodara City Mall, 152 ,85,7.3,10,1999
MX-0106,Ludhiana City Mall,105,0,7.8,10,1999
MX-0106,Agra City Mall,15,0,7.2,7,1999
MX-0107,Mumbai,185, 46 ,5.5,10,499
,Delhi,31,0,4.1,14,499
MX-0107,Bengaluru,167,0,7.3,7,499
MX-0107,Hyderabad,78,0,7.4,14,499
MX-0107,Chennai,22,0,1.2,10,499
MX-0107,Kolkata,32,0,2.9,5,499
MX-0107,Pune,88,0,6.1,7,499
MX-0107,Ahmedabad,97,88,6.3,14,499
MX-0107,Jaipur,126,0,6.9,7,499
MX-0107,Lucknow, 8 ,21,1.8,10,499
MX-0107,Surat,194,0,4.3,14,499
MX-0107,Indore,358,155,6.1,21,499
MX-0107,Nagpur,67,0,7.4,7,499
MX-0107,Kochi,43,0,2.6,14,499
MX-0107,Chandigarh,29,52,7.8,10,499
MX-0107,Bhopal,23,52,6.0,7,499
MX-0107,Patna,142,0,4.5,21,499
MX-0107,Vadodara,1,0,0.2,7,499
MX-0107,Ludhiana,4,28,3.8,7,499
MX-0107,Agra,243,82,5.3,14,499
MX-0107,Nashik,29,0,1.5,7,499
MX-0107,Meerut,85,0,5.6,14,499
MX-0107,Rajkot,12,0,0.9,21,499
MX-0107,Varanasi,39,0,2.8,10,499
MX-0107,Amritsar,20,0,0.6,14,499
MX-0107,Noida,181.5,0,6.4,14,499
MX-0107,Gurugram,198,0,6.4,14,499
MX-0107,Coimbatore,40,0,2.8,5,499
MX-0107,Madurai, 25 ,0,5.1,5,499
MX-0107,Guwahati,227, 85 ,3.5,21,499
MX-0107,Mumbai City Mall, 5 ,0,0.8,7,499
MX-0107,Delhi City Mall, 17 ,0,6.8,5 days,499
MX-0107,Bengaluru City Mall,67,0,6.5,10,499
MX-0107,Hyderabad City Mall,18,6,1.7,5,499
MX-0107,Chennai City Mall,55,0,4.1,7,499
MX-0107,Kolkata City Mall,137,96,7.2,14,499
MX-0107,Pune City Mall,200,0,3.6,21,499
MX-0107,Ahmedabad City Mall,41,15,1.9,7,499
MX-0107,Jaipur City Mall,378,0,6.7,21,N/A
MX-0107,Lucknow City Mall,3,0,1.2,7,499
MX-0107,Surat City Mall,90,0,5.9,5,499
MX-0107,Indore City Mall,400,0,6.7,21,499
MX-0107,Nagpur City Mall,177,0,5.8,10,499
MX-0107,Kochi City Mall,22,0,1.2,7,499
MX-0107,Chandigarh City Mall,177,58,5.6,10,499
MX-0107,Bhopal City Mall,244,0,5.4,14,499
MX-0107,Patna City Mall,40,0,6.6,5,499
MX-0107,Vadodara City Mall,9, 3 ,0.3,10,499
MX-0107,Ludhiana City Mall,70,0,3.6,10,499
MX-0107,Agra City Mall,6,0,0.9,5,499
MX-0108,Mumbai,27,0,3.0,7,999
MX-0108,Delhi,155,29,5.8,10,999
MX-0108,Bengaluru,63,0,,14,999
MX-0108,Hyderabad, 259 ,70,5.6,14,999
MX-0108,Chennai,14,0,6.2,5,999
MX-0108,Kolkata,38,0,4.9,7,999
MX-0108,Pune,43,0,4.9,5,999
MX-0108,Ahmedabad,80,0,5.1,10,999
MX-0108,Jaipur,86,11,5.4,5,999
MX-0108,Lucknow,33,-2,1.6,7,999
MX-0108,Surat, 153 ,0,2.3,21,999
MX-0108,Indore,120,24,3.1,14,999
MX-0108,Nagpur,8,0,0.9,5,999
MX-0108,Kochi,9,0,1.0,5,999
MX-0108,Chandigarh,57,28,2.3,,999
MX-0108,Bhopal,63,0,3.7,7,999
MX-0108,Patna,1,0,0.4,14,999
MX-0108,Vadodara,30,44,6.9,5,999
MX-0108,Ludhiana,20,0,5.4,5,999
MX-0108,Agra,68,0,6.7,10,999
MX-0108,Nashik,53,0,2.2,21,999
MX-0108,Meerut,6,3,1.6,5,999
MX-0108,Rajkot,274,0,6.4,21,999
MX-0108,Varanasi,126,0,2.7,14,999
MX-0108,Amritsar,78,0,4.0,7,999
MX-0108,Noida,19,7,1.3,5,999
MX-0108,Gurugram,47,0,6.0,5,999
MX-0108,Coimbatore,241,101,6.2,14,999
MX-0108,Madurai,117.5,61,4.5,21,999
MX-0108,Guwahati,49,0,4.1,7,999
MX-0108,Mumbai City Mall,129,0,2.9,21,999
MX-0108,Delhi City Mall,111,49,7.7,7,999
MX-0108,Bengaluru City Mall,75,0,6.1,21,999
MX-0108,Bengaluru City Mall,75,0,6.1,21,999
MX-0108,Hyderabad City Mall,-2,0,4.6,7,999
MX-0108,Chennai City Mall,28,0,4.3,21,999
MX-0108,Kolkata City Mall,35,0,1.4,21,999
MX-0108,Pune City Mall,59,0,1.3,14,999
MX-0108,Ahmedabad City Mall,6,0,0.6,14,999
MX-0108,Jaipur City Mall,33,0,2.6,7,999
MX-0108,Lucknow City Mall,17,0,4.3,5,999
MX-0108,Surat City Mall,90,0,7.1,7,999
MX-0108,Indore City Mall,9,0,3.4,5,999
MX-0108,Nagpur City Mall,157,0,4.0,14,999
MX-0108,Kochi City Mall,8,0,0.4,10,999
MX-0108,Chandigarh City Mall,115,0,7.6,14,999
MX-0108,Bhopal City Mall,65,0,2.5,10,999
MX-0108,Patna City Mall,13,11,0.9,10,999
MX-0108,Vadodara City Mall,108,0,7.3,21,N/A
MX-0108,Ludhiana City Mall,34,0,7.1,7,999
MX-0108,Agra City Mall,67,0,6.7,5,999
MX-0109,Mumbai, 10 ,0,0.4,10,199
MX-0109,Delhi,15,0,0.8,7,199
,Bengaluru,2,0,0.3,7,199
MX-0109,Hyderabad, 146 ,42,2.2,21,199
MX-0109,Chennai,11,0,2.2,14,199
MX-0109,Kolkata,16,0,5.7,5,199
MX-0109,Pune,165,139,5.3,21,199
MX-0109,Ahmedabad,109,0,6.2,7,199
MX-0109,Jaipur,292,0,4.3,21,199
MX-0109,Lucknow,100,15,2.2,14,199
MX-0109,Surat,7,0,1.3,5 days,199
MX-0109,Indore,58,0,2.2,14,199
MX-0109,Nagpur,51,0,5.3,10,199
MX-0109,Kochi,123,115,4.7,21,199
MX-0109,Chandigarh,10,0,0.9,10,199
MX-0109,Bhopal,3,6,0.7,10,199
MX-0109,Patna,192,0,6.3,21,199
MX-0109,Vadodara,119,0,7.2,14,199
MX-0109,Ludhiana,8,0,0.8,21,199
MX-0109,Agra,99,23,2.8,14,199
MX-0109,Nashik,45,0,4.0,10,199
MX-0109,Meerut,77,31,6.0,5,199
MX-0109,Rajkot,33,0,5.3,5,199
MX-0109,Varanasi,17,0,0.5,21,199
MX-0109,Amritsar,106,13,3.3,10,199
MX-0109,Noida,39,0,2.4,14,199
MX-0109,Gurugram,91,0,7.9,21,199
MX-0109,Coimbatore,43,0,2.3,10,199
MX-0109,Madurai,139,34,4.4,14,199
MX-0109,Guwahati,23,0,1.3,7,199
MX-0109,Mumbai City Mall,8,-16,1.7,10,199
MX-0109,Delhi City Mall,5.5,1,0.7,5,199
MX-0109,Bengaluru City Mall,59,0,2.6,10,199
MX-0109,Hyderabad City Mall,70,0,6.6,5,199
MX-0109,Chennai City Mall,6,0,0.7,5,199
MX-0109,Kolkata City Mall,14,0,,14,199
MX-0109,Pune City Mall,14,0,1.1,7,199
MX-0109,Ahmedabad City Mall,37,0,2.7,,199
MX-0109,Jaipur City Mall,39,0,3.9,7,199
MX-0109,Lucknow City Mall,77,0,4.7,5,199
MX-0109,Surat City Mall,57,0,2.7,7,199
MX-0109,Indore City Mall,11,0,3.2,5,199
MX-0109,Nagpur City Mall,31,0,0.8,14,199
MX-0109,Kochi City Mall,19,111,6.7,21,199
MX-0109,Chandigarh City Mall,65,0,2.7,10,199
MX-0109,Bhopal City Mall, 47 ,32,5.2,5,199
MX-0109,Patna City Mall,163,38,3.8,14,199
MX-0109,Vadodara City Mall,20,0,6.4,10,199
MX-0109,Ludhiana City Mall, 73 ,0,4.5,5,199
MX-0109,Agra City Mall,237,0,7.2,10,199
MX-0110,Mumbai,5,0,0.7,7,999
MX-0110,Delhi,109,0,4.9,10,999
MX-0110,Bengaluru,14,0,1.8,5,999
MX-0110,Hyderabad,125,0,3.8,10,999
MX-0110,Chennai,140,0,7.1,14,999
MX-0110,Kolkata, 53 ,0,3.1,7,999
MX-0110,Pune,6,0,7.5,21,N/A
MX-0110,Ahmedabad,23,0,0.5,21,999
MX-0110,Jaipur,17,0,1.3,5,999
MX-0110,Lucknow,92,0,4.9,10,999
MX-0110,Surat,4,0,4.9,7,999
MX-0110,Indore,109,0,5.1,10,999
MX-0110,Nagpur, 54 ,0,6.6,10,999
MX-0110,Kochi,277,0,7.6,21,999
MX-0110,Chandigarh,15,12,2.5,5,999
MX-0110,Bhopal,242,0,7.8,10,999
MX-0110,Patna,295,0,5.6,21,999
MX-0110,Vadodara,14,0,6.7,10,999
MX-0110,Ludhiana,174,55,7.8,7,999
MX-0110,Agra,9,0,0.6,7,999
MX-0110,Nashik,63,0,1.5,14,999
MX-0110,Meerut,460,0,7.8,21,999
MX-0110,Rajkot,(8),31,4.7,7,999
MX-0110,Varanasi,14,17,5.3,5,999
MX-0110,Amritsar, 150 ,0,3.7,14,999
MX-0110,Noida,175,91,3.8,21,999
MX-0110,Gurugram,168,0,2.4,21,999
MX-0110,Coimbatore,24,0,0.7,14,999
MX-0110,Madurai,132,77,6.7,14,999
MX-0110,Guwahati,177,0,7.0,14,999
MX-0110,Guwahati,177,0,7.0,14,999
MX-0110,Mumbai City Mall,43,0,3.8,5,999
MX-0110,Delhi City Mall,61,0,6.8,5,999
MX-0110,Bengaluru City Mall,6,0,4.0,5,999
MX-0110,Hyderabad City Mall,120,0,5.4,7,999
MX-0110,Chennai City Mall,64.5,0,5.9,7,999
MX-0110,Kolkata City Mall,44,33,2.7,10,999
MX-0110,Pune City Mall,278,87,7.7,14,999
MX-0110,Ahmedabad City Mall,107,0,5.8,7,999
MX-0110,Jaipur City Mall,53,0,1.6,10,999
MX-0110,Lucknow City Mall, 331 ,0,7.3,21 days,999
MX-0110,Surat City Mall,89,0,4.9,10,999
MX-0110,Indore City Mall,84,0,5.4,21,999
MX-0110,Nagpur City Mall,330,0,8.0,14,999
MX-0110,Kochi City Mall,1,0,5.1,10,999
MX-0110,Chandigarh City Mall,22,0,2.1,21,999
MX-0110,Bhopal City Mall,58,0,3.5,5,999
MX-0110,Patna City Mall,55,0,4.7,5,999
MX-0110,Vadodara City Mall,18,0,1.5,5,999
MX-0110,Ludhiana City Mall,8,0,7.3,7,999
MX-0110,Agra City Mall,14,4,1.1,7,999
MX-0111,Mumbai,19,0,7.5,7,499
MX-0111,Delhi,74,-16,3.7,7,499
MX-0111,Bengaluru, 105 ,0,5.4,7,499
,Hyderabad,193,0,4.3,21,499
MX-0111,Chennai,3,0,0.2,5,499
MX-0111,Kolkata,4,0,7.4,21,499
MX-0111,Pune,15,0,0.5,10,499
MX-0111,Ahmedabad,94,63,5.5,10,499
MX-0111,Jaipur,369,0,7.6,21,499
MX-0111,Lucknow,275,55,5.2,21,499
MX-0111,Surat,3,0,0.3,,499
MX-0111,Indore,121,0,2.6,14,499
MX-0111,Nagpur,12,0,1.9,5,499
MX-0111,Kochi,27,0,0.4,21,499
MX-0111,Chandigarh,173,0,5.5,14,499
MX-0111,Bhopal,55,0,3.1,10,N/A
MX-0111,Patna,124,65,6.5,10,499
MX-0111,Vadodara,155,0,7.8,7,499
MX-0111,Ludhiana,60,0,,5,499
MX-0111,Agra,55,0,3.1,10,499
MX-0111,Nashik,122,0,2.0,21,499
MX-0111,Meerut,11,0,0.6,14,499
MX-0111,Rajkot,50,0,5.8,7,499
MX-0111,Varanasi,48,0,3.6,10,499
MX-0111,Amritsar,22,28,4.3,7,499
MX-0111,Noida,19,0,1.3,5,499
MX-0111,Gurugram,1,87,5.4,21,499
MX-0111,Coimbatore,116,0,6.6,10,499
MX-0111,Madurai,385,0,5.8,21,499
MX-0111,Guwahati,94,0,2.9,10,499
MX-0111,Mumbai City Mall,30,0,5.0,10,499
MX-0111,Delhi City Mall,159,55,7.8,7,499
MX-0111,Bengaluru City Mall,1,0,6.8,5,499
MX-0111,Hyderabad City Mall,27,0,4.8,7,499
MX-0111,Chennai City Mall,155,0,4.3,21,499
MX-0111,Kolkata City Mall,58,0,7.2,10,499
MX-0111,Pune City Mall,42,0,4.1,10,499
MX-0111,Ahmedabad City Mall,41.5,0,2.4,7,499
MX-0111,Jaipur City Mall,39,0,4.3,7,499
MX-0111,Lucknow City Mall,33,21,7.0,5,499
MX-0111,Surat City Mall,38,0,3.5,7,499
MX-0111,Indore City Mall,109,0,2.8,14,499
MX-0111,Nagpur City Mall,169,0,6.4,21,499
MX-0111,Kochi City Mall,11,0,6.4,14,499
MX-0111,Chandigarh City Mall,6,0,1.1,5,499
MX-0111,Bhopal City Mall,73,0,2.6,10,499
MX-0111,Patna City Mall,93,0,4.1,10,499
MX-0111,Vadodara City Mall,96,0,6.6,10,499
MX-0111,Ludhiana City Mall,15,0,0.8,7,499
MX-0111,Agra City Mall,15,0,8.0,10,499
MX-0112,Mumbai,89,0,4.0,10,199
MX-0112,Delhi,172,0,6.3,14,199
MX-0112,Bengaluru,38,0,3.5,21,199
MX-0112,Hyderabad,32,0,6.7,5,199
MX-0112,Chennai,47,18,4.1,7,199
MX-0112,Kolkata,193,136,5.5,21,199
MX-0112,Pune,13,0,2.2,5,199
MX-0112,Ahmedabad,41,21,3.1,14,199
MX-0112,Jaipur,121,0,5.2,7,199
MX-0112,Lucknow,122,0,2.9,21,199
MX-0112,Surat,22,0,7.8,5,199
MX-0112,Indore,-2,0,3.5,14,199
MX-0112,Nagpur,251,84,7.6,21,199
MX-0112,Kochi,16,0,1.2,5,199
MX-0112,Chandigarh,241,0,7.3,14,199
MX-0112,Bhopal,36,0,7.3,5,199
MX-0112,Patna,5,0,1.6,10,199
MX-0112,Vadodara,78,21,3.7,7,199
MX-0112,Ludhiana,14,0,1.1,5 days,199
MX-0112,Agra, 50 ,0,4.1,14,199
MX-0112,Nashik,13,0,3.6,10,199
MX-0112,Meerut,9,0,0.5,14,199
MX-0112,Rajkot,7,-15,3.1,10,199
MX-0112,Varanasi,3,0,0.3,5,199
MX-0112,Amritsar,119,0,7.4,14,N/A
MX-0112,Noida,24,0,0.6,21,199
MX-0112,Gurugram,243,94,6.3,14,199
MX-0112,Gurugram,243,94,6.3,14,199
MX-0112,Coimbatore,16,77,7.2,10,199
MX-0112,Madurai,37,15,1.4,21,199
MX-0112,Guwahati,54,0,2.1,21,199
MX-0112,Mumbai City Mall,118,0,3.0,21,199
MX-0112,Delhi City Mall,426,0,7.5,21,199
MX-0112,Bengaluru City Mall,260,0,4.3,21,199
MX-0112,Hyderabad City Mall,20,12,0.9,,199
MX-0112,Chennai City Mall,3,0,2.2,7,199
MX-0112,Kolkata City Mall,132,0,6.2,10,199
MX-0112,Pune City Mall,38,0,3.7,10,199
MX-0112,Ahmedabad City Mall,129,0,1.9,21,199
MX-0112,Jaipur City Mall,146,43,5.4,14,199
MX-0112,Lucknow City Mall,2,0,4.0,14,199
MX-0112,Surat City Mall,59.5,0,3.1,14,199
MX-0112,Indore City Mall,202,51,4.9,14,199
MX-0112,Nagpur City Mall,76,15,2.1,14,199
MX-0112,Kochi City Mall,24,0,3.7,5,199
MX-0112,Chandigarh City Mall,5, 4 ,1.5,7,199
MX-0112,Bhopal City Mall,537,173,7.6,21,199
MX-0112,Patna City Mall,121,0,5.7,10,199
MX-0112,Vadodara City Mall,1,0,1.8,21,199
MX-0112,Ludhiana City Mall,34,0,4.6,5,199
MX-0112,Agra City Mall,49,95,5.8,14,199
MX-0113,Mumbai,36,0,5.9,14,3999
MX-0113,Delhi,122,0,,14,3999
MX-0113,Bengaluru,50,0,1.5,10,3999
MX-0113,Hyderabad, 9 ,0,0.9,7,3999
,Chennai,5,8,0.8,21,3999
MX-0113,Kolkata,46,0,4.0,7,3999
MX-0113,Pune,5,26,1.9,14,3999
MX-0113,Ahmedabad,17,19,1.2,14,3999
MX-0113,Jaipur, 70 ,31,3.9,14,3999
MX-0113,Lucknow, 9 ,0,2.9,7,3999
MX-0113,Surat,24,0,0.8,14,3999
MX-0113,Indore,2,0,0.2,7,3999
MX-0113,Nagpur,131,0,7.0,10,3999
MX-0113,Kochi,296,0,6.7,21,3999
MX-0113,Chandigarh,22,8,2.7,7,3999
MX-0113,Bhopal,88,29,6.7,10,3999
MX-0113,Patna,188,0,8.0,10,3999
MX-0113,Vadodara,79,32,6.5,5,3999
MX-0113,Ludhiana, 54 ,0,4.4,5,3999
MX-0113,Agra,6,0,0.3,7,3999
MX-0113,Nashik,34,50,3.3,14,3999
MX-0113,Meerut,11,41,5.2,7,3999
MX-0113,Rajkot,25,0,1.4,10,3999
MX-0113,Varanasi,411,0,6.1,21,3999
MX-0113,Amritsar,219,0,3.1,21,3999
MX-0113,Noida, 349 ,0,6.0,21,3999
MX-0113,Gurugram,498,0,7.1,21,3999
MX-0113,Coimbatore,121,0,5.7,7,3999
MX-0113,Madurai,9,2,1.1,5,3999
MX-0113,Guwahati,464,186,8.0,21,3999
MX-0113,Mumbai City Mall,79,0,6.0,5,3999
MX-0113,Delhi City Mall,258,0,7.8,10,3999
MX-0113,Bengaluru City Mall, 20 ,0,2.1,5,3999
MX-0113,Hyderabad City Mall,10,0,5.5,14,N/A
MX-0113,Chennai City Mall,15,0,0.8,10,3999
MX-0113,Kolkata City Mall,1,0,2.9,10,3999
MX-0113,Pune City Mall,22,0,1.9,7,3999
MX-0113,Ahmedabad City Mall,98,55,5.8,10,3999
MX-0113,Jaipur City Mall,72,0,2.6,14,3999
MX-0113,Lucknow City Mall,313,158,7.3,21,3999
MX-0113,Surat City Mall,202,42,7.8,10,3999
MX-0113,Indore City Mall,16,0,1.7,5,3999
MX-0113,Nagpur City Mall,7,0,4.4,7,3999
MX-0113,Kochi City Mall,4.5,-20,0.5,7,3999
MX-0113,Chandigarh City Mall,70,0,4.2,5,3999
MX-0113,Bhopal City Mall,1,0,0.4,21,3999
MX-0113,Patna City Mall,90,0,6.1,5,3999
MX-0113,Vadodara City Mall,43,0,4.7,10 days,3999
MX-0113,Ludhiana City Mall,50,0,5.9,21,3999
MX-0113,Agra City Mall,52,0,1.4,21,3999
MX-0114,Mumbai,(9),0,4.7,14,999
MX-0114,Delhi,312,0,6.4,21,999
MX-0114,Bengaluru,81,0,2.6,14,999
MX-0114,Hyderabad,97,0,6.9,5,999
MX-0114,Chennai,2,0,0.3,10,999
MX-0114,Kolkata,275,0,5.2,21,999
MX-0114,Pune,14,0,1.5,,999
MX-0114,Ahmedabad,92,0,5.5,7,999
MX-0114,Jaipur,60,0,3.8,5,999
MX-0114,Lucknow,17,83,6.3,10,999
MX-0114,Surat,75,0,3.2,10,999
MX-0114,Indore,39,0,6.7,7,999
MX-0114,Nagpur,296,0,7.8,14,999
MX-0114,Kochi,22,0,7.3,14,999
MX-0114,Chandigarh,7,0,7.2,10,999
MX-0114,Bhopal,12,4,1.3,5,999
MX-0114,Patna,108,0,2.5,21,999
MX-0114,Vadodara,117,43,4.6,10,999
MX-0114,Ludhiana,185,0,5.5,10,999
MX-0114,Agra,12,0,1.7,10,999
MX-0114,Nashik,6,0,0.6,7,999
MX-0114,Meerut, 91 ,0,4.4,14,999
MX-0114,Rajkot,16,0,0.9,10,999
MX-0114,Varanasi,325,0,7.9,14,999
MX-0114,Varanasi,325,0,7.9,14,999
MX-0114,Amritsar,139,0,4.3,14,999
MX-0114,Noida,301,0,5.6,21,999
MX-0114,Gurugram,13,0,4.8,10,999
MX-0114,Coimbatore,29,0,5.5,5,999
MX-0114,Madurai,9,0,5.2,10,999
MX-0114,Guwahati,11,0,7.5,5,999
MX-0114,Mumbai City Mall,14,30,6.6,5,999
MX-0114,Delhi City Mall,83,0,7.6,10,999
MX-0114,Bengaluru City Mall,402,0,7.9,21,999
MX-0114,Hyderabad City Mall,90,0,7.9,7,999
MX-0114,Chennai City Mall, 123 ,0,,21,999
MX-0114,Kolkata City Mall,22,0,3.5,10,999
MX-0114,Pune City Mall,41,0,7.9,7,999
MX-0114,Ahmedabad City Mall,2,0,1.1,5,999
MX-0114,Jaipur City Mall,15,0,2.0,5,999
MX-0114,Lucknow City Mall,34,0,4.1,5,999
MX-0114,Surat City Mall,93,0,7.9,5,999
MX-0114,Indore City Mall,15,0,6.0,5,999
MX-0114,Nagpur City Mall,55,0,6.4,7,N/A
MX-0114,Kochi City Mall,23,0,2.9,5,999
MX-0114,Chandigarh City Mall,109,67,5.9,10,999
MX-0114,Bhopal City Mall,27,0,0.9,10,999
MX-0114,Patna City Mall,22.5,0,1.8,10,999
MX-0114,Vadodara City Mall,189,66,5.6,14,999
MX-0114,Ludhiana City Mall,0,0,0.5,5,999
MX-0114,Agra City Mall,0,0,0.7,7,999
MX-0115,Mumbai,62,0,4.2,7,199
MX-0115,Delhi,21,14,0.5,21,199
MX-0115,Bengaluru, 27 ,0,3.2,14,199
MX-0115,Hyderabad,5,0,1.1,7,199
MX-0115,Chennai,23,32,4.1,7,199
,Kolkata,105,0,6.8,7,199
MX-0115,Pune,160,0,6.9,21,199
MX-0115,Ahmedabad,149,0,5.7,10,199
MX-0115,Jaipur,42,0,6.1,7,199
MX-0115,Lucknow,166,0,3.7,21,199
MX-0115,Surat, 19 , 10 ,2.6,7,199
MX-0115,Indore,107,0,6.0,21,199
MX-0115,Nagpur,27,0,2.8,7,199
MX-0115,Kochi,24,0,7.6,5,199
MX-0115,Chandigarh,136,-2,4.3,14,199
MX-0115,Bhopal,53,0,7.0,14,199
MX-0115,Patna,43,0,2.6,7,199
MX-0115,Vadodara,40,7,1.2,14,199
MX-0115,Ludhiana,106,0,4.9,14,199
MX-0115,Agra,2,25,4.1,5,199
MX-0115,Nashik,20,0,2.2,7,199
MX-0115,Meerut,108,0,2.5,14,199
MX-0115,Rajkot,4,30,5.0,5,199
MX-0115,Varanasi,10,0,1.9,10,199
MX-0115,Amritsar,25,18,2.6,5,199
MX-0115,Noida,88,112,6.1,14,199
MX-0115,Gurugram,131,0,6.7,7 days,199
MX-0115,Coimbatore,0,0,0.3,7,199
MX-0115,Madurai,2,0,6.6,14,199
MX-0115,Guwahati, 43 ,0,4.8,,199
MX-0115,Mumbai City Mall,35,0,6.7,10,199
MX-0115,Delhi City Mall,6,0,4.4,7,199
MX-0115,Bengaluru City Mall,12,0,0.7,14,199
MX-0115,Hyderabad City Mall,144,0,7.0,7,199
MX-0115,Chennai City Mall,112,0,8.0,7,199
MX-0115,Kolkata City Mall,1,0,0.3,7,199
MX-0115,Pune City Mall,173,0,3.8,21,199
MX-0115,Ahmedabad City Mall,111,0,6.0,14,199
MX-0115,Jaipur City Mall,145,38,3.6,14,199
MX-0115,Lucknow City Mall,(6),0,2.4,5,199
MX-0115,Surat City Mall,5,0,1.7,5,199
MX-0115,Indore City Mall,30,0,5.4,5,199
MX-0115,Nagpur City Mall,9,0,3.7,7,199
MX-0115,Kochi City Mall,136,0,7.3,7,199
MX-0115,Chandigarh City Mall,50,0,4.5,7,199
MX-0115,Bhopal City Mall,11,0,5.8,5,199
MX-0115,Patna City Mall,241,0,5.2,21,199
MX-0115,Vadodara City Mall,139,0,4.4,14,199
MX-0115,Ludhiana City Mall,52,26,5.2,10,199
MX-0115,Agra City Mall,108.5,0,7.3,5,199
MX-0116,Mumbai,19,0,2.3,10,3999
MX-0116,Delhi, 128 ,0,5.4,7,N/A
MX-0116,Bengaluru,37,0,4.2,7,3999
MX-0116,Hyderabad,38,86,5.8,14,3999
MX-0116,Chennai,31,10,1.9,5,3999
MX-0116,Kolkata,366,0,6.7,21,3999
MX-0116,Pune,8,0,6.6,5,3999
MX-0116,Ahmedabad,40,0,2.0,7,3999
MX-0116,Jaipur,335,0,6.9,21,3999
MX-0116,Lucknow,26,0,4.1,5,3999
MX-0116,Surat,24, 70 ,6.1,14,3999
MX-0116,Indore,92,0,5.6,5,3999
MX-0116,Nagpur,80,0,1.3,21,3999
MX-0116,Kochi,54,18,1.9,10,3999
MX-0116,Chandigarh,238,0,5.2,14,3999
MX-0116,Bhopal, 30 ,0,1.2,10,3999
MX-0116,Patna,169,0,6.8,21,3999
MX-0116,Vadodara,19,22,,7,3999
MX-0116,Ludhiana,46,0,5.8,7,3999
MX-0116,Agra,29,0,2.8,5,3999
MX-0116,Nashik,20,0,0.8,10,3999
MX-0116,Nashik,20,0,0.8,10,3999
MX-0116,Meerut,10,0,2.3,5,3999
MX-0116,Rajkot,25,0,1.0,10,3999
MX-0116,Varanasi,19, 43 ,3.0,21,3999
MX-0116,Amritsar,2,0,3.8,10,3999
MX-0116,Noida, 4 ,3,0.2,14,3999
MX-0116,Gurugram,60,0,1.4,21,3999
MX-0116,Coimbatore,140,0,5.0,14,3999
MX-0116,Madurai,81,0,5.3,10,3999
MX-0116,Guwahati,24,0,2.3,14,3999
MX-0116,Mumbai City Mall,87,0,6.2,5,3999
MX-0116,Delhi City Mall,180,89,4.9,14,3999
MX-0116,Bengaluru City Mall,131,41,7.0,10,3999
MX-0116,Hyderabad City Mall,36,0,7.4,10,3999
MX-0116,Chennai City Mall,0,49,3.1,14,3999
MX-0116,Kolkata City Mall,83,-17,6.1,21,3999
MX-0116,Pune City Mall,105,0,2.5,21,3999
MX-0116,Ahmedabad City Mall,258,0,5.5,21,3999
MX-0116,Jaipur City Mall,70,0,6.9,7,3999
MX-0116,Lucknow City Mall,145,0,7.9,21,3999
MX-0116,Surat City Mall,169,0,5.9,21,3999
MX-0116,Indore City Mall,38,0,3.7,5,3999
MX-0116,Nagpur City Mall,45,0,3.8,10,3999
MX-0116,Kochi City Mall,8,0,0.7,7,3999
MX-0116,Chandigarh City Mall,17,0,1.0,7,3999
MX-0116,Bhopal City Mall,129,0,3.2,14,3999
MX-0116,Patna City Mall,57,0,4.3,14,3999
MX-0116,Vadodara City Mall,349,0,7.8,14,3999
MX-0116,Ludhiana City Mall,17,0,0.6,10,3999
MX-0116,Agra City Mall,4,0,0.2,10,3999
MX-0117,Mumbai,40,0,6.8,5,199
MX-0117,Delhi,87,41,6.7,5,199
MX-0117,Bengaluru,221.5,71,7.3,,199
MX-0117,Hyderabad,62,0,3.8,5,199
MX-0117,Chennai,55,0,2.9,10,199
MX-0117,Kolkata,84,0,4.8,14 days,199
,Pune,141,53,8.0,7,199
MX-0117,Ahmedabad,5,0,7.1,5,199
MX-0117,Jaipur,89,0,5.8,7,199
MX-0117,Lucknow,237,0,3.8,21,199
MX-0117,Surat,25,31,1.9,14,N/A
MX-0117,Indore,41,66,5.3,10,199
MX-0117,Nagpur,125,48,8.0,5,199
MX-0117,Kochi,10,0,1.9,7,199
MX-0117,Chandigarh,24,24,6.2,5,199
MX-0117,Bhopal,24,0,4.9,7,199
MX-0117,Patna,68,0,4.2,5,199
MX-0117,Vadodara,74,0,3.9,7,199
MX-0117,Ludhiana,9,0,2.2,5,199
MX-0117,Agra,8,0,0.6,7,199
MX-0117,Nashik,172,0,6.0,21,199
MX-0117,Meerut,32,0,5.7,7,199
MX-0117,Rajkot,46,0,3.6,21,199
MX-0117,Varanasi, 38 ,13,0.8,21,199
MX-0117,Amritsar,68,0,4.4,5,199
MX-0117,Noida, 198 ,0,4.9,14,199
MX-0117,Gurugram,58,0,2.2,14,199
MX-0117,Coimbatore,0,26,6.8,5,199
MX-0117,Madurai,(8),0,7.6,21,199
MX-0117,Guwahati,15,0,3.4,7,199
MX-0117,Mumbai City Mall,58,36,3.3,10,199
MX-0117,Delhi City Mall,17,0,2.6,14,199
MX-0117,Bengaluru City Mall,86,0,4.9,10,199
MX-0117,Hyderabad City Mall, 24 ,0,5.6,5,199
MX-0117,Chennai City Mall,305,0,7.3,14,199
MX-0117,Kolkata City Mall,111,0,7.6,5,199
MX-0117,Pune City Mall,56,35,2.0,21,199
MX-0117,Ahmedabad City Mall,50,0,3.4,7,199
MX-0117,Jaipur City Mall,23,0,3.2,21,199
MX-0117,Lucknow City Mall,18,0,2.2,14,199
MX-0117,Surat City Mall,11,38,4.8,7,199
MX-0117,Indore City Mall,40,0,1.4,10,199
MX-0117,Nagpur City Mall,363,0,6.1,21,199
MX-0117,Kochi City Mall,38,22,5.3,5,199
MX-0117,Chandigarh City Mall,58,0,4.8,21,199
MX-0117,Bhopal City Mall,8,0,0.6,7,199
MX-0117,Patna City Mall,13,24,3.5,14,199
MX-0117,Vadodara City Mall,22,12,2.1,7,199
MX-0117,Ludhiana City Mall,44,0,1.5,10,199
MX-0117,Agra City Mall,230,0,8.0,21,199
MX-0118,Mumbai,34,17,,7,999
MX-0118,Delhi,53,69,3.3,21,999
MX-0118,Bengaluru,107,0,2.3,14,999
MX-0118,Hyderabad,11,0,1.3,5,999
MX-0118,Chennai,193,0,6.7,21,999
MX-0118,Kolkata,38.5,0,2.8,5,999
MX-0118,Pune,58,-15,2.2,10,999
MX-0118,Ahmedabad,21,0,3.2,7,999
MX-0118,Jaipur,16,0,4.6,5,999
MX-0118,Lucknow,5, 1 ,0.4,7,999
MX-0118,Surat,136,0,6.6,21,999
MX-0118,Indore,45,27,6.0,7,999
MX-0118,Nagpur,175,0,3.4,21,999
MX-0118,Kochi,0,0,0.3,21,999
MX-0118,Chandigarh,47,0,4.3,10,999
MX-0118,Bhopal,96,0,5.1,14,999
MX-0118,Patna,135,0,3.4,21,999
MX-0118,Vadodara,6,0,0.2,14,999
MX-0118,Vadodara,6,0,0.2,14,999
MX-0118,Ludhiana,13,10,0.7,21,999
MX-0118,Agra,11,0,1.1,5,N/A
MX-0118,Nashik,282,0,7.3,14,999
MX-0118,Meerut,33,0,2.1,5,999
MX-0118,Rajkot,106,20,7.7,5,999
MX-0118,Varanasi,50,0,3.9,14,999
MX-0118,Amritsar,9,0,1.6,5,999
MX-0118,Noida,12,0,2.5,,999
MX-0118,Gurugram,30,0,7.0,5,999
MX-0118,Coimbatore,421,174,7.3,21,999
MX-0118,Madurai, 37 ,0,2.6,5,999
MX-0118,Guwahati,89,0,1.4,21,999
MX-0118,Mumbai City Mall,58,0,2.3,21,999
MX-0118,Delhi City Mall,9,2,0.4,7,999
MX-0118,Bengaluru City Mall,152,23,6.5,7,999
MX-0118,Hyderabad City Mall,70,26,4.6,5,999
MX-0118,Chennai City Mall,51,0,5.1,5 days,999
MX-0118,Kolkata City Mall,174,70,4.2,14,999
MX-0118,Pune City Mall, 156 ,40,6.1,10,999
MX-0118,Ahmedabad City Mall,145,0,5.8,14,999
MX-0118,Jaipur City Mall, 49 ,0,1.3,14,999
MX-0118,Lucknow City Mall,290,0,7.3,21,999
MX-0118,Surat City Mall,94,0,4.5,7,999
MX-0118,Indore City Mall, 22 ,0,6.9,10,999
MX-0118,Nagpur City Mall, 1 ,0,5.8,5,999
MX-0118,Kochi City Mall,117,0,6.5,10,999
MX-0118,Chandigarh City Mall,44,42,7.6,5,999
MX-0118,Bhopal City Mall,28,0,2.9,5,999
MX-0118,Patna City Mall,5,0,1.2,5,999
MX-0118,Vadodara City Mall,53,24,3.8,5,999
MX-0118,Ludhiana City Mall,175,0,4.2,14,999
MX-0118,Agra City Mall, 118 ,0,3.8,10,999
MX-0119,Mumbai,85,18,6.0,7,499
MX-0119,Delhi,17,8,3.6,5,499
MX-0119,Bengaluru,44,0,6.0,7,499
MX-0119,Hyderabad,185,0,4.1,14,499
MX-0119,Chennai,84,0,7.5,5,499
MX-0119,Kolkata, 24 ,0,1.9,5,499
MX-0119,Pune,39,0,3.4,14,499
,Ahmedabad,8,0,0.2,14,499
MX-0119,Jaipur,45.5,0,1.6,10,499
MX-0119,Lucknow,188,0,5.0,14,499
MX-0119,Surat,76,0,6.5,5,499
MX-0119,Indore,3,4,0.4,10,499
MX-0119,Nagpur,69,0,6.1,5,499
MX-0119,Kochi,16,17,3.2,5,499
MX-0119,Chandigarh,18,6,0.5,14,499
MX-0119,Bhopal,86,30,6.3,7,499
MX-0119,Patna,24,0,2.9,10,499
MX-0119,Vadodara,-1,0,7.8,14,499
MX-0119,Ludhiana,63,0,7.4,5,499
MX-0119,Agra,128,0,6.6,14,499
MX-0119,Nashik,289,0,7.5,14,499
MX-0119,Meerut,198,0,2.8,21,499
MX-0119,Rajkot,119,0,4.1,14,499
MX-0119,Varanasi,70,0,5.6,7,499
MX-0119,Amritsar, 21 ,0,0.5,14,499
MX-0119,Noida,183,0,4.1,14,499
MX-0119,Gurugram,71,0,4.1,10,499
MX-0119,Coimbatore, 97 ,-12,5.3,7,499
MX-0119,Madurai, 20 ,0,1.1,7,N/A
MX-0119,Guwahati,41,0,2.6,14,499
MX-0119,Mumbai City Mall,64,0,1.2,21,499
MX-0119,Delhi City Mall,12,0,1.3,10,499
MX-0119,Bengaluru City Mall,14,0,3.6,21,499
MX-0119,Hyderabad City Mall,0,0,,10,499
MX-0119,Chennai City Mall,185,0,3.9,14,499
MX-0119,Kolkata City Mall,6,0,0.3,10,499
MX-0119,Pune City Mall,101,0,5.2,21,499
MX-0119,Ahmedabad City Mall,90,0,3.0,10,499
MX-0119,Jaipur City Mall,3,0,0.6,7,499
MX-0119,Lucknow City Mall, 47 ,19,0.8,21,499
MX-0119,Surat City Mall,21,0,1.6,14,499
MX-0119,Indore City Mall,24,0,5.9,7,499
MX-0119,Nagpur City Mall,9,0,0.3,10,499
MX-0119,Kochi City Mall,65,39,2.9,21,499
MX-0119,Chandigarh City Mall,83,54,3.2,14,499
MX-0119,Bhopal City Mall,65,0,5.2,5,499
MX-0119,Patna City Mall,34,0,3.8,10,499
MX-0119,Vadodara City Mall,31,0,3.5,7,499
MX-0119,Ludhiana City Mall,153,0,7.3,,499
MX-0119,Agra City Mall,67,0,5.2,10,499
MX-0120,Mumbai,123,0,5.3,10,1999
MX-0120,Delhi,33,0,2.0,7,1999
MX-0120,Bengaluru,77,0,7.2,5,1999
MX-0120,Hyderabad,9,0,5.9,10,1999
MX-0120,Chennai, 71 ,0,7.0,14,1999
MX-0120,Kolkata,46,0,0.7,21,1999
MX-0120,Pune,41,10,1.8,7,1999
MX-0120,Ahmedabad,164,0,3.9,14,1999
MX-0120,Jaipur,16,7,0.8,7,1999
MX-0120,Lucknow, 11 ,0,1.2,5,1999
MX-0120,Surat,91,45,6.1,7,1999
MX-0120,Indore,7.5,0,0.5,21,1999
MX-0120,Nagpur,17,0,1.6,5,1999
MX-0120,Kochi,108,0,6.4,5 days,1999
MX-0120,Chandigarh,100,0,2.5,21,1999
MX-0120,Chandigarh,100,0,2.5,21,1999
MX-0120,Bhopal,104,0,6.6,5,1999
MX-0120,Patna,2,0,4.6,7,1999
MX-0120,Vadodara,22,19,2.9,5,1999
MX-0120,Ludhiana,116,31,5.4,14,1999
MX-0120,Agra,11,0,5.3,5,1999
MX-0120,Nashik,206,0,6.6,10,1999
MX-0120,Meerut,112,42,4.2,14,1999
MX-0120,Rajkot,22,0,1.1,7,1999
MX-0120,Varanasi,165,0,5.1,21,1999
MX-0120,Amritsar,0,0,2.6,7,1999
MX-0120,Noida,189,42,3.9,21,1999
MX-0120,Gurugram,49,0,7.8,10,1999
MX-0120,Coimbatore,116,26,5.9,7,1999
MX-0120,Madurai, 28 ,0,2.4,10,1999
MX-0120,Guwahati,76,0,7.6,7,1999
MX-0120,Mumbai City Mall,145,66,6.6,10,1999
MX-0120,Delhi City Mall,12,8,0.5,14,1999
MX-0120,Bengaluru City Mall,97,0,7.3,7,1999
MX-0120,Hyderabad City Mall,6,0,1.3,5,1999
MX-0120,Chennai City Mall,183,0,5.9,21,1999
MX-0120,Kolkata City Mall,421,0,6.3,21,1999
MX-0120,Pune City Mall,57,0,5.3,7,1999
MX-0120,Ahmedabad City Mall,155,0,4.8,10,N/A
MX-0120,Jaipur City Mall,6,0,1.5,7,1999
MX-0120,Lucknow City Mall,93,0,7.1,7,1999
MX-0120,Surat City Mall,61,0,4.9,21,1999
MX-0120,Indore City Mall,114,0,7.3,5,1999
MX-0120,Nagpur City Mall,49,0,1.7,10,1999
MX-0120,Kochi City Mall,226,0,6.7,14,1999
MX-0120,Chandigarh City Mall, 23 ,0,2.8,7,1999
MX-0120,Bhopal City Mall,1,0,2.0,5,1999
MX-0120,Patna City Mall,82,45,1.9,21,1999
MX-0120,Vadodara City Mall,17, 95 ,5.4,14,1999
MX-0120,Ludhiana City Mall,384,-14,5.8,21,1999
MX-0120,Agra City Mall, 418 ,0,7.8,21,1999
MX-0121,Mumbai,105,0,6.0,21,1999
MX-0121,Delhi,114,0,7.4,14,1999
MX-0121,Bengaluru,31,80,4.9,14,1999
MX-0121,Hyderabad,232,0,5.9,14,1999
MX-0121,Chennai,110,73,6.8,14,1999
MX-0121,Kolkata,12,0,4.6,10,1999
MX-0121,Pune,(7),12,1.7,7,1999
MX-0121,Ahmedabad,130,0,5.8,21,1999
,Jaipur,129,0,5.5,10,1999
MX-0121,Lucknow,102,0,7.0,5,1999
MX-0121,Surat,69,0,4.3,10,1999
MX-0121,Indore,1,0,0.4,5,1999
MX-0121,Nagpur,66,0,2.0,10,1999
MX-0121,Kochi,80,67,6.1,14,1999
MX-0121,Chandigarh,312.5,0,7.2,14,1999
MX-0121,Bhopal,83,0,4.9,7,1999
MX-0121,Patna,5,0,,7,1999
MX-0121,Vadodara,99,0,2.3,21,1999
MX-0121,Ludhiana,86,0,8.0,7,1999
MX-0121,Agra,30,18,1.1,14,1999
MX-0121,Nashik,216,0,6.7,10,1999
MX-0121,Meerut,106,0,4.9,,1999
MX-0121,Rajkot,8,0,0.3,10,1999
MX-0121,Varanasi, 1 ,0,0.3,5,1999
MX-0121,Amritsar,85,0,1.9,14,1999
MX-0121,Noida,50,0,4.1,10,1999
MX-0121,Gurugram,11,3,0.5,10,1999
MX-0121,Coimbatore, 358 ,0,6.7,21,1999
MX-0121,Madurai,10,0,1.1,5,1999
MX-0121,Guwahati,32,14,1.4,10,1999
MX-0121,Mumbai City Mall,215,76,5.2,14,1999
MX-0121,Delhi City Mall,36,0,4.1,5,1999
MX-0121,Bengaluru City Mall,93,22,2.5,21,1999
MX-0121,Hyderabad City Mall,67,22,6.0,5,1999
MX-0121,Chennai City Mall,71,0,2.7,14,1999
MX-0121,Kolkata City Mall,3,1,0.4,5,1999
MX-0121,Pune City Mall,103,0,2.9,14,1999
MX-0121,Ahmedabad City Mall,98,0,5.5,10,1999
MX-0121,Jaipur City Mall,4,0,0.8,7,1999
MX-0121,Lucknow City Mall,81,38,3.2,14,1999
MX-0121,Surat City Mall,5,0,1.1,14,1999
MX-0121,Indore City Mall, 35 ,0,4.1,5,1999
MX-0121,Nagpur City Mall,5,0,1.2,21 days,1999
MX-0121,Kochi City Mall,70,0,3.3,7,1999
MX-0121,Chandigarh City Mall,106,37,4.1,14,1999
MX-0121,Bhopal City Mall,177,0,4.0,21,1999
MX-0121,Patna City Mall,172,0,4.7,14,N/A
MX-0121,Vadodara City Mall,18,0,1.8,5,1999
MX-0121,Ludhiana City Mall,62,0,3.9,7,1999
MX-0121,Agra City Mall,13,0,0.5,10,1999
MX-0122,Mumbai,266,0,5.7,14,999
MX-0122,Delhi,44,0,2.6,7,999
MX-0122,Bengaluru,119,0,8.0,7,999
MX-0122,Hyderabad,133,0,3.0,21,999
MX-0122,Chennai, 0 ,0,0.6,5,999
MX-0122,Kolkata,117,0,5.2,10,999
MX-0122,Pune,238, 55 ,7.2,10,999
MX-0122,Ahmedabad,17,0,0.3,21,999
MX-0122,Jaipur,91,0,4.6,14,999
MX-0122,Lucknow,183,76,7.0,10,999
MX-0122,Surat,9,0,0.9,5,999
MX-0122,Indore,2,37,4.9,14,999
MX-0122,Indore,2,37,4.9,14,999
MX-0122,Nagpur,407,206,7.1,21,999
MX-0122,Kochi,53,0,6.4,10,999
MX-0122,Chandigarh,57,0,3.5,5,999
MX-0122,Bhopal, 31 ,0,1.4,10,999
MX-0122,Patna,2,0,0.6,21,999
MX-0122,Vadodara,202.5,0,4.2,21,999
MX-0122,Ludhiana,15,0,5.7,5,999
MX-0122,Agra,148,-5,5.4,21,999
MX-0122,Nashik,9,2,0.7,7,999
MX-0122,Meerut,230,0,6.7,14,999
MX-0122,Rajkot, 55 ,148,6.3,21,999
MX-0122,Varanasi,13,0,1.1,10,999
MX-0122,Amritsar,209,0,5.7,14,999
MX-0122,Noida,113,0,5.4,21,999
MX-0122,Gurugram,98,0,3.2,14,999
MX-0122,Coimbatore,7,2,1.1,5,999
MX-0122,Madurai,8,39,7.8,7,999
MX-0122,Guwahati,398,0,7.3,21,999
MX-0122,Mumbai City Mall,0,0,0.6,7,999
MX-0122,Delhi City Mall,59,0,5.6,5,999
MX-0122,Bengaluru City Mall,132,0,5.8,10,999
MX-0122,Hyderabad City Mall, 269 ,0,4.0,21,999
MX-0122,Chennai City Mall,181,51,5.3,14,999
MX-0122,Kolkata City Mall,132,60,5.7,10,999
MX-0122,Pune City Mall, 25 ,0,6.4,10,999
MX-0122,Ahmedabad City Mall,44,0,2.9,5,999
MX-0122,Jaipur City Mall,47,0,2.8,7,999
MX-0122,Lucknow City Mall,5,3,0.6,5,999
MX-0122,Surat City Mall,26,14,1.2,21,999
MX-0122,Indore City Mall,106,0,4.8,10,999
MX-0122,Nagpur City Mall,67,0,4.7,5,999
MX-0122,Kochi City Mall,25,61,8.0,7,999
MX-0122,Chandigarh City Mall,37,0,2.7,,999
MX-0122,Bhopal City Mall,-6,0,7.1,14,999
MX-0122,Patna City Mall,16,15,2.2,14,999
MX-0122,Vadodara City Mall, 1 ,0,0.6,5,999
MX-0122,Ludhiana City Mall,9,0,3.4,7,999
MX-0122,Agra City Mall,52,0,,14,999
MX-0123,Mumbai,34,0,7.6,7,1999
MX-0123,Delhi,9,3,0.5,10,1999
MX-0123,Bengaluru,45,0,6.8,10,1999
MX-0123,Hyderabad,68,0,2.0,14,1999
MX-0123,Chennai,120,0,7.1,10,1999
MX-0123,Kolkata,43,20,1.4,14,N/A
MX-0123,Pune,145,79,6.2,10,1999
MX-0123,Ahmedabad,45,8,2.1,7,1999
MX-0123,Jaipur,47,0,1.8,10,1999
,Lucknow,109,0,6.6,7,1999
MX-0123,Surat,9,0,1.0,14,1999
MX-0123,Indore,120,0,3.7,21,1999
MX-0123,Nagpur,58,55,7.1,7,1999
MX-0123,Kochi,25,11,1.7,7,1999
MX-0123,Chandigarh,81,0,3.7,10,1999
MX-0123,Bhopal,139,0,6.2,7,1999
MX-0123,Patna, 11 ,0,1.4,21,1999
MX-0123,Vadodara,17,0,0.6,10,1999
MX-0123,Ludhiana,278,0,6.8,21,1999
MX-0123,Agra,14,0,1.8,5,1999
MX-0123,Nashik,68.5,0,2.3,10,1999
MX-0123,Meerut,14,2,0.2,21 days,1999
MX-0123,Rajkot,158,0,7.6,7,1999
MX-0123,Varanasi,220,0,6.4,14,1999
MX-0123,Amritsar,111,0,7.7,14,1999
MX-0123,Noida,347,0,5.3,21,1999
MX-0123,Gurugram, 61 ,35,1.4,21,1999
MX-0123,Coimbatore,259,0,6.1,14,1999
MX-0123,Madurai,14,0,3.0,7,1999
MX-0123,Guwahati,49,0,0.8,21,1999
MX-0123,Mumbai City Mall,37,0,6.0,14,1999
MX-0123,Delhi City Mall,73,0,2.5,10,1999
MX-0123,Bengaluru City Mall,117,0,5.6,7,1999
MX-0123,Hyderabad City Mall,22,0,5.4,5,1999
MX-0123,Chennai City Mall,43,0,3.8,7,1999
MX-0123,Kolkata City Mall,31,36,4.1,14,1999
MX-0123,Pune City Mall,11,7,0.9,7,1999
MX-0123,Ahmedabad City Mall,9,102,5.9,14,1999
MX-0123,Jaipur City Mall,54,0,3.0,10,1999
MX-0123,Lucknow City Mall,112,38,5.6,7,1999
MX-0123,Surat City Mall,337,-14,7.7,14,1999
MX-0123,Indore City Mall,36,0,1.1,14,1999
MX-0123,Nagpur City Mall,33,0,6.3,7,1999
MX-0123,Kochi City Mall,76,0,2.5,14,1999
MX-0123,Chandigarh City Mall,31,11,1.8,14,1999
MX-0123,Bhopal City Mall,197,0,5.0,14,1999
MX-0123,Patna City Mall,131,0,3.9,10,1999
MX-0123,Vadodara City Mall,17,18,2.2,14,1999
MX-0123,Ludhiana City Mall,13,0,2.4,10,1999
MX-0123,Agra City Mall,53,0,6.5,14,1999
MX-0124,Mumbai,118,0,7.6,10,1999
MX-0124,Delhi,220,0,7.2,14,1999
MX-0124,Bengaluru,75,34,3.9,14,1999
MX-0124,Hyderabad,110,60,3.7,21,1999
MX-0124,Chennai,83,0,3.7,10,1999
MX-0124,Kolkata,0,0,2.2,10,1999
MX-0124,Pune,16,10,1.1,10,1999
MX-0124,Ahmedabad,52,0,2.7,10,1999
MX-0124,Jaipur,2,0,5.2,14,1999
MX-0124,Jaipur,2,0,5.2,14,1999
MX-0124,Lucknow,146,0,4.8,10,1999
MX-0124,Surat,37,0,3.2,5,1999
MX-0124,Indore,10,0,4.4,5,1999
MX-0124,Nagpur,47,66,6.5,14,1999
MX-0124,Kochi,131,0,4.9,14,1999
MX-0124,Chandigarh,79,0,5.0,14,N/A
MX-0124,Bhopal,43,37,4.4,7,1999
MX-0124,Patna,133,0,3.9,14,1999
MX-0124,Vadodara,72,0,3.0,,1999
MX-0124,Ludhiana,34,28,4.5,5,1999
MX-0124,Agra,19,0,1.5,10,1999
MX-0124,Nashik,18,0,1.0,10,1999
MX-0124,Meerut, 98 ,0,4.3,14,1999
MX-0124,Rajkot,13,0,1.1,5,1999
MX-0124,Varanasi,185.5,0,7.8,7,1999
MX-0124,Amritsar,52,59,4.1,21,1999
MX-0124,Noida,231,0,6.2,21,1999
MX-0124,Gurugram,5,0,4.6,5,1999
MX-0124,Coimbatore,68,0,2.1,10,1999
MX-0124,Madurai,218,0,5.3,21,1999
MX-0124,Guwahati,14,0,1.0,14,1999
MX-0124,Mumbai City Mall,79,0,3.6,10,1999
MX-0124,Delhi City Mall,395,0,7.1,21,1999
MX-0124,Bengaluru City Mall,7,0,,14,1999
MX-0124,Hyderabad City Mall,113,133,7.2,14,1999
MX-0124,Chennai City Mall,(6),18,7.2,5,1999
MX-0124,Kolkata City Mall,37,0,2.4,14,1999
MX-0124,Pune City Mall,104,20,4.6,7,1999
MX-0124,Ahmedabad City Mall,146,71,4.8,14,1999
MX-0124,Jaipur City Mall,109,0,2.4,14,1999
MX-0124,Lucknow City Mall,106,0,4.7,7,1999
MX-0124,Surat City Mall,40,0,2.4,5,1999
MX-0124,Indore City Mall,48,0,3.5,10,1999
MX-0124,Nagpur City Mall,102,23,2.5,21,1999
MX-0124,Kochi City Mall,0,34,3.4,10,1999
MX-0124,Chandigarh City Mall, 10 ,0,2.2,5,1999
MX-0124,Bhopal City Mall,55,0,2.3,10,1999
MX-0124,Patna City Mall,211,0,6.9,10,1999
MX-0124,Vadodara City Mall,36,0,6.2,7,1999
MX-0124,Ludhiana City Mall,22,5,0.7,10,1999
MX-0124,Agra City Mall,55,0,3.3,5,1999
MX-0125,Mumbai,216,0,7.8,10 days,1999
MX-0125,Delhi,3,4,0.8,10,1999
MX-0125,Bengaluru,88,21,2.0,21,1999
MX-0125,Hyderabad,16,0,0.6,14,1999
MX-0125,Chennai,2,0,0.8,14,1999
MX-0125,Kolkata,6,0,0.2,10,1999
MX-0125,Pune,18,10,1.5,10,1999
MX-0125,Ahmedabad,116,51,6.5,7,1999
MX-0125,Jaipur,47,0,5.2,14,1999
MX-0125,Lucknow,147,0,5.5,21,1999
,Surat,12,0,0.8,14,1999
MX-0125,Indore,0,-3,5.0,21,1999
MX-0125,Nagpur,4,0,2.6,7,1999
MX-0125,Kochi, 92 ,47,4.1,10,1999
MX-0125,Chandigarh,62,0,1.3,21,1999
MX-0125,Bhopal,15,0,2.0,14,1999
MX-0125,Patna,23,0,6.0,5,1999
MX-0125,Vadodara,107,0,4.7,7,1999
MX-0125,Ludhiana,137,0,7.9,21,1999
MX-0125,Agra, 232 ,0,4.2,21,1999
MX-0125,Nashik,66, 33 ,3.5,7,1999
MX-0125,Meerut,67,0,4.0,21,1999
MX-0125,Rajkot,352,229,7.9,21,1999
MX-0125,Varanasi,10,0,1.9,7,N/A
MX-0125,Amritsar, 109 ,26,4.7,7,1999
MX-0125,Noida,70,45,5.1,7,1999
MX-0125,Gurugram,14.5,0,0.9,5,1999
MX-0125,Coimbatore,230,0,7.6,10,1999
MX-0125,Madurai,31,0,7.2,5,1999
MX-0125,Guwahati,94,0,7.3,5,1999
MX-0125,Mumbai City Mall,5,0,1.3,7,1999
MX-0125,Delhi City Mall,214,0,8.0,14,1999
MX-0125,Bengaluru City Mall,0,0,2.6,5,1999
MX-0125,Hyderabad City Mall,65,0,5.4,5,1999
MX-0125,Chennai City Mall,45,0,2.5,14,1999
MX-0125,Kolkata City Mall,32,0,2.6,7,1999
MX-0125,Pune City Mall,91,0,7.2,7,1999
MX-0125,Ahmedabad City Mall, 149 ,0,4.2,14,1999
MX-0125,Jaipur City Mall,12,0,1.3,21,1999
MX-0125,Lucknow City Mall,21,8,1.2,10,1999
MX-0125,Surat City Mall,10,51,5.3,,1999
MX-0125,Indore City Mall, 2 ,0,1.2,7,1999
MX-0125,Nagpur City Mall,115,0,5.7,10,1999
MX-0125,Kochi City Mall,2,47,7.4,5,1999
MX-0125,Chandigarh City Mall,101,0,5.9,14,1999
MX-0125,Bhopal City Mall,45,0,1.6,10,1999
MX-0125,Patna City Mall,49,0,1.4,21,1999
MX-0125,Vadodara City Mall,31,44,3.5,14,1999
MX-0125,Ludhiana City Mall,14,0,2.1,5,1999
MX-0125,Agra City Mall,124,40,6.1,7,1999
MX-0126,Mumbai,20,0,0.3,21,999
MX-0126,Delhi,29,0,8.0,14,999
MX-0126,Bengaluru,105,0,6.9,7,999
MX-0126,Hyderabad,18,0,1.9,10,999
MX-0126,Chennai,44,44,5.4,14,999
MX-0126,Kolkata,61,0,6.0,10,999
MX-0126,Kolkata,61,0,6.0,10,999
MX-0126,Pune,12,16,2.9,5,999
MX-0126,Ahmedabad,89,0,5.3,14,999
MX-0126,Jaipur,9,0,4.5,7,999
MX-0126,Lucknow,1,3,0.7,5,999
MX-0126,Surat,12,0,4.7,10,999
MX-0126,Indore,297,0,4.2,21,999
MX-0126,Nagpur,28,12,1.7,7,999
MX-0126,Kochi, 171 ,101,3.8,21,999
MX-0126,Chandigarh,113,41,5.4,7,999
MX-0126,Bhopal,67,0,,21,999
MX-0126,Patna,228,0,6.5,21,999
MX-0126,Vadodara, 133 ,0,5.1,21,999
MX-0126,Ludhiana,32,0,2.8,5,999
MX-0126,Agra,213,82,5.4,14,999
MX-0126,Nashik,233,0,5.8,21,999
MX-0126,Meerut,152,0,7.4,14,999
MX-0126,Rajkot,45,0,1.3,14,999
MX-0126,Varanasi,-6,0,4.2,7,999
MX-0126,Amritsar,16,0,1.3,10,999
MX-0126,Noida,75,0,4.5,21,999
MX-0126,Gurugram,155,0,4.7,10,999
MX-0126,Coimbatore,50,0,6.9,5,999
MX-0126,Madurai,5,41,3.7,10,999
MX-0126,Guwahati,31.5,0,1.4,7 days,999
MX-0126,Mumbai City Mall,43,0,4.1,5,999
MX-0126,Delhi City Mall,282,0,7.1,14,999
MX-0126,Bengaluru City Mall,27,-16,4.9,10,N/A
MX-0126,Hyderabad City Mall,50,0,1.8,21,999
MX-0126,Chennai City Mall,6,0,0.8,5,999
MX-0126,Kolkata City Mall,125,0,4.7,14,999
MX-0126,Pune City Mall,93,32,7.2,5,999
MX-0126,Ahmedabad City Mall,76,0,7.4,7,999
MX-0126,Jaipur City Mall,66,0,4.7,10,999
MX-0126,Lucknow City Mall,122,0,4.2,10,999
MX-0126,Surat City Mall,143,0,5.0,21,999
MX-0126,Indore City Mall,61,0,5.9,7,999
MX-0126,Nagpur City Mall,18,88,6.4,10,999
MX-0126,Kochi City Mall,86, 42 ,7.3,7,999
MX-0126,Chandigarh City Mall,15,0,0.9,7,999
MX-0126,Bhopal City Mall,176,0,7.7,7,999
MX-0126,Patna City Mall,5,2,0.2,14,999
MX-0126,Vadodara City Mall,15,0,2.7,7,999
MX-0126,Ludhiana City Mall,55,0,6.9,7,999
MX-0126,Agra City Mall,64,34,6.7,5,999
MX-0127,Mumbai,15,6,0.7,10,3999
MX-0127,Delhi,16,0,2.1,14,3999
MX-0127,Bengaluru,71,0,2.8,21,3999
MX-0127,Hyderabad,38,0,3.1,21,3999
MX-0127,Chennai,176,74,4.1,14,3999
MX-0127,Kolkata,4,36,6.4,5,3999
MX-0127,Pune,16,0,1.1,7,3999
MX-0127,Ahmedabad,96,0,5.8,7,3999
MX-0127,Jaipur,27,18,2.1,7,3999
MX-0127,Lucknow,18,11,2.6,5,3999
MX-0127,Surat,97,34,3.0,14,3999
,Indore,54,0,4.3,14,3999
MX-0127,Nagpur,26,0,5.6,5,3999
MX-0127,Kochi,65,26,2.6,,3999
MX-0127,Chandigarh,10,0,5.0,5,3999
MX-0127,Bhopal,8,0,0.6,21,3999
MX-0127,Patna,84,0,5.8,5,3999
MX-0127,Vadodara,13,7,1.2,5,3999
MX-0127,Ludhiana,60,0,2.9,10,3999
MX-0127,Agra,32,0,1.1,10,3999
MX-0127,Nashik,33, 26 ,4.8,5,3999
MX-0127,Meerut,126,0,6.8,7,3999
MX-0127,Rajkot,53,37,7.2,5,3999
MX-0127,Varanasi,27,0,4.3,5,3999
MX-0127,Amritsar,44,13,2.1,7,3999
MX-0127,Noida,17,12,2.2,5,3999
MX-0127,Gurugram,32,0,2.1,7,3999
MX-0127,Coimbatore,30,0,3.6,7,3999
MX-0127,Madurai,176,0,3.9,21,3999
MX-0127,Guwahati,131,29,7.1,10,3999
MX-0127,Mumbai City Mall,61,46,7.4,5,3999
MX-0127,Delhi City Mall,38,0,3.4,5,3999
MX-0127,Bengaluru City Mall,16.5,6,1.4,7,3999
MX-0127,Hyderabad City Mall,32,0,2.5,5,3999
MX-0127,Chennai City Mall,1,0,1.4,10,3999
MX-0127,Kolkata City Mall,263,0,7.8,10,3999
MX-0127,Pune City Mall,19,11,1.1,10,3999
MX-0127,Ahmedabad City Mall,259,55,6.6,14,3999
MX-0127,Jaipur City Mall, 56 ,0,2.7,10,3999
MX-0127,Lucknow City Mall,211,0,3.1,21,3999
MX-0127,Surat City Mall,64,0,5.3,21,3999
MX-0127,Indore City Mall,7,27,4.2,5,N/A
MX-0127,Nagpur City Mall,49,0,5.1,10,3999
MX-0127,Kochi City Mall,20,51,3.8,10,3999
MX-0127,Chandigarh City Mall, 11 ,0,0.7,5,3999
MX-0127,Bhopal City Mall,34,0,5.3,21,3999
MX-0127,Patna City Mall,22,0,3.8,5,3999
MX-0127,Vadodara City Mall,53,0,3.4,21,3999
MX-0127,Ludhiana City Mall, 88 ,0,,14,3999
MX-0127,Agra City Mall,32,0,1.5,7,3999
MX-0128,Mumbai, 18 ,75,7.3,14,199
MX-0128,Delhi,213,0,4.8,21,199
MX-0128,Bengaluru,121,32,5.4,10,199
MX-0128,Bengaluru,121,32,5.4,10,199
MX-0128,Hyderabad,44,-13,4.7,10,199
MX-0128,Chennai,81,17,7.6,5,199
MX-0128,Kolkata,14, 9 ,1.2,10,199
MX-0128,Pune,144,0,3.8,21,199
MX-0128,Ahmedabad,2,0,1.4,5,199
MX-0128,Jaipur,11,0,2.6,10 days,199
MX-0128,Lucknow,265,0,4.0,21,199
MX-0128,Surat,73,0,2.1,14,199
MX-0128,Indore,28,0,5.6,14,199
MX-0128,Nagpur,(3),41,6.6,5,199
MX-0128,Kochi,18,34,5.2,5,199
MX-0128,Chandigarh,73,0,4.0,21,199
MX-0128,Bhopal,26,0,1.9,5,199
MX-0128,Patna,10,0,5.2,5,199
MX-0128,Vadodara,14,0,3.2,5,199
MX-0128,Ludhiana,32,140,7.2,14,199
MX-0128,Agra,34,4,1.1,10,199
MX-0128,Nashik,104,121,7.1,14,199
MX-0128,Meerut,4,0,0.6,7,199
MX-0128,Rajkot,55,43,7.0,10,199
MX-0128,Varanasi,128,68,7.6,7,199
MX-0128,Amritsar,122,0,7.4,5,199
MX-0128,Noida,61,155,7.6,21,199
MX-0128,Gurugram,47,0,4.4,5,199
MX-0128,Coimbatore,102,0,4.9,10,199
MX-0128,Madurai,152,0,7.4,7,199
MX-0128,Guwahati,43,0,7.0,5,199
MX-0128,Mumbai City Mall, 6 ,0,1.2,7,199
MX-0128,Delhi City Mall,54,25,1.5,14,199
MX-0128,Bengaluru City Mall,172,0,6.5,14,199
MX-0128,Hyderabad City Mall,125,0,4.0,14,199
MX-0128,Chennai City Mall,0,0,3.3,5,199
MX-0128,Kolkata City Mall,53.5,0,3.9,21,199
MX-0128,Pune City Mall,35,12,2.3,,199
MX-0128,Ahmedabad City Mall,45,0,6.5,5,199
MX-0128,Jaipur City Mall,265,0,4.2,21,199
MX-0128,Lucknow City Mall,4,0,1.1,10,199
MX-0128,Surat City Mall,53,0,5.3,10,199
MX-0128,Indore City Mall,113,0,7.4,7,199
MX-0128,Nagpur City Mall, 9 ,0,5.5,5,199
MX-0128,Kochi City Mall, 7 ,0,0.4,7,199
MX-0128,Chandigarh City Mall,27,0,7.4,5,199
MX-0128,Bhopal City Mall,57,0,7.5,5,199
MX-0128,Patna City Mall,27,0,3.4,7,199
MX-0128,Vadodara City Mall,10,0,1.2,7,199
MX-0128,Ludhiana City Mall,60,0,3.9,7,199
MX-0128,Agra City Mall,150,0,7.8,7,199
MX-0129,Mumbai,119,0,4.9,10,N/A
MX-0129,Delhi,57,0,4.3,7,499
MX-0129,Bengaluru,3,0,0.9,10,499
MX-0129,Hyderabad,196,0,5.2,14,499
MX-0129,Chennai,18,0,0.7,10,499
MX-0129,Kolkata,31,0,2.2,7,499
MX-0129,Pune, 82 ,0,1.5,21,499
MX-0129,Ahmedabad,56,0,7.0,10,499
MX-0129,Jaipur,113,0,6.1,7,499
MX-0129,Lucknow,93,39,6.5,5,499
MX-0129,Surat,48,22,6.7,5,499
MX-0129,Indore,81,28,2.4,14,499
,Nagpur,75,0,3.0,10,499
MX-0129,Kochi,12,11,0.6,21,499
MX-0129,Chandigarh,155,0,5.5,21,499
MX-0129,Bhopal,6,0,0.7,21,499
MX-0129,Patna, 4 ,0,0.5,10,499
MX-0129,Vadodara,29,0,4.6,7,499
MX-0129,Ludhiana,99,0,4.3,21,499
MX-0129,Agra,47,0,3.1,10,499
MX-0129,Nashik,57,0,5.3,5,499
MX-0129,Meerut,86,0,5.1,7,499
MX-0129,Rajkot,58,0,6.6,14,499
MX-0129,Varanasi,6,5,1.1,7,499
MX-0129,Amritsar,42,-4,2.8,14,499
MX-0129,Noida,58,0,5.5,5,499
MX-0129,Gurugram,44,0,3.9,21,499
MX-0129,Coimbatore,11,13,3.3,5,499
MX-0129,Madurai,26,0,2.2,10,499
MX-0129,Guwahati,21,0,1.4,10,499
MX-0129,Mumbai City Mall,137,74,6.2,10,499
MX-0129,Delhi City Mall,141,47,,7,499
MX-0129,Bengaluru City Mall,151,0,4.9,21,499
MX-0129,Hyderabad City Mall,75,0,5.8,5,499
MX-0129,Chennai City Mall,159,40,3.0,21,499
MX-0129,Kolkata City Mall,80,0,5.9,10,499
MX-0129,Pune City Mall,134,0,6.3,10,499
MX-0129,Ahmedabad City Mall,112,0,5.6,14 days,499
MX-0129,Jaipur City Mall,115.5,0,5.0,21,499
MX-0129,Lucknow City Mall,131,0,6.1,14,499
MX-0129,Surat City Mall,33,0,1.5,7,499
MX-0129,Indore City Mall, 32 ,0,7.9,5,499
MX-0129,Nagpur City Mall,190,0,4.1,21,499
MX-0129,Kochi City Mall, 201 ,79,6.3,10,499
MX-0129,Chandigarh City Mall,20,0,6.9,21,499
MX-0129,Bhopal City Mall,4,0,0.9,10,499
MX-0129,Patna City Mall,40,0,5.3,14,499
MX-0129,Vadodara City Mall,101,0,3.7,14,499
MX-0129,Ludhiana City Mall,3,0,0.2,10,499
MX-0129,Agra City Mall,270,0,7.7,21,499
MX-0129,Agra City Mall,270,0,7.7,21,499
MX-0130,Mumbai,165,0,6.2,10,199
MX-0130,Delhi,-5,0,5.7,10,199
MX-0130,Bengaluru,99,0,6.7,5,199
MX-0130,Hyderabad, 21 ,0,1.4,5,199
MX-0130,Chennai,9,11,1.2,10,199
MX-0130,Kolkata,33,0,3.4,10,199
MX-0130,Pune,4,0,2.0,7,199
MX-0130,Ahmedabad,180,0,6.9,14,199
MX-0130,Jaipur,68,0,1.1,21,199
MX-0130,Lucknow,7,3,0.7,,N/A
MX-0130,Surat,23,0,3.9,5,199
MX-0130,Indore,126,0,6.4,10,199
MX-0130,Nagpur,11,0,1.2,7,199
MX-0130,Kochi,75,0,7.1,10,199
MX-0130,Chandigarh,62,33,4.1,7,199
MX-0130,Bhopal,139,0,6.8,14,199
MX-0130,Patna,28,0,7.4,5,199
MX-0130,Vadodara,187,0,7.2,10,199
MX-0130,Ludhiana,150,0,3.0,21,199
MX-0130,Agra,26,17,2.7,7,199
MX-0130,Nashik,13,0,3.1,10,199
MX-0130,Meerut,27,0,2.1,5,199
MX-0130,Rajkot,87,0,4.0,14,199
MX-0130,Varanasi,3,0,0.6,10,199
MX-0130,Amritsar,120,0,5.3,7,199
MX-0130,Noida,11,11,2.4,5,199
MX-0130,Gurugram,23,0,2.8,5,199
MX-0130,Coimbatore, 43 ,27,4.1,5,199
MX-0130,Madurai, 368 ,0,7.2,21,199
MX-0130,Guwahati,173,0,4.2,14,199
MX-0130,Mumbai City Mall,246,136,7.2,21,199
MX-0130,Delhi City Mall,85,0,5.1,7,199
MX-0130,Bengaluru City Mall,131,84,4.4,21,199
MX-0130,Hyderabad City Mall,177,0,2.7,21,199
MX-0130,Chennai City Mall,1,0,0.2,5,199
MX-0130,Kolkata City Mall,28,0,1.1,10,199
MX-0130,Pune City Mall,107,0,6.8,10,199
MX-0130,Ahmedabad City Mall,15,67,5.7,10,199
MX-0130,Jaipur City Mall, 111 ,50,3.2,14,199
MX-0130,Lucknow City Mall,14,0,1.8,5,199
MX-0130,Surat City Mall,106,60,7.4,10,199
MX-0130,Indore City Mall,34.5,0,1.6,14,199
MX-0130,Nagpur City Mall, 55 ,0,2.2,10,199
MX-0130,Kochi City Mall,3,1,0.4,5,199
MX-0130,Chandigarh City Mall,1,0,0.3,5,199
MX-0130,Bhopal City Mall,30,-16,2.3,7,199
MX-0130,Patna City Mall,164,26,6.3,10,199
MX-0130,Vadodara City Mall,12,17,3.2,5,199
MX-0130,Ludhiana City Mall,48,0,2.5,14,199
MX-0130,Agra City Mall,7,0,5.0,14,199
MX-0131,Mumbai,237,102,6.2,14,999
MX-0131,Delhi,147,0,7.9,21,999
MX-0131,Bengaluru,51,0,3.5,5,999
MX-0131,Hyderabad,404,0,7.6,21,999
MX-0131,Chennai,76,16,6.1,5,999
MX-0131,Kolkata,17,0,6.8,7,999
MX-0131,Pune, 24 ,0,0.9,21,999
MX-0131,Ahmedabad,13,0,0.7,7,999
MX-0131,Jaipur,312,0,4.9,21,999
MX-0131,Lucknow,21,0,2.7,5,999
MX-0131,Surat,231,0,6.6,14,999
MX-0131,Indore,107,0,4.7,14,999
MX-0131,Nagpur,34,0,4.8,5,999
,Kochi, 102 ,0,7.4,5,999
MX-0131,Chandigarh, 9 ,0,,10,999
MX-0131,Bhopal,7,0,3.0,14,999
MX-0131,Patna,25,0,2.8,5 days,999
MX-0131,Vadodara,33,10,4.3,5,999
MX-0131,Ludhiana,4,3,0.6,5,N/A
MX-0131,Agra,183,0,6.6,10,999
MX-0131,Nashik,7,5,0.4,14,999
MX-0131,Meerut,28,0,1.6,21,999
MX-0131,Rajkot,46,77,3.9,21,999
MX-0131,Varanasi,137,0,5.2,14,999
MX-0131,Amritsar,92,0,3.5,10,999
MX-0131,Noida,6,5,0.6,7,999
MX-0131,Gurugram,234,0,8.0,14,999
MX-0131,Coimbatore,142,0,3.9,21,999
MX-0131,Madurai,45,0,0.8,21,999
MX-0131,Guwahati,22,0,7.2,21,999
MX-0131,Mumbai City Mall,22,11,1.0,14,999
MX-0131,Delhi City Mall,340,0,6.0,21,999
MX-0131,Bengaluru City Mall,15,0,5.3,,999
MX-0131,Hyderabad City Mall,103,0,6.7,5,999
MX-0131,Chennai City Mall,78,17,3.6,10,999
MX-0131,Kolkata City Mall,34,0,2.1,7,999
MX-0131,Pune City Mall,18,0,1.1,7,999
MX-0131,Ahmedabad City Mall,26,0,5.5,5,999
MX-0131,Jaipur City Mall,271,0,6.6,14,999
MX-0131,Lucknow City Mall,84,0,2.5,14,999
MX-0131,Surat City Mall,(2),0,7.0,21,999
MX-0131,Indore City Mall,302,0,7.1,14,999
MX-0131,Nagpur City Mall,190,0,7.5,14,999
MX-0131,Kochi City Mall, 227 ,0,6.2,14,999
MX-0131,Chandigarh City Mall,21.5,0,1.2,7,999
MX-0131,Bhopal City Mall,24,0,1.5,21,999
MX-0131,Patna City Mall,57,30,7.6,5,999
MX-0131,Patna City Mall,57,30,7.6,5,999
MX-0131,Vadodara City Mall,91,0,5.0,21,999
MX-0131,Ludhiana City Mall,80,0,7.6,10,999
MX-0131,Agra City Mall,9,9,1.0,10,999
MX-0132,Mumbai,164,47,7.9,10,1999
MX-0132,Delhi,3,0,4.7,10,1999
MX-0132,Bengaluru,98,98,4.5,21,1999
MX-0132,Hyderabad,79,0,7.8,7,1999
MX-0132,Chennai,55,0,5.3,5,1999
MX-0132,Kolkata,12,0,0.2,21,1999
MX-0132,Pune,14,0,2.0,10,1999
MX-0132,Ahmedabad, 24 ,0,5.1,21,1999
MX-0132,Jaipur,148,42,3.3,14,1999
MX-0132,Lucknow,15,0,0.6,10,1999
MX-0132,Surat,3,0,1.6,21,1999
MX-0132,Indore,179,0,4.8,14,1999
MX-0132,Nagpur,183,0,7.0,21,1999
MX-0132,Kochi,5,0,3.1,10,1999
MX-0132,Chandigarh,71,0,5.6,14,1999
MX-0132,Bhopal,478,184,7.3,21,1999
MX-0132,Patna,201,-15,4.5,21,1999
MX-0132,Vadodara,149,0,4.8,10,1999
MX-0132,Ludhiana,161,117,4.5,21,1999
MX-0132,Agra,12,0,1.7,5,1999
MX-0132,Nashik,50,0,3.2,10,1999
MX-0132,Meerut,6,0,6.1,14,1999
MX-0132,Rajkot,233,0,6.5,21,1999
MX-0132,Varanasi,36,178,7.3,21,1999
MX-0132,Amritsar,42,0,1.2,14,1999
MX-0132,Noida,42,11,1.3,10,1999
MX-0132,Gurugram,50,0,7.8,5,1999
MX-0132,Coimbatore,83,23,1.2,21,N/A
MX-0132,Madurai,19,0,3.8,14,1999
MX-0132,Guwahati,1,0,0.4,14,1999
MX-0132,Mumbai City Mall,316,0,4.8,21,1999
MX-0132,Delhi City Mall,210,0,6.9,14,1999
MX-0132,Bengaluru City Mall,284,0,6.0,14,1999
MX-0132,Hyderabad City Mall,287,0,6.6,21,1999
MX-0132,Chennai City Mall,43,0,3.8,7,1999
MX-0132,Kolkata City Mall,84,0,5.8,5,1999
MX-0132,Pune City Mall,82,0,3.2,21,1999
MX-0132,Ahmedabad City Mall,70,0,6.1,7,1999
MX-0132,Jaipur City Mall,120,0,6.5,10,1999
MX-0132,Lucknow City Mall,72,0,5.6,7,1999
MX-0132,Surat City Mall,19,62,7.7,7,1999
MX-0132,Indore City Mall,94,0,3.8,14,1999
MX-0132,Nagpur City Mall,38,0,1.7,10,1999
MX-0132,Kochi City Mall,55,0,7.1,21,1999
MX-0132,Chandigarh City Mall,0,0,0.5,7,1999
MX-0132,Bhopal City Mall,254,51,7.6,10 days,1999
MX-0132,Patna City Mall,358,0,6.2,21,1999
MX-0132,Vadodara City Mall,21.5,0,,5,1999
MX-0132,Ludhiana City Mall,239,0,7.2,10,1999
MX-0132,Agra City Mall,24,9,3.9,5,1999
MX-0133,Mumbai,306,0,7.3,14,1999
MX-0133,Delhi,34, 16 ,4.5,7,1999
MX-0133,Bengaluru,160,0,7.9,7,1999
MX-0133,Hyderabad,9,0,1.6,21,1999
MX-0133,Chennai,209,0,5.5,14,1999
MX-0133,Kolkata,131,0,2.3,,1999
MX-0133,Pune,33,0,0.6,21,1999
MX-0133,Ahmedabad,27,0,1.8,10,1999
MX-0133,Jaipur,12,0,1.1,5,1999
MX-0133,Lucknow,14,0,7.1,10,1999
MX-0133,Surat,5,0,7.6,10,1999
MX-0133,Indore,95,0,2.8,14,1999
MX-0133,Nagpur, 136 ,32,5.0,10,1999
MX-0133,Kochi,44,7,2.0,7,1999
,Chandigarh,30,0,0.7,14,1999
MX-0133,Bhopal,34,23,6.1,7,1999
MX-0133,Patna,10,0,0.3,21,1999
MX-0133,Vadodara,80,0,5.1,5,1999
MX-0133,Ludhiana,16,0,0.5,21,1999
MX-0133,Agra,121,0,5.2,14,1999
MX-0133,Nashik,102,48,7.2,5,1999
MX-0133,Meerut,89,0,4.8,21,1999
MX-0133,Rajkot,1,0,0.5,14,1999
MX-0133,Varanasi,16,10,1.4,7,1999
MX-0133,Amritsar,44,0,5.7,5,1999
MX-0133,Noida,2,0,0.6,7,1999
MX-0133,Gurugram,68,0,2.2,10,1999
MX-0133,Coimbatore,242,66,6.0,14,1999
MX-0133,Madurai, 68 ,0,6.7,5,1999
MX-0133,Guwahati,(4),80,7.2,10,1999
MX-0133,Mumbai City Mall,113,41,5.5,14,1999
MX-0133,Delhi City Mall,58,0,3.3,21,1999
MX-0133,Bengaluru City Mall,4,0,0.8,5,1999
MX-0133,Hyderabad City Mall,382,0,7.3,21,1999
MX-0133,Chennai City Mall, 64 ,0,3.4,7,1999
MX-0133,Kolkata City Mall,52,0,6.7,5,1999
MX-0133,Pune City Mall,57,0,7.5,7,N/A
MX-0133,Ahmedabad City Mall,189,-8,6.2,10,1999
MX-0133,Jaipur City Mall,22,0,2.2,5,1999
MX-0133,Lucknow City Mall,2,0,2.7,14,1999
MX-0133,Surat City Mall,120,0,3.1,14,1999
MX-0133,Indore City Mall,36,0,6.2,21,1999
MX-0133,Nagpur City Mall, 205 ,0,7.0,10,1999
MX-0133,Kochi City Mall,37,0,7.1,5,1999
MX-0133,Kochi City Mall,37,0,7.1,5,1999
MX-0133,Chandigarh City Mall,7,0,6.4,14,1999
MX-0133,Bhopal City Mall, 67 ,48,6.9,7,1999
MX-0133,Patna City Mall,16,31,7.8,7,1999
MX-0133,Vadodara City Mall,134,0,3.4,21,1999
MX-0133,Ludhiana City Mall,107,0,7.2,5,1999
MX-0133,Agra City Mall,73,0,5.2,10,1999
MX-0134,Mumbai,47.5,0,7.5,5,499
MX-0134,Delhi,2,0,3.3,5,499
MX-0134,Bengaluru,2,38,6.1,5,499
MX-0134,Hyderabad,48,0,2.3,10,499
MX-0134,Chennai,107,0,2.5,21,499
MX-0134,Kolkata,31,0,3.3,14,499
MX-0134,Pune,14,0,0.9,5,499
MX-0134,Ahmedabad,77,0,7.5,5,499
MX-0134,Jaipur,57,0,0.8,21,499
MX-0134,Lucknow,38,0,7.7,14,499
MX-0134,Surat,280,0,7.9,14,499
MX-0134,Indore,42,0,6.0,7,499
MX-0134,Nagpur,106,0,7.0,5,499
MX-0134,Kochi,1,8,2.8,5,499
MX-0134,Chandigarh,159,0,6.7,10,499
MX-0134,Bhopal, 255 ,0,6.5,21,499
MX-0134,Patna,34,0,4.9,10,499
MX-0134,Vadodara,103,0,7.2,7,499
MX-0134,Ludhiana,18,0,6.1,5,499
MX-0134,Agra,50,0,4.5,7,499
MX-0134,Nashik,15,0,2.5,5,499
MX-0134,Meerut,16,0,2.8,10,499
MX-0134,Rajkot,27,0,5.3,21,499
MX-0134,Varanasi,101,0,4.4,7,499
MX-0134,Amritsar,71,0,7.1,7 days,499
MX-0134,Noida,9,0,3.4,5,499
MX-0134,Gurugram,39,0,1.8,14,499
MX-0134,Coimbatore,132,0,5.8,7,499
MX-0134,Madurai,42,0,7.3,,499
MX-0134,Guwahati,1,0,0.6,10,499
MX-0134,Mumbai City Mall,42,0,,10,499
MX-0134,Delhi City Mall,29,0,4.5,10,499
MX-0134,Bengaluru City Mall,60,0,7.0,14,499
MX-0134,Hyderabad City Mall,26,17,2.1,14,499
MX-0134,Chennai City Mall, 95 ,0,5.8,14,499
MX-0134,Kolkata City Mall,8,0,0.3,14,499
MX-0134,Pune City Mall,176,0,4.5,21,499
MX-0134,Ahmedabad City Mall,108,0,3.3,14,499
MX-0134,Jaipur City Mall,3,0,0.6,5,499
MX-0134,Lucknow City Mall,105,0,4.6,10,499
MX-0134,Surat City Mall,260,81,6.5,14,499
MX-0134,Indore City Mall,64,0,4.5,14,499
MX-0134,Nagpur City Mall,15,0,2.2,5,499
MX-0134,Kochi City Mall,46,37,1.6,21,499
MX-0134,Chandigarh City Mall,1,0,3.2,5,499
MX-0134,Bhopal City Mall,33,0,2.2,5,N/A
MX-0134,Patna City Mall,220,79,4.7,14,499
MX-0134,Vadodara City Mall,82,0,7.4,10,499
MX-0134,Ludhiana City Mall,52,0,4.0,10,499
MX-0134,Agra City Mall,411,0,7.4,21,499
MX-0135,Mumbai,1,0,5.7,10,999
MX-0135,Delhi,1,0,2.5,7,999
MX-0135,Bengaluru,125,0,6.6,7,999
MX-0135,Hyderabad,44.5,0,1.5,14,999
MX-0135,Chennai,17,0,4.3,14,999
MX-0135,Kolkata,90,26,5.5,7,999
MX-0135,Pune,65,0,5.5,7,999
MX-0135,Ahmedabad,1,0,1.5,7,999
MX-0135,Jaipur,435,-15,7.8,21,999
MX-0135,Lucknow,33,0,5.6,10,999
MX-0135,Surat,66,0,4.1,5,999
MX-0135,Indore,14,34,3.0,10,999
MX-0135,Nagpur,62,0,4.0,10,999
MX-0135,Kochi,62,0,6.9,10,999
MX-0135,Chandigarh,160,0,3.7,14,999
,Bhopal,35,0,5.1,10,999
MX-0135,Patna,22,0,4.4,10,999
MX-0135,Vadodara, 45 ,0,2.6,21,999
MX-0135,Ludhiana,-6,0,6.6,21,999
MX-0135,Agra,39,28,2.1,14,999
MX-0135,Nashik,20,0,7.0,14,999
MX-0135,Meerut,5,0,2.2,14,999
MX-0135,Rajkot,15,17,2.5,5,999
MX-0135,Varanasi,45,22,2.1,14,999
MX-0135,Amritsar,94,29,3.1,14,999
MX-0135,Noida,7,0,0.4,10,999
MX-0135,Gurugram,98,0,3.4,10,999
MX-0135,Coimbatore,73,46,7.5,5,999
MX-0135,Madurai,106,0,3.9,14,999
MX-0135,Guwahati,18,0,6.2,10,999
MX-0135,Mumbai City Mall,200,0,5.9,21,999
MX-0135,Delhi City Mall,144,0,4.4,14,999
MX-0135,Bengaluru City Mall, 52 ,0,3.5,10,999
MX-0135,Hyderabad City Mall,59,0,1.3,21,999
MX-0135,Chennai City Mall, 18 ,0,1.9,7,999
MX-0135,Kolkata City Mall,44,0,7.0,5,999
MX-0135,Pune City Mall,41,0,6.8,7,999
MX-0135,Ahmedabad City Mall,69,0,2.6,21,999
MX-0135,Jaipur City Mall,144,0,4.5,14,999
MX-0135,Lucknow City Mall,51,0,3.3,5,999
MX-0135,Surat City Mall,57,0,2.7,10,999
MX-0135,Surat City Mall,57,0,2.7,10,999
MX-0135,Indore City Mall,278,0,4.7,21,999
MX-0135,Nagpur City Mall,77,0,4.5,7,999
MX-0135,Kochi City Mall,354,108,5.5,21,999
MX-0135,Chandigarh City Mall,146,0,3.9,14,999
MX-0135,Bhopal City Mall,20,0,2.6,5,999
MX-0135,Patna City Mall,79,37,7.2,5,999
MX-0135,Vadodara City Mall,14,0,5.7,7,999
MX-0135,Ludhiana City Mall,115,0,4.6,10,999
MX-0135,Agra City Mall,14,22,3.5,5,999
MX-0136,Mumbai,27,9,0.4,21,499
MX-0136,Delhi,29,0,2.3,,499
MX-0136,Bengaluru,4,0,1.7,5,499
MX-0136,Hyderabad,9,24,4.6,10 days,499
MX-0136,Chennai,188,0,4.2,21,N/A
MX-0136,Kolkata,42,0,1.7,10,499
MX-0136,Pune,47.5,91,7.3,14,499
MX-0136,Ahmedabad,3,0,5.4,14,499
MX-0136,Jaipur,35,32,1.8,14,499
MX-0136,Lucknow,97,0,7.5,10,499
MX-0136,Surat,2,0,0.4,14,499
MX-0136,Indore,177,95,5.7,21,499
MX-0136,Nagpur,3,0,0.4,7,499
MX-0136,Kochi, 32 ,96,,14,499
MX-0136,Chandigarh,24,0,1.8,21,499
MX-0136,Bhopal,59,0,1.5,14,499
MX-0136,Patna,377,0,5.5,21,499
MX-0136,Vadodara,300,0,7.3,14,499
MX-0136,Ludhiana,97,0,5.6,7,499
MX-0136,Agra,23,0,4.8,21,499
MX-0136,Nashik,8,0,2.9,7,499
MX-0136,Meerut,8,4,0.9,5,499
MX-0136,Rajkot,10,4,0.8,5,499
MX-0136,Varanasi,169,0,3.1,21,499
MX-0136,Amritsar,7,0,2.5,7,499
MX-0136,Noida,44,0,4.7,14,499
MX-0136,Gurugram,31,0,1.6,7,499
MX-0136,Coimbatore,39,0,2.3,10,499
MX-0136,Madurai,15,6,0.4,14,499
MX-0136,Guwahati,110,-17,4.2,21,499
MX-0136,Mumbai City Mall,100,15,6.8,5,499
MX-0136,Delhi City Mall,36,0,7.5,10,499
MX-0136,Bengaluru City Mall,146,0,4.7,10,499
MX-0136,Hyderabad City Mall,67,0,5.5,10,499
MX-0136,Chennai City Mall,24,0,4.1,10,499
MX-0136,Kolkata City Mall,149,0,7.9,21,499
MX-0136,Pune City Mall,30,7,1.9,7,499
MX-0136,Ahmedabad City Mall,73,18,4.0,10,499
MX-0136,Jaipur City Mall,61,0,7.7,5,499
MX-0136,Lucknow City Mall,14,0,4.3,5,499
MX-0136,Surat City Mall,98,17,6.1,7,499
MX-0136,Indore City Mall,115,22,4.5,10,499
MX-0136,Nagpur City Mall,48,0,6.1,10,499
MX-0136,Kochi City Mall,15,0,3.3,10,499
MX-0136,Chandigarh City Mall,1,0,0.3,7,499
MX-0136,Bhopal City Mall,244,0,7.9,14,499
MX-0136,Patna City Mall,67,0,6.6,10,499
MX-0136,Vadodara City Mall, 10 ,0,5.2,7,499
MX-0136,Ludhiana City Mall,74,0,2.9,21,499
MX-0136,Agra City Mall,2,0,0.2,7,499
MX-0137,Mumbai,9,0,0.3,10,999
MX-0137,Delhi,131,0,3.8,21,999
MX-0137,Bengaluru,26,0,2.5,10,999
MX-0137,Hyderabad,143,0,4.6,10,999
MX-0137,Chennai,46,0,2.8,5,999
MX-0137,Kolkata,16,33,4.7,10,999
MX-0137,Pune, 87 ,21,5.7,5,999
MX-0137,Ahmedabad,(5),0,4.1,5,999
MX-0137,Jaipur,3,0,1.1,5,999
MX-0137,Lucknow,11.5,0,0.8,10,999
MX-0137,Surat,70,0,1.6,21,999
MX-0137,Indore,81,18,1.3,21,999
MX-0137,Nagpur,155,48,4.5,14,999
MX-0137,Kochi,132,0,5.5,21,N/A
MX-0137,Chandigarh,62,24,2.8,7,999
MX-0137,Bhopal,39,0,3.6,10,999
,Patna,7,61,4.7,21,999
MX-0137,Vadodara,91,0,5.7,10,999
MX-0137,Ludhiana,36,19,1.6,14,999
MX-0137,Agra,169,0,7.1,14,999
MX-0137,Nashik, 6 ,0,0.6,5,999
MX-0137,Meerut,18,19,2.9,7,999
MX-0137,Rajkot,40,0,3.1,5,999
MX-0137,Varanasi,141,0,5.1,10,999
MX-0137,Amritsar, 155 ,0,6.7,,999
MX-0137,Noida,132,0,7.3,14,999
MX-0137,Gurugram,350,0,7.5,14,999
MX-0137,Coimbatore,39,0,1.6,10,999
MX-0137,Madurai,177,0,5.1,14,999
MX-0137,Guwahati,78, 25 ,3.2,10,999
MX-0137,Mumbai City Mall,7,0,0.9,14,999
MX-0137,Delhi City Mall,4,0,0.2,10,999
MX-0137,Bengaluru City Mall,25,0,7.1,7 days,999
MX-0137,Hyderabad City Mall,323,144,5.2,21,999
MX-0137,Chennai City Mall,60,0,2.0,14,999
MX-0137,Kolkata City Mall,45,32,3.9,7,999
MX-0137,Pune City Mall,16,0,4.2,5,999
MX-0137,Ahmedabad City Mall,89,75,5.2,14,999
MX-0137,Ahmedabad City Mall,89,75,5.2,14,999
MX-0137,Jaipur City Mall,88,0,3.5,21,999
MX-0137,Lucknow City Mall,264,111,7.3,21,999
MX-0137,Surat City Mall,17,5,1.5,5,999
MX-0137,Indore City Mall,20,0,0.3,21,999
MX-0137,Nagpur City Mall,47,0,3.7,7,999
MX-0137,Kochi City Mall,29,0,1.9,14,999
MX-0137,Chandigarh City Mall, 34 ,9,1.0,21,999
MX-0137,Bhopal City Mall,60,0,5.0,10,999
MX-0137,Patna City Mall,73,9,,7,999
MX-0137,Vadodara City Mall,277,0,5.5,21,999
MX-0137,Ludhiana City Mall,20,0,1.8,10,999
MX-0137,Agra City Mall,161,125,7.0,14,999
MX-0138,Mumbai,49,-9,3.5,14,199
MX-0138,Delhi,1,0,1.4,10,199
MX-0138,Bengaluru,38,0,6.9,14,199
MX-0138,Hyderabad,109,42,2.4,14,199
MX-0138,Chennai,23,65,3.8,14,199
MX-0138,Kolkata,84,36,5.3,5,199
MX-0138,Pune,125,0,7.6,14,199
MX-0138,Ahmedabad,26,0,7.3,14,199
MX-0138,Jaipur,131,20,3.6,14,199
MX-0138,Lucknow,91,0,4.9,7,199
MX-0138,Surat,25,0,5.6,7,199
MX-0138,Indore,19,0,0.6,21,199
MX-0138,Nagpur,49.5,27,5.1,5,199
MX-0138,Kochi, 5 ,0,0.2,10,199
MX-0138,Chandigarh,193,0,6.3,10,199
MX-0138,Bhopal,94,0,2.8,14,199
MX-0138,Patna,8,143,5.1,21,199
MX-0138,Vadodara,98,0,5.9,14,199
MX-0138,Ludhiana,488,0,8.0,21,199
MX-0138,Agra,7,0,4.0,5,199
MX-0138,Nashik,197,0,7.0,14,199
MX-0138,Meerut,152,66,5.0,10,199
MX-0138,Rajkot,27,29,1.7,14,N/A
MX-0138,Varanasi,9,0,0.7,5,199
MX-0138,Amritsar,18,0,1.8,5,199
MX-0138,Noida,11,0,2.4,7,199
MX-0138,Gurugram,13,0,3.0,7,199
MX-0138,Coimbatore,78,0,4.9,5,199
MX-0138,Madurai,37,9,2.9,5,199
MX-0138,Guwahati,159,0,3.6,21,199
MX-0138,Mumbai City Mall,195,0,3.2,21,199
MX-0138,Delhi City Mall,161,0,6.7,21,199
MX-0138,Bengaluru City Mall,43,0,4.4,7,199
MX-0138,Hyderabad City Mall,67,17,2.9,7,199
MX-0138,Chennai City Mall,399,130,6.0,21,199
MX-0138,Kolkata City Mall,296,0,6.4,14,199
MX-0138,Pune City Mall,82,26,6.2,10,199
MX-0138,Ahmedabad City Mall,71,0,5.1,5,199
MX-0138,Jaipur City Mall,186,0,6.5,10,199
MX-0138,Lucknow City Mall,34,0,1.7,7,199
MX-0138,Surat City Mall,82,0,5.2,5,199
MX-0138,Indore City Mall,107,0,1.5,21,199
MX-0138,Nagpur City Mall,128,39,6.6,7,199
MX-0138,Kochi City Mall, 10 ,0,0.5,14,199
MX-0138,Chandigarh City Mall,60, 12 ,3.7,5,199
MX-0138,Bhopal City Mall,32,18,3.7,5,199
MX-0138,Patna City Mall,-2,86,7.3,10,199
MX-0138,Vadodara City Mall,49,0,6.1,,199
MX-0138,Ludhiana City Mall,76, 14 ,6.0,5,199
MX-0138,Agra City Mall,70,0,3.1,10,199
MX-0139,Mumbai,176,0,6.8,21,999
MX-0139,Delhi,86,0,5.5,14,999
MX-0139,Bengaluru,44,0,1.9,21,999
MX-0139,Hyderabad,56,67,7.2,21,999
MX-0139,Chennai,75,0,4.9,7,999
MX-0139,Kolkata,55,0,2.6,21,999
MX-0139,Pune,12,0,0.3,21,999
MX-0139,Ahmedabad,9,0,1.4,5,999
MX-0139,Jaipur,2,0,0.5,5,999
MX-0139,Lucknow,4,0,1.5,7,999
MX-0139,Surat,57,0,4.2,5,999
MX-0139,Indore,18,0,5.3,5 days,999
MX-0139,Nagpur,31,0,1.7,10,999
MX-0139,Kochi,14,9,1.0,7,999
MX-0139,Chandigarh,76,0,2.1,14,999
MX-0139,Bhopal,16.5,6,0.9,14,999
MX-0139,Patna,2,0,5.1,14,999
,Vadodara,207,67,4.1,21,999
MX-0139,Ludhiana,273,132,6.8,14,999
MX-0139,Agra,190,0,6.3,14,999
MX-0139,Nashik,259,49,3.8,21,999
MX-0139,Meerut,78,-8,1.2,21,999
MX-0139,Rajkot,3,0,0.3,7,999
MX-0139,Varanasi,23,0,4.0,7,999
MX-0139,Amritsar,21,0,5.6,5,999
MX-0139,Noida, 13 ,0,1.7,14,999
MX-0139,Gurugram,219,106,7.8,10,999
MX-0139,Coimbatore,80,0,5.0,10,999
MX-0139,Madurai,4,0,1.1,21,999
MX-0139,Guwahati,14,2,,5,999
MX-0139,Mumbai City Mall,87,24,5.9,5,999
MX-0139,Delhi City Mall,51,0,4.1,14,N/A
MX-0139,Bengaluru City Mall,13,0,4.6,21,999
MX-0139,Hyderabad City Mall,9,5,1.1,7,999
MX-0139,Chennai City Mall,1,0,5.3,5,999
MX-0139,Chennai City Mall,1,0,5.3,5,999
MX-0139,Kolkata City Mall,28,0,3.4,5,999
MX-0139,Pune City Mall,17,0,4.5,14,999
MX-0139,Ahmedabad City Mall,15,0,2.6,5,999
MX-0139,Jaipur City Mall,107,0,2.2,21,999
MX-0139,Lucknow City Mall,49,0,3.1,7,999
MX-0139,Surat City Mall,17,0,0.8,21,999
MX-0139,Indore City Mall,33,8,0.8,14,999
MX-0139,Nagpur City Mall,211,0,5.9,21,999
MX-0139,Kochi City Mall,81,20,3.9,7,999
MX-0139,Chandigarh City Mall,111,0,4.8,10,999
MX-0139,Bhopal City Mall,75,19,4.6,7,999
MX-0139,Patna City Mall,241,0,5.2,14,999
MX-0139,Vadodara City Mall,30,0,3.1,10,999
MX-0139,Ludhiana City Mall, 176 ,78,2.8,21,999
MX-0139,Agra City Mall,38,0,3.9,5,999
MX-0140,Mumbai,157,0,5.0,10,499
MX-0140,Delhi,71,71,6.2,10,499
MX-0140,Bengaluru,208,0,3.1,21,499
MX-0140,Hyderabad,22,0,1.4,14,499
MX-0140,Chennai,61,23,6.2,5,499
MX-0140,Kolkata,8,0,3.3,5,499
MX-0140,Pune,11,0,3.1,5,499
MX-0140,Ahmedabad,82,0,6.8,10,499
MX-0140,Jaipur,84,0,3.3,14,499
MX-0140,Lucknow,98,0,2.1,14,499
MX-0140,Surat,110,47,4.9,10,499
MX-0140,Indore,142,0,3.7,21,499
MX-0140,Nagpur,104,0,3.6,14,499
MX-0140,Kochi,29,0,0.5,21,499
MX-0140,Chandigarh,85,0,2.9,10,499
MX-0140,Bhopal,6,0,3.9,10,499
MX-0140,Patna, 75 ,31,6.1,5,499
MX-0140,Vadodara,13,0,0.9,14,499
MX-0140,Ludhiana,33.5,0,0.8,14,499
MX-0140,Agra,47,0,4.1,7,499
MX-0140,Nashik,20,0,1.9,,499
MX-0140,Meerut, 2 ,0,0.7,5,499
MX-0140,Rajkot,7,25,7.8,7,499
MX-0140,Varanasi,28,0,4.1,5,499
MX-0140,Amritsar,405,0,6.1,21,499
MX-0140,Noida,46,0,0.9,21,499
MX-0140,Gurugram,160,0,5.4,21,499
MX-0140,Coimbatore,3,0,1.8,7,499
MX-0140,Madurai,338,115,5.7,21,499
MX-0140,Guwahati,18,10,0.6,14,499
MX-0140,Mumbai City Mall, 147 ,0,2.7,21,499
MX-0140,Delhi City Mall,7,38,4.8,14,499
MX-0140,Bengaluru City Mall,78,0,4.1,7,499
MX-0140,Hyderabad City Mall,3,0,1.9,21,499
MX-0140,Chennai City Mall,112,0,7.9,14,499
MX-0140,Kolkata City Mall,-9,0,4.5,7,499
MX-0140,Pune City Mall,514,119,7.3,21,499
MX-0140,Ahmedabad City Mall,8,0,1.7,7,499
MX-0140,Jaipur City Mall,85,0,5.4,5,499
MX-0140,Lucknow City Mall,14,0,2.4,7,499
MX-0140,Surat City Mall,89,0,2.3,21 days,N/A
MX-0140,Indore City Mall,67,0,4.0,14,499
MX-0140,Nagpur City Mall, 70 ,-4,3.3,14,499
MX-0140,Kochi City Mall,96,0,7.1,5,499
MX-0140,Chandigarh City Mall, 127 ,0,3.8,21,499
MX-0140,Bhopal City Mall,9,0,4.4,10,499
MX-0140,Patna City Mall,152,0,2.8,21,499
MX-0140,Vadodara City Mall,20,0,3.2,5,499
MX-0140,Ludhiana City Mall,5,1,0.3,5,499
MX-0140,Agra City Mall,81,32,7.1,7,499
MX-0141,Mumbai,28,13,1.1,10,499
MX-0141,Delhi,169,0,6.6,10,499
MX-0141,Bengaluru,23,0,4.4,14,499
MX-0141,Hyderabad,97,0,3.8,14,499
MX-0141,Chennai,36, 24 ,3.5,5,499
MX-0141,Kolkata,53,0,7.0,7,499
MX-0141,Pune,24,0,4.7,5,499
MX-0141,Ahmedabad,87,0,3.8,7,499
MX-0141,Jaipur, 51 ,0,1.3,21,499
MX-0141,Lucknow,128,0,3.4,14,499
MX-0141,Surat, 205 ,0,7.4,10,499
MX-0141,Indore,44,0,1.1,14,499
MX-0141,Nagpur,32,24,,10,499
MX-0141,Kochi,14,0,4.3,10,499
MX-0141,Chandigarh,8,0,0.3,14,499
MX-0141,Bhopal,1,0,7.2,14,499
MX-0141,Patna,166,68,7.3,10,499
MX-0141,Vadodara,42,0,3.6,5,499
,Ludhiana,44,0,2.8,14,499
MX-0141,Agra,62,0,2.4,21,499
MX-0141,Nashik,31,0,2.6,5,499
MX-0141,Meerut,33.5,0,3.1,10,499
MX-0141,Rajkot,26,0,0.9,10,499
MX-0141,Varanasi,43,0,6.6,7,499
MX-0141,Amritsar,2,19,1.7,14,499
MX-0141,Noida,113,0,5.9,10,499
MX-0141,Gurugram,127,0,4.8,10,499
MX-0141,Coimbatore,29,0,7.7,10,499
MX-0141,Madurai,183,44,6.2,10,499
MX-0141,Guwahati,37,0,3.4,21,499
MX-0141,Mumbai City Mall,25,22,6.0,5,499
MX-0141,Delhi City Mall,167,63,7.8,7,499
MX-0141,Delhi City Mall,167,63,7.8,7,499
MX-0141,Bengaluru City Mall,1,0,0.8,21,499
MX-0141,Hyderabad City Mall,149,26,5.0,10,499
MX-0141,Chennai City Mall,6,0,1.6,10,499
MX-0141,Kolkata City Mall,74,0,3.0,10,499
MX-0141,Pune City Mall, 120 ,0,2.5,21,499
MX-0141,Ahmedabad City Mall,8,8,0.6,14,499
MX-0141,Jaipur City Mall,20,6,1.7,5,499
MX-0141,Lucknow City Mall,75,86,6.7,10,499
MX-0141,Surat City Mall,114,0,3.4,14,499
MX-0141,Indore City Mall, 34 ,0,1.3,14,499
MX-0141,Nagpur City Mall,35,24,5.5,7,499
MX-0141,Kochi City Mall,30,0,7.5,,499
MX-0141,Chandigarh City Mall,283,0,7.1,14,499
MX-0141,Bhopal City Mall,45,0,4.6,5,499
MX-0141,Patna City Mall,33,24,5.0,5,499
MX-0141,Vadodara City Mall,31,17,3.7,5,499
MX-0141,Ludhiana City Mall,34,0,2.5,5,499
MX-0141,Agra City Mall,287,0,6.7,21,N/A
MX-0142,Mumbai,70,0,1.9,14,1999
MX-0142,Delhi,50,0,2.4,14,1999
MX-0142,Bengaluru,123,0,4.5,14,1999
MX-0142,Hyderabad,13,0,2.7,14,1999
MX-0142,Chennai,73,0,4.6,21,1999
MX-0142,Kolkata,16,56,6.7,7,1999
MX-0142,Pune,3,0,2.0,7,1999
MX-0142,Ahmedabad,26,29,2.7,10,1999
MX-0142,Jaipur,121,0,5.4,10,1999
MX-0142,Lucknow,17,3,0.8,7,1999
MX-0142,Surat,36,32,6.8,7,1999
MX-0142,Indore,99,0,6.5,7,1999
MX-0142,Nagpur,35,0,3.6,10,1999
MX-0142,Kochi,18,-4,4.9,5,1999
MX-0142,Chandigarh,134,0,2.8,21,1999
MX-0142,Bhopal,94,0,5.0,14,1999
MX-0142,Patna, 113 ,0,7.7,14,1999
MX-0142,Vadodara,85,0,5.5,14,1999
MX-0142,Ludhiana,99,19,7.0,7,1999
MX-0142,Agra,12,100,6.8,14 days,1999
MX-0142,Nashik,4,0,2.0,14,1999
MX-0142,Meerut,103,0,3.2,21,1999
MX-0142,Rajkot,128,0,5.6,7,1999
MX-0142,Varanasi,125,34,5.5,10,1999
MX-0142,Amritsar,102.5,0,5.4,14,1999
MX-0142,Noida,150,0,5.3,10,1999
MX-0142,Gurugram,31,0,2.1,7,1999
MX-0142,Coimbatore,115,45,3.7,10,1999
MX-0142,Madurai,291,0,4.4,21,1999
MX-0142,Guwahati,79,0,2.4,14,1999
MX-0142,Mumbai City Mall,76,0,7.3,14,1999
MX-0142,Delhi City Mall,28,0,3.5,14,1999
MX-0142,Bengaluru City Mall,28,0,0.4,21,1999
MX-0142,Hyderabad City Mall,29,0,2.7,5,1999
MX-0142,Chennai City Mall,75,0,3.6,21,1999
MX-0142,Kolkata City Mall,78,0,2.7,21,1999
MX-0142,Pune City Mall,37,0,0.9,14,1999
MX-0142,Ahmedabad City Mall,199,0,5.2,14,1999
MX-0142,Jaipur City Mall,29,0,2.9,10,1999
MX-0142,Lucknow City Mall,4,56,3.7,21,1999
MX-0142,Surat City Mall,102,0,5.4,10,1999
MX-0142,Indore City Mall,24,0,0.9,10,1999
MX-0142,Nagpur City Mall,240,0,7.6,10,1999
MX-0142,Kochi City Mall,23,0,7.1,5,1999
MX-0142,Chandigarh City Mall,85,0,5.3,10,1999
MX-0142,Bhopal City Mall,0,0,,5,1999
MX-0142,Patna City Mall,375,0,7.1,21,1999
MX-0142,Vadodara City Mall, 164 ,0,7.4,10,1999
MX-0142,Ludhiana City Mall,390,157,7.4,21,1999
MX-0142,Agra City Mall, 188 ,0,5.4,14,1999
MX-0143,Mumbai, 1 ,0,2.7,10,999
MX-0143,Delhi,128,0,4.3,10,999
MX-0143,Bengaluru,23,6,0.5,14,999
MX-0143,Hyderabad,81,24,2.7,21,999
MX-0143,Chennai,52,12,4.5,5,999
MX-0143,Kolkata,68,0,3.7,10,999
MX-0143,Pune,312,0,7.0,21,999
MX-0143,Ahmedabad,132,0,6.4,7,999
MX-0143,Jaipur,87,0,7.1,21,N/A
MX-0143,Lucknow,7, 9 ,0.4,21,999
MX-0143,Surat,3,0,1.8,5,999
MX-0143,Indore,23,0,4.9,7,999
MX-0143,Nagpur,9,0,3.3,10,999
MX-0143,Kochi,51,0,5.0,5,999
MX-0143,Chandigarh,32,0,3.5,5,999
MX-0143,Bhopal,80,0,6.9,5,999
MX-0143,Patna,25,0,6.0,,999
MX-0143,Vadodara,94,0,5.6,14,999
MX-0143,Ludhiana, 8 ,0,0.4,21,999
,Agra,5,0,2.5,7,999
MX-0143,Nashik,6,0,7.4,7,999
MX-0143,Meerut,22,0,1.3,14,999
MX-0143,Rajkot, 1 ,0,0.5,7,999
MX-0143,Varanasi,29,0,5.5,5,999
MX-0143,Amritsar,9,3,0.3,10,999
MX-0143,Noida,94,0,7.8,10,999
MX-0143,Gurugram,51,0,1.7,10,999
MX-0143,Coimbatore,2.5,0,0.3,5,999
MX-0143,Madurai,27,31,4.5,7,999
MX-0143,Madurai,27,31,4.5,7,999
MX-0143,Guwahati,54,0,5.1,7,999
MX-0143,Mumbai City Mall,64,8,3.1,7,999
MX-0143,Delhi City Mall,93,61,3.3,14,999
MX-0143,Bengaluru City Mall,78,0,1.3,21,999
MX-0143,Hyderabad City Mall,24,0,1.5,14,999
MX-0143,Chennai City Mall,8,-9,0.2,14,999
MX-0143,Kolkata City Mall,67,0,4.6,10,999
MX-0143,Pune City Mall,13,10,1.2,10,999
MX-0143,Ahmedabad City Mall,194,0,5.3,14,999
MX-0143,Jaipur City Mall,25,0,8.0,5,999
MX-0143,Lucknow City Mall,60,0,5.7,7,999
MX-0143,Surat City Mall,145,27,6.4,7,999
MX-0143,Indore City Mall,58,0,3.8,5,999
MX-0143,Nagpur City Mall,497,0,7.8,21,999
MX-0143,Kochi City Mall,39,0,5.0,10,999
MX-0143,Chandigarh City Mall,45,0,1.1,21,999
MX-0143,Bhopal City Mall,309,0,7.0,21,999
MX-0143,Patna City Mall, 13 , 6 ,0.4,14,999
MX-0143,Vadodara City Mall,55,0,5.2,7,999
MX-0143,Ludhiana City Mall,60,0,7.4,5 days,999
MX-0143,Agra City Mall,1,0,5.5,10,999
MX-0144,Mumbai,63,0,7.0,10,1999
MX-0144,Delhi,198,0,7.9,21,1999
MX-0144,Bengaluru,8,0,4.7,7,1999
MX-0144,Hyderabad,8,0,1.1,10,1999
MX-0144,Chennai,80,0,4.8,10,1999
MX-0144,Kolkata,54,15,4.3,5,1999
MX-0144,Pune,40,0,2.0,7,1999
MX-0144,Ahmedabad,190,0,5.8,21,1999
MX-0144,Jaipur,0,0,0.2,7,1999
MX-0144,Lucknow,109,0,6.5,5,1999
MX-0144,Surat,9,5,1.4,5,1999
MX-0144,Indore,2,0,1.2,7,1999
MX-0144,Nagpur,6,0,4.4,10,1999
MX-0144,Kochi,-4,0,3.6,10,1999
MX-0144,Chandigarh,60,0,2.4,14,1999
MX-0144,Bhopal,60,0,3.7,5,1999
MX-0144,Patna,21,0,6.6,14,1999
MX-0144,Vadodara,14,0,5.8,7,N/A
MX-0144,Ludhiana,244,0,4.5,21,1999
MX-0144,Agra,127,0,5.0,14,1999
MX-0144,Nashik,85,0,4.1,10,1999
MX-0144,Meerut,62,33,1.6,21,1999
MX-0144,Rajkot,67, 32 ,6.3,7,1999
MX-0144,Varanasi,9,0,4.3,21,1999
MX-0144,Amritsar,71,0,4.1,14,1999
MX-0144,Noida,215,61,7.1,10,1999
MX-0144,Gurugram,55,76,7.7,10,1999
MX-0144,Coimbatore,201,0,6.2,10,1999
MX-0144,Madurai,157,142,,14,1999
MX-0144,Guwahati,10,16,1.9,7,1999
MX-0144,Mumbai City Mall,13.5,0,4.3,10,1999
MX-0144,Delhi City Mall, 1 ,0,3.0,5,1999
MX-0144,Bengaluru City Mall,146,79,6.7,14,1999
MX-0144,Hyderabad City Mall,223,91,5.0,21,1999
MX-0144,Chennai City Mall,65,35,1.4,21,1999
MX-0144,Kolkata City Mall,16,0,7.2,5,1999
MX-0144,Pune City Mall,13,0,3.4,5,1999
MX-0144,Ahmedabad City Mall,2,0,2.0,5,1999
MX-0144,Jaipur City Mall,223,0,7.6,10,1999
MX-0144,Lucknow City Mall,34,30,4.7,,1999
MX-0144,Surat City Mall,7,0,2.3,7,1999
MX-0144,Indore City Mall,24,0,3.5,5,1999
MX-0144,Nagpur City Mall,1, 12 ,2.0,7,1999
MX-0144,Kochi City Mall,10,26,5.7,7,1999
MX-0144,Chandigarh City Mall,19,0,3.0,5,1999
MX-0144,Bhopal City Mall,7,0,0.6,10,1999
MX-0144,Patna City Mall,6,0,1.9,10,1999
MX-0144,Vadodara City Mall,9,0,0.7,7,1999
MX-0144,Ludhiana City Mall,25,0,4.3,7,1999
MX-0144,Agra City Mall,27,16,2.5,7,1999
MX-0145,Mumbai,185,0,6.3,14,199
MX-0145,Delhi,57, 10 ,1.0,21,199
MX-0145,Bengaluru,6,0,4.6,21,199
MX-0145,Hyderabad,148,0,5.9,14,199
MX-0145,Chennai,144,51,4.5,14,199
MX-0145,Kolkata, 91 ,-14,5.8,7,199
MX-0145,Pune,13,0,4.5,5,199
MX-0145,Ahmedabad, 147 ,0,5.8,14,199
MX-0145,Jaipur,64,87,7.7,10,199
MX-0145,Lucknow,15,0,1.0,5,199
MX-0145,Surat,81,44,4.1,21,199
MX-0145,Indore,197,0,4.3,14,199
MX-0145,Nagpur,8,2,0.4,7,199
MX-0145,Kochi,91,0,2.8,14,199
MX-0145,Chandigarh,70,18,4.3,5,199
MX-0145,Bhopal,33,0,6.2,5,199
MX-0145,Patna,38,0,5.4,5,199
MX-0145,Vadodara,43,0,7.9,5,199
MX-0145,Ludhiana,64,0,1.6,14,199
MX-0145,Agra,188,46,3.4,21,199
,Nashik,17,0,1.2,5,199
MX-0145,Meerut,193, 77 ,6.5,10,199
MX-0145,Rajkot,21,0,2.8,10,199
MX-0145,Varanasi,60,0,4.7,7,199
MX-0145,Amritsar,20,0,1.4,14,199
MX-0145,Noida,8,0,1.3,7,199
MX-0145,Noida,8,0,1.3,7,199
MX-0145,Gurugram,33,0,1.7,10,N/A
MX-0145,Coimbatore,3,1,0.2,7 days,199
MX-0145,Madurai,103,35,2.3,21,199
MX-0145,Guwahati,14,0,0.5,21,199
MX-0145,Mumbai City Mall,75,0,7.4,5,199
MX-0145,Delhi City Mall,89,0,6.0,5,199
MX-0145,Bengaluru City Mall,97,0,4.3,7,199
MX-0145,Hyderabad City Mall,65.5,0,1.9,14,199
MX-0145,Chennai City Mall,99,0,6.7,5,199
MX-0145,Kolkata City Mall,92,0,2.6,21,199
MX-0145,Pune City Mall,28,0,4.5,14,199
MX-0145,Ahmedabad City Mall,81,0,7.6,7,199
MX-0145,Jaipur City Mall,126,0,6.4,21,199
MX-0145,Lucknow City Mall,23,0,2.9,7,199
MX-0145,Surat City Mall, 12 ,71,3.1,21,199
MX-0145,Indore City Mall,469,0,7.2,21,199
MX-0145,Nagpur City Mall,484,0,7.0,21,199
MX-0145,Kochi City Mall,36,4,2.2,5,199
MX-0145,Chandigarh City Mall,51,36,5.8,10,199
MX-0145,Bhopal City Mall,64,0,2.0,10,199
MX-0145,Patna City Mall,56,74,3.7,21,199
MX-0145,Vadodara City Mall,85,23,6.7,5,199
MX-0145,Ludhiana City Mall,83,0,2.3,21,199
MX-0145,Agra City Mall,123,0,6.6,14,199
MX-0146,Mumbai,30,0,3.8,5,1999
MX-0146,Delhi,73,0,5.4,5,1999
MX-0146,Bengaluru,(7),0,7.3,14,1999
MX-0146,Hyderabad,0,0,5.6,7,1999
MX-0146,Chennai,1,0,0.7,7,1999
MX-0146,Kolkata,21,12,1.6,7,1999
MX-0146,Pune,25,0,5.9,10,1999
MX-0146,Ahmedabad,100,0,1.6,21,1999
MX-0146,Jaipur,22,19,3.6,5,1999
MX-0146,Lucknow,50,39,2.1,21,1999
MX-0146,Surat,12,40,5.5,14,1999
MX-0146,Indore,75,0,,14,1999
MX-0146,Nagpur,516,0,7.4,,1999
MX-0146,Kochi,41,0,1.4,14,1999
MX-0146,Chandigarh,16,34,4.4,7,1999
MX-0146,Bhopal,16,17,1.8,10,1999
MX-0146,Patna,134,49,5.1,10,1999
MX-0146,Vadodara,85,75,7.8,21,1999
MX-0146,Ludhiana,110,45,6.1,7,1999
MX-0146,Agra,152,0,4.6,21,1999
MX-0146,Nashik,4,0,3.3,7,1999
MX-0146,Meerut,14,0,2.3,7,1999
MX-0146,Rajkot,29,0,4.6,7,1999
MX-0146,Varanasi,3,2,0.7,7,1999
MX-0146,Amritsar,259,94,7.0,21,1999
MX-0146,Noida,116,0,7.5,7,1999
MX-0146,Gurugram,25,-14,2.9,5,1999
MX-0146,Coimbatore,1,0,1.0,14,1999
MX-0146,Madurai,65,67,3.7,14,1999
MX-0146,Guwahati,65,25,2.9,7,1999
MX-0146,Mumbai City Mall,83,0,5.4,5,1999
MX-0146,Delhi City Mall,0,0,4.2,5,1999
MX-0146,Bengaluru City Mall,113,46,6.6,7,1999
MX-0146,Hyderabad City Mall,42,11,1.4,10,1999
MX-0146,Chennai City Mall,41,0,1.3,10,1999
MX-0146,Kolkata City Mall,17,0,0.8,7,N/A
MX-0146,Pune City Mall,71.5,0,2.2,10,1999
MX-0146,Ahmedabad City Mall,90,30,3.9,7,1999
MX-0146,Jaipur City Mall,34,0,4.2,5,1999
MX-0146,Lucknow City Mall,44,0,5.9,10,1999
MX-0146,Surat City Mall,17,0,1.1,10,1999
MX-0146,Indore City Mall,0,0,0.4,5,1999
MX-0146,Nagpur City Mall,40,38,6.3,10,1999
MX-0146,Kochi City Mall,35,0,5.0,14,1999
MX-0146,Chandigarh City Mall,148,0,6.5,10,1999
MX-0146,Bhopal City Mall,3,0,6.9,7,1999
MX-0146,Patna City Mall,53,0,4.2,5,1999
MX-0146,Vadodara City Mall, 187 ,0,6.7,21,1999
MX-0146,Ludhiana City Mall,27,14,1.7,10,1999
MX-0146,Agra City Mall,76,0,5.9,14,1999
MX-0147,Mumbai, 255 ,206,7.2,21,1999
MX-0147,Delhi,52,0,3.4,5,1999
MX-0147,Bengaluru, 6 , 4 ,0.8,5,1999
MX-0147,Hyderabad,28,16,1.9,7,1999
MX-0147,Chennai,271,0,7.4,14,1999
MX-0147,Kolkata,72,19,5.6,7,1999
MX-0147,Pune,9, 4 ,1.5,5 days,1999
MX-0147,Ahmedabad,3,0,1.4,10,1999
MX-0147,Jaipur,109,0,6.7,5,1999
MX-0147,Lucknow,80,0,2.9,14,1999
MX-0147,Surat,20,0,2.3,10,1999
MX-0147,Indore,67,63,7.8,14,1999
MX-0147,Nagpur,41,0,0.9,14,1999
MX-0147,Kochi,21,0,6.4,5,1999
MX-0147,Chandigarh,15,0,4.5,7,1999
MX-0147,Bhopal,44,0,5.9,5,1999
MX-0147,Patna,20,0,2.5,5,1999
MX-0147,Vadodara,12,0,2.3,10,1999
MX-0147,Ludhiana,4,0,5.5,5,1999
MX-0147,Agra,42,0,7.1,5,1999
MX-0147,Nashik,6,0,2.1,5,1999
,Meerut,75,0,3.6,10,1999
MX-0147,Rajkot,33,0,1.0,10,1999
MX-0147,Rajkot,33,0,1.0,10,1999
MX-0147,Varanasi,189,0,7.5,10,1999
MX-0147,Amritsar,220,0,3.4,21,1999
MX-0147,Noida,19,8,1.6,5,1999
MX-0147,Gurugram,7,0,2.6,21,1999
MX-0147,Coimbatore,3,7,1.0,7,1999
MX-0147,Madurai,3,0,2.2,21,1999
MX-0147,Guwahati,0,6,1.8,5,1999
MX-0147,Mumbai City Mall, 163 ,0,5.1,14,1999
MX-0147,Delhi City Mall,74,0,3.0,10,1999
MX-0147,Bengaluru City Mall,79,0,3.9,10,1999
MX-0147,Hyderabad City Mall,4,0,0.7,7,1999
MX-0147,Chennai City Mall,5,0,0.3,14,1999
MX-0147,Kolkata City Mall,100,0,4.3,,1999
MX-0147,Pune City Mall,0,0,4.4,5,1999
MX-0147,Ahmedabad City Mall,9,0,1.3,21,1999
MX-0147,Jaipur City Mall,5,0,0.2,14,1999
MX-0147,Lucknow City Mall,63.5,0,1.7,14,1999
MX-0147,Surat City Mall,5,2,0.3,7,1999
MX-0147,Indore City Mall,(3),0,3.1,7,1999
MX-0147,Nagpur City Mall,99,0,4.2,10,1999
MX-0147,Kochi City Mall,188,0,3.5,21,1999
MX-0147,Chandigarh City Mall,50, 11 ,,14,N/A
MX-0147,Bhopal City Mall,54,47,5.2,7,1999
MX-0147,Patna City Mall,164,0,7.4,10,1999
MX-0147,Vadodara City Mall,16,-12,1.5,7,1999
MX-0147,Ludhiana City Mall,267,0,6.2,21,1999
MX-0147,Agra City Mall, 153 ,76,5.9,14,1999
MX-0148,Mumbai,122,0,5.0,10,999
MX-0148,Delhi,13,0,0.8,7,999
MX-0148,Bengaluru,207,0,6.4,14,999
MX-0148,Hyderabad,28,0,2.7,10,999
MX-0148,Chennai,162,0,7.1,10,999
MX-0148,Kolkata,38,0,4.7,5,999
MX-0148,Pune,11,21,6.2,5,999
MX-0148,Ahmedabad,2,0,0.2,10,999
MX-0148,Jaipur,10,6,2.7,5,999
MX-0148,Lucknow,12,4,0.7,7,999
MX-0148,Surat,19,0,1.3,5,999
MX-0148,Indore,48,0,5.1,21,999
MX-0148,Nagpur,4,0,1.6,7,999
MX-0148,Kochi,224,0,7.5,14,999
MX-0148,Chandigarh,146,34,7.5,7,999
MX-0148,Bhopal,20,83,5.9,21,999
MX-0148,Patna,7,15,3.8,5,999
MX-0148,Vadodara,48,83,6.2,14,999
MX-0148,Ludhiana,107,0,1.9,21,999
MX-0148,Agra,68,0,5.6,10,999
MX-0148,Nashik, 37 ,0,2.8,5,999
MX-0148,Meerut,160,0,5.4,10,999
MX-0148,Rajkot,16,7,1.0,7,999
MX-0148,Varanasi,10,0,0.2,21,999
MX-0148,Amritsar,8,2,0.8,5,999
MX-0148,Noida,36,0,7.8,5,999
MX-0148,Gurugram, 269 ,0,3.8,21,999
MX-0148,Coimbatore, 18 ,0,1.5,7,999
MX-0148,Madurai,79,32,3.9,7,999
MX-0148,Guwahati,1,0,1.1,10,999
MX-0148,Mumbai City Mall,16,0,0.8,14,999
MX-0148,Delhi City Mall,40,27,4.9,5,999
MX-0148,Bengaluru City Mall,29,0,3.3,10,999
MX-0148,Hyderabad City Mall,61,0,5.7,14,999
MX-0148,Chennai City Mall,57,0,7.3,14,999
MX-0148,Kolkata City Mall,2,2,0.7,5 days,999
MX-0148,Pune City Mall,1,0,1.5,10,999
MX-0148,Ahmedabad City Mall,13,0,1.9,5,999
MX-0148,Jaipur City Mall,107,29,2.7,14,999
MX-0148,Lucknow City Mall,82,0,3.1,10,999
MX-0148,Surat City Mall,133,34,4.2,10,999
MX-0148,Indore City Mall,125,42,3.2,21,999
MX-0148,Nagpur City Mall,208.5,0,4.0,21,999
MX-0148,Kochi City Mall, 165 ,0,3.0,21,999
MX-0148,Chandigarh City Mall,3,0,5.4,5,999
MX-0148,Bhopal City Mall,105,0,5.8,10,999
MX-0148,Patna City Mall,340,89,8.0,21,999
MX-0148,Vadodara City Mall,15,0,1.4,14,999
MX-0148,Ludhiana City Mall,209,0,5.7,21,999
MX-0148,Agra City Mall,20,0,0.7,14,999
MX-0149,Mumbai,3,0,2.9,7,199
MX-0149,Delhi,73,0,7.1,7,199
MX-0149,Bengaluru,133,0,7.9,21,199
MX-0149,Hyderabad,257,0,4.6,21,N/A
MX-0149,Chennai,35,0,3.0,5,199
MX-0149,Kolkata,183,0,7.5,14,199
MX-0149,Pune,28,119,6.1,21,199
MX-0149,Ahmedabad,60,0,4.4,5,199
MX-0149,Jaipur,74,0,5.0,,199
MX-0149,Lucknow,121,0,4.4,10,199
MX-0149,Surat,0,0,0.5,10,199
MX-0149,Indore,57,0,1.5,21,199
MX-0149,Nagpur,8,0,5.3,5,199
MX-0149,Kochi,124,61,6.7,7,199
MX-0149,Chandigarh,167,33,4.6,14,199
MX-0149,Bhopal,3,36,6.9,10,199
MX-0149,Patna,138,0,5.2,10,199
MX-0149,Vadodara,45,69,5.3,14,199
MX-0149,Ludhiana,188,-6,5.4,14,199
MX-0149,Agra,33,0,1.3,14,199
MX-0149,Agra,33,0,1.3,14,199
MX-0149,Nashik,3, 10 ,0.6,21,199
MX-0149,Meerut,0,0,0.8,10,199
,Rajkot,47,0,2.5,14,199
MX-0149,Varanasi,7,0,4.4,10,199
MX-0149,Amritsar,1,0,0.6,10,199
MX-0149,Noida,59,0,7.7,21,199
MX-0149,Gurugram,53,0,4.5,5,199
MX-0149,Coimbatore,6,0,,14,199
MX-0149,Madurai,20,0,2.9,21,199
MX-0149,Guwahati,161,47,7.9,10,199
MX-0149,Mumbai City Mall,-7,0,7.2,21,199
MX-0149,Delhi City Mall,5,0,1.5,14,199
MX-0149,Bengaluru City Mall, 20 ,9,1.9,7,199
MX-0149,Hyderabad City Mall,69,0,4.4,10,199
MX-0149,Chennai City Mall,212,61,7.6,10,199
MX-0149,Kolkata City Mall,197,0,6.7,10,199
MX-0149,Pune City Mall,289,0,6.1,21,199
MX-0149,Ahmedabad City Mall,27,0,5.5,5,199
MX-0149,Jaipur City Mall,41,0,4.7,5,199
MX-0149,Lucknow City Mall,36,17,4.4,7,199
MX-0149,Surat City Mall,10,0,6.2,5,199
MX-0149,Indore City Mall,85,25,4.4,14,199
MX-0149,Nagpur City Mall,173,0,8.0,7,199
MX-0149,Kochi City Mall,24,38,3.1,10,199
MX-0149,Chandigarh City Mall,21,0,4.3,5,199
MX-0149,Bhopal City Mall,29.5,0,7.0,10,199
MX-0149,Patna City Mall,95,0,7.5,5,199
MX-0149,Vadodara City Mall,134,125,5.5,21,199
MX-0149,Ludhiana City Mall, 108 ,0,7.8,7,199
MX-0149,Agra City Mall, 105 ,0,4.6,14,199
MX-0150,Mumbai,390,0,6.1,21,3999
MX-0150,Delhi,25,0,3.8,21,3999
MX-0150,Bengaluru,190,0,7.9,10,3999
MX-0150,Hyderabad,368,0,6.8,21,3999
MX-0150,Chennai,36,9,1.8,10,3999
MX-0150,Kolkata,31,0,1.7,7,3999
MX-0150,Pune,18,0,3.9,14,3999
MX-0150,Ahmedabad,343,0,7.7,21,3999
MX-0150,Jaipur,66,0,3.4,10,3999
MX-0150,Lucknow,55,0,2.0,10,3999
MX-0150,Surat,78,40,7.3,10,3999
MX-0150,Indore, 92 ,65,5.9,14,3999
MX-0150,Nagpur,1,0,0.4,14,N/A
MX-0150,Kochi,27,0,5.9,10,3999
MX-0150,Chandigarh,48,0,2.9,10 days,3999
MX-0150,Bhopal,214,84,6.5,10,3999
MX-0150,Patna,5,0,0.4,7,3999
MX-0150,Vadodara,31,0,1.9,21,3999
MX-0150,Ludhiana,120,0,5.1,7,3999
MX-0150,Agra,11, 19 ,5.1,7,3999
MX-0150,Nashik,15,0,7.0,10,3999
MX-0150,Meerut,19,0,1.3,10,3999
MX-0150,Rajkot,98,0,4.2,14,3999
MX-0150,Varanasi,152,34,3.8,14,3999
MX-0150,Amritsar,18,0,2.3,5,3999
MX-0150,Noida,76,0,7.4,5,3999
MX-0150,Gurugram,22,0,0.6,14,3999
MX-0150,Coimbatore,4,0,0.4,7,3999
MX-0150,Madurai,1,0,1.8,5,3999
MX-0150,Guwahati, 209 ,0,5.6,21,3999
MX-0150,Mumbai City Mall,81,0,4.2,14,3999
MX-0150,Delhi City Mall,45,0,2.3,,3999
MX-0150,Bengaluru City Mall,85,0,4.0,10,3999
MX-0150,Hyderabad City Mall,1,32,4.9,7,3999
MX-0150,Chennai City Mall,26,0,3.1,5,3999
MX-0150,Kolkata City Mall,22,0,4.0,21,3999
MX-0150,Pune City Mall,2,0,3.9,5,3999
MX-0150,Ahmedabad City Mall,24,0,1.9,7,3999
MX-0150,Jaipur City Mall,18,0,4.1,5,3999
MX-0150,Lucknow City Mall,20,-9,5.8,7,3999
MX-0150,Surat City Mall,13,0,3.2,5,3999
MX-0150,Indore City Mall,54,0,3.2,7,3999
MX-0150,Nagpur City Mall,73,0,4.9,7,3999
MX-0150,Kochi City Mall,32,0,7.2,7,3999
MX-0150,Chandigarh City Mall,80,0,4.6,7,3999
MX-0150,Bhopal City Mall,0,0,0.9,5,3999
MX-0150,Patna City Mall,35,35,6.4,5,3999
MX-0150,Vadodara City Mall,37,0,7.3,5,3999
MX-0150,Ludhiana City Mall,156.5,82,4.4,14,3999
MX-0150,Agra City Mall,101,0,4.7,21,3999
MX-0151,Mumbai,271,0,4.6,21,999
MX-0151,Delhi,35,0,0.8,14,999
MX-0151,Bengaluru, 68 ,0,7.2,7,999
MX-0151,Hyderabad,73,0,6.0,5,999
MX-0151,Chennai,0, 1 ,0.2,10,999
MX-0151,Kolkata,70,0,2.1,10,999
MX-0151,Pune,105,0,6.0,7,999
MX-0151,Ahmedabad,60,0,5.2,21,999
MX-0151,Jaipur,175,59,7.4,7,999
MX-0151,Lucknow,63,0,7.1,5,999
MX-0151,Surat,89,0,,7,999
MX-0151,Indore,46,0,3.1,10,999
MX-0151,Nagpur,159,0,6.3,10,999
MX-0151,Kochi,72,0,2.3,10,999
MX-0151,Chandigarh,315,0,5.0,21,999
MX-0151,Bhopal,46,0,4.9,14,999
MX-0151,Patna,51,0,3.1,21,999
MX-0151,Patna,51,0,3.1,21,999
MX-0151,Vadodara,189,103,4.0,21,999
MX-0151,Ludhiana,5,7,0.6,10,999
MX-0151,Agra,-5,43,5.8,7,999
MX-0151,Nashik,116,0,5.4,21,999
MX-0151,Meerut,18,0,1.3,21,N/A
MX-0151,Rajkot,5,0,2.0,5,999
,Varanasi,28,0,1.9,10,999
MX-0151,Amritsar,17,2,0.8,7,999
MX-0151,Noida,111,45,4.9,7,999
MX-0151,Gurugram, 5 ,0,1.1,7,999
MX-0151,Coimbatore,131,0,4.8,14,999
MX-0151,Madurai,70,0,6.2,21,999
MX-0151,Guwahati,57,0,3.9,7,999
MX-0151,Mumbai City Mall,57,0,3.0,10,999
MX-0151,Delhi City Mall,17,0,2.3,5,999
MX-0151,Bengaluru City Mall,63,0,5.5,21,999
MX-0151,Hyderabad City Mall,18,0,0.9,7,999
MX-0151,Chennai City Mall,219,0,7.5,10,999
MX-0151,Kolkata City Mall,2,1,0.6,5,999
MX-0151,Pune City Mall,193,0,7.4,10,999
MX-0151,Ahmedabad City Mall,90,0,5.4,5,999
MX-0151,Jaipur City Mall,46,0,7.4,7,999
MX-0151,Lucknow City Mall,25,23,2.7,7,999
MX-0151,Surat City Mall,50,0,1.6,21,999
MX-0151,Indore City Mall, 129 ,0,4.1,21,999
MX-0151,Nagpur City Mall,93,54,3.1,14,999
MX-0151,Kochi City Mall, 38 ,0,8.0,5 days,999
MX-0151,Chandigarh City Mall,4,0,2.3,5,999
MX-0151,Bhopal City Mall,208,0,4.1,21,999
MX-0151,Patna City Mall,30,0,2.1,10,999
MX-0151,Vadodara City Mall,23,59,5.9,21,999
MX-0151,Ludhiana City Mall,36, 22 ,3.7,7,999
MX-0151,Agra City Mall,0,14,1.5,14,999
MX-0152,Mumbai,38,0,7.6,5,999
MX-0152,Delhi,84.5,0,5.2,21,999
MX-0152,Bengaluru,0,0,4.2,7,999
MX-0152,Hyderabad,3,0,2.7,14,999
MX-0152,Chennai,51,0,5.1,,999
MX-0152,Kolkata,87,0,8.0,5,999
MX-0152,Pune,31,0,3.4,5,999
MX-0152,Ahmedabad,9,27,4.4,10,999
MX-0152,Jaipur,3,0,0.2,5,999
MX-0152,Lucknow,77,33,3.5,21,999
MX-0152,Surat,247,-10,4.6,21,999
MX-0152,Indore,97,0,7.1,5,999
MX-0152,Nagpur,78,0,5.0,21,999
MX-0152,Kochi,191,0,7.8,21,999
MX-0152,Chandigarh,66,0,4.6,7,999
MX-0152,Bhopal,90,94,7.3,21,999
MX-0152,Patna,72,0,8.0,14,999
MX-0152,Vadodara,116,0,6.6,10,999
MX-0152,Ludhiana,63,0,7.0,10,999
MX-0152,Agra,20,0,2.0,7,999
MX-0152,Nashik,35,0,1.0,21,999
MX-0152,Meerut,118,45,5.6,7,999
MX-0152,Rajkot,11,5,0.5,10,999
MX-0152,Varanasi,3,1,0.3,7,999
MX-0152,Amritsar,148,0,4.9,14,999
MX-0152,Noida,8,0,7.0,14,999
MX-0152,Gurugram,71,0,3.2,7,999
MX-0152,Coimbatore,99,25,4.9,7,999
MX-0152,Madurai, 2 ,0,0.5,5,999
MX-0152,Guwahati, 42 ,39,5.9,5,999
MX-0152,Mumbai City Mall,52,46,7.9,10,N/A
MX-0152,Delhi City Mall,17,0,7.7,10,999
MX-0152,Bengaluru City Mall,87,0,6.0,5,999
MX-0152,Hyderabad City Mall,67,0,6.5,7,999
MX-0152,Chennai City Mall,23,0,3.4,7,999
MX-0152,Kolkata City Mall,8,0,1.6,7,999
MX-0152,Pune City Mall, 43 ,0,2.8,5,999
MX-0152,Ahmedabad City Mall,123,0,6.0,21,999
MX-0152,Jaipur City Mall,18,9,1.6,7,999
MX-0152,Lucknow City Mall,79,0,4.9,7,999
MX-0152,Surat City Mall,127,49,4.7,14,999
MX-0152,Indore City Mall,42,0,3.4,5,999
MX-0152,Nagpur City Mall, 25 ,0,6.0,5,999
MX-0152,Kochi City Mall,0,1,,7,999
MX-0152,Chandigarh City Mall,66,0,5.0,7,999
MX-0152,Bhopal City Mall,43,0,3.6,10,999
MX-0152,Patna City Mall,40,35,3.7,10,999
MX-0152,Vadodara City Mall,171,46,5.4,21,999
MX-0152,Ludhiana City Mall,129,0,7.4,7,999
MX-0152,Agra City Mall,73,0,2.7,10,999
MX-0153,Mumbai,115,0,6.0,7,1999
MX-0153,Delhi,76,0,7.8,10,1999
MX-0153,Bengaluru,42,0,1.8,7,1999
MX-0153,Hyderabad,119,0,1.9,21,1999
MX-0153,Chennai,2.5,0,0.5,21,1999
MX-0153,Kolkata,7,0,2.7,5,1999
MX-0153,Pune,18,0,3.9,10,1999
MX-0153,Ahmedabad,9,0,0.3,10,1999
MX-0153,Jaipur,(6),0,6.1,14,1999
MX-0153,Lucknow,82,0,4.6,7,1999
MX-0153,Surat,82,28,5.5,5,1999
MX-0153,Indore, 21 ,12,2.2,10,1999
MX-0153,Nagpur,85,24,3.1,10,1999
MX-0153,Kochi,18,0,0.8,10,1999
MX-0153,Kochi,18,0,0.8,10,1999
MX-0153,Chandigarh,77,0,6.0,21,1999
MX-0153,Bhopal, 88 ,50,4.6,10,1999
MX-0153,Patna,21,0,4.8,21,1999
MX-0153,Vadodara, 8 ,0,2.8,5,1999
MX-0153,Ludhiana,132,51,2.2,21,1999
MX-0153,Agra,91,0,6.5,5,1999
MX-0153,Nashik,155,0,3.7,14,1999
MX-0153,Meerut,90,0,7.6,5,1999
MX-0153,Rajkot,71,0,2.0,21 days,1999
MX-0153,Varanasi,8,0,1.1,5,1999
,Amritsar,22,0,4.3,5,1999
MX-0153,Noida, 33 ,19,2.9,5,1999
MX-0153,Gurugram,58,13,4.7,7,1999
MX-0153,Coimbatore,42,10,3.5,,1999
MX-0153,Madurai,290,91,6.5,14,1999
MX-0153,Guwahati,19,0,1.8,5,1999
MX-0153,Mumbai City Mall,68,0,1.0,21,1999
MX-0153,Delhi City Mall,11,-6,0.4,14,1999
MX-0153,Bengaluru City Mall,11,0,0.8,10,1999
MX-0153,Hyderabad City Mall,15,0,0.8,14,1999
MX-0153,Chennai City Mall,15,0,4.6,10,1999
MX-0153,Kolkata City Mall,6,5,1.6,7,1999
MX-0153,Pune City Mall,322,0,7.6,14,1999
MX-0153,Ahmedabad City Mall,28,0,2.7,14,1999
MX-0153,Jaipur City Mall,17,0,6.2,14,1999
MX-0153,Lucknow City Mall,72,0,2.2,10,N/A
MX-0153,Surat City Mall,38,70,7.2,10,1999
MX-0153,Indore City Mall,158,0,5.7,14,1999
MX-0153,Nagpur City Mall,202,0,3.2,21,1999
MX-0153,Kochi City Mall,318,0,5.4,21,1999
MX-0153,Chandigarh City Mall,44,0,3.7,21,1999
MX-0153,Bhopal City Mall,228,0,7.9,21,1999
MX-0153,Patna City Mall,132,0,6.7,10,1999
MX-0153,Vadodara City Mall,12,0,7.3,5,1999
MX-0153,Ludhiana City Mall,64,0,2.5,14,1999
MX-0153,Agra City Mall, 8 ,0,1.7,7,1999
MX-0154,Mumbai,98,0,3.2,21,3999
MX-0154,Delhi,20,0,1.2,7,3999
MX-0154,Bengaluru,58,0,5.0,10,3999
MX-0154,Hyderabad,121,0,5.5,10,3999
MX-0154,Chennai,153,0,3.5,14,3999
MX-0154,Kolkata,147,0,4.6,10,3999
MX-0154,Pune,25,0,3.8,14,3999
MX-0154,Ahmedabad,8.5,0,3.7,7,3999
MX-0154,Jaipur,88,0,2.0,14,3999
MX-0154,Lucknow, 57 ,10,4.2,5,3999
MX-0154,Surat,41,0,7.1,7,3999
MX-0154,Indore,6,0,0.4,10,3999
MX-0154,Nagpur,49,0,3.3,5,3999
MX-0154,Kochi,11,32,5.8,5,3999
MX-0154,Chandigarh,295,0,5.8,21,3999
MX-0154,Bhopal,30,0,6.0,7,3999
MX-0154,Patna,172,0,5.3,14,3999
MX-0154,Vadodara,2,0,0.4,14,3999
MX-0154,Ludhiana, 74 ,106,8.0,21,3999
MX-0154,Agra,19,20,5.3,5,3999
MX-0154,Nashik,131,0,1.9,21,3999
MX-0154,Meerut,45,0,1.2,14,3999
MX-0154,Rajkot,35,47,4.9,7,3999
MX-0154,Varanasi,148,0,6.8,10,3999
MX-0154,Amritsar,45,0,2.1,21,3999
MX-0154,Noida,6,0,0.6,5,3999
MX-0154,Gurugram,6,17,,7,3999
MX-0154,Coimbatore,213,128,5.4,21,3999
MX-0154,Madurai,97,0,5.0,14,3999
MX-0154,Guwahati,56,44,4.7,7,3999
MX-0154,Mumbai City Mall,220,43,7.2,10,3999
MX-0154,Delhi City Mall,128,0,4.1,10,3999
MX-0154,Bengaluru City Mall,41,0,2.0,21,3999
MX-0154,Hyderabad City Mall,281,0,6.0,14,3999
MX-0154,Chennai City Mall,115,52,2.6,21,3999
MX-0154,Kolkata City Mall,237,0,5.3,14,3999
MX-0154,Pune City Mall,58,0,1.4,14,3999
MX-0154,Ahmedabad City Mall,52,0,2.3,10,3999
MX-0154,Jaipur City Mall,37,0,1.0,14,3999
MX-0154,Lucknow City Mall,63, 56 ,5.1,10,3999
MX-0154,Surat City Mall,64,0,7.6,7,3999
MX-0154,Indore City Mall,43,0,1.3,14,3999
MX-0154,Nagpur City Mall,56,0,2.9,7,3999
MX-0154,Kochi City Mall,17,7,2.0,7,3999
MX-0154,Chandigarh City Mall,146,0,3.8,14,3999
MX-0154,Bhopal City Mall,131,0,6.2,14,3999
MX-0154,Patna City Mall,181,26,3.0,21,3999
MX-0154,Vadodara City Mall,-9,0,1.2,14,3999
MX-0154,Ludhiana City Mall,45,0,7.2,10,N/A
MX-0154,Agra City Mall,136,0,2.3,21,3999
MX-0155,Mumbai,6,0,2.2,,499
MX-0155,Delhi,238,0,3.6,21 days,499
MX-0155,Bengaluru,63,-5,7.5,5,499
MX-0155,Hyderabad, 96 ,56,7.1,7,499
MX-0155,Chennai,2,0,0.3,5,499
MX-0155,Kolkata,81,0,4.4,10,499
MX-0155,Pune,21,8,1.3,7,499
MX-0155,Ahmedabad,11,0,1.5,5,499
MX-0155,Jaipur, 13 ,0,0.6,7,499
MX-0155,Lucknow,34,5,2.5,5,499
MX-0155,Surat,6.5, 15 ,1.6,10,499
MX-0155,Surat,6.5, 15 ,1.6,10,499
MX-0155,Indore,331,0,6.3,21,499
MX-0155,Nagpur,151,0,7.0,7,499
MX-0155,Kochi,9,0,0.8,10,499
MX-0155,Chandigarh,0,0,2.4,7,499
MX-0155,Bhopal, 16 ,0,0.8,7,499
MX-0155,Patna,173,0,7.8,14,499
MX-0155,Vadodara,45,0,5.8,7,499
MX-0155,Ludhiana, 30 ,0,1.9,7,499
MX-0155,Agra,41,0,0.7,21,499
MX-0155,Nashik,12,0,7.2,5,499
MX-0155,Meerut,76,0,7.4,21,499
MX-0155,Rajkot,30,0,4.0,14,499
MX-0155,Varanasi,167,95,5.1,14,499
MX-0155,Amritsar,22,20,6.2,5,499
,Noida,32,0,3.7,5,499
MX-0155,Gurugram,11,55,5.7,10,499
MX-0155,Coimbatore,47,0,1.5,14,499
MX-0155,Madurai,309,0,6.5,21,499
MX-0155,Guwahati,15,0,7.9,10,499
MX-0155,Mumbai City Mall,33,0,2.3,5,499
MX-0155,Delhi City Mall,144,0,6.9,21,499
MX-0155,Bengaluru City Mall,0,0,0.3,5,499
MX-0155,Hyderabad City Mall, 28 ,0,4.7,5,499
MX-0155,Chennai City Mall,80,0,7.4,5,499
MX-0155,Kolkata City Mall,23,0,1.4,7,499
MX-0155,Pune City Mall,74,0,4.3,7,499
MX-0155,Ahmedabad City Mall,51,0,7.3,14,499
MX-0155,Jaipur City Mall,74,52,6.4,7,499
MX-0155,Lucknow City Mall,0,0,0.8,5,499
MX-0155,Surat City Mall,68,0,5.1,14,499
MX-0155,Indore City Mall,18,0,6.5,14,499
MX-0155,Nagpur City Mall,171,0,6.7,10,499
MX-0155,Kochi City Mall,186,0,5.9,14,499
MX-0155,Chandigarh City Mall, 62 ,0,4.7,7,499
MX-0155,Bhopal City Mall,8,0,1.1,5,499
MX-0155,Patna City Mall,153,0,5.4,14,499
MX-0155,Vadodara City Mall,96,33,6.4,5,499
MX-0155,Ludhiana City Mall,26,0,0.9,10,499
MX-0155,Agra City Mall,152,20,4.7,10,499
MX-0156,Mumbai,138,0,6.2,7,999
MX-0156,Delhi, 128 ,0,7.7,14,999
MX-0156,Bengaluru,17,0,1.1,7,999
MX-0156,Hyderabad,39,0,3.7,10,999
MX-0156,Chennai,157,68,5.6,14,999
MX-0156,Kolkata,26,0,3.5,10,999
MX-0156,Pune,4,0,4.3,5,999
MX-0156,Ahmedabad,56,0,3.3,10,N/A
MX-0156,Jaipur,170,79,7.2,10,999
MX-0156,Lucknow,368,0,,21,999
MX-0156,Surat,5,23,6.3,7,999
MX-0156,Indore,11,28,1.5,14,999
MX-0156,Nagpur,16,24,2.7,10,999
MX-0156,Kochi,72.5,0,7.2,14,999
MX-0156,Chandigarh,195,0,7.0,10,999
MX-0156,Bhopal,18,0,4.2,7,999
MX-0156,Patna,92,0,2.5,21,999
MX-0156,Vadodara,32,26,4.6,7,999
MX-0156,Ludhiana,137,0,2.5,21,999
MX-0156,Agra,3,0,0.6,7,999
MX-0156,Nashik,4,0,2.8,5,999
MX-0156,Meerut,51,0,1.7,10,999
MX-0156,Rajkot,7,0,2.9,14,999
MX-0156,Varanasi,29,-9,6.9,,999
MX-0156,Amritsar,3,0,2.0,5,999
MX-0156,Noida,86,0,5.4,7,999
MX-0156,Gurugram,190,0,3.3,21,999
MX-0156,Coimbatore,342,0,5.6,21,999
MX-0156,Madurai,15,0,3.9,5,999
MX-0156,Guwahati,53,9,2.4,7,999
MX-0156,Mumbai City Mall,1,0,0.5,7 days,999
MX-0156,Delhi City Mall,177,45,4.3,21,999
MX-0156,Bengaluru City Mall,6,0,0.6,5,999
MX-0156,Hyderabad City Mall,51,13,2.5,10,999
MX-0156,Chennai City Mall,46,0,5.0,5,999
MX-0156,Kolkata City Mall,7,0,3.1,5,999
MX-0156,Pune City Mall,-9,29,6.9,5,999
MX-0156,Ahmedabad City Mall,20,0,0.9,10,999
MX-0156,Jaipur City Mall,20,0,4.9,7,999
MX-0156,Lucknow City Mall,91,0,7.6,14,999
MX-0156,Surat City Mall,21,0,2.4,21,999
MX-0156,Indore City Mall,28,22,6.7,5,999
MX-0156,Nagpur City Mall,53,0,3.2,10,999
MX-0156,Kochi City Mall,59,0,4.8,10,999
MX-0156,Chandigarh City Mall,84,0,2.8,21,999
MX-0156,Bhopal City Mall, 7 ,0,0.5,7,999
MX-0156,Patna City Mall,69,0,1.2,21,999
MX-0156,Vadodara City Mall,1,9,2.8,5,999
MX-0156,Ludhiana City Mall,212,0,7.0,14,999
MX-0156,Agra City Mall, 33 ,0,6.4,5,999
MX-0157,Mumbai,125,0,6.8,7,1999
MX-0157,Delhi, 20 ,33,5.8,7,1999
MX-0157,Bengaluru, 58 ,0,3.9,21,1999
MX-0157,Hyderabad,8,0,0.7,5,1999
MX-0157,Chennai,7,44,7.0,7,1999
MX-0157,Kolkata,54,0,3.1,7,1999
MX-0157,Pune,33,0,6.5,14,1999
MX-0157,Ahmedabad,12,0,3.6,5,1999
MX-0157,Ahmedabad,12,0,3.6,5,1999
MX-0157,Jaipur,21,9,3.5,5,1999
MX-0157,Lucknow,69,0,3.1,10,1999
MX-0157,Surat,3,0,1.2,5,1999
MX-0157,Indore,15,4,0.8,7,1999
MX-0157,Nagpur,57,0,1.5,14,1999
MX-0157,Kochi,32,0,7.5,5,1999
MX-0157,Chandigarh,168,0,7.1,14,1999
MX-0157,Bhopal,109,0,4.1,14,1999
MX-0157,Patna,92.5,0,4.9,14,N/A
MX-0157,Vadodara,79,0,7.2,5,1999
MX-0157,Ludhiana, 4 ,0,0.7,10,1999
MX-0157,Agra,89,0,6.1,7,1999
MX-0157,Nashik, 5 ,8,0.4,21,1999
MX-0157,Meerut,133,0,4.8,14,1999
MX-0157,Rajkot, 0 , 73 ,3.7,21,1999
MX-0157,Varanasi,81,0,6.7,7,1999
MX-0157,Amritsar,35,0,3.8,5,1999
MX-0157,Noida,2,0,5.8,5,1999
,Gurugram,162,0,2.5,21,1999
MX-0157,Coimbatore,49,0,4.3,10,1999
MX-0157,Madurai,9,8,0.6,14,1999
MX-0157,Guwahati,22,0,1.9,14,1999
MX-0157,Mumbai City Mall,2,0,0.6,7,1999
MX-0157,Delhi City Mall,29,0,0.8,21,1999
MX-0157,Bengaluru City Mall,29,0,6.0,5,1999
MX-0157,Hyderabad City Mall,68,37,3.9,10,1999
MX-0157,Chennai City Mall,63,0,6.4,7,1999
MX-0157,Kolkata City Mall,57,0,5.1,5,1999
MX-0157,Pune City Mall,182,109,5.6,14,1999
MX-0157,Ahmedabad City Mall,107,0,2.4,21,1999
MX-0157,Jaipur City Mall,85,0,7.3,14,1999
MX-0157,Lucknow City Mall,48,0,4.8,10,1999
MX-0157,Surat City Mall,130,0,5.8,7,1999
MX-0157,Indore City Mall,22,8,1.0,7,1999
MX-0157,Nagpur City Mall,18,0,,14,1999
MX-0157,Kochi City Mall,6,0,0.9,7,1999
MX-0157,Chandigarh City Mall,44,-14,3.9,10,1999
MX-0157,Bhopal City Mall,68,32,4.5,7,1999
MX-0157,Patna City Mall,148,0,5.3,,1999
MX-0157,Vadodara City Mall,1,0,3.1,7,1999
MX-0157,Ludhiana City Mall,9,0,2.4,10,1999
MX-0157,Agra City Mall,38,0,5.9,14,1999
MX-0158,Mumbai,66,0,2.8,10,999
MX-0158,Delhi, 225 ,0,5.7,21,999
MX-0158,Bengaluru,76,0,5.0,14,999
MX-0158,Hyderabad,117,109,7.9,14,999
MX-0158,Chennai,86,15,5.3,5,999
MX-0158,Kolkata,60,0,7.8,10,999
MX-0158,Pune,19,0,0.9,7,999
MX-0158,Ahmedabad,15,0,3.9,10,999
MX-0158,Jaipur,16,0,7.0,7,999
MX-0158,Lucknow,13, 4 ,0.3,21 days,999
MX-0158,Surat,141,0,6.1,10,999
MX-0158,Indore,26,0,1.8,5,999
MX-0158,Nagpur,283,0,7.6,14,999
MX-0158,Kochi, 10 ,0,1.1,7,999
MX-0158,Chandigarh,26,0,1.6,7,999
MX-0158,Bhopal,29,0,1.4,14,999
MX-0158,Patna,45, 43 ,7.3,14,999
MX-0158,Vadodara,145,0,7.9,14,999
MX-0158,Ludhiana,342,0,7.8,21,999
MX-0158,Agra,84.5,0,1.9,14,999
MX-0158,Nashik,28,0,5.6,7,999
MX-0158,Meerut,38,0,4.0,14,999
MX-0158,Rajkot,30,0,6.3,10,999
MX-0158,Varanasi,5,0,0.7,7,999
MX-0158,Amritsar,23,0,1.0,10,999
MX-0158,Noida,(2),0,1.6,21,N/A
MX-0158,Gurugram,66,0,2.3,14,999
MX-0158,Coimbatore,109,0,5.0,7,999
MX-0158,Madurai,79,0,3.0,14,999
MX-0158,Guwahati,68,0,4.6,5,999
MX-0158,Mumbai City Mall,2,0,2.9,5,999
MX-0158,Delhi City Mall,2,0,2.9,7,999
MX-0158,Bengaluru City Mall,33,50,1.8,21,999
MX-0158,Hyderabad City Mall,129,35,5.8,10,999
MX-0158,Chennai City Mall,63,68,3.9,14,999
MX-0158,Kolkata City Mall,111,0,7.9,5,999
MX-0158,Pune City Mall,118,0,5.0,7,999
MX-0158,Ahmedabad City Mall,15,2,0.4,14,999
MX-0158,Jaipur City Mall,20,0,1.8,5,999
MX-0158,Lucknow City Mall,24,0,7.7,5,999
MX-0158,Surat City Mall,77,0,2.3,10,999
MX-0158,Indore City Mall,186,0,3.2,21,999
MX-0158,Nagpur City Mall,82,0,5.8,7,999
MX-0158,Kochi City Mall,3, 6 ,1.1,14,999
MX-0158,Chandigarh City Mall,225,0,5.3,14,999
MX-0158,Bhopal City Mall,54,0,7.7,14,999
MX-0158,Patna City Mall,59,0,3.9,14,999
MX-0158,Vadodara City Mall,4,0,0.4,10,999
MX-0158,Ludhiana City Mall,47,0,3.1,7,999
MX-0158,Agra City Mall,216,0,4.6,21,999
MX-0159,Mumbai,64,0,6.1,10,1999
MX-0159,Delhi,35,0,0.8,14,1999
MX-0159,Bengaluru,110,0,2.9,14,1999
MX-0159,Hyderabad,271,0,6.9,14,1999
MX-0159,Chennai,15,0,1.1,10,1999
MX-0159,Chennai,15,0,1.1,10,1999
MX-0159,Kolkata,330,0,7.7,14,1999
MX-0159,Pune,30,0,1.0,10,1999
MX-0159,Ahmedabad,7,0,0.7,7,1999
MX-0159,Jaipur,363,0,5.4,21,1999
MX-0159,Lucknow,28,0,2.4,7,1999
MX-0159,Surat,155,0,4.9,10,1999
MX-0159,Indore,117,30,5.1,7,1999
MX-0159,Nagpur,53,0,3.3,5,1999
MX-0159,Kochi,10,91,5.1,14,1999
MX-0159,Chandigarh,28,15,2.5,10,1999
MX-0159,Bhopal,3,-10,0.7,7,1999
MX-0159,Patna,24,0,1.6,7,1999
MX-0159,Vadodara,1,0,0.3,5,1999
MX-0159,Ludhiana,56,0,7.1,7,1999
MX-0159,Agra,194,0,6.5,,1999
MX-0159,Nashik,139,0,6.6,7,1999
MX-0159,Meerut,134, 110 ,7.4,21,1999
MX-0159,Rajkot,129.5,0,5.6,14,1999
MX-0159,Varanasi,17,10,1.4,7,1999
MX-0159,Amritsar,59,0,1.0,21,1999
MX-0159,Noida,190,82,,14,1999
MX-0159,Gurugram,5,0,1.6,21,1999
,Coimbatore,137,0,7.0,21,1999
MX-0159,Madurai,34,0,2.9,7,1999
MX-0159,Guwahati,48,0,4.2,5,1999
MX-0159,Mumbai City Mall,89,0,7.6,5,1999
MX-0159,Delhi City Mall,32,0,4.0,5,1999
MX-0159,Bengaluru City Mall,74,0,5.0,5,1999
MX-0159,Hyderabad City Mall,72,0,4.0,10,1999
MX-0159,Chennai City Mall,66,0,3.2,10,N/A
MX-0159,Kolkata City Mall,62,109,6.3,14,1999
MX-0159,Pune City Mall,8,0,0.8,5,1999
MX-0159,Ahmedabad City Mall,141,0,3.2,21,1999
MX-0159,Jaipur City Mall,84,0,7.2,14 days,1999
MX-0159,Lucknow City Mall,29,15,2.2,5,1999
MX-0159,Surat City Mall,285,0,6.7,14,1999
MX-0159,Indore City Mall,24,0,3.3,14,1999
MX-0159,Nagpur City Mall,62,0,6.6,5,1999
MX-0159,Kochi City Mall,40,28,6.8,5,1999
MX-0159,Chandigarh City Mall,102,0,6.9,14,1999
MX-0159,Bhopal City Mall,61,29,5.7,5,1999
MX-0159,Patna City Mall,4, 111 ,4.0,21,1999
MX-0159,Vadodara City Mall,77,0,5.6,5,1999
MX-0159,Ludhiana City Mall,23,0,1.7,5,1999
MX-0159,Agra City Mall,21,16,2.0,7,1999
MX-0160,Mumbai,171,0,2.9,21,3999
MX-0160,Delhi,6,0,0.2,14,3999
MX-0160,Bengaluru,73,23,1.7,14,3999
MX-0160,Hyderabad,18,30,6.9,5,3999
MX-0160,Chennai,17,0,1.0,10,3999
MX-0160,Kolkata,85,0,3.5,10,3999
MX-0160,Pune, 33 ,0,2.6,7,3999
MX-0160,Ahmedabad,262,0,6.6,21,3999
MX-0160,Jaipur,43,0,2.2,21,3999
MX-0160,Lucknow,166,0,4.9,21,3999
MX-0160,Surat,8,0,3.5,21,3999
MX-0160,Indore,2,0,1.1,14,3999
MX-0160,Nagpur,35,0,2.5,21,3999
MX-0160,Kochi,61,44,3.5,14,3999
MX-0160,Chandigarh,-4,0,2.5,7,3999
MX-0160,Bhopal,60,17,7.9,5,3999
MX-0160,Patna,20,5,1.3,5,3999
MX-0160,Vadodara,129,59,5.4,10,3999
MX-0160,Ludhiana,11,0,0.6,7,3999
MX-0160,Agra,12,42,4.9,7,3999
MX-0160,Nashik,144,55,2.7,21,3999
MX-0160,Meerut, 4 ,0,1.0,5,3999
MX-0160,Rajkot,222,0,6.2,21,3999
MX-0160,Varanasi,168,35,6.4,10,3999
MX-0160,Amritsar,127,0,2.2,21,3999
MX-0160,Noida,44.5,0,1.5,14,3999
MX-0160,Gurugram,22,0,4.9,5,3999
MX-0160,Coimbatore,15,0,2.5,7,3999
MX-0160,Madurai,61,0,2.3,14,3999
MX-0160,Guwahati,89,0,6.4,7,3999
MX-0160,Mumbai City Mall,61,28,3.7,10,3999
MX-0160,Delhi City Mall,49,0,7.8,14,3999
MX-0160,Bengaluru City Mall,128,0,5.7,7,3999
MX-0160,Hyderabad City Mall,98,0,7.9,10,3999
MX-0160,Chennai City Mall,70,0,1.5,14,3999
MX-0160,Kolkata City Mall, 3 ,0,4.8,10,3999
MX-0160,Pune City Mall,78,-12,4.9,10,3999
MX-0160,Ahmedabad City Mall,57,0,6.2,5,3999
MX-0160,Jaipur City Mall,187,0,7.9,14,3999
MX-0160,Lucknow City Mall,511,0,7.2,21,3999
MX-0160,Surat City Mall,118,40,5.8,7,3999
MX-0160,Indore City Mall,10,4,0.7,7,3999
MX-0160,Nagpur City Mall,69,0,3.3,,3999
MX-0160,Kochi City Mall,20,0,5.5,10,N/A
MX-0160,Chandigarh City Mall,48,23,2.0,10,3999
MX-0160,Bhopal City Mall,118,0,7.5,14,3999
MX-0160,Patna City Mall,2,11,4.0,5,3999
MX-0160,Vadodara City Mall,9,0,1.4,5,3999
MX-0160,Ludhiana City Mall,11,5,1.2,10,3999
MX-0160,Agra City Mall,4,0,6.7,7,3999
MX-0161,Mumbai,102,0,2.5,21,499
MX-0161,Delhi,180,0,2.6,21,499
MX-0161,Delhi,180,0,2.6,21,499
MX-0161,Bengaluru,90,0,3.1,21,499
MX-0161,Hyderabad,32, 6 ,1.5,7,499
MX-0161,Chennai,30,13,4.1,7,499
MX-0161,Kolkata,74,0,3.5,10,499
MX-0161,Pune,91,0,1.7,21,499
MX-0161,Ahmedabad,78,0,5.4,10,499
MX-0161,Jaipur,10,0,,21,499
MX-0161,Lucknow,29,6,2.3,5,499
MX-0161,Surat, 159 ,0,5.3,10,499
MX-0161,Indore,54,22,2.7,10,499
MX-0161,Nagpur,37,0,1.6,21,499
MX-0161,Kochi,163,0,6.3,10,499
MX-0161,Chandigarh,120,0,7.8,14,499
MX-0161,Bhopal,5,0,5.5,10,499
MX-0161,Patna,8,0,1.1,7,499
MX-0161,Vadodara,245,0,6.2,14 days,499
MX-0161,Ludhiana,0,0,2.5,21,499
MX-0161,Agra,74,0,5.6,7,499
MX-0161,Nashik,329,0,6.2,21,499
MX-0161,Meerut,284,0,6.1,14,499
MX-0161,Rajkot,2,12,1.1,14,499
MX-0161,Varanasi,2,0,0.6,10,499
MX-0161,Amritsar,59,0,6.3,5,499
MX-0161,Noida, 51 ,0,7.8,10,499
MX-0161,Gurugram,41,0,5.4,10,499
MX-0161,Coimbatore,32,0,4.7,5,499
,Madurai,61.5,0,6.7,5,499
MX-0161,Guwahati,203,89,5.7,14,499
MX-0161,Mumbai City Mall,30,0,4.6,5,499
MX-0161,Delhi City Mall,96,0,4.5,21,499
MX-0161,Bengaluru City Mall,123,24,4.3,10,499
MX-0161,Hyderabad City Mall,26,0,3.6,21,499
MX-0161,Chennai City Mall,57,0,6.9,14,499
MX-0161,Kolkata City Mall,42,0,1.4,10,499
MX-0161,Pune City Mall,248,0,7.3,14,499
MX-0161,Ahmedabad City Mall,95,0,6.2,10,499
MX-0161,Jaipur City Mall,27,0,1.5,7,499
MX-0161,Lucknow City Mall,33,23,5.4,10,499
MX-0161,Surat City Mall,171,0,4.1,14,499
MX-0161,Indore City Mall,110,0,7.8,21,499
MX-0161,Nagpur City Mall,3, 3 ,0.2,14,499
MX-0161,Kochi City Mall,12,0,4.3,10,499
MX-0161,Chandigarh City Mall,60,0,1.3,14,499
MX-0161,Bhopal City Mall,90,0,6.2,7,499
MX-0161,Patna City Mall,30,66,4.9,14,499
MX-0161,Vadodara City Mall,21,0,1.2,7,499
MX-0161,Ludhiana City Mall,64,0,5.6,14,499
MX-0161,Agra City Mall,334,0,4.8,21,499
MX-0162,Mumbai,15,0,6.9,10,999
MX-0162,Delhi,16,20,4.9,5,999
MX-0162,Bengaluru,16,0,1.3,14,N/A
MX-0162,Hyderabad,-3,28,1.0,21,999
MX-0162,Chennai,50,15,3.7,10,999
MX-0162,Kolkata,123,0,6.6,7,999
MX-0162,Pune,79,19,4.7,7,999
MX-0162,Ahmedabad,63,-2,1.1,21,999
MX-0162,Jaipur,84,47,7.9,7,999
MX-0162,Lucknow, 53 ,0,5.2,5,999
MX-0162,Surat,13,5,0.9,5,999
MX-0162,Indore,22,0,3.0,7,999
MX-0162,Nagpur,132,0,4.1,14,999
MX-0162,Kochi,83,0,4.3,10,999
MX-0162,Chandigarh,319,0,6.4,21,999
MX-0162,Bhopal,20,4,0.6,,999
MX-0162,Patna,252,0,4.4,21,999
MX-0162,Vadodara,18,0,4.3,7,999
MX-0162,Ludhiana,20,0,4.1,5,999
MX-0162,Agra,2,0,0.8,7,999
MX-0162,Nashik,3,0,0.2,10,999
MX-0162,Meerut,17,0,0.6,10,999
MX-0162,Rajkot,0,0,0.2,10,999
MX-0162,Varanasi,35,0,4.0,21,999
MX-0162,Amritsar,8,0,4.8,7,999
MX-0162,Noida, 105 ,0,5.1,14,999
MX-0162,Gurugram,86,30,2.5,14,999
MX-0162,Coimbatore, 15 ,8,1.5,5,999
MX-0162,Madurai,10,0,1.8,5,999
MX-0162,Guwahati,212,0,4.9,14,999
MX-0162,Mumbai City Mall, 19 ,0,4.5,14,999
MX-0162,Delhi City Mall,167.5, 44 ,5.5,14,999
MX-0162,Bengaluru City Mall,72,0,1.1,21,999
MX-0162,Hyderabad City Mall,91,0,6.0,21,999
MX-0162,Chennai City Mall,89,69,5.1,10,999
MX-0162,Kolkata City Mall,1,0,4.0,5,999
MX-0162,Pune City Mall,15,0,4.6,5,999
MX-0162,Ahmedabad City Mall,72,0,4.3,14,999
MX-0162,Jaipur City Mall,0,0,0.5,5,999
MX-0162,Lucknow City Mall,90,0,3.4,10,999
MX-0162,Surat City Mall,121,0,4.5,10,999
MX-0162,Indore City Mall,239,99,,10,999
MX-0162,Nagpur City Mall,99,0,3.5,10,999
MX-0162,Kochi City Mall,63,42,7.3,10,999
MX-0162,Chandigarh City Mall,113,0,4.3,10,999
MX-0162,Bhopal City Mall,96,34,4.0,10,999
MX-0162,Patna City Mall,33,0,1.5,7 days,999
MX-0162,Vadodara City Mall,58,0,3.6,21,999
MX-0162,Ludhiana City Mall,43, 12 ,1.1,14,999
MX-0162,Ludhiana City Mall,43, 12 ,1.1,14,999
MX-0162,Agra City Mall,33,59,4.5,10,999
MX-0163,Mumbai,10,0,2.4,10,1999
MX-0163,Delhi,45,28,6.1,7,1999
MX-0163,Bengaluru, 53 ,0,1.4,14,1999
MX-0163,Hyderabad,82,0,6.6,5,1999
MX-0163,Chennai,45,28,3.4,14,1999
MX-0163,Kolkata,4,0,0.2,14,1999
MX-0163,Pune,14,0,2.2,7,1999
MX-0163,Ahmedabad, 5 ,9,2.0,5,1999
MX-0163,Jaipur,175,0,6.3,14,1999
MX-0163,Lucknow,2,39,3.4,21,1999
MX-0163,Surat, 114 ,23,3.8,10,1999
MX-0163,Indore,69,0,4.3,7,N/A
MX-0163,Nagpur,1,0,0.2,10,1999
MX-0163,Kochi,33,0,3.6,14,1999
MX-0163,Chandigarh,58,0,2.5,7,1999
MX-0163,Bhopal,11,0,1.2,14,1999
MX-0163,Patna,85,0,6.3,14,1999
MX-0163,Vadodara,116,42,6.3,7,1999
MX-0163,Ludhiana,79,0,5.6,7,1999
MX-0163,Agra,24,68,4.0,14,1999
MX-0163,Nashik,96,69,6.3,10,1999
MX-0163,Meerut,30,29,2.0,21,1999
MX-0163,Rajkot,52,0,3.9,7,1999
MX-0163,Varanasi,58,0,6.6,5,1999
MX-0163,Amritsar,49,0,2.9,7,1999
MX-0163,Noida,110,0,7.6,5,1999
MX-0163,Gurugram,123,0,5.6,10,1999
MX-0163,Coimbatore,75,0,2.9,21,1999
MX-0163,Madurai,53,-7,3.9,21,1999
,Guwahati,30,0,2.2,5,1999
MX-0163,Mumbai City Mall,12,0,4.4,10,1999
MX-0163,Delhi City Mall,84,0,4.4,10,1999
MX-0163,Bengaluru City Mall,0,0,6.8,7,1999
MX-0163,Hyderabad City Mall,69,21,2.7,10,1999
MX-0163,Chennai City Mall,150.5,0,4.4,21,1999
MX-0163,Kolkata City Mall,80,0,7.6,10,1999
MX-0163,Pune City Mall,210,97,6.7,14,1999
MX-0163,Ahmedabad City Mall,105,0,3.9,10,1999
MX-0163,Jaipur City Mall,262,0,7.2,,1999
MX-0163,Lucknow City Mall,42,0,3.4,10,1999
MX-0163,Surat City Mall,432,0,7.2,21,1999
MX-0163,Indore City Mall,43,0,5.0,5,1999
MX-0163,Nagpur City Mall,-4,0,4.6,7,1999
MX-0163,Kochi City Mall,75,0,1.2,21,1999
MX-0163,Chandigarh City Mall,205,0,5.5,21,1999
MX-0163,Bhopal City Mall,309,0,7.1,14,1999
MX-0163,Patna City Mall,25,0,0.7,14,1999
MX-0163,Vadodara City Mall,101,0,6.1,7,1999
MX-0163,Ludhiana City Mall,216,0,3.6,21,1999
MX-0163,Agra City Mall,105,0,5.0,21,1999
MX-0164,Mumbai, 1 ,0,3.2,5,3999
MX-0164,Delhi,62,0,4.3,7,3999
MX-0164,Bengaluru,31,0,3.0,7,3999
MX-0164,Hyderabad,303,0,6.7,14,3999
MX-0164,Chennai,47, 21 ,5.4,5,3999
MX-0164,Kolkata,16,0,0.8,7,3999
MX-0164,Pune,29,0,1.5,21,3999
MX-0164,Ahmedabad,5,0,0.4,5,3999
MX-0164,Jaipur,133,0,7.3,21,3999
MX-0164,Lucknow,159,24,4.0,14,3999
MX-0164,Surat,58,0,2.9,14,3999
MX-0164,Indore, 66 ,41,4.9,10,3999
MX-0164,Nagpur,54,0,1.3,14,3999
MX-0164,Kochi,53,10,1.5,14,3999
MX-0164,Chandigarh, 69 ,0,2.4,10,3999
MX-0164,Bhopal,27,83,6.0,10,3999
MX-0164,Patna,23,0,3.8,7,3999
MX-0164,Vadodara,10,10,3.0,5,3999
MX-0164,Ludhiana,34,21,4.8,5,3999
MX-0164,Agra, 1 ,1,0.8,5,3999
MX-0164,Nashik,11,40,4.6,7,N/A
MX-0164,Meerut,250,0,6.8,21,3999
MX-0164,Rajkot,91,0,2.0,14,3999
MX-0164,Varanasi,9,28,4.1,5,3999
MX-0164,Amritsar,81,0,,21,3999
MX-0164,Noida,53,48,7.8,5 days,3999
MX-0164,Gurugram,84,0,2.1,14,3999
MX-0164,Coimbatore,68,0,5.6,7,3999
MX-0164,Madurai,49,0,6.2,7,3999
MX-0164,Guwahati,40,26,4.4,5,3999
MX-0164,Mumbai City Mall,266,0,7.9,10,3999
MX-0164,Delhi City Mall,253,0,7.2,21,3999
MX-0164,Bengaluru City Mall,79,0,5.9,7,3999
MX-0164,Hyderabad City Mall,13,0,4.0,5,3999
MX-0164,Chennai City Mall,44,8,3.0,5,3999
MX-0164,Kolkata City Mall,177,0,6.8,14,3999
MX-0164,Pune City Mall,12,0,1.0,5,3999
MX-0164,Ahmedabad City Mall,292.5,0,6.9,14,3999
MX-0164,Jaipur City Mall,10,0,3.2,14,3999
MX-0164,Lucknow City Mall,22,0,1.3,21,3999
MX-0164,Surat City Mall,6,0,2.9,7,3999
MX-0164,Indore City Mall,10,0,5.2,5,3999
MX-0164,Nagpur City Mall,57,17,6.0,5,3999
MX-0164,Kochi City Mall,51,0,4.3,7,3999
MX-0164,Chandigarh City Mall,4,0,0.3,5,3999
MX-0164,Bhopal City Mall,71,0,1.5,14,3999
MX-0164,Bhopal City Mall,71,0,1.5,14,3999
MX-0164,Patna City Mall,88,0,5.4,10,3999
MX-0164,Vadodara City Mall,85,28,3.6,7,3999
MX-0164,Ludhiana City Mall,421,0,7.5,21,3999
MX-0164,Agra City Mall,57,-18,1.5,14,3999
MX-0165,Mumbai,21,0,0.7,21,3999
MX-0165,Delhi,1,0,5.5,5,3999
MX-0165,Bengaluru,45,0,6.3,21,3999
MX-0165,Hyderabad,151,0,7.6,7,3999
MX-0165,Chennai,51,0,4.5,7,3999
MX-0165,Kolkata,241,0,7.0,14,3999
MX-0165,Pune,17,0,7.8,7,3999
MX-0165,Ahmedabad,15,0,5.3,7,3999
MX-0165,Jaipur,50,0,2.9,7,3999
MX-0165,Lucknow,91,0,4.0,10,3999
MX-0165,Surat,33,0,3.7,7,3999
MX-0165,Indore, 28 ,16,2.7,,3999
MX-0165,Nagpur,33, 17 ,2.6,7,3999
MX-0165,Kochi,207,0,4.3,21,3999
MX-0165,Chandigarh,302,48,7.8,14,3999
MX-0165,Bhopal,92,0,2.6,21,3999
MX-0165,Patna,94,0,4.0,7,3999
MX-0165,Vadodara,47,0,3.9,14,3999
MX-0165,Ludhiana,47,0,2.7,7,3999
MX-0165,Agra,95,0,4.6,7,3999
MX-0165,Nashik,26,0,1.7,10,3999
MX-0165,Meerut,0,0,3.7,10,3999
MX-0165,Rajkot,30,5,2.0,5,3999
MX-0165,Varanasi, 38 ,0,4.1,7,3999
MX-0165,Amritsar,131,0,7.0,7,3999
MX-0165,Noida,33,0,4.3,7,3999
MX-0165,Gurugram,36,10,0.8,21,3999
MX-0165,Coimbatore,55,0,4.2,14,3999
MX-0165,Madurai,163,174,7.7,21,3999
MX-0165,Guwahati,25,0,3.8,5,N/A
,Mumbai City Mall,27,43,5.8,10,3999
MX-0165,Delhi City Mall,-4,0,3.9,7,3999
MX-0165,Bengaluru City Mall,468,141,7.3,21,3999
MX-0165,Hyderabad City Mall,12,0,5.7,10,3999
MX-0165,Chennai City Mall,19,0,0.3,21,3999
MX-0165,Kolkata City Mall,294,0,4.8,21,3999
MX-0165,Pune City Mall,192,0,7.4,14,3999
MX-0165,Ahmedabad City Mall,53,0,6.8,5,3999
MX-0165,Jaipur City Mall,25,0,1.2,10,3999
MX-0165,Lucknow City Mall,28,0,4.2,7,3999
MX-0165,Surat City Mall,1.5,0,5.8,14,3999
MX-0165,Indore City Mall,18,0,2.4,5,3999
MX-0165,Nagpur City Mall,33,0,3.5,14,3999
MX-0165,Kochi City Mall,219,0,7.5,10,3999
MX-0165,Chandigarh City Mall,25,0,4.7,7,3999
MX-0165,Bhopal City Mall,58,0,2.8,7,3999
MX-0165,Patna City Mall,287,0,5.6,21,3999
MX-0165,Vadodara City Mall,1,0,1.0,5,3999
MX-0165,Ludhiana City Mall, 39 ,19,2.3,7,3999
MX-0165,Agra City Mall,25,8,2.0,5,3999
MX-0166,Mumbai,241,0,3.5,21,1999
MX-0166,Delhi,7,0,0.8,5,1999
MX-0166,Bengaluru,41,16,5.7,7,1999
MX-0166,Hyderabad,38,0,3.3,7,1999
MX-0166,Chennai,76,0,4.7,5 days,1999
MX-0166,Kolkata,26, 46 ,1.9,21,1999
MX-0166,Pune, 40 ,0,4.7,5,1999
MX-0166,Ahmedabad,14,0,,10,1999
MX-0166,Jaipur,11,19,2.2,10,1999
MX-0166,Lucknow,15,0,5.7,5,1999
MX-0166,Surat,6,0,1.3,7,1999
MX-0166,Indore,63,0,1.9,10,1999
MX-0166,Nagpur,2,21,0.9,21,1999
MX-0166,Kochi,324,0,7.4,14,1999
MX-0166,Chandigarh,208,0,6.5,14,1999
MX-0166,Bhopal,42,18,4.8,5,1999
MX-0166,Patna,117,25,7.2,5,1999
MX-0166,Vadodara,87,0,7.1,21,1999
MX-0166,Ludhiana, 116 ,50,3.7,14,1999
MX-0166,Agra,36,0,0.9,14,1999
MX-0166,Nashik,34,-1,3.3,5,1999
MX-0166,Meerut,164,61,6.8,14,1999
MX-0166,Rajkot,144,0,6.2,14,1999
MX-0166,Varanasi,67,15,1.5,21,1999
MX-0166,Amritsar,142,21,6.0,7,1999
MX-0166,Noida,15,0,0.4,21,1999
MX-0166,Gurugram,41,0,3.5,7,1999
MX-0166,Coimbatore,59,0,7.7,14,1999
MX-0166,Madurai,3,6,1.1,5,1999
MX-0166,Guwahati,34,0,1.4,14,1999
MX-0166,Mumbai City Mall,34,0,1.3,10,1999
MX-0166,Delhi City Mall,205,0,4.3,21,1999
MX-0166,Bengaluru City Mall,82,0,4.2,10,1999
MX-0166,Hyderabad City Mall,31,0,6.4,5,1999
MX-0166,Chennai City Mall,11,0,0.5,,1999
MX-0166,Kolkata City Mall,76,0,4.7,5,1999
MX-0166,Pune City Mall,71,0,4.9,5,1999
MX-0166,Ahmedabad City Mall,28,0,1.8,7,1999
MX-0166,Jaipur City Mall,224,0,4.4,21,N/A
MX-0166,Lucknow City Mall, 3 ,0,0.5,5,1999
MX-0166,Surat City Mall,115,0,7.1,5,1999
MX-0166,Indore City Mall,36,0,1.0,21,1999
MX-0166,Nagpur City Mall, 91 ,0,4.1,10,1999
MX-0166,Nagpur City Mall, 91 ,0,4.1,10,1999
MX-0166,Kochi City Mall,31.5,0,3.0,5,1999
MX-0166,Chandigarh City Mall,33,0,2.5,5,1999
MX-0166,Bhopal City Mall,58,0,6.9,5,1999
MX-0166,Patna City Mall,83,0,8.0,21,1999
MX-0166,Vadodara City Mall,252,0,4.0,21,1999
MX-0166,Ludhiana City Mall,54,0,5.3,5,1999
MX-0166,Agra City Mall,6,0,1.9,5,1999
MX-0167,Mumbai,39,0,1.8,21,499
MX-0167,Delhi,182,0,6.4,14,499
MX-0167,Bengaluru,6,0,7.3,5,499
MX-0167,Hyderabad,62,41,3.2,21,499
MX-0167,Chennai,47,23,2.4,7,499
MX-0167,Kolkata,103,0,2.5,14,499
MX-0167,Pune,55,0,3.0,14,499
MX-0167,Ahmedabad,22,0,5.2,5,499
MX-0167,Jaipur,4,0,0.5,5,499
MX-0167,Lucknow,25,0,1.6,5,499
MX-0167,Surat,20,0,2.7,10,499
MX-0167,Indore, 270 ,0,4.7,21,499
MX-0167,Nagpur,45,61,5.3,10,499
MX-0167,Kochi, 98 ,0,7.5,7,499
MX-0167,Chandigarh,122,0,7.4,10,499
MX-0167,Bhopal,145,0,7.0,14,499
MX-0167,Patna,33,0,2.4,21,499
MX-0167,Vadodara, 10 ,0,1.0,7,499
MX-0167,Ludhiana,43,0,1.4,10,499
MX-0167,Agra,317,0,7.8,21,499
MX-0167,Nashik,(5),0,7.4,7,499
MX-0167,Meerut,147,0,5.3,14,499
MX-0167,Rajkot,1,0,0.4,14,499
MX-0167,Varanasi,274,0,5.4,21,499
MX-0167,Amritsar,65,10,1.8,14,499
MX-0167,Noida,113,0,6.7,7,499
MX-0167,Gurugram,5,0,6.1,21,499
MX-0167,Coimbatore,215,0,3.9,21,499
MX-0167,Madurai,20,0,2.0,5,499
MX-0167,Guwahati, 39 ,0,2.1,10,499
MX-0167,Mumbai City Mall,14,0,4.8,7,499
,Delhi City Mall,19,0,1.9,7,499
MX-0167,Bengaluru City Mall,1,2,0.4,7,499
MX-0167,Hyderabad City Mall,14,0,1.3,10 days,499
MX-0167,Chennai City Mall,15,0,1.8,7,499
MX-0167,Kolkata City Mall,218,0,7.0,14,499
MX-0167,Pune City Mall, 4 ,1,0.3,5,499
MX-0167,Ahmedabad City Mall,96,0,3.9,21,499
MX-0167,Jaipur City Mall,50,0,6.3,21,499
MX-0167,Lucknow City Mall,384,0,5.9,21,499
MX-0167,Surat City Mall,5,0,,5,499
MX-0167,Indore City Mall,51,-2,3.4,10,499
MX-0167,Nagpur City Mall,8,0,4.7,7,499
MX-0167,Kochi City Mall,206,0,5.6,14,499
MX-0167,Chandigarh City Mall,38,0,3.5,5,499
MX-0167,Bhopal City Mall,40,0,6.7,5,499
MX-0167,Patna City Mall,11.5,0,0.5,7,499
MX-0167,Vadodara City Mall, 36 ,33,2.2,14,N/A
MX-0167,Ludhiana City Mall,87,21,5.6,7,499
MX-0167,Agra City Mall,49,0,6.1,21,499
MX-0168,Mumbai,197,0,6.0,10,1999
MX-0168,Delhi,21,0,5.1,10,1999
MX-0168,Bengaluru, 7 ,0,2.4,7,1999
MX-0168,Hyderabad,8,0,1.8,5,1999
MX-0168,Chennai,184,0,2.9,21,1999
MX-0168,Kolkata,46,16,4.9,5,1999
MX-0168,Pune,0,0,2.0,7,1999
MX-0168,Ahmedabad,153,30,6.5,,1999
MX-0168,Jaipur,9,0,3.5,5,1999
MX-0168,Lucknow,330,0,6.6,21,1999
MX-0168,Surat,78,0,5.5,10,1999
MX-0168,Indore,36,0,5.8,7,1999
MX-0168,Nagpur,34,0,2.4,7,1999
MX-0168,Kochi,148,65,7.7,7,1999
MX-0168,Chandigarh,118,0,7.9,7,1999
MX-0168,Bhopal,26,0,7.7,7,1999
MX-0168,Patna,149,37,5.8,10,1999
MX-0168,Vadodara,130,0,7.9,5,1999
MX-0168,Ludhiana,3,7,1.2,5,1999
MX-0168,Agra,120,72,5.7,10,1999
MX-0168,Nashik,178,0,5.4,21,1999
MX-0168,Meerut,53,0,1.6,14,1999
MX-0168,Rajkot,12,0,7.1,7,1999
MX-0168,Varanasi,109,0,4.3,10,1999
MX-0168,Amritsar,12,0,3.3,14,1999
MX-0168,Noida,10,0,0.6,7,1999
MX-0168,Gurugram,74,0,5.1,10,1999
MX-0168,Coimbatore,1,0,0.7,5,1999
MX-0168,Madurai,52,0,3.0,7,1999
MX-0168,Guwahati,10,0,1.9,10,1999
MX-0168,Mumbai City Mall,23,21,4.6,10,1999
MX-0168,Delhi City Mall,37,0,2.5,5,1999
MX-0168,Bengaluru City Mall,103,0,4.2,10,1999
MX-0168,Hyderabad City Mall,43,0,3.5,7,1999
MX-0168,Chennai City Mall,210,49,4.8,14,1999
MX-0168,Kolkata City Mall,37,0,4.5,10,1999
MX-0168,Pune City Mall,376,0,6.7,21,1999
MX-0168,Ahmedabad City Mall,60,0,2.1,10,1999
MX-0168,Jaipur City Mall,4,0,0.3,21,1999
MX-0168,Lucknow City Mall,106,45,6.7,10,1999
MX-0168,Lucknow City Mall,106,45,6.7,10,1999
MX-0168,Surat City Mall,90,0,4.3,10,1999
MX-0168,Indore City Mall, 429 ,0,6.9,21,1999
MX-0168,Nagpur City Mall,4,10,2.8,7,1999
MX-0168,Kochi City Mall,46,0,3.4,14,1999
MX-0168,Chandigarh City Mall,1,8,1.0,10,1999
MX-0168,Bhopal City Mall,379,0,5.6,21,1999
MX-0168,Patna City Mall,31,0,7.9,7,1999
MX-0168,Vadodara City Mall,45,0,6.0,14,1999
MX-0168,Ludhiana City Mall,38,27,2.9,10,1999
MX-0168,Agra City Mall,15.5,32,3.7,7,1999
MX-0169,Mumbai,50,0,5.7,5,999
MX-0169,Delhi,226,0,5.7,14,999
MX-0169,Bengaluru,38,0,2.9,14,999
MX-0169,Hyderabad,44,0,2.3,14,999
MX-0169,Chennai,30,0,4.8,5,999
MX-0169,Kolkata,41,0,6.5,21,999
MX-0169,Pune,13,0,2.4,5,N/A
MX-0169,Ahmedabad,174,0,6.8,21,999
MX-0169,Jaipur,14,0,0.3,21,999
MX-0169,Lucknow,(6),10,3.1,5,999
MX-0169,Surat,123,0,2.7,14,999
MX-0169,Indore,44,23,4.8,5,999
MX-0169,Nagpur,8,-12,5.3,10 days,999
MX-0169,Kochi,159,0,3.2,21,999
MX-0169,Chandigarh, 100 ,0,6.6,5,999
MX-0169,Bhopal, 23 ,17,1.2,21,999
MX-0169,Patna, 43 ,0,3.0,10,999
MX-0169,Vadodara,56,13,3.8,5,999
MX-0169,Ludhiana,115,0,7.9,7,999
MX-0169,Agra,102,0,6.4,21,999
MX-0169,Nashik,175,0,6.0,14,999
MX-0169,Meerut,44,0,1.9,14,999
MX-0169,Rajkot,166,0,6.0,14,999
MX-0169,Varanasi,24,0,,7,999
MX-0169,Amritsar,6,0,3.4,7,999
MX-0169,Noida,35,36,3.2,14,999
MX-0169,Gurugram,3,0,0.4,21,999
MX-0169,Coimbatore,22,0,5.2,10,999
MX-0169,Madurai,51,0,1.9,14,999
MX-0169,Guwahati,193,0,7.1,14,999
MX-0169,Mumbai City Mall,34,0,3.6,,999
MX-0169,Delhi City Mall,70,0,3.7,7,999
,Bengaluru City Mall,2,0,2.7,21,999
MX-0169,Hyderabad City Mall,8,0,0.2,14,999
MX-0169,Chennai City Mall,51,0,3.4,21,999
MX-0169,Kolkata City Mall,31,0,3.7,7,999
MX-0169,Pune City Mall,105,0,4.9,21,999
MX-0169,Ahmedabad City Mall,4,0,4.3,5,999
MX-0169,Jaipur City Mall,3,0,0.6,21,999
MX-0169,Lucknow City Mall,1,0,1.4,14,999
MX-0169,Surat City Mall,103,0,3.9,14,999
MX-0169,Indore City Mall,34,0,4.5,5,999
MX-0169,Nagpur City Mall,11,22,3.1,7,999
MX-0169,Kochi City Mall,47,0,3.9,14,999
MX-0169,Chandigarh City Mall,92,0,1.8,21,999
MX-0169,Bhopal City Mall,40,0,7.8,10,999
MX-0169,Patna City Mall,53,0,4.8,7,999
MX-0169,Vadodara City Mall,23,0,5.5,7,999
MX-0169,Ludhiana City Mall,232,0,6.0,14,999
MX-0169,Agra City Mall,20,83,6.4,10,999
MX-0170,Mumbai,9,0,1.9,7,499
MX-0170,Delhi, 376 ,119,5.8,21,499
MX-0170,Bengaluru,28.5,0,3.7,7,499
MX-0170,Hyderabad,25,0,2.9,5,499
MX-0170,Chennai,3,23,1.1,21,499
MX-0170,Kolkata,153,0,7.1,14,499
MX-0170,Pune,191,45,4.4,14,499
MX-0170,Ahmedabad,11,0,1.6,10,499
MX-0170,Jaipur,202, 55 ,4.8,14,499
MX-0170,Lucknow, 19 ,23,6.6,5,499
MX-0170,Surat,278,0,4.0,21,499
MX-0170,Indore,311,98,7.6,21,499
MX-0170,Nagpur,4,0,5.4,5,499
MX-0170,Kochi,156,0,6.9,21,499
MX-0170,Chandigarh,10,0,1.0,10,499
MX-0170,Bhopal,214,0,5.4,21,N/A
MX-0170,Patna,64,0,7.9,14,499
MX-0170,Vadodara,13,13,1.2,21,499
MX-0170,Ludhiana,184,0,8.0,21,499
MX-0170,Agra,46,0,2.9,14,499
MX-0170,Nashik,12,0,7.4,7,499
MX-0170,Meerut,71,0,4.7,14,499
MX-0170,Rajkot,0,0,7.0,21,499
MX-0170,Varanasi,6,0,5.9,10,499
MX-0170,Amritsar,291,86,4.8,21,499
MX-0170,Noida,2,0,2.7,5,499
MX-0170,Gurugram, 35 ,0,2.9,5,499
MX-0170,Coimbatore,48,0,3.9,14,499
MX-0170,Madurai,9,9,1.3,5,499
MX-0170,Guwahati,49,0,4.1,5,499
MX-0170,Mumbai City Mall,23,0,2.1,10,499
MX-0170,Delhi City Mall,0,0,0.6,7,499
MX-0170,Bengaluru City Mall,115,0,7.4,14,499
MX-0170,Hyderabad City Mall,50,-2,2.3,7,499
MX-0170,Chennai City Mall,112,49,7.0,7,499
MX-0170,Kolkata City Mall,179,0,3.0,21,499
MX-0170,Pune City Mall,39,0,7.7,5,499
MX-0170,Pune City Mall,39,0,7.7,5,499
MX-0170,Ahmedabad City Mall,4,0,0.4,5,499
MX-0170,Jaipur City Mall,173,140,7.3,14,499
MX-0170,Lucknow City Mall,153,0,7.3,7,499
MX-0170,Surat City Mall,29,0,0.9,14,499
MX-0170,Indore City Mall,0,0,5.7,10 days,499
MX-0170,Nagpur City Mall,58,18,5.5,7,499
MX-0170,Kochi City Mall,24,0,4.4,7,499
MX-0170,Chandigarh City Mall,172,0,6.0,14,499
MX-0170,Bhopal City Mall,0,0,1.2,7,499
MX-0170,Patna City Mall,36,0,2.4,5,499
MX-0170,Vadodara City Mall, 12 ,0,4.8,5,499
MX-0170,Ludhiana City Mall,(2),0,2.5,7,499
MX-0170,Agra City Mall,82,98,5.3,14,499
MX-0171,Mumbai,96,0,6.3,7,999
MX-0171,Delhi,24,40,2.2,14,999
MX-0171,Bengaluru,43,0,1.6,10,999
MX-0171,Hyderabad,6,12,2.6,,999
MX-0171,Chennai,108,0,5.5,21,999
MX-0171,Kolkata,9.5,0,3.7,5,999
MX-0171,Pune,9, 8 ,,5,999
MX-0171,Ahmedabad,6,0,1.3,5,999
MX-0171,Jaipur,43,0,3.5,10,999
MX-0171,Lucknow,16,0,0.7,21,999
MX-0171,Surat,89,0,5.6,14,999
MX-0171,Indore, 0 ,0,0.9,5,999
MX-0171,Nagpur,27,0,3.4,5,999
MX-0171,Kochi,89,29,4.4,7,999
MX-0171,Chandigarh,31,18,3.6,7,999
MX-0171,Bhopal,17,0,2.2,10,999
MX-0171,Patna,15,0,5.4,5,999
MX-0171,Vadodara,234,209,7.6,21,999
MX-0171,Ludhiana,199,0,3.1,21,999
MX-0171,Agra,58,0,0.9,21,999
MX-0171,Nashik,281,0,7.4,14,999
MX-0171,Meerut,115,0,4.9,7,999
MX-0171,Rajkot,52,30,7.8,7,999
MX-0171,Varanasi,54,0,6.4,5,999
MX-0171,Amritsar,25,21,3.3,10,N/A
MX-0171,Noida,166,0,5.0,10,999
MX-0171,Gurugram,143,85,6.8,14,999
MX-0171,Coimbatore,24,0,3.6,14,999
MX-0171,Madurai,95,0,4.5,14,999
MX-0171,Guwahati,47,42,2.3,14,999
MX-0171,Mumbai City Mall,13, 10 ,0.4,21,999
MX-0171,Delhi City Mall,20,0,4.2,5,999
MX-0171,Bengaluru City Mall,49,81,7.8,10,999
,Hyderabad City Mall,158,0,6.7,7,999
MX-0171,Chennai City Mall,23,0,2.8,21,999
MX-0171,Kolkata City Mall,1,0,0.2,5,999
MX-0171,Pune City Mall,57,16,2.5,10,999
MX-0171,Ahmedabad City Mall,30,0,3.2,5,999
MX-0171,Jaipur City Mall,17,124,5.3,21,999
MX-0171,Lucknow City Mall,7,4,0.4,10,999
MX-0171,Surat City Mall,107,0,5.6,7,999
MX-0171,Indore City Mall,6,0,0.7,10,999
MX-0171,Nagpur City Mall,25,0,4.1,21,999
MX-0171,Kochi City Mall,21,0,1.9,5,999
MX-0171,Chandigarh City Mall,26,40,3.6,14,999
MX-0171,Bhopal City Mall, 32 ,0,2.6,14,999
MX-0171,Patna City Mall,38,26,4.4,7,999
MX-0171,Vadodara City Mall,19,0,7.8,5,999
MX-0171,Ludhiana City Mall,371,0,7.6,21,999
MX-0171,Agra City Mall,22,0,1.2,10,999
MX-0172,Mumbai,21,0,1.3,5,199
MX-0172,Delhi,13,0,4.7,5,199
MX-0172,Bengaluru,22,0,2.0,5,199
MX-0172,Hyderabad,348,0,7.5,14,199
MX-0172,Chennai,187,-15,6.1,21,199
MX-0172,Kolkata,121,40,2.7,14,199
MX-0172,Pune,0,0,0.9,14,199
MX-0172,Ahmedabad,147,0,5.6,21,199
MX-0172,Jaipur,46.5,0,7.4,21,199
MX-0172,Lucknow,27,31,1.4,21,199
MX-0172,Surat,142,0,6.5,14,199
MX-0172,Indore,116,0,4.1,14,199
MX-0172,Nagpur,98,0,3.1,14,199
MX-0172,Kochi,483,0,7.7,21,199
MX-0172,Chandigarh,19,0,1.5,14,199
MX-0172,Bhopal,1,16,2.4,5,199
MX-0172,Patna,1,0,5.6,10,199
MX-0172,Vadodara,5,0,1.9,5,199
MX-0172,Ludhiana,15, 20 ,3.3,5,199
MX-0172,Agra,31,30,2.7,14,199
MX-0172,Nashik,103,0,5.1,10 days,199
MX-0172,Meerut,70,27,5.0,7,199
MX-0172,Rajkot,49,64,2.3,21,199
MX-0172,Varanasi,7,0,0.9,7,199
MX-0172,Amritsar,8,0,1.1,5,199
MX-0172,Noida,155,0,7.9,14,199
MX-0172,Gurugram,86,0,4.6,,199
MX-0172,Coimbatore,62,0,5.1,5,199
MX-0172,Madurai,36,0,3.1,7,199
MX-0172,Guwahati,109,0,6.0,7,199
MX-0172,Mumbai City Mall,55,0,7.4,7,199
MX-0172,Delhi City Mall,24,0,1.3,21,199
MX-0172,Bengaluru City Mall,80,0,5.4,5,199
MX-0172,Hyderabad City Mall,110,0,5.6,21,N/A
MX-0172,Hyderabad City Mall,110,0,5.6,21,N/A
MX-0172,Chennai City Mall,14,0,0.6,10,199
MX-0172,Kolkata City Mall,38,0,5.5,7,199
MX-0172,Pune City Mall,93,22,3.9,10,199
MX-0172,Ahmedabad City Mall,(6),0,4.0,14,199
MX-0172,Jaipur City Mall,48,0,2.7,14,199
MX-0172,Lucknow City Mall,264,0,,21,199
MX-0172,Surat City Mall,26,8,1.0,10,199
MX-0172,Indore City Mall,88,0,4.7,7,199
MX-0172,Nagpur City Mall,143,59,2.4,21,199
MX-0172,Kochi City Mall, 31 ,0,0.7,14,199
MX-0172,Chandigarh City Mall,9,0,0.8,14,199
MX-0172,Bhopal City Mall,43,0,2.7,10,199
MX-0172,Patna City Mall,15,0,0.6,10,199
MX-0172,Vadodara City Mall,76,0,3.7,21,199
MX-0172,Ludhiana City Mall,51,0,3.2,7,199
MX-0172,Agra City Mall,54,0,3.9,10,199
MX-0173,Mumbai,31,0,4.8,7,999
MX-0173,Delhi,14,0,0.8,21,999
MX-0173,Bengaluru,9,0,0.8,7,999
MX-0173,Hyderabad,20,0,2.1,5,999
MX-0173,Chennai,25,0,1.1,10,999
MX-0173,Kolkata,10,0,0.5,10,999
MX-0173,Pune,35,0,3.3,14,999
MX-0173,Ahmedabad,45,30,4.7,5,999
MX-0173,Jaipur,121,0,7.9,21,999
MX-0173,Lucknow,30,51,6.7,7,999
MX-0173,Surat,239,0,7.1,10,999
MX-0173,Indore,14.5,0,2.6,7,999
MX-0173,Nagpur,2,0,0.2,7,999
MX-0173,Kochi,113,0,1.9,21,999
MX-0173,Chandigarh,2,0,0.4,7,999
MX-0173,Bhopal,33,29,1.2,21,999
MX-0173,Patna,82,0,7.2,21,999
MX-0173,Vadodara,14,0,7.4,10,999
MX-0173,Ludhiana, 41 ,0,0.7,21,999
MX-0173,Agra,130,0,5.9,10,999
MX-0173,Nashik,48,0,2.9,5,999
MX-0173,Meerut,69,0,6.5,14,999
MX-0173,Rajkot,43,0,6.5,5,999
MX-0173,Varanasi,156,0,4.1,21,999
MX-0173,Amritsar,11,0,5.8,7,999
MX-0173,Noida,1,-5,0.8,7,999
MX-0173,Gurugram,34,0,3.8,5,999
MX-0173,Coimbatore,46,0,3.7,10,999
MX-0173,Madurai,68,21,4.7,7,999
MX-0173,Guwahati,53,0,4.1,21,999
MX-0173,Mumbai City Mall,143,0,2.2,21,999
MX-0173,Delhi City Mall,36,41,3.7,14,999
MX-0173,Bengaluru City Mall,263,69,5.6,21,999
MX-0173,Hyderabad City Mall,285,0,4.3,21,999
,Chennai City Mall,17,16,5.5,7,999
MX-0173,Kolkata City Mall,91,0,4.4,7,999
MX-0173,Pune City Mall,135,0,3.2,21,999
MX-0173,Ahmedabad City Mall,16,0,3.5,7,999
MX-0173,Jaipur City Mall,123,0,5.4,7,999
MX-0173,Lucknow City Mall,254,55,6.1,21,999
MX-0173,Surat City Mall,0,0,0.7,10,999
MX-0173,Indore City Mall,185,0,5.1,14,999
MX-0173,Nagpur City Mall, 134 ,0,8.0,10,N/A
MX-0173,Kochi City Mall,2,0,2.9,10,999
MX-0173,Chandigarh City Mall, 115 ,0,3.4,21,999
MX-0173,Bhopal City Mall,50,0,6.0,14,999
MX-0173,Patna City Mall,143,0,6.4,14,999
MX-0173,Vadodara City Mall,74,0,6.4,21,999
MX-0173,Ludhiana City Mall,32,0,6.2,7,999
MX-0173,Agra City Mall,38,0,2.8,,999
MX-0174,Mumbai,0,1,0.3,14,999
MX-0174,Delhi,1,0,0.9,5,999
MX-0174,Bengaluru,141,0,6.5,7,999
MX-0174,Hyderabad,20,17,2.2,7,999
MX-0174,Chennai,347,0,5.7,21,999
MX-0174,Kolkata,393,0,7.6,21,999
MX-0174,Pune,29,0,5.0,7,999
MX-0174,Ahmedabad,196,0,3.6,21,999
MX-0174,Jaipur,51,13,2.0,10,999
MX-0174,Lucknow,145,0,2.7,21,999
MX-0174,Surat,154,0,7.6,7,999
MX-0174,Indore,36,0,0.8,14,999
MX-0174,Nagpur,49,85,4.4,14,999
MX-0174,Kochi,193,0,3.1,21,999
MX-0174,Chandigarh,6.5,0,2.5,7,999
MX-0174,Bhopal,7,0,1.4,10,999
MX-0174,Patna,45,8,2.2,7,999
MX-0174,Vadodara,31,0,1.9,21,999
MX-0174,Ludhiana,101,0,5.5,14,999
MX-0174,Agra,166,0,7.3,7,999
MX-0174,Nashik,24,0,2.5,10,999
MX-0174,Meerut,16,0,0.6,14,999
MX-0174,Rajkot,112,0,,21,999
MX-0174,Varanasi,54,0,4.1,5,999
MX-0174,Amritsar,14,0,1.0,7,999
MX-0174,Noida,3,2,0.4,7,999
MX-0174,Gurugram,-6,68,6.1,21,999
MX-0174,Coimbatore,92,24,4.6,7,999
MX-0174,Madurai,170,0,5.7,10,999
MX-0174,Guwahati,134,0,7.2,14,999
MX-0174,Mumbai City Mall,91,0,4.5,7,999
MX-0174,Mumbai City Mall,91,0,4.5,7,999
MX-0174,Delhi City Mall,87,0,3.9,14,999
MX-0174,Bengaluru City Mall,8,0,0.4,7,999
MX-0174,Hyderabad City Mall,85,0,7.9,10,999
MX-0174,Chennai City Mall,34, 16 ,3.1,5,999
MX-0174,Kolkata City Mall,99,58,2.7,21,999
MX-0174,Pune City Mall,451,0,6.7,21,999
MX-0174,Ahmedabad City Mall,12,0,1.0,5,999
MX-0174,Jaipur City Mall, 3 ,0,6.7,5,999
MX-0174,Lucknow City Mall,122,0,6.0,10,999
MX-0174,Surat City Mall,129,0,5.2,10,999
MX-0174,Indore City Mall,11,0,5.8,5,999
MX-0174,Nagpur City Mall,16,0,2.4,10,999
MX-0174,Kochi City Mall,23,0,0.5,21,999
MX-0174,Chandigarh City Mall,110,71,7.3,7,999
MX-0174,Bhopal City Mall,300,0,7.3,21,999
MX-0174,Patna City Mall, 45 ,-1,6.1,7,999
MX-0174,Vadodara City Mall,5, 2 ,0.4,10,999
MX-0174,Ludhiana City Mall,4,0,5.1,7,999
MX-0174,Agra City Mall,25,0,2.1,14,999
MX-0175,Mumbai,222,0,6.0,14,499
MX-0175,Delhi,231,82,7.8,10,N/A
MX-0175,Bengaluru,161,0,6.2,21,499
MX-0175,Hyderabad, 30 ,0,2.1,5,499
MX-0175,Chennai,17,0,3.4,14,499
MX-0175,Kolkata,88,0,2.7,14,499
MX-0175,Pune,255,0,3.9,21,499
MX-0175,Ahmedabad, 28 ,0,4.1,10,499
MX-0175,Jaipur,458,0,6.7,21,499
MX-0175,Lucknow, 9 ,0,0.8,7,499
MX-0175,Surat,69,0,1.6,14,499
MX-0175,Indore,55,53,5.9,7,499
MX-0175,Nagpur,51,0,3.3,5,499
MX-0175,Kochi,52,0,6.1,5,499
MX-0175,Chandigarh,30,13,2.5,5,499
MX-0175,Bhopal,29,0,3.1,21,499
MX-0175,Patna,30,0,6.4,7,499
MX-0175,Vadodara,0.5,0,0.6,21,499
MX-0175,Ludhiana,35,0,5.9,21,499
MX-0175,Agra,44,0,5.3,10,499
MX-0175,Nashik,37,7,3.4,5,499
MX-0175,Meerut,29,0,2.1,14,499
MX-0175,Rajkot,254,0,6.7,,499
MX-0175,Varanasi,152,0,6.5,10,499
MX-0175,Amritsar,29,0,2.5,7,499
MX-0175,Noida,181,0,7.9,7,499
MX-0175,Gurugram, 25 ,0,3.7,14,499
MX-0175,Coimbatore,368,125,7.5,21,499
MX-0175,Madurai,9,0,0.3,14 days,499
MX-0175,Guwahati,6,0,0.6,5,499
MX-0175,Mumbai City Mall,4,1,0.6,5,499
MX-0175,Delhi City Mall,54,0,2.6,21,499
MX-0175,Bengaluru City Mall,0,0,0.6,10,499
MX-0175,Hyderabad City Mall,31,0,1.9,14,499
MX-0175,Chennai City Mall,8,0,1.8,14,499
,Kolkata City Mall,185,67,5.9,10,499
MX-0175,Pune City Mall,12,0,4.2,5,499
MX-0175,Ahmedabad City Mall,84,0,4.6,21,499
MX-0175,Jaipur City Mall,30,0,2.4,5,499
MX-0175,Lucknow City Mall,70,11,4.9,5,499
MX-0175,Surat City Mall,190,0,2.7,21,499
MX-0175,Indore City Mall,21,0,2.7,7,499
MX-0175,Nagpur City Mall,92,0,6.5,21,499
MX-0175,Kochi City Mall,36,0,7.7,5,499
MX-0175,Chandigarh City Mall,12,0,0.4,10,499
MX-0175,Bhopal City Mall,250,0,6.6,21,499
MX-0175,Patna City Mall,308, 79 ,7.7,21,499
MX-0175,Vadodara City Mall,82,0,6.2,5,499
MX-0175,Ludhiana City Mall,130,0,7.7,7,499
MX-0175,Agra City Mall,18,0,6.9,21,499
MX-0176,Mumbai,258,0,7.1,14,499
MX-0176,Delhi,76,0,1.6,21,499
MX-0176,Bengaluru,62,25,5.8,7,499
MX-0176,Hyderabad,38,16,2.0,7,499
MX-0176,Chennai,10,0,0.5,10,499
MX-0176,Kolkata,24,0,,21,499
MX-0176,Pune,13,0,2.6,5,499
MX-0176,Ahmedabad,21,40,6.0,5,499
MX-0176,Jaipur,62,51,6.6,7,499
MX-0176,Lucknow,84,44,7.8,7,499
MX-0176,Surat,24,50,2.8,14,N/A
MX-0176,Indore,190,0,4.6,21,499
MX-0176,Nagpur,87,0,1.4,21,499
MX-0176,Kochi,85,0,5.8,10,499
MX-0176,Chandigarh,62,0,2.7,7,499
MX-0176,Bhopal,(3),0,1.0,21,499
MX-0176,Patna,15,0,4.8,5,499
MX-0176,Vadodara,27,-8,2.8,10,499
MX-0176,Ludhiana,22,0,4.5,5,499
MX-0176,Agra,15,26,4.3,5,499
MX-0176,Nashik,187.5,0,8.0,7,499
MX-0176,Meerut,135,0,6.7,7,499
MX-0176,Rajkot,70,0,6.4,5,499
MX-0176,Varanasi,106,0,5.3,10,499
MX-0176,Amritsar,223,0,4.4,21,499
MX-0176,Noida,102,0,4.2,10,499
MX-0176,Gurugram,33,0,1.4,10,499
MX-0176,Coimbatore,15,2,0.5,14,499
MX-0176,Coimbatore,15,2,0.5,14,499
MX-0176,Madurai,87,0,2.2,21,499
MX-0176,Guwahati,31,0,2.4,5,499
MX-0176,Mumbai City Mall,103,0,7.0,5,499
MX-0176,Delhi City Mall,1,0,0.9,7,499
MX-0176,Bengaluru City Mall,21,0,8.0,7,499
MX-0176,Hyderabad City Mall,42,0,1.9,21,499
MX-0176,Chennai City Mall,21,20,3.1,5,499
MX-0176,Kolkata City Mall,122,0,5.9,7,499
MX-0176,Pune City Mall,44,0,7.0,14,499
MX-0176,Ahmedabad City Mall,4,0,1.7,7,499
MX-0176,Jaipur City Mall,10,0,0.7,7,499
MX-0176,Lucknow City Mall,56,0,3.8,21,499
MX-0176,Surat City Mall,201,78,5.6,21,499
MX-0176,Indore City Mall,13,5,1.8,5,499
MX-0176,Nagpur City Mall,84,52,7.7,5,499
MX-0176,Kochi City Mall,38,47,5.0,10,499
MX-0176,Chandigarh City Mall,2,0,1.5,7,499
MX-0176,Bhopal City Mall,0,0,1.4,,499
MX-0176,Patna City Mall,41,0,5.6,10,499
MX-0176,Vadodara City Mall,36,0,2.0,14,499
MX-0176,Ludhiana City Mall,0,5,2.4,5,499
MX-0176,Agra City Mall,28,7,0.9,14,499
MX-0177,Mumbai,24,0,2.9,5,999
MX-0177,Delhi,86,0,5.5,7,999
MX-0177,Bengaluru,27,0,1.0,14,999
MX-0177,Hyderabad,100,0,3.3,21,999
MX-0177,Chennai,238,0,4.6,21,999
MX-0177,Kolkata,82,24,6.8,7,999
MX-0177,Pune,309,0,4.7,21,999
MX-0177,Ahmedabad,37,0,2.5,5 days,999
MX-0177,Jaipur,25,17,2.0,14,999
MX-0177,Lucknow,104,0,6.0,10,999
MX-0177,Surat,76,33,2.6,10,999
MX-0177,Indore,328,161,7.5,21,999
MX-0177,Nagpur,64,0,5.9,7,999
MX-0177,Kochi,21, 27 ,6.1,5,999
MX-0177,Chandigarh,92,0,3.9,7,999
MX-0177,Bhopal,151,0,3.5,21,999
MX-0177,Patna,50,28,7.7,5,999
MX-0177,Vadodara,9,0,6.6,5,999
MX-0177,Ludhiana,27,0,3.0,7,999
MX-0177,Agra,26,0,2.8,5,N/A
MX-0177,Nashik,279,0,6.8,14,999
MX-0177,Meerut,23,0,5.5,10,999
MX-0177,Rajkot,11,0,5.3,21,999
MX-0177,Varanasi,11.5,0,2.3,10,999
MX-0177,Amritsar,5,0,7.5,10,999
MX-0177,Noida,69,0,7.6,5,999
MX-0177,Gurugram,9,0,3.7,10,999
MX-0177,Coimbatore,145,0,3.2,21,999
MX-0177,Madurai,40,0,3.3,10,999
MX-0177,Guwahati,30,0,3.6,10,999
MX-0177,Mumbai City Mall,54,0,4.0,10,999
MX-0177,Delhi City Mall,124,0,4.1,14,999
MX-0177,Bengaluru City Mall,11,0,0.6,7,999
MX-0177,Hyderabad City Mall,36,0,3.1,5,999
MX-0177,Chennai City Mall,40,0,4.3,10,999
MX-0177,Kolkata City Mall,47,0,3.0,5,999
,Pune City Mall,42,0,2.5,5,999
MX-0177,Ahmedabad City Mall,54,0,6.7,5,999
MX-0177,Jaipur City Mall,99,-8,,5,999
MX-0177,Lucknow City Mall,31,0,1.6,7,999
MX-0177,Surat City Mall,35,150,5.3,21,999
MX-0177,Indore City Mall,54,0,3.6,14,999
MX-0177,Nagpur City Mall,115,50,2.5,21,999
MX-0177,Kochi City Mall,74,0,7.5,7,999
MX-0177,Chandigarh City Mall,10,32,2.0,14,999
MX-0177,Bhopal City Mall,43,12,5.4,5,999
MX-0177,Patna City Mall,4,0,1.4,5,999
MX-0177,Vadodara City Mall,47,0,1.8,21,999
MX-0177,Ludhiana City Mall,3,0,1.7,5,999
MX-0177,Agra City Mall,65,0,2.2,10,999
MX-0178,Mumbai,104,0,4.4,14,1999
MX-0178,Delhi,9,0,7.4,5,1999
MX-0178,Bengaluru,20,0,3.3,7,1999
MX-0178,Hyderabad,41,0,5.6,21,1999
MX-0178,Chennai,-4,0,1.5,10,1999
MX-0178,Kolkata,60,0,6.3,5,1999
MX-0178,Pune,64,0,2.2,14,1999
MX-0178,Ahmedabad,31,0,7.9,14,1999
MX-0178,Jaipur,76,0,3.0,10,1999
MX-0178,Lucknow,37,0,7.7,5,1999
MX-0178,Surat,129,0,7.2,14,1999
MX-0178,Indore,57,0,2.0,10,1999
MX-0178,Nagpur,270,171,6.1,21,1999
MX-0178,Kochi,67,29,3.6,7,1999
MX-0178,Chandigarh,69,0,6.7,7,1999
MX-0178,Bhopal,63,104,4.4,21,1999
MX-0178,Patna,42,0,2.5,7,1999
MX-0178,Vadodara,29,11,2.9,5,1999
MX-0178,Ludhiana,88,0,5.8,,1999
MX-0178,Agra,5,0,0.3,7,1999
MX-0178,Nashik,8,12,1.9,5,1999
MX-0178,Meerut,13,0,0.6,10,1999
MX-0178,Rajkot,12,0,1.3,14,1999
MX-0178,Varanasi,54,59,6.7,7,1999
MX-0178,Amritsar,17,0,2.4,10,1999
MX-0178,Amritsar,17,0,2.4,10,1999
MX-0178,Noida,21,11,2.6,5,1999
MX-0178,Gurugram,24.5,0,0.9,21,1999
MX-0178,Coimbatore,74,0,7.2,7,1999
MX-0178,Madurai,161,0,2.7,21,N/A
MX-0178,Guwahati,50,58,7.3,7,1999
MX-0178,Mumbai City Mall,107,0,3.7,14,1999
MX-0178,Delhi City Mall,23,20,1.8,14,1999
MX-0178,Bengaluru City Mall,243,0,7.5,14,1999
MX-0178,Hyderabad City Mall,23,73,8.0,14,1999
MX-0178,Chennai City Mall,217,80,6.9,10,1999
MX-0178,Kolkata City Mall,69,25,3.6,7,1999
MX-0178,Pune City Mall,12,8,2.7,7 days,1999
MX-0178,Ahmedabad City Mall,101,0,6.8,5,1999
MX-0178,Jaipur City Mall,12,11,1.5,14,1999
MX-0178,Lucknow City Mall,57,10,3.6,5,1999
MX-0178,Surat City Mall,17,0,7.0,14,1999
MX-0178,Indore City Mall,143,0,7.6,7,1999
MX-0178,Nagpur City Mall,25,22,5.6,7,1999
MX-0178,Kochi City Mall,105,0,4.9,7,1999
MX-0178,Chandigarh City Mall,343,0,7.4,14,1999
MX-0178,Bhopal City Mall,7,0,0.7,5,1999
MX-0178,Patna City Mall,99,0,5.8,10,1999
MX-0178,Vadodara City Mall, 11 ,0,1.9,10,1999
MX-0178,Ludhiana City Mall,20,35,5.5,10,1999
MX-0178,Agra City Mall,90,0,8.0,14,1999
MX-0179,Mumbai,85,34,5.4,7,499
MX-0179,Delhi,36,32,1.7,14,499
MX-0179,Bengaluru,176,50,5.9,21,499
MX-0179,Hyderabad, 31 ,0,7.5,21,499
MX-0179,Chennai,276,0,7.0,14,499
MX-0179,Kolkata,2,0,0.2,7,499
MX-0179,Pune, 40 ,0,3.0,5,499
MX-0179,Ahmedabad,25,0,4.6,7,499
MX-0179,Jaipur,14,0,7.1,10,499
MX-0179,Lucknow,12,-10,1.1,5,499
MX-0179,Surat,24,0,2.7,5,499
MX-0179,Indore,102,0,5.9,10,499
MX-0179,Nagpur, 46 ,0,6.6,10,499
MX-0179,Kochi,64,0,3.8,7,499
MX-0179,Chandigarh,178,0,5.0,14,499
MX-0179,Bhopal,427,132,6.5,21,499
MX-0179,Patna,22,43,6.0,7,499
MX-0179,Vadodara,29,0,5.7,14,499
MX-0179,Ludhiana,230,0,5.0,14,499
MX-0179,Agra,6,1,0.3,7,499
MX-0179,Nashik,44,0,7.3,5,499
MX-0179,Meerut,86,0,,10,499
MX-0179,Rajkot,35,0,4.7,21,499
MX-0179,Varanasi,91,0,5.0,7,499
MX-0179,Amritsar, 74 ,0,5.6,5,499
MX-0179,Noida,130,0,7.1,7,499
MX-0179,Gurugram,68,0,3.8,7,499
MX-0179,Coimbatore, 18 ,26,5.4,5,499
MX-0179,Madurai,18,0,4.6,10,499
MX-0179,Guwahati,451.5,82,7.5,21,499
MX-0179,Mumbai City Mall,114,0,6.0,7,499
MX-0179,Delhi City Mall,78,0,3.7,14,499
MX-0179,Bengaluru City Mall,0,0,0.3,5,499
MX-0179,Hyderabad City Mall, 66 ,0,7.5,5,499
MX-0179,Chennai City Mall,37,0,2.2,7,499
MX-0179,Kolkata City Mall,374,70,6.1,21,499
MX-0179,Pune City Mall,27,0,7.5,10,499
,Ahmedabad City Mall,20,8,1.4,10,N/A
MX-0179,Jaipur City Mall,6,42,7.0,10,499
MX-0179,Lucknow City Mall,9,0,0.5,10,499
MX-0179,Surat City Mall,1,0,5.9,5,499
MX-0179,Indore City Mall,229,0,7.6,,499
MX-0179,Nagpur City Mall,17,0,1.7,10,499
MX-0179,Kochi City Mall,-8,86,3.7,21,499
MX-0179,Chandigarh City Mall,70,0,6.3,7,499
MX-0179,Bhopal City Mall,1,52,2.0,21,499
MX-0179,Patna City Mall,114,0,1.8,21,499
MX-0179,Vadodara City Mall,146,0,7.5,10,499
MX-0179,Ludhiana City Mall,97,0,1.4,21,499
MX-0179,Agra City Mall,0,0,0.6,21,499
MX-0180,Mumbai,17,0,3.4,14,1999
MX-0180,Delhi,61,22,7.7,7,1999
MX-0180,Bengaluru,43,0,3.5,5,1999
MX-0180,Hyderabad,54,8,3.3,5,1999
MX-0180,Chennai,33,0,7.2,7,1999
MX-0180,Kolkata,89,59,6.7,7,1999
MX-0180,Pune,398,186,6.4,21,1999
MX-0180,Ahmedabad, 181 ,40,4.4,14,1999
MX-0180,Jaipur,37,6,1.1,10,1999
MX-0180,Lucknow,8,0,0.8,5,1999
MX-0180,Surat,23,0,2.0,10,1999
MX-0180,Indore,315,0,6.1,21,1999
MX-0180,Nagpur,75,0,3.1,10,1999
MX-0180,Kochi,2,0,5.8,7,1999
MX-0180,Chandigarh,160,0,7.5,10,1999
MX-0180,Bhopal, 6 ,39,6.6,5 days,1999
MX-0180,Patna,23,0,1.4,7,1999
MX-0180,Vadodara,119,0,7.6,21,1999
MX-0180,Ludhiana, 204 ,0,5.9,21,1999
MX-0180,Agra, 295 ,0,6.8,14,1999
MX-0180,Nashik,115,0,3.7,21,1999
MX-0180,Meerut,27,0,2.4,5,1999
MX-0180,Meerut,27,0,2.4,5,1999
MX-0180,Rajkot,1,20,5.9,5,1999
MX-0180,Varanasi,14,15,2.3,14,1999
MX-0180,Amritsar,7,0,1.5,5,1999
MX-0180,Noida, 130 ,0,4.9,10,1999
MX-0180,Gurugram,68,0,7.9,10,1999
MX-0180,Coimbatore,17,63,6.5,14,1999
MX-0180,Madurai,42,28,4.3,10,1999
MX-0180,Guwahati,81,0,5.1,7,1999
MX-0180,Mumbai City Mall,106,-5,5.3,10,1999
MX-0180,Delhi City Mall,58,73,3.8,14,1999
MX-0180,Bengaluru City Mall,63.5,0,6.5,7,1999
MX-0180,Hyderabad City Mall,145,0,7.8,7,1999
MX-0180,Chennai City Mall, 11 ,0,2.5,5,1999
MX-0180,Kolkata City Mall,7,0,0.9,7,1999
MX-0180,Pune City Mall,65,41,7.4,5,1999
MX-0180,Ahmedabad City Mall,87,0,7.7,14,1999
MX-0180,Jaipur City Mall,6,0,2.3,5,1999
MX-0180,Lucknow City Mall,19,0,7.0,7,1999
MX-0180,Surat City Mall,207,0,6.5,10,1999
MX-0180,Indore City Mall,2,0,1.3,5,1999
MX-0180,Nagpur City Mall,45,15,5.6,5,1999
MX-0180,Kochi City Mall,6,69,4.6,14,1999
MX-0180,Chandigarh City Mall,21,0,2.0,21,1999
MX-0180,Bhopal City Mall,69,0,1.4,21,1999
MX-0180,Patna City Mall,12,4,0.9,7,N/A
MX-0180,Vadodara City Mall,35,6,1.8,7,1999
MX-0180,Ludhiana City Mall,141,0,7.9,21,1999
MX-0180,Agra City Mall,2,0,1.3,5,1999
MX-0181,Mumbai,75,0,4.0,14,999
MX-0181,Delhi, 245 ,0,5.2,14,999
MX-0181,Bengaluru,136,33,3.4,14,999
MX-0181,Hyderabad,2,0,7.9,14,999
MX-0181,Chennai,38,58,,10,999
MX-0181,Kolkata,0,0,0.6,5,999
MX-0181,Pune, 17 ,0,1.7,10,999
MX-0181,Ahmedabad, 120 ,0,4.4,10,999
MX-0181,Jaipur,108,140,6.6,21,999
MX-0181,Lucknow,73,0,2.8,10,999
MX-0181,Surat,19,0,4.9,14,999
MX-0181,Indore,25,0,2.3,7,999
MX-0181,Nagpur,88,0,2.8,10,999
MX-0181,Kochi,60,161,5.7,21,999
MX-0181,Chandigarh,181,0,6.7,,999
MX-0181,Bhopal, 291 , 86 ,6.3,14,999
MX-0181,Patna,48,0,2.1,14,999
MX-0181,Vadodara,249,0,7.1,14,999
MX-0181,Ludhiana,91,0,7.6,5,999
MX-0181,Agra,1,0,0.5,10,999
MX-0181,Nashik,32,0,4.7,7,999
MX-0181,Meerut,26,0,7.6,5,999
MX-0181,Rajkot, 17 ,19,2.3,7,999
MX-0181,Varanasi,13,0,5.0,5,999
MX-0181,Amritsar,85,0,7.7,10,999
MX-0181,Noida,3,8,0.4,21,999
MX-0181,Gurugram, 1 ,0,2.9,14,999
MX-0181,Coimbatore,167,0,4.5,14,999
MX-0181,Madurai,4,0,6.3,7,999
MX-0181,Guwahati,52,41,6.0,7,999
MX-0181,Mumbai City Mall,3,1,0.3,5,999
MX-0181,Delhi City Mall,6,0,1.0,5,999
MX-0181,Bengaluru City Mall,-2,0,4.4,5,999
MX-0181,Hyderabad City Mall,18,0,2.9,7,999
MX-0181,Chennai City Mall, 53 ,0,1.2,14,999
MX-0181,Kolkata City Mall,89.5,0,5.4,14,999
MX-0181,Pune City Mall,4,0,3.3,5,999
MX-0181,Ahmedabad City Mall,39, 9 ,2.8,5,999
,Jaipur City Mall,30,0,3.9,10,999
MX-0181,Lucknow City Mall,6,3,0.9,5,999
MX-0181,Surat City Mall,54,27,3.7,10,999
MX-0181,Indore City Mall,46,32,1.2,21,999
MX-0181,Nagpur City Mall,63,0,5.7,5,999
MX-0181,Kochi City Mall,115,85,4.5,14,999
MX-0181,Chandigarh City Mall,131,155,6.7,21 days,999
MX-0181,Bhopal City Mall,188,0,6.3,10,999
MX-0181,Patna City Mall,83,0,5.7,7,999
MX-0181,Vadodara City Mall,119,32,7.7,5,999
MX-0181,Ludhiana City Mall,3,0,1.3,21,999
MX-0181,Agra City Mall,27,22,3.9,5,999
MX-0182,Mumbai,142,45,5.9,10,1999
MX-0182,Delhi,41,-15,1.0,14,1999
MX-0182,Bengaluru,57,35,4.7,7,1999
MX-0182,Hyderabad,4,40,4.6,10,1999
MX-0182,Chennai,53,0,4.0,21,1999
MX-0182,Kolkata,7,0,1.1,7,N/A
MX-0182,Pune,322,0,7.1,14,1999
MX-0182,Ahmedabad,96,0,7.7,5,1999
MX-0182,Jaipur,157,37,5.9,10,1999
MX-0182,Lucknow,22,0,2.9,14,1999
MX-0182,Surat,70,27,4.2,10,1999
MX-0182,Indore,11,0,0.9,14,1999
MX-0182,Nagpur,134,0,5.6,14,1999
MX-0182,Kochi,26,26,5.1,5,1999
MX-0182,Chandigarh,108,0,4.6,7,1999
MX-0182,Bhopal,70,35,1.8,14,1999
MX-0182,Patna,91,38,6.5,7,1999
MX-0182,Vadodara,38,0,2.3,5,1999
MX-0182,Ludhiana,17,0,6.0,7,1999
MX-0182,Ludhiana,17,0,6.0,7,1999
MX-0182,Agra,2,0,3.1,7,1999
MX-0182,Nashik,131,0,4.3,10,1999
MX-0182,Meerut,38,0,5.4,5,1999
MX-0182,Rajkot,7,23,3.7,5,1999
MX-0182,Varanasi,63,0,6.3,7,1999
MX-0182,Amritsar,29,0,0.7,14,1999
MX-0182,Noida,19,0,1.8,14,1999
MX-0182,Gurugram,16,12,2.1,5,1999
MX-0182,Coimbatore,43,0,4.6,5,1999
MX-0182,Madurai,214,0,4.8,14,1999
MX-0182,Guwahati,1,0,0.8,5,1999
MX-0182,Mumbai City Mall,76,0,2.2,14,1999
MX-0182,Delhi City Mall,158,0,3.8,14,1999
MX-0182,Bengaluru City Mall,52,0,1.0,21,1999
MX-0182,Hyderabad City Mall,2,0,0.2,7,1999
MX-0182,Chennai City Mall,22,14,1.8,7,1999
MX-0182,Kolkata City Mall,8,28,3.5,10,1999
MX-0182,Pune City Mall,90,0,5.4,7,1999
MX-0182,Ahmedabad City Mall,38,0,,,1999
MX-0182,Jaipur City Mall,15.5,11,2.0,5,1999
MX-0182,Lucknow City Mall,27,0,4.5,10,1999
MX-0182,Surat City Mall,70, 15 ,1.3,21,1999
MX-0182,Indore City Mall,41,0,6.6,14,1999
MX-0182,Nagpur City Mall,1,0,2.4,5,1999
MX-0182,Kochi City Mall,156,0,3.2,21,1999
MX-0182,Chandigarh City Mall,202,0,3.1,21,1999
MX-0182,Bhopal City Mall,166,0,4.1,14,1999
MX-0182,Patna City Mall,132,72,4.0,21,1999
MX-0182,Vadodara City Mall,282,0,4.3,21,1999
MX-0182,Ludhiana City Mall,27,0,2.8,5,1999
MX-0182,Agra City Mall,21,0,1.8,5,1999
MX-0183,Mumbai,108,0,4.2,21,199
MX-0183,Delhi,170,0,4.2,21,199
MX-0183,Bengaluru,71,66,5.6,10,199
MX-0183,Hyderabad,87,0,1.9,14,199
MX-0183,Chennai,44,0,1.1,21,199
MX-0183,Kolkata,9,0,0.8,7,199
MX-0183,Pune,113,0,5.1,14,199
MX-0183,Ahmedabad,72,12,2.4,10,199
MX-0183,Jaipur,178,0,2.6,21,199
MX-0183,Lucknow,59,14,4.9,5,199
MX-0183,Surat, 21 ,0,3.0,5,199
MX-0183,Indore,17,0,0.6,14,199
MX-0183,Nagpur,22,0,4.5,5,199
MX-0183,Kochi,33,0,3.9,7,199
MX-0183,Chandigarh,35,0,2.1,7,N/A
MX-0183,Bhopal,82,0,3.1,14,199
MX-0183,Patna,115,41,5.1,10,199
MX-0183,Vadodara,41,0,3.1,5,199
MX-0183,Ludhiana,142,23,7.5,7,199
MX-0183,Agra,61,34,3.7,7,199
MX-0183,Nashik,39,0,5.0,7,199
MX-0183,Meerut,(7),5,0.2,21,199
MX-0183,Rajkot,53,-13,3.8,5,199
MX-0183,Varanasi,105,0,2.5,14 days,199
MX-0183,Amritsar,6,0,7.9,5,199
MX-0183,Noida,22,0,1.9,5,199
MX-0183,Gurugram,39,0,3.9,7,199
MX-0183,Coimbatore,16,0,5.1,21,199
MX-0183,Madurai, 167 ,0,6.0,14,199
MX-0183,Guwahati,7,1,0.4,10,199
MX-0183,Mumbai City Mall,13,0,0.6,7,199
MX-0183,Delhi City Mall,43,0,1.9,21,199
MX-0183,Bengaluru City Mall,74,0,7.2,5,199
MX-0183,Hyderabad City Mall,51,0,5.5,5,199
MX-0183,Chennai City Mall, 194 ,0,6.1,14,199
MX-0183,Kolkata City Mall,2,3,0.3,10,199
MX-0183,Pune City Mall,2,1,0.4,7,199
MX-0183,Ahmedabad City Mall,28,4,1.8,5,199
MX-0183,Jaipur City Mall,38,0,3.1,5,199
,Lucknow City Mall,9,0,5.3,5,199
MX-0183,Surat City Mall, 11 ,0,1.6,5,199
MX-0183,Indore City Mall,3.5,0,0.2,10,199
MX-0183,Nagpur City Mall,49,0,3.7,10,199
MX-0183,Kochi City Mall,8,0,1.8,14,199
MX-0183,Chandigarh City Mall,12,0,7.2,5,199
MX-0183,Bhopal City Mall,206,0,7.5,14,199
MX-0183,Patna City Mall,3,0,5.3,5,199
MX-0183,Vadodara City Mall,91,0,3.9,7,199
MX-0183,Ludhiana City Mall,290,0,6.2,21,199
MX-0183,Agra City Mall,287,0,5.5,21,199
MX-0184,Mumbai, 1 ,0,4.5,10,199
MX-0184,Delhi,63,0,7.6,7,199
MX-0184,Bengaluru,16,0,3.2,7,199
MX-0184,Hyderabad,35,0,2.0,7,199
MX-0184,Chennai,26,0,2.0,5,199
MX-0184,Kolkata,89,0,7.6,7,199
MX-0184,Pune,40,38,4.7,10,199
MX-0184,Ahmedabad,61,0,3.4,14,199
MX-0184,Jaipur,77,0,5.9,14,199
MX-0184,Lucknow,128,0,1.9,21,199
MX-0184,Surat,33,21,4.4,,199
MX-0184,Indore,10,0,3.2,5,199
MX-0184,Nagpur, 1 ,0,0.4,5,199
MX-0184,Kochi,118,0,6.4,7,199
MX-0184,Chandigarh,5,2,0.5,5,199
MX-0184,Bhopal,315,0,7.2,21,199
MX-0184,Bhopal,315,0,7.2,21,199
MX-0184,Patna,71,0,6.9,14,199
MX-0184,Vadodara,379,0,5.8,21,199
MX-0184,Ludhiana,19,0,3.6,5,199
MX-0184,Agra,40,0,2.6,21,199
MX-0184,Nashik, 33 ,26,,14,199
MX-0184,Meerut,57,0,4.4,14,199
MX-0184,Rajkot,118,0,2.2,21,199
MX-0184,Varanasi,2,0,0.3,7,N/A
MX-0184,Amritsar,2,0,0.6,5,199
MX-0184,Noida,83,29,4.0,7,199
MX-0184,Gurugram,32,0,3.8,5,199
MX-0184,Coimbatore, 129 ,0,3.2,14,199
MX-0184,Madurai,80,0,2.5,14,199
MX-0184,Guwahati,86,0,1.4,21,199
MX-0184,Mumbai City Mall,52,0,3.3,5,199
MX-0184,Delhi City Mall,133,0,3.4,14,199
MX-0184,Bengaluru City Mall,66,0,2.7,10,199
MX-0184,Hyderabad City Mall,184, 64 ,3.8,21,199
MX-0184,Chennai City Mall,29,0,7.0,5,199
MX-0184,Kolkata City Mall,45,0,3.6,14,199
MX-0184,Pune City Mall,64,20,4.4,5,199
MX-0184,Ahmedabad City Mall,40,0,1.0,14,199
MX-0184,Jaipur City Mall, 319 ,0,5.5,21,199
MX-0184,Lucknow City Mall,61,82,7.7,10,199
MX-0184,Surat City Mall,93,0,6.0,14,199
MX-0184,Indore City Mall,96,0,6.0,5,199
MX-0184,Nagpur City Mall,52,0,1.8,10,199
MX-0184,Kochi City Mall,194,-12,5.6,14,199
MX-0184,Chandigarh City Mall,72.5,0,4.7,5,199
MX-0184,Bhopal City Mall,140,44,7.2,7,199
MX-0184,Patna City Mall, 237 ,102,3.9,21,199
MX-0184,Vadodara City Mall,26,0,4.6,5,199
MX-0184,Ludhiana City Mall,7,48,6.0,7,199
MX-0184,Agra City Mall,19,0,2.6,5,199
MX-0185,Mumbai,30,0,2.0,5,3999
MX-0185,Delhi,38, 9 ,1.2,10,3999
MX-0185,Bengaluru,86,18,3.7,7 days,3999
MX-0185,Hyderabad,52,0,1.8,14,3999
MX-0185,Chennai,161,0,6.7,10,3999
MX-0185,Kolkata,41,50,7.2,7,3999
MX-0185,Pune,6, 8 ,2.6,5,3999
MX-0185,Ahmedabad,10,0,0.5,10,3999
MX-0185,Jaipur,98,0,3.5,10,3999
MX-0185,Lucknow,7,27,2.9,7,3999
MX-0185,Surat,-8,0,2.9,7,3999
MX-0185,Indore,93,0,6.2,5,3999
MX-0185,Nagpur,39,24,1.3,21,3999
MX-0185,Kochi,9,14,2.1,7,3999
MX-0185,Chandigarh,12,0,3.1,14,3999
MX-0185,Bhopal,89,0,7.4,7,3999
MX-0185,Patna,227,90,6.5,14,3999
MX-0185,Vadodara,104,0,5.2,10,3999
MX-0185,Ludhiana,96,0,4.7,10,3999
MX-0185,Agra,118,0,3.5,21,3999
MX-0185,Nashik,37,0,0.6,21,3999
MX-0185,Meerut,283,0,6.8,14,3999
MX-0185,Rajkot,98,0,6.2,5,3999
MX-0185,Varanasi, 16 ,42,3.3,10,3999
MX-0185,Amritsar,103,0,2.5,14,3999
MX-0185,Noida,112,0,7.1,7,3999
MX-0185,Gurugram,157,0,6.9,7,3999
MX-0185,Coimbatore,2,0,2.6,10,3999
MX-0185,Madurai,48,0,7.6,5,3999
MX-0185,Guwahati,32,0,4.7,21,3999
MX-0185,Mumbai City Mall,19,0,1.3,21,3999
MX-0185,Delhi City Mall,287,0,6.9,14,3999
MX-0185,Bengaluru City Mall,0, 22 ,1.9,10,N/A
MX-0185,Hyderabad City Mall,36,0,2.4,,3999
MX-0185,Chennai City Mall, 9 ,0,1.5,7,3999
MX-0185,Kolkata City Mall,101,31,5.4,10,3999
MX-0185,Pune City Mall,77,38,4.4,7,3999
MX-0185,Ahmedabad City Mall, 33 ,0,1.5,10,3999
MX-0185,Jaipur City Mall,26,0,5.9,5,3999
MX-0185,Lucknow City Mall,96,0,6.6,7,3999
,Surat City Mall,182,0,3.7,21,3999
MX-0185,Indore City Mall,2,20,2.2,7,3999
MX-0185,Nagpur City Mall,69,18,4.1,5,3999
MX-0185,Kochi City Mall,15,0,0.5,10,3999
MX-0185,Chandigarh City Mall, 55 ,67,5.8,21,3999
MX-0185,Bhopal City Mall,0,0,0.2,10,3999
MX-0185,Patna City Mall, 62 ,0,7.6,5,3999
MX-0185,Vadodara City Mall,52.5,26,2.5,14,3999
MX-0185,Ludhiana City Mall,60,0,7.2,10,3999
MX-0185,Agra City Mall,59,0,0.9,21,3999
MX-0186,Mumbai,63,0,7.6,10,3999
MX-0186,Delhi,128,0,5.0,10,3999
MX-0186,Bengaluru,99,13,2.2,14,3999
MX-0186,Hyderabad,0,0,,7,3999
MX-0186,Chennai,103,20,3.5,10,3999
MX-0186,Kolkata,5,0,3.2,5,3999
MX-0186,Pune,100,0,3.3,14,3999
MX-0186,Ahmedabad,48,0,3.1,7,3999
MX-0186,Jaipur,44,0,2.0,7,3999
MX-0186,Lucknow,57,0,3.9,21,3999
MX-0186,Surat,168,0,7.3,7,3999
MX-0186,Indore,73,0,4.0,7,3999
MX-0186,Nagpur,36,0,0.9,21,3999
MX-0186,Nagpur,36,0,0.9,21,3999
MX-0186,Kochi,150,0,3.5,21,3999
MX-0186,Chandigarh,2,-20,0.4,5,3999
MX-0186,Bhopal,28,0,2.1,14,3999
MX-0186,Patna,98,59,4.4,10,3999
MX-0186,Vadodara,104,58,2.7,21,3999
MX-0186,Ludhiana,1,0,2.0,5,3999
MX-0186,Agra,19,0,1.3,5,3999
MX-0186,Nashik,0,66,4.8,14,3999
MX-0186,Meerut,8,0,1.9,5,3999
MX-0186,Rajkot,62,0,1.9,14,3999
MX-0186,Varanasi,7,31,4.5,10,3999
MX-0186,Amritsar,18,0,2.1,10,3999
MX-0186,Noida,12,0,3.6,10,3999
MX-0186,Gurugram,44,52,7.9,7,3999
MX-0186,Coimbatore,271,0,4.5,21,3999
MX-0186,Madurai,6,10,3.8,5,3999
MX-0186,Guwahati,46,0,2.7,14,3999
MX-0186,Mumbai City Mall,87,0,2.7,21,3999
MX-0186,Delhi City Mall,67,0,5.3,21 days,3999
MX-0186,Bengaluru City Mall,142,0,5.5,10,3999
MX-0186,Hyderabad City Mall,2,0,5.7,5,3999
MX-0186,Chennai City Mall,100,0,3.7,21,3999
MX-0186,Kolkata City Mall,7,0,5.3,10,3999
MX-0186,Pune City Mall,11,0,2.8,5,3999
MX-0186,Ahmedabad City Mall,65,33,1.3,21,3999
MX-0186,Jaipur City Mall,65,0,4.7,5,3999
MX-0186,Lucknow City Mall,59,0,6.1,5,3999
MX-0186,Surat City Mall,97,23,3.9,10,3999
MX-0186,Indore City Mall,81,0,4.3,21,N/A
MX-0186,Nagpur City Mall,0,0,1.5,5,3999
MX-0186,Kochi City Mall,68,0,6.6,7,3999
MX-0186,Chandigarh City Mall,241,170,7.3,21,3999
MX-0186,Bhopal City Mall,71,100,6.9,14,3999
MX-0186,Patna City Mall,444,0,6.5,21,3999
MX-0186,Vadodara City Mall,94,0,4.1,14,3999
MX-0186,Ludhiana City Mall,111,41,6.7,14,3999
MX-0186,Agra City Mall,(6),0,4.1,7,3999
MX-0187,Mumbai,3.5,0,4.3,10,499
MX-0187,Delhi, 15 ,0,3.1,21,499
MX-0187,Bengaluru,9,0,2.3,5,499
MX-0187,Hyderabad,6,0,0.3,7,499
MX-0187,Chennai, 112 ,0,5.4,7,499
MX-0187,Kolkata,1,0,0.7,5,499
MX-0187,Pune,97,0,1.8,,499
MX-0187,Ahmedabad,4,0,2.7,21,499
MX-0187,Jaipur,16,0,1.1,5,499
MX-0187,Lucknow, 357 ,0,7.7,21,499
MX-0187,Surat,59,0,3.8,7,499
MX-0187,Indore,34,0,1.1,10,499
MX-0187,Nagpur,243,0,5.6,14,499
MX-0187,Kochi,28,54,7.8,7,499
MX-0187,Chandigarh,13,21,3.7,7,499
MX-0187,Bhopal,72,0,7.9,5,499
MX-0187,Patna,85,21,3.5,14,499
MX-0187,Vadodara,10,0,0.8,7,499
MX-0187,Ludhiana,29,0,2.6,5,499
MX-0187,Agra,16,0,4.3,5,499
MX-0187,Nashik,271,0,4.9,21,499
MX-0187,Meerut,55,0,2.3,14,499
MX-0187,Rajkot,102,0,1.7,21,499
MX-0187,Varanasi,0,0,1.3,5,499
MX-0187,Amritsar,0,0,7.6,5,499
MX-0187,Noida, 66 ,0,1.7,14,499
MX-0187,Gurugram,79,122,4.2,21,499
MX-0187,Coimbatore,19,0,1.2,7,499
MX-0187,Madurai,251,0,7.8,21,499
MX-0187,Guwahati,31,65,5.4,10,499
MX-0187,Mumbai City Mall,90,0,1.6,21,499
MX-0187,Delhi City Mall,45,0,3.0,14,499
MX-0187,Bengaluru City Mall,5,0,4.6,5,499
MX-0187,Hyderabad City Mall,38,0,1.7,7,499
MX-0187,Chennai City Mall,133,63,3.6,21,499
MX-0187,Kolkata City Mall,54,-14,7.2,14,499
MX-0187,Pune City Mall,59,0,,5,499
MX-0187,Ahmedabad City Mall,134,0,6.7,10,499
MX-0187,Jaipur City Mall,136,0,2.7,21,499
MX-0187,Lucknow City Mall,44,0,3.3,5,499
MX-0187,Surat City Mall,13,0,3.8,7,499
,Indore City Mall,94,0,5.1,7,499
MX-0187,Nagpur City Mall,111,0,7.6,10,499
MX-0187,Kochi City Mall,66,0,5.6,7,499
MX-0187,Chandigarh City Mall, 158 ,0,5.8,14,499
MX-0187,Bhopal City Mall,76,0,4.6,5,499
MX-0187,Patna City Mall, 39 ,0,1.8,10,499
MX-0187,Vadodara City Mall,76,0,5.3,14,499
MX-0187,Ludhiana City Mall,265,97,7.5,21,499
MX-0187,Agra City Mall, 0 ,37,3.7,14,499
MX-0188,Mumbai,4,1,0.3,10,N/A
MX-0188,Delhi,69,33,3.5,7,199
MX-0188,Bengaluru,113,0,4.4,10,199
MX-0188,Hyderabad,28.5,0,2.2,14,199
MX-0188,Chennai,63,21,3.8,7,199
MX-0188,Kolkata,19,0,1.2,7,199
MX-0188,Pune,19,0,2.3,5,199
MX-0188,Ahmedabad,58,0,5.0,5,199
MX-0188,Jaipur,155,52,4.5,14,199
MX-0188,Lucknow,92,0,6.2,7,199
MX-0188,Lucknow,92,0,6.2,7,199
MX-0188,Surat,2,1,0.2,5 days,199
MX-0188,Indore,35,0,7.4,5,199
MX-0188,Nagpur,4,0,0.3,10,199
MX-0188,Kochi,5,0,5.6,5,199
MX-0188,Chandigarh,69,0,3.1,7,199
MX-0188,Bhopal,179,0,7.8,21,199
MX-0188,Patna,401,62,6.7,21,199
MX-0188,Vadodara,125,0,3.9,10,199
MX-0188,Ludhiana,52, 21 ,5.8,5,199
MX-0188,Agra,203,0,7.0,21,199
MX-0188,Nashik,57,0,2.9,7,199
MX-0188,Meerut,86,65,7.5,7,199
MX-0188,Rajkot,195,0,7.0,21,199
MX-0188,Varanasi,79,0,4.9,5,199
MX-0188,Amritsar,17,0,6.8,10,199
MX-0188,Noida,45,0,2.8,5,199
MX-0188,Gurugram,8,13,1.4,10,199
MX-0188,Coimbatore,67,0,5.8,5,199
MX-0188,Madurai,60,0,5.5,5,199
MX-0188,Guwahati,0,0,0.6,,199
MX-0188,Mumbai City Mall,152,88,5.4,14,199
MX-0188,Delhi City Mall,44,0,5.6,5,199
MX-0188,Bengaluru City Mall,54,23,2.8,21,199
MX-0188,Hyderabad City Mall,17,0,6.7,7,199
MX-0188,Chennai City Mall,50,0,5.4,7,199
MX-0188,Kolkata City Mall,62,56,6.0,7,199
MX-0188,Pune City Mall, 98 ,0,1.5,21,199
MX-0188,Ahmedabad City Mall,38,44,7.4,5,199
MX-0188,Jaipur City Mall,(9),0,2.3,5,199
MX-0188,Lucknow City Mall,106,177,6.3,21,199
MX-0188,Surat City Mall,41,0,6.6,5,199
MX-0188,Indore City Mall,5,0,0.5,14,199
MX-0188,Nagpur City Mall,22,0,2.3,21,199
MX-0188,Kochi City Mall,75,0,2.2,14,199
MX-0188,Chandigarh City Mall,191,0,3.8,21,199
MX-0188,Bhopal City Mall,43,0,4.2,5,199
MX-0188,Patna City Mall,23,0,3.5,14,199
MX-0188,Vadodara City Mall,24,0,4.1,7,199
MX-0188,Ludhiana City Mall,3,0,0.3,5,199
MX-0188,Agra City Mall,41,0,5.7,5,199
MX-0189,Mumbai,58,0,4.5,10,3999
MX-0189,Delhi,8,8,0.3,21,3999
MX-0189,Bengaluru,76,0,3.8,7,3999
MX-0189,Hyderabad,156,0,6.8,14,3999
MX-0189,Chennai,47,0,4.3,7,3999
MX-0189,Kolkata,41,0,1.6,10,3999
MX-0189,Pune,148.5,-13,7.4,7,3999
MX-0189,Ahmedabad,72,0,7.6,5,3999
MX-0189,Jaipur,41,0,1.9,7,3999
MX-0189,Lucknow,77,29,5.3,10,N/A
MX-0189,Surat,229, 36 ,5.3,14,3999
MX-0189,Indore,0,0,0.2,10,3999
MX-0189,Nagpur,7,0,0.9,7,3999
MX-0189,Kochi,78,66,7.7,14,3999
MX-0189,Chandigarh,36,35,3.4,10,3999
MX-0189,Bhopal,114,0,8.0,7,3999
MX-0189,Patna,235,42,7.9,10,3999
MX-0189,Vadodara,97,0,2.5,14,3999
MX-0189,Ludhiana,54,0,1.2,14,3999
MX-0189,Agra,286,159,,21,3999
MX-0189,Nashik,10,3,1.3,5,3999
MX-0189,Meerut, 34 ,10,1.8,7,3999
MX-0189,Rajkot,56,0,0.9,21,3999
MX-0189,Varanasi,25,0,3.0,7,3999
MX-0189,Amritsar,220,151,7.9,21,3999
MX-0189,Noida,53,0,4.8,21,3999
MX-0189,Gurugram,82,0,5.2,14,3999
MX-0189,Coimbatore,428,0,7.3,21,3999
MX-0189,Madurai,3,49,3.4,14,3999
MX-0189,Guwahati,66,95,6.6,14,3999
MX-0189,Mumbai City Mall,67,0,1.7,21,3999
MX-0189,Delhi City Mall,41,0,4.9,5,3999
MX-0189,Bengaluru City Mall,258,138,6.4,21,3999
MX-0189,Hyderabad City Mall,138,0,3.6,21,3999
MX-0189,Chennai City Mall,162,0,7.5,7,3999
MX-0189,Kolkata City Mall,98,0,3.2,10,3999
MX-0189,Pune City Mall,2,0,1.1,14,3999
MX-0189,Ahmedabad City Mall,34,16,2.0,14,3999
MX-0189,Jaipur City Mall,7,0,0.4,21,3999
MX-0189,Lucknow City Mall,134,0,5.4,10 days,3999
MX-0189,Surat City Mall,197,0,3.7,21,3999
MX-0189,Indore City Mall,1,0,7.6,10,3999
,Nagpur City Mall,22,0,6.1,5,3999
MX-0189,Kochi City Mall,190,0,4.9,14,3999
MX-0189,Chandigarh City Mall,38,0,1.4,14,3999
MX-0189,Bhopal City Mall,0,0,3.5,7,3999
MX-0189,Patna City Mall,45,0,3.2,10,3999
MX-0189,Vadodara City Mall,11,0,0.9,5,3999
MX-0189,Ludhiana City Mall, 9 ,16,2.9,7,3999
MX-0189,Agra City Mall,32,0,1.3,14,3999
MX-0190,Mumbai,161,122,8.0,21,999
MX-0190,Delhi,14,22,4.8,5,999
MX-0190,Bengaluru,163,0,6.9,,999
MX-0190,Hyderabad, 15 ,0,5.7,21,999
MX-0190,Chennai,4, 5 ,0.9,7,999
MX-0190,Kolkata,33,0,7.6,10,999
MX-0190,Pune,55,0,6.7,10,999
MX-0190,Pune,55,0,6.7,10,999
MX-0190,Ahmedabad,95,0,6.1,5,999
MX-0190,Jaipur,36,0,4.1,5,999
MX-0190,Lucknow,30.5,116,6.0,14,999
MX-0190,Surat,145,0,7.8,10,999
MX-0190,Indore,73,0,6.4,14,999
MX-0190,Nagpur,101,0,7.1,5,999
MX-0190,Kochi, 79 ,0,3.9,14,999
MX-0190,Chandigarh,27,0,2.8,10,999
MX-0190,Bhopal,29,0,3.9,5,999
MX-0190,Patna,19,0,2.4,5,999
MX-0190,Vadodara,28,5,1.1,10,999
MX-0190,Ludhiana,73,0,6.3,14,N/A
MX-0190,Agra,481,0,7.7,21,999
MX-0190,Nashik,72,0,7.5,7,999
MX-0190,Meerut,79,13,3.6,7,999
MX-0190,Rajkot, 151 ,0,2.8,21,999
MX-0190,Varanasi,156,0,5.2,21,999
MX-0190,Amritsar,128,0,3.7,14,999
MX-0190,Noida, 124 ,0,2.5,21,999
MX-0190,Gurugram,63,0,5.9,5,999
MX-0190,Coimbatore,-3,-2,4.0,21,999
MX-0190,Madurai,75,0,5.2,10,999
MX-0190,Guwahati,11,0,2.7,14,999
MX-0190,Mumbai City Mall,88,0,6.8,7,999
MX-0190,Delhi City Mall,35,23,3.1,7,999
MX-0190,Bengaluru City Mall,12,0,3.1,14,999
MX-0190,Hyderabad City Mall, 17 ,0,2.4,7,999
MX-0190,Chennai City Mall, 457 ,0,7.1,21,999
MX-0190,Kolkata City Mall, 404 ,0,7.9,21,999
MX-0190,Pune City Mall, 234 ,82,7.4,10,999
MX-0190,Ahmedabad City Mall,88,0,5.6,10,999
MX-0190,Jaipur City Mall,59,0,3.6,14,999
MX-0190,Lucknow City Mall,32,0,2.3,10,999
MX-0190,Surat City Mall, 160 ,0,5.8,14,999
MX-0190,Indore City Mall,92,25,7.1,5,999
MX-0190,Nagpur City Mall,58,0,6.6,5,999
MX-0190,Kochi City Mall,105,0,7.4,5,999
MX-0190,Chandigarh City Mall,19,0,0.8,10,999
MX-0190,Bhopal City Mall,28,51,7.8,5,999
MX-0190,Patna City Mall,180,0,5.3,21,999
MX-0190,Vadodara City Mall,103, 45 ,3.5,10,999
MX-0190,Ludhiana City Mall,82,0,7.3,5,999
MX-0190,Agra City Mall,37,0,1.9,14,999
MX-0191,Mumbai,113,0,2.8,14,499
MX-0191,Delhi,13,9,0.8,14,499
MX-0191,Bengaluru,80,34,,7,499
MX-0191,Hyderabad,8,0,2.9,7,499
MX-0191,Chennai,15,0,2.9,10,499
MX-0191,Kolkata,11,0,2.6,5,499
MX-0191,Pune,10,0,3.6,7,499
MX-0191,Ahmedabad,3,6,0.3,21,499
MX-0191,Jaipur,51,20,3.0,7,499
MX-0191,Lucknow,4,5,0.8,5,499
MX-0191,Surat,30,0,5.6,7,499
MX-0191,Indore,35,0,5.9,10,499
MX-0191,Nagpur,13.5,0,1.5,21,499
MX-0191,Kochi,0,0,4.1,21,499
MX-0191,Chandigarh,111,0,4.8,10,499
MX-0191,Bhopal,282,0,6.7,14,499
MX-0191,Patna,35,0,3.5,7,499
MX-0191,Vadodara,90,0,5.5,10,499
MX-0191,Ludhiana,44,121,7.3,14 days,499
MX-0191,Agra,52,111,7.6,14,499
MX-0191,Nashik,3,0,2.4,5,499
MX-0191,Meerut,15,0,3.9,7,499
MX-0191,Rajkot,91, 37 ,3.9,10,499
MX-0191,Varanasi,0,0,1.0,10,499
MX-0191,Amritsar,16,0,7.3,10,499
MX-0191,Noida,142,0,4.4,,499
MX-0191,Gurugram, 87 ,0,7.1,7,499
MX-0191,Coimbatore,2,0,0.2,5,N/A
MX-0191,Madurai,0, 9 ,3.2,5,499
MX-0191,Guwahati,12,20,6.5,5,499
MX-0191,Mumbai City Mall,22,16,2.9,5,499
MX-0191,Delhi City Mall,41,0,1.0,21,499
MX-0191,Bengaluru City Mall,18,0,1.8,7,499
MX-0191,Hyderabad City Mall,46,0,1.7,10,499
MX-0191,Chennai City Mall,92,42,6.1,5,499
MX-0191,Kolkata City Mall,15,51,3.7,14,499
MX-0191,Pune City Mall,41,0,0.8,21,499
MX-0191,Ahmedabad City Mall,295,0,7.1,21,499
MX-0191,Jaipur City Mall,0,0,2.1,10,499
MX-0191,Lucknow City Mall,92,157,6.0,21,499
MX-0191,Surat City Mall,241,100,6.2,14,499
MX-0191,Indore City Mall,40,0,3.3,5,499
MX-0191,Nagpur City Mall,60,35,6.5,5,499
,Kochi City Mall,27,0,1.8,10,499
MX-0191,Chandigarh City Mall,167,44,4.2,14,499
MX-0191,Bhopal City Mall,95,0,7.9,5,499
MX-0191,Patna City Mall,6,0,0.7,5,499
MX-0191,Vadodara City Mall,5,0,1.1,5,499
MX-0191,Ludhiana City Mall,3,-9,3.2,5,499
MX-0191,Agra City Mall,76,0,6.1,7,499
MX-0192,Mumbai,98,0,6.9,14,3999
MX-0192,Delhi,150,50,5.8,14,3999
MX-0192,Bengaluru,127,36,3.9,10,3999
MX-0192,Hyderabad,40,0,3.5,10,3999
MX-0192,Hyderabad,40,0,3.5,10,3999
MX-0192,Chennai,1,0,0.9,14,3999
MX-0192,Kolkata,6,0,7.1,5,3999
MX-0192,Pune,35,47,6.4,10,3999
MX-0192,Ahmedabad,22,0,1.3,14,3999
MX-0192,Jaipur,155,0,7.2,10,3999
MX-0192,Lucknow,118,0,2.1,21,3999
MX-0192,Surat,41,0,5.2,7,3999
MX-0192,Indore,209,0,3.0,21,3999
MX-0192,Nagpur, 56 ,0,2.8,7,3999
MX-0192,Kochi,166,0,3.8,21,3999
MX-0192,Chandigarh,233,0,6.9,10,3999
MX-0192,Bhopal,2.5,121,6.6,21,3999
MX-0192,Patna,(7),0,7.2,21,3999
MX-0192,Vadodara,18,17,2.2,7,3999
MX-0192,Ludhiana,73,0,3.4,10,3999
MX-0192,Agra,92,0,7.2,5,3999
MX-0192,Nashik,19,0,6.3,5,3999
MX-0192,Meerut,82,216,7.4,21,3999
MX-0192,Rajkot,14,0,2.8,7,3999
MX-0192,Varanasi,107,0,2.9,21,3999
MX-0192,Amritsar,6,0,4.0,10,3999
MX-0192,Noida,304,0,7.1,14,3999
MX-0192,Gurugram,117,0,7.8,5,3999
MX-0192,Coimbatore,36,0,6.6,14,3999
MX-0192,Madurai,79,0,6.3,5,3999
MX-0192,Guwahati,27,0,5.1,5,3999
MX-0192,Mumbai City Mall,129,0,7.1,14,3999
MX-0192,Delhi City Mall,145,21,2.1,21,3999
MX-0192,Bengaluru City Mall,42,0,5.5,5,3999
MX-0192,Hyderabad City Mall,81,19,7.2,5,3999
MX-0192,Chennai City Mall,105,0,4.4,10,3999
MX-0192,Kolkata City Mall,262,0,,21,3999
MX-0192,Pune City Mall,484,162,6.9,21,N/A
MX-0192,Ahmedabad City Mall,119,0,7.1,5,3999
MX-0192,Jaipur City Mall,22,0,0.9,14,3999
MX-0192,Lucknow City Mall,77,0,1.8,14,3999
MX-0192,Surat City Mall, 143 ,0,4.3,14,3999
MX-0192,Indore City Mall,17,0,1.1,10,3999
MX-0192,Nagpur City Mall,11,0,0.4,21,3999
MX-0192,Kochi City Mall,32,0,4.6,7,3999
MX-0192,Chandigarh City Mall,19,0,2.3,14,3999
MX-0192,Bhopal City Mall,111,0,6.7,5,3999
MX-0192,Patna City Mall,111,64,4.6,10,3999
MX-0192,Vadodara City Mall,11,0,6.5,14 days,3999
MX-0192,Ludhiana City Mall,256,0,6.4,,3999
MX-0192,Agra City Mall,251,0,6.4,14,3999
MX-0193,Mumbai,39,0,7.6,21,1999
MX-0193,Delhi,47,0,3.3,7,1999
MX-0193,Bengaluru, 103 ,0,4.5,21,1999
MX-0193,Hyderabad,234,0,6.0,14,1999
MX-0193,Chennai, 99 ,0,3.0,21,1999
MX-0193,Kolkata,31,0,0.7,14,1999
MX-0193,Pune,0,0,0.4,7,1999
MX-0193,Ahmedabad,46,0,3.2,5,1999
MX-0193,Jaipur,2,8,1.1,10,1999
MX-0193,Lucknow,41,16,2.0,7,1999
MX-0193,Surat,11,0,7.5,14,1999
MX-0193,Indore,332,0,6.7,21,1999
MX-0193,Nagpur,80,25,4.9,7,1999
MX-0193,Kochi,214,0,5.6,21,1999
MX-0193,Chandigarh,260,0,7.2,14,1999
MX-0193,Bhopal,102,0,6.1,7,1999
MX-0193,Patna,60,14,3.8,5,1999
MX-0193,Vadodara,48,72,7.5,21,1999
MX-0193,Ludhiana,74.5,0,6.1,5,1999
MX-0193,Agra,422,-16,6.3,21,1999
MX-0193,Nashik,181,0,7.9,14,1999
MX-0193,Meerut,56,0,6.9,10,1999
MX-0193,Rajkot,192,68,6.1,10,1999
MX-0193,Varanasi,97,0,5.4,10,1999
MX-0193,Amritsar,16,0,3.3,14,1999
MX-0193,Noida,10,0,1.1,5,1999
MX-0193,Gurugram,70,0,7.9,7,1999
MX-0193,Coimbatore,35,0,2.1,7,1999
MX-0193,Madurai,111,29,2.4,14,1999
MX-0193,Guwahati,302,0,6.2,21,1999
MX-0193,Mumbai City Mall,96,0,6.2,21,1999
MX-0193,Delhi City Mall, 28 ,0,1.7,5,1999
MX-0193,Bengaluru City Mall,23,0,3.2,7,1999
MX-0193,Hyderabad City Mall,192,0,6.4,14,1999
MX-0193,Chennai City Mall,23,0,2.1,7,1999
MX-0193,Kolkata City Mall,84,0,5.9,5,1999
MX-0193,Pune City Mall,19,0,5.8,10,1999
MX-0193,Ahmedabad City Mall,5,0,0.5,10,1999
MX-0193,Jaipur City Mall,155,0,4.9,10,1999
MX-0193,Lucknow City Mall,30,0,3.3,14,1999
MX-0193,Surat City Mall,58,0,6.5,10,1999
MX-0193,Indore City Mall,26,0,5.7,10,1999
MX-0193,Nagpur City Mall,35,0,2.6,10,1999
MX-0193,Kochi City Mall,97,19,1.4,21,1999
,Chandigarh City Mall,210,0,6.4,21,1999
MX-0193,Bhopal City Mall,89,0,6.5,10,N/A
MX-0193,Patna City Mall,14,0,2.4,5,1999
MX-0193,Vadodara City Mall,6,37,2.8,10,1999
MX-0193,Ludhiana City Mall,1,0,0.3,14,1999
MX-0193,Agra City Mall,22,0,5.8,5,1999
MX-0194,Mumbai,8,0,1.0,7,499
MX-0194,Mumbai,8,0,1.0,7,499
MX-0194,Delhi,35,0,4.8,10,499
MX-0194,Bengaluru,35,0,1.9,7,499
MX-0194,Hyderabad,30,0,1.8,7,499
MX-0194,Chennai,114,0,6.8,21,499
MX-0194,Kolkata,-9,0,0.2,7,499
MX-0194,Pune,30,0,3.0,5,499
MX-0194,Ahmedabad,1,5,0.9,10,499
MX-0194,Jaipur,1,0,4.1,7,499
MX-0194,Lucknow,37,0,4.7,14,499
MX-0194,Surat,33,0,0.9,21,499
MX-0194,Indore,21,8,1.1,7,499
MX-0194,Nagpur,7,9,1.9,5,499
MX-0194,Kochi,6, 7 ,0.8,10,499
MX-0194,Chandigarh,194,0,7.3,10,499
MX-0194,Bhopal,350,0,8.0,21,499
MX-0194,Patna,21,0,7.6,14,499
MX-0194,Vadodara, 19 ,0,2.5,5,499
MX-0194,Ludhiana,159,74,,14,499
MX-0194,Agra,20,0,2.5,10,499
MX-0194,Nashik,74,34,6.1,10,499
MX-0194,Meerut,9.5,0,3.6,,499
MX-0194,Rajkot,122,0,5.9,7,499
MX-0194,Varanasi,147,0,2.1,21,499
MX-0194,Amritsar,19,0,2.6,10,499
MX-0194,Noida,6,0,0.3,7,499
MX-0194,Gurugram, 83 ,0,3.0,14 days,499
MX-0194,Coimbatore,3,0,5.5,7,499
MX-0194,Madurai, 62 ,0,7.7,7,499
MX-0194,Guwahati,181,0,6.6,10,499
MX-0194,Mumbai City Mall,61,0,1.3,14,499
MX-0194,Delhi City Mall,196,0,7.2,14,499
MX-0194,Bengaluru City Mall, 118 , 46 ,7.4,5,499
MX-0194,Hyderabad City Mall,44,0,2.9,5,499
MX-0194,Chennai City Mall,296,0,6.1,21,499
MX-0194,Kolkata City Mall,334,0,7.7,14,499
MX-0194,Pune City Mall,211,0,6.9,10,499
MX-0194,Ahmedabad City Mall,31,0,6.9,5,499
MX-0194,Jaipur City Mall,22,0,4.8,7,499
MX-0194,Lucknow City Mall,1,0,4.1,5,499
MX-0194,Surat City Mall,2,-14,6.5,5,499
MX-0194,Indore City Mall,149,0,4.3,21,499
MX-0194,Nagpur City Mall,44,0,6.5,7,499
MX-0194,Kochi City Mall, 78 ,0,2.4,14,499
MX-0194,Chandigarh City Mall,0,0,3.0,5,499
MX-0194,Bhopal City Mall,158,32,4.7,10,499
MX-0194,Patna City Mall,65,0,4.1,5,499
MX-0194,Vadodara City Mall,168,0,5.0,10,499
MX-0194,Ludhiana City Mall,121,27,7.3,5,499
MX-0194,Agra City Mall,35,0,2.3,5,499
MX-0195,Mumbai,233,0,5.3,14,999
MX-0195,Delhi,161,0,5.6,10,999
MX-0195,Bengaluru,147,0,4.4,10,999
MX-0195,Hyderabad,33,55,4.8,10,999
MX-0195,Chennai,92,0,2.4,14,N/A
MX-0195,Kolkata,6,0,0.4,5,999
MX-0195,Pune, 72 ,0,5.5,5,999
MX-0195,Ahmedabad,379,116,5.9,21,999
MX-0195,Jaipur,118,0,4.6,14,999
MX-0195,Lucknow,242,0,7.2,10,999
MX-0195,Surat,13,5,1.9,5,999
MX-0195,Indore,121,0,5.4,14,999
MX-0195,Nagpur,3, 21 ,3.2,10,999
MX-0195,Kochi,44,0,5.2,5,999
MX-0195,Chandigarh,94,0,4.0,7,999
MX-0195,Bhopal,27,14,1.2,10,999
MX-0195,Patna,41,0,2.2,7,999
MX-0195,Vadodara,13,10,2.2,7,999
MX-0195,Ludhiana,3,0,2.2,10,999
MX-0195,Agra,83,0,3.8,14,999
MX-0195,Nashik, 81 ,0,7.7,5,999
MX-0195,Meerut,3,5,1.6,5,999
MX-0195,Rajkot,34,108,5.3,21,999
MX-0195,Varanasi,186,0,5.1,14,999
MX-0195,Amritsar,28.5,0,3.0,5,999
MX-0195,Noida,17,36,3.5,14,999
MX-0195,Gurugram,51,0,5.6,5,999
MX-0195,Coimbatore,19,0,4.6,5,999
MX-0195,Madurai,4,0,1.8,21,999
MX-0195,Guwahati,9,0,0.2,14,999
MX-0195,Mumbai City Mall,46,0,1.8,21,999
MX-0195,Delhi City Mall,2,0,1.3,5,999
MX-0195,Bengaluru City Mall,60,0,3.4,10,999
MX-0195,Hyderabad City Mall,36,0,6.3,5,999
MX-0195,Chennai City Mall,175,29,3.7,14,999
MX-0195,Kolkata City Mall,77,0,4.7,10,999
MX-0195,Pune City Mall,3,0,3.5,5,999
MX-0195,Ahmedabad City Mall,69,0,6.3,7,999
MX-0195,Jaipur City Mall, 132 ,85,6.2,10,999
MX-0195,Lucknow City Mall,154,135,6.7,21,999
MX-0195,Surat City Mall,126,0,5.4,21,999
MX-0195,Indore City Mall,63,0,3.0,14,999
MX-0195,Nagpur City Mall,40,0,3.3,5,999
MX-0195,Kochi City Mall,3,0,0.4,5,999
MX-0195,Chandigarh City Mall,(8),63,6.3,,999
,Bhopal City Mall,13,0,0.8,5,999
MX-0195,Patna City Mall,4,0,4.0,5,999
MX-0195,Vadodara City Mall,60,0,5.0,21,999
MX-0195,Vadodara City Mall,60,0,5.0,21,999
MX-0195,Ludhiana City Mall,3,0,0.4,5,999
MX-0195,Agra City Mall,203,134,6.1,21,999
MX-0196,Mumbai,462,166,6.7,21,1999
MX-0196,Delhi,130,0,,14,1999
MX-0196,Bengaluru,145,47,7.1,10,1999
MX-0196,Hyderabad,57,0,7.8,5,1999
MX-0196,Chennai,34,0,4.2,14,1999
MX-0196,Kolkata,21,0,1.5,10 days,1999
MX-0196,Pune,8,0,0.8,14,1999
MX-0196,Ahmedabad,17,0,4.4,5,1999
MX-0196,Jaipur,207,0,4.5,21,1999
MX-0196,Lucknow,19,0,1.2,21,1999
MX-0196,Surat,124,40,3.3,14,1999
MX-0196,Indore,9,-2,5.0,21,1999
MX-0196,Nagpur,77,0,2.6,14,1999
MX-0196,Kochi,140,0,4.7,10,N/A
MX-0196,Chandigarh,358,0,5.7,21,1999
MX-0196,Bhopal,227,53,7.8,10,1999
MX-0196,Patna,156,0,4.4,14,1999
MX-0196,Vadodara,25,0,3.3,5,1999
MX-0196,Ludhiana,161,0,3.8,14,1999
MX-0196,Agra,4,0,3.9,21,1999
MX-0196,Nashik,245,0,5.2,14,1999
MX-0196,Meerut,6,0,2.6,5,1999
MX-0196,Rajkot,40,0,5.5,5,1999
MX-0196,Varanasi,40,0,4.9,10,1999
MX-0196,Amritsar,58,25,6.9,7,1999
MX-0196,Noida,65,46,5.8,7,1999
MX-0196,Gurugram,33,0,1.7,14,1999
MX-0196,Coimbatore,7.5,0,5.0,5,1999
MX-0196,Madurai,11,0,0.5,7,1999
MX-0196,Guwahati,77,0,4.0,10,1999
MX-0196,Mumbai City Mall,44,0,4.6,5,1999
MX-0196,Delhi City Mall,29,41,3.8,14,1999
MX-0196,Bengaluru City Mall,77,45,5.1,21,1999
MX-0196,Hyderabad City Mall,265,0,5.9,21,1999
MX-0196,Chennai City Mall,54,22,1.2,14,1999
MX-0196,Kolkata City Mall,92,0,6.2,7,1999
MX-0196,Pune City Mall,36,60,6.9,7,1999
MX-0196,Ahmedabad City Mall,22,116,4.2,21,1999
MX-0196,Jaipur City Mall,17,0,5.1,7,1999
MX-0196,Lucknow City Mall,45,0,4.6,5,1999
MX-0196,Surat City Mall,79,32,3.5,14,1999
MX-0196,Indore City Mall,56,20,2.5,7,1999
MX-0196,Nagpur City Mall,37,0,1.4,10,1999
MX-0196,Kochi City Mall,11,0,2.3,21,1999
MX-0196,Chandigarh City Mall,17,0,3.9,14,1999
MX-0196,Bhopal City Mall,52,0,7.6,5,1999
MX-0196,Patna City Mall,103,0,3.8,10,1999
MX-0196,Vadodara City Mall,4,0,0.6,5,1999
MX-0196,Ludhiana City Mall,26,0,6.4,7,1999
MX-0196,Agra City Mall,31,0,2.9,10,1999
MX-0197,Mumbai,53,0,5.9,21,1999
MX-0197,Delhi, 207 ,0,3.7,21,1999
MX-0197,Bengaluru,127,0,6.0,14,1999
MX-0197,Hyderabad,133,0,5.2,21,1999
MX-0197,Chennai,6,68,3.7,14,1999
MX-0197,Kolkata,17,0,6.7,10,1999
MX-0197,Pune,7,0,2.5,5,1999
MX-0197,Ahmedabad,316,43,5.0,21,1999
MX-0197,Jaipur,6,0,3.3,10,1999
MX-0197,Lucknow,29,0,3.5,5,1999
MX-0197,Surat,11,10,2.8,7,1999
MX-0197,Indore,76,0,5.8,5,1999
MX-0197,Nagpur, 47 ,0,3.4,5,1999
MX-0197,Kochi,174,35,4.9,14,1999
MX-0197,Chandigarh,47,0,6.7,10,1999
MX-0197,Bhopal, 181 ,0,4.6,21,1999
MX-0197,Patna,10,3,0.3,21,1999
MX-0197,Vadodara,76,0,5.4,,1999
MX-0197,Ludhiana,93,0,6.8,5,1999
MX-0197,Agra,45,29,5.6,5,1999
MX-0197,Nashik, 37 ,0,3.2,14,1999
MX-0197,Meerut,5,0,1.2,5,1999
MX-0197,Rajkot,179,0,6.0,21,N/A
MX-0197,Varanasi,5,0,0.2,14,1999
MX-0197,Amritsar,67,0,5.3,5,1999
MX-0197,Noida,291,0,4.5,21,1999
MX-0197,Gurugram,120,0,7.7,7,1999
MX-0197,Coimbatore,35,0,5.1,5,1999
MX-0197,Madurai,18,0,1.7,10,1999
MX-0197,Guwahati,29,0,1.4,7,1999
MX-0197,Mumbai City Mall,12.5,0,3.5,7,1999
MX-0197,Delhi City Mall,99,0,4.7,7,1999
MX-0197,Bengaluru City Mall,140,-13,4.5,14,1999
MX-0197,Hyderabad City Mall,-8,0,6.0,10,1999
MX-0197,Chennai City Mall,71,0,,14 days,1999
MX-0197,Kolkata City Mall,49,0,4.6,14,1999
MX-0197,Pune City Mall,32,0,3.8,14,1999
MX-0197,Ahmedabad City Mall,7,9,0.4,21,1999
MX-0197,Jaipur City Mall,37,0,4.4,7,1999
MX-0197,Lucknow City Mall,0,0,1.6,5,1999
MX-0197,Surat City Mall,31,25,4.3,14,1999
MX-0197,Indore City Mall,120, 87 ,5.3,14,1999
MX-0197,Nagpur City Mall,68,0,4.3,5,1999
MX-0197,Kochi City Mall,13,0,4.7,14,1999
MX-0197,Chandigarh City Mall,31,0,3.5,5,1999
MX-0197,Chandigarh City Mall,31,0,3.5,5,1999
MX-0197,Bhopal City Mall,0,5,0.7,7,1999
,Patna City Mall,4,18,2.2,10,1999
MX-0197,Vadodara City Mall,2,0,2.0,5,1999
MX-0197,Ludhiana City Mall,179,0,7.2,10,1999
MX-0197,Agra City Mall,386,0,7.9,21,1999
MX-0198,Mumbai,134,0,6.9,14,3999
MX-0198,Delhi,236,0,6.7,14,3999
MX-0198,Bengaluru,97,0,2.7,14,3999
MX-0198,Hyderabad,3,0,6.0,10,3999
MX-0198,Chennai,8,0,0.5,10,3999
MX-0198,Kolkata,22,0,6.2,21,3999
MX-0198,Pune,15,0,1.2,14,3999
MX-0198,Ahmedabad,138,0,6.1,10,3999
MX-0198,Jaipur,14,0,3.2,10,3999
MX-0198,Lucknow,90,0,7.3,5,3999
MX-0198,Surat,13,0,2.5,5,3999
MX-0198,Indore,93,25,3.0,10,3999
MX-0198,Nagpur,9,0,4.8,7,3999
MX-0198,Kochi,23,0,2.1,5,3999
MX-0198,Chandigarh,7,0,0.6,21,3999
MX-0198,Bhopal,132,182,7.4,21,3999
MX-0198,Patna,54,0,7.9,10,3999
MX-0198,Vadodara,266,75,7.4,14,3999
MX-0198,Ludhiana,24,0,5.5,7,3999
MX-0198,Agra,13,0,5.4,5,3999
MX-0198,Nashik,5,18,2.9,7,3999
MX-0198,Meerut,25,0,1.1,14,3999
MX-0198,Rajkot,60,0,2.5,10,3999
MX-0198,Varanasi,10,47,6.3,7,3999
MX-0198,Amritsar,27,0,1.6,21,3999
MX-0198,Noida,380,0,5.8,21,3999
MX-0198,Gurugram,92,43,4.9,7,3999
MX-0198,Coimbatore,20,13,2.7,7,3999
MX-0198,Madurai, 214 ,0,4.1,21,3999
MX-0198,Guwahati,0,0,1.0,7,3999
MX-0198,Mumbai City Mall,0,0,1.2,7,3999
MX-0198,Delhi City Mall,3,3,1.0,5,N/A
MX-0198,Bengaluru City Mall,33,0,5.0,5,3999
MX-0198,Hyderabad City Mall,54.5,0,6.4,7,3999
MX-0198,Chennai City Mall,47,0,4.1,7,3999
MX-0198,Kolkata City Mall,40,0,7.4,7,3999
MX-0198,Pune City Mall,356,0,5.4,21,3999
MX-0198,Ahmedabad City Mall,184,0,2.8,21,3999
MX-0198,Jaipur City Mall,13,0,7.0,5,3999
MX-0198,Lucknow City Mall,136,0,6.4,14,3999
MX-0198,Surat City Mall,0,0,0.3,,3999
MX-0198,Indore City Mall,40,38,1.8,21,3999
MX-0198,Nagpur City Mall,53,0,6.5,5,3999
MX-0198,Kochi City Mall,179,63,6.7,14,3999
MX-0198,Chandigarh City Mall,7,0,4.7,7,3999
MX-0198,Bhopal City Mall,14,0,0.8,7,3999
MX-0198,Patna City Mall,13,0,4.4,14,3999
MX-0198,Vadodara City Mall,129,0,4.4,14,3999
MX-0198,Ludhiana City Mall,8,0,3.5,7,3999
MX-0198,Agra City Mall,156,0,6.2,10,3999
MX-0199,Mumbai,16,4,0.7,10,3999
MX-0199,Delhi,257,0,7.8,21,3999
MX-0199,Bengaluru,27,0,4.0,10,3999
MX-0199,Hyderabad,2,-3,7.8,5,3999
MX-0199,Chennai,2,0,0.6,7,3999
MX-0199,Kolkata,60,37,6.7,5,3999
MX-0199,Pune,3,1,0.5,5,3999
MX-0199,Ahmedabad,44,0,7.0,14,3999
MX-0199,Jaipur,122,0,6.2,7,3999
MX-0199,Lucknow,125,0,2.4,21,3999
MX-0199,Surat,27,0,1.2,10,3999
MX-0199,Indore,41,0,5.7,21,3999
MX-0199,Nagpur,174,0,2.9,21,3999
MX-0199,Kochi,12,0,1.0,5 days,3999
MX-0199,Chandigarh,111,0,5.6,7,3999
MX-0199,Bhopal,143,66,7.6,21,3999
MX-0199,Patna,23,0,3.9,5,3999
MX-0199,Vadodara,23,0,,5,3999
MX-0199,Ludhiana,11,0,0.5,10,3999
MX-0199,Agra,67,0,6.2,14,3999
MX-0199,Nashik,8,1,0.7,5,3999
MX-0199,Meerut,100,0,3.3,21,3999
MX-0199,Rajkot,(8),0,6.3,7,3999
MX-0199,Varanasi,0,18,4.2,7,3999
MX-0199,Amritsar,3,0,5.0,5,3999
MX-0199,Noida,279,0,4.7,21,3999
MX-0199,Gurugram,72,0,5.5,21,3999
MX-0199,Coimbatore,25,0,3.7,10,3999
MX-0199,Madurai,4,66,5.1,14,3999
MX-0199,Guwahati,55,0,6.4,5,3999
MX-0199,Mumbai City Mall,422,0,7.1,21,3999
MX-0199,Delhi City Mall,25,0,4.8,21,3999
MX-0199,Bengaluru City Mall, 76 ,0,5.1,5,3999
MX-0199,Hyderabad City Mall, 58 ,0,5.7,7,3999
MX-0199,Chennai City Mall,90,14,5.9,5,3999
MX-0199,Kolkata City Mall,89,0,7.7,5,3999
MX-0199,Pune City Mall,62.5,0,4.9,10,3999
MX-0199,Ahmedabad City Mall,6,0,4.8,7,3999
MX-0199,Jaipur City Mall,265,0,6.4,21,3999
MX-0199,Lucknow City Mall,50,0,2.4,7,3999
MX-0199,Surat City Mall,162,0,3.4,21,N/A
MX-0199,Indore City Mall,35,0,2.7,7,3999
MX-0199,Indore City Mall,35,0,2.7,7,3999
MX-0199,Nagpur City Mall,21,0,7.2,10,3999
MX-0199,Kochi City Mall, 10 ,0,1.2,10,3999
MX-0199,Chandigarh City Mall,326,0,6.3,21,3999
MX-0199,Bhopal City Mall,140,0,6.5,7,3999
MX-0199,Patna City Mall,13,0,0.9,7,3999
,Vadodara City Mall,33,0,3.4,14,3999
MX-0199,Ludhiana City Mall,8,16,1.0,14,3999
MX-0199,Agra City Mall,5,0,2.7,14,3999
MX-0200,Mumbai,167,0,6.5,14,3999
MX-0200,Delhi,15,0,1.9,7,3999
MX-0200,Bengaluru,63,0,1.0,21,3999
MX-0200,Hyderabad,94, 84 ,7.2,10,3999
MX-0200,Chennai,53,0,1.2,14,3999
MX-0200,Kolkata,0,0,0.4,5,3999
MX-0200,Pune,32,0,4.9,14,3999
MX-0200,Ahmedabad,153,0,6.7,10,3999
MX-0200,Jaipur,47, 16 ,2.0,14,3999
MX-0200,Lucknow,153,0,5.6,10,3999
MX-0200,Surat,1,0,0.7,14,3999
MX-0200,Indore,105,32,6.5,5,3999
MX-0200,Nagpur,17,0,1.8,21,3999
MX-0200,Kochi,16,0,3.6,,3999
MX-0200,Chandigarh,128,0,6.0,7,3999
MX-0200,Bhopal,36,0,6.0,5,3999
MX-0200,Patna,3,0,0.2,14,3999
MX-0200,Vadodara,111,0,3.7,10,3999
MX-0200,Ludhiana,87,36,2.3,14,3999
MX-0200,Agra, 13 ,0,1.0,14,3999
MX-0200,Nashik,42,0,7.5,14,3999
MX-0200,Meerut,14,7,1.1,10,3999
MX-0200,Rajkot,31,0,2.0,14,3999
MX-0200,Varanasi,17,0,3.5,7,3999
MX-0200,Amritsar,155,-3,4.8,10,3999
MX-0200,Noida,12,0,4.5,5,3999
MX-0200,Gurugram,65,0,3.9,7,3999
MX-0200,Coimbatore,35,0,5.9,7,3999
MX-0200,Madurai,194,0,4.6,14,3999
MX-0200,Guwahati,330,0,4.7,21,3999
MX-0200,Mumbai City Mall,19,12,1.1,10,3999
MX-0200,Delhi City Mall,36,0,4.1,10,3999
MX-0200,Bengaluru City Mall,44,0,2.9,7,3999
MX-0200,Hyderabad City Mall,72,29,6.5,7,3999
MX-0200,Chennai City Mall,69,0,4.3,10,3999
MX-0200,Kolkata City Mall,170,29,5.3,10,3999
MX-0200,Pune City Mall,18,0,5.1,5,3999
MX-0200,Ahmedabad City Mall,30,31,6.7,10,3999
MX-0200,Jaipur City Mall,74,71,3.1,21,3999
MX-0200,Lucknow City Mall,41.5,0,3.6,5,3999
MX-0200,Surat City Mall,126,0,8.0,21,3999
MX-0200,Indore City Mall,56,0,5.2,14,3999
MX-0200,Nagpur City Mall,114,0,2.5,21 days,3999
MX-0200,Kochi City Mall,89,0,6.4,5,3999
MX-0200,Chandigarh City Mall,421,0,7.3,21,3999
MX-0200,Bhopal City Mall,96,0,5.0,7,3999
MX-0200,Patna City Mall,175,0,5.4,14,3999
MX-0200,Vadodara City Mall,169,0,2.7,21,3999
MX-0200,Ludhiana City Mall,7,0,1.9,10,3999
MX-0200,Agra City Mall,93,0,3.1,10,N/A
MX-0201,Mumbai,76,0,,5,3999
MX-0201,Delhi,14,0,2.6,7,3999
MX-0201,Bengaluru,63,0,2.9,7,3999
MX-0201,Hyderabad,224,79,7.4,10,3999
MX-0201,Chennai,6,66,3.0,21,3999
MX-0201,Kolkata,205,0,4.9,21,3999
MX-0201,Pune,6,0,6.0,10,3999
MX-0201,Ahmedabad,48,0,6.1,10,3999
MX-0201,Jaipur,25,0,0.9,10,3999
MX-0201,Lucknow,31,0,5.3,5,3999
MX-0201,Surat,74,0,6.4,5,3999
MX-0201,Indore,(9),0,2.6,21,3999
MX-0201,Nagpur,152,0,4.2,21,3999
MX-0201,Kochi,30,0,1.5,7,3999
MX-0201,Chandigarh,8,0,2.8,14,3999
MX-0201,Bhopal,14,0,1.2,14,3999
MX-0201,Patna,20,0,3.0,10,3999
MX-0201,Vadodara,15,0,3.9,5,3999
MX-0201,Ludhiana,45, 119 ,4.1,21,3999
MX-0201,Agra,5,14,2.2,5,3999
MX-0201,Nashik,0,0,0.7,7,3999
MX-0201,Meerut,2,0,0.5,5,3999
MX-0201,Rajkot,65, 26 ,2.0,21,3999
MX-0201,Varanasi,62,0,4.4,7,3999
MX-0201,Amritsar,13,16,1.3,10,3999
MX-0201,Noida,4,61,4.6,10,3999
MX-0201,Gurugram,4,0,2.5,21,3999
MX-0201,Coimbatore,118,47,1.8,21,3999
MX-0201,Madurai,85,0,7.6,14,3999
MX-0201,Guwahati,13,0,3.0,10,3999
MX-0201,Mumbai City Mall,55,34,6.1,7,3999
MX-0201,Delhi City Mall,69,0,6.2,7,3999
MX-0201,Bengaluru City Mall,27,0,0.9,21,3999
MX-0201,Hyderabad City Mall,15,0,3.1,5,3999
MX-0201,Chennai City Mall,44,0,5.2,5,3999
MX-0201,Kolkata City Mall,112,0,3.4,14,3999
MX-0201,Pune City Mall,17,6,1.2,,3999
MX-0201,Ahmedabad City Mall,230,0,5.4,14,3999
MX-0201,Jaipur City Mall,161,0,2.7,21,3999
MX-0201,Jaipur City Mall,161,0,2.7,21,3999
MX-0201,Lucknow City Mall,43,17,3.3,5,3999
MX-0201,Surat City Mall,85,0,2.6,14,3999
MX-0201,Indore City Mall,0,0,0.9,7,3999
MX-0201,Nagpur City Mall,33.5,0,4.4,5,3999
MX-0201,Kochi City Mall,12,0,5.3,5,3999
MX-0201,Chandigarh City Mall,7,0,1.2,7,3999
MX-0201,Bhopal City Mall,0,-15,2.2,5,3999
MX-0201,Patna City Mall,262,0,6.5,14,3999
MX-0201,Vadodara City Mall,113,70,5.8,14,3999
,Ludhiana City Mall,86,0,5.0,10,3999
MX-0201,Agra City Mall,223,0,5.0,14,3999
MX-0202,Mumbai,85,0,4.6,7,999
MX-0202,Delhi,18,0,2.7,5,999
MX-0202,Bengaluru, 1 ,6,2.8,5,999
MX-0202,Hyderabad,27,14,1.8,7,999
MX-0202,Chennai,3,0,0.5,21,999
MX-0202,Kolkata, 57 ,29,1.9,21,999
MX-0202,Pune,23,12,1.0,10,999
MX-0202,Ahmedabad,66,0,5.9,5,999
MX-0202,Jaipur,224,0,6.1,14,N/A
MX-0202,Lucknow,15,0,1.5,7,999
MX-0202,Surat,82,24,3.3,14,999
MX-0202,Indore,326,0,7.2,14,999
MX-0202,Nagpur,114,70,3.9,14,999
MX-0202,Kochi,55,0,3.7,10,999
MX-0202,Chandigarh,171,0,6.1,10,999
MX-0202,Bhopal,4,0,5.3,5,999
MX-0202,Patna,46,0,0.8,21,999
MX-0202,Vadodara,40,0,5.8,7,999
MX-0202,Ludhiana,160,0,6.7,21,999
MX-0202,Agra,233,0,7.2,14,999
MX-0202,Nashik, 21 ,0,1.2,7,999
MX-0202,Meerut,27,0,3.0,7 days,999
MX-0202,Rajkot,38,15,3.3,5,999
MX-0202,Varanasi,250,108,5.7,21,999
MX-0202,Amritsar,81,0,5.6,5,999
MX-0202,Noida,47,0,5.1,21,999
MX-0202,Gurugram,110,0,3.5,10,999
MX-0202,Coimbatore,55,0,1.9,14,999
MX-0202,Madurai,139,0,5.1,10,999
MX-0202,Guwahati,125,0,6.2,10,999
MX-0202,Mumbai City Mall,10,0,0.3,14,999
MX-0202,Delhi City Mall,77,0,3.7,14,999
MX-0202,Bengaluru City Mall,42,29,4.6,7,999
MX-0202,Hyderabad City Mall,2,0,,14,999
MX-0202,Chennai City Mall,0,0,7.1,10,999
MX-0202,Kolkata City Mall,14,0,1.2,10,999
MX-0202,Pune City Mall,17,0,5.9,7,999
MX-0202,Ahmedabad City Mall,76,0,1.7,14,999
MX-0202,Jaipur City Mall, 22 ,26,3.9,14,999
MX-0202,Lucknow City Mall,68,59,6.9,21,999
MX-0202,Surat City Mall,199,0,6.1,21,999
MX-0202,Indore City Mall,30,38,5.6,5,999
MX-0202,Nagpur City Mall,149,0,7.7,21,999
MX-0202,Kochi City Mall,197,0,6.0,10,999
MX-0202,Chandigarh City Mall,79,0,7.9,21,999
MX-0202,Bhopal City Mall,89.5,33,5.7,7,999
MX-0202,Patna City Mall,233,0,7.1,10,999
MX-0202,Vadodara City Mall, 38 ,0,2.5,7,999
MX-0202,Ludhiana City Mall,18,0,2.4,5,999
MX-0202,Agra City Mall, 211 ,0,7.8,10,999
MX-0203,Mumbai,(3),0,2.6,14,499
MX-0203,Delhi,106,0,6.8,7,499
MX-0203,Bengaluru,52,0,7.8,21,499
MX-0203,Hyderabad,79,0,6.6,5,499
MX-0203,Chennai,14,8,2.1,5,499
MX-0203,Kolkata,22,0,6.3,10,499
MX-0203,Pune,41,0,7.8,5,499
MX-0203,Ahmedabad,74,0,4.7,10,499
MX-0203,Jaipur,46,0,1.7,10,499
MX-0203,Lucknow,316,0,7.6,,499
MX-0203,Surat,266,0,6.4,14,499
MX-0203,Indore,28,4,1.5,7,499
MX-0203,Nagpur,315,154,6.0,21,499
MX-0203,Kochi,5,0,5.2,7,499
MX-0203,Chandigarh,375,0,5.8,21,499
MX-0203,Bhopal,4,0,1.4,5,499
MX-0203,Patna,22,-5,1.4,5,499
MX-0203,Vadodara,24,40,7.0,5,N/A
MX-0203,Ludhiana,65,36,1.9,14,499
MX-0203,Agra,40,40,2.2,21,499
MX-0203,Nashik,265,0,7.9,10,499
MX-0203,Meerut,13,0,1.8,21,499
MX-0203,Rajkot,33,13,3.8,5,499
MX-0203,Varanasi,100, 54 ,3.3,14,499
MX-0203,Amritsar,33,0,3.2,14,499
MX-0203,Noida,177,74,5.1,14,499
MX-0203,Gurugram,225,0,7.8,14,499
MX-0203,Coimbatore,28,0,1.7,21,499
MX-0203,Madurai,142,0,6.3,10,499
MX-0203,Guwahati,32,0,6.3,7,499
MX-0203,Mumbai City Mall,26,0,1.4,10,499
MX-0203,Delhi City Mall,4,0,0.7,10,499
MX-0203,Bengaluru City Mall,4,71,6.0,14,499
MX-0203,Hyderabad City Mall,39,15,6.6,5,499
MX-0203,Chennai City Mall,24,0,2.3,10,499
MX-0203,Kolkata City Mall,0,3,0.7,5,499
MX-0203,Kolkata City Mall,0,3,0.7,5,499
MX-0203,Pune City Mall,14,0,0.9,14,499
MX-0203,Ahmedabad City Mall,15,0,1.5,21,499
MX-0203,Jaipur City Mall,80,0,4.9,5,499
MX-0203,Lucknow City Mall,45,0,2.1,10,499
MX-0203,Surat City Mall,0,0,0.6,7,499
MX-0203,Indore City Mall,8,0,4.3,7,499
MX-0203,Nagpur City Mall,23,14,1.8,14,499
MX-0203,Kochi City Mall,0,0,3.7,21,499
MX-0203,Chandigarh City Mall,48,0,4.9,5,499
MX-0203,Bhopal City Mall,56,0,2.8,10,499
MX-0203,Patna City Mall,51,0,4.1,10,499
MX-0203,Vadodara City Mall,94,0,4.1,21,499
MX-0203,Ludhiana City Mall,15.5,0,0.9,10,499
,Agra City Mall,5,0,2.6,10,499
MX-0204,Mumbai,106,0,4.8,7 days,199
MX-0204,Delhi,16,0,1.3,21,199
MX-0204,Bengaluru,205,0,5.4,21,199
MX-0204,Hyderabad,249,0,5.7,14,199
MX-0204,Chennai,40,0,4.8,7,199
MX-0204,Kolkata,71,40,6.5,7,199
MX-0204,Pune,26,0,5.7,21,199
MX-0204,Ahmedabad,15,0,2.4,5,199
MX-0204,Jaipur,3,0,0.4,14,199
MX-0204,Lucknow,121,0,7.5,7,199
MX-0204,Surat,52,0,0.9,21,199
MX-0204,Indore,30,0,3.1,7,199
MX-0204,Nagpur,262,0,5.1,21,199
MX-0204,Kochi,51,0,3.9,5,199
MX-0204,Chandigarh,108,0,3.1,14,199
MX-0204,Bhopal,47,0,4.1,5,199
MX-0204,Patna,3,2,,7,199
MX-0204,Vadodara,30,0,4.1,10,199
MX-0204,Ludhiana,10,0,3.6,7,199
MX-0204,Agra,0,0,1.3,21,199
MX-0204,Nashik, 10 ,0,1.0,7,199
MX-0204,Meerut,58,0,3.8,7,199
MX-0204,Rajkot,128,0,4.1,10,199
MX-0204,Varanasi,23,0,3.4,7,199
MX-0204,Amritsar,226,0,7.4,14,199
MX-0204,Noida,272,0,6.4,14,199
MX-0204,Gurugram,40,0,1.5,10,N/A
MX-0204,Coimbatore,89,22,4.0,10,199
MX-0204,Madurai,32,0,1.5,10,199
MX-0204,Guwahati,23,0,2.7,5,199
MX-0204,Mumbai City Mall,1,0,0.3,21,199
MX-0204,Delhi City Mall,29,14,3.0,5,199
MX-0204,Bengaluru City Mall,35,0,2.4,,199
MX-0204,Hyderabad City Mall,34,0,4.7,21,199
MX-0204,Chennai City Mall,35,0,0.6,21,199
MX-0204,Kolkata City Mall,69,0,5.2,7,199
MX-0204,Pune City Mall,7,0,1.2,5,199
MX-0204,Ahmedabad City Mall,9,-5,0.8,7,199
MX-0204,Jaipur City Mall,54,0,4.0,7,199
MX-0204,Lucknow City Mall,(8),0,1.4,21,199
MX-0204,Surat City Mall,62,0,5.9,5,199
MX-0204,Indore City Mall,96,0,6.6,7,199
MX-0204,Nagpur City Mall,88,0,5.5,7,199
MX-0204,Kochi City Mall,166,0,7.2,10,199
MX-0204,Chandigarh City Mall,5,0,2.1,7,199
MX-0204,Bhopal City Mall,129,0,7.4,7,199
MX-0204,Patna City Mall,119,50,6.7,7,199
MX-0204,Vadodara City Mall,63,0,3.2,14,199
MX-0204,Ludhiana City Mall,137,122,5.4,21,199
MX-0204,Agra City Mall,13,0,0.8,7,199
MX-0205,Mumbai,16,7,0.8,7,199
MX-0205,Delhi,106.5,25,3.9,10,199
MX-0205,Bengaluru,4,3,0.5,5,199
MX-0205,Hyderabad, 23 ,0,3.4,5,199
MX-0205,Chennai,21,0,1.5,10,199
MX-0205,Kolkata,10,0,0.7,7,199
MX-0205,Pune,126,0,4.9,10,199
MX-0205,Ahmedabad,33,18,4.3,5,199
MX-0205,Jaipur,60,0,4.2,7,199
MX-0205,Lucknow, 48 ,14,2.7,7,199
MX-0205,Surat,137,0,7.8,7,199
MX-0205,Indore,14,0,4.9,10,199
MX-0205,Nagpur,354,0,6.0,21,199
MX-0205,Kochi,50,0,6.1,10,199
MX-0205,Chandigarh,76,0,3.1,10,199
MX-0205,Bhopal,32,0,7.2,7,199
MX-0205,Patna,9,0,0.3,10,199
MX-0205,Vadodara,65,0,2.5,14,199
MX-0205,Ludhiana,4,0,6.4,7,199
MX-0205,Agra,185,149,5.4,21,199
MX-0205,Nashik,62,0,3.9,5,199
MX-0205,Meerut,89,0,1.9,14,199
MX-0205,Rajkot,89,0,6.9,21,199
MX-0205,Varanasi,36,0,1.7,14,199
MX-0205,Amritsar,33,13,2.7,10,199
MX-0205,Noida,20,0,4.4,5,199
MX-0205,Gurugram,112,0,7.2,7,199
MX-0205,Coimbatore,10,3,0.7,5,199
MX-0205,Madurai,90,0,5.5,10,199
MX-0205,Guwahati,99,0,6.7,7 days,199
MX-0205,Mumbai City Mall,117,0,7.8,7,199
MX-0205,Delhi City Mall,181,0,3.1,21,199
MX-0205,Bengaluru City Mall,28,4,0.8,14,199
MX-0205,Bengaluru City Mall,28,4,0.8,14,199
MX-0205,Hyderabad City Mall,3,0,3.8,5,199
MX-0205,Chennai City Mall,33,0,4.3,5,199
MX-0205,Kolkata City Mall,150,0,3.6,21,N/A
MX-0205,Pune City Mall,9,0,2.1,5,199
MX-0205,Ahmedabad City Mall,136,0,3.0,14,199
MX-0205,Jaipur City Mall,39,0,4.9,10,199
MX-0205,Lucknow City Mall,211,0,5.4,14,199
MX-0205,Surat City Mall,36,45,7.6,7,199
MX-0205,Indore City Mall,13,0,6.2,10,199
MX-0205,Nagpur City Mall,29,0,1.8,7,199
MX-0205,Kochi City Mall,69,40,1.4,21,199
MX-0205,Chandigarh City Mall,120,0,4.3,10,199
MX-0205,Bhopal City Mall,59,15,4.4,5,199
MX-0205,Patna City Mall,223,0,7.5,10,199
MX-0205,Vadodara City Mall,228,0,6.6,14,199
MX-0205,Ludhiana City Mall,75,0,1.3,21,199
MX-0205,Agra City Mall,15,0,,10,199
,Mumbai,15,0,1.5,21,999
MX-0206,Delhi,113,0,6.5,7,999
MX-0206,Bengaluru,112,0,4.9,7,999
MX-0206,Hyderabad,15,4,1.2,5,999
MX-0206,Chennai,50.5,0,2.4,10,999
MX-0206,Kolkata,16,0,1.8,,999
MX-0206,Pune,179,0,6.1,21,999
MX-0206,Ahmedabad,75,30,4.6,5,999
MX-0206,Jaipur,107,-19,7.5,5,999
MX-0206,Lucknow,170,0,5.7,14,999
MX-0206,Surat, 18 ,0,5.4,21,999
MX-0206,Indore,93,0,2.0,21,999
MX-0206,Nagpur,70,0,7.1,5,999
MX-0206,Kochi,141,0,5.3,10,999
MX-0206,Chandigarh,47,0,1.1,21,999
MX-0206,Bhopal,103,0,7.7,14,999
MX-0206,Patna,79,0,3.2,10,999
MX-0206,Vadodara,38,0,6.7,5,999
MX-0206,Ludhiana,101,76,4.8,21,999
MX-0206,Agra,97,0,7.4,10,999
MX-0206,Nashik,101,26,7.9,7,999
MX-0206,Meerut,73,48,4.1,10,999
MX-0206,Rajkot,18,0,0.6,14,999
MX-0206,Varanasi,138,0,3.3,14,999
MX-0206,Amritsar,145,31,3.8,14,999
MX-0206,Noida,14,0,5.2,10,999
MX-0206,Gurugram,68,0,5.0,14,999
MX-0206,Coimbatore,89,0,5.6,7,999
MX-0206,Madurai,(3),0,1.8,14,999
MX-0206,Guwahati,38,0,6.3,5,999
MX-0206,Mumbai City Mall,231,0,6.0,14,999
MX-0206,Delhi City Mall,101,22,4.2,10,999
MX-0206,Bengaluru City Mall,88,0,4.2,10,999
MX-0206,Hyderabad City Mall,36,0,2.0,10,999
MX-0206,Chennai City Mall,9,0,3.0,14,999
MX-0206,Kolkata City Mall,19,12,3.5,5,999
MX-0206,Pune City Mall,4,37,7.5,10,999
MX-0206,Ahmedabad City Mall,106,0,3.5,10,999
MX-0206,Jaipur City Mall,39,0,6.0,5,999
MX-0206,Lucknow City Mall,16,14,0.8,14,999
MX-0206,Surat City Mall, 66 ,0,6.4,10,999
MX-0206,Indore City Mall,30,0,2.5,21,999
MX-0206,Nagpur City Mall,35,13,1.6,7,999
MX-0206,Kochi City Mall, 75 ,0,5.7,5,999
MX-0206,Chandigarh City Mall,97,0,4.6,21,N/A
MX-0206,Bhopal City Mall,107,0,3.9,10,999
MX-0206,Patna City Mall,79,0,6.9,14,999
MX-0206,Vadodara City Mall,6,0,2.8,7,999
MX-0206,Ludhiana City Mall,18,9,0.7,14,999
MX-0206,Agra City Mall,28,8,0.8,14,999
MX-0207,Mumbai,18,0,2.6,7,199
MX-0207,Delhi,79,0,5.2,10,199
MX-0207,Bengaluru,102,0,7.9,7,199
MX-0207,Hyderabad,7,0,2.2,7,199
MX-0207,Chennai,11,0,0.7,7,199
MX-0207,Kolkata,9,0,2.0,7,199
MX-0207,Pune,191,0,7.7,14,199
MX-0207,Ahmedabad,27.5,0,3.4,14,199
MX-0207,Jaipur,38,0,3.3,7 days,199
MX-0207,Lucknow,54,20,2.3,7,199
MX-0207,Surat,50,0,2.1,21,199
MX-0207,Indore,87,0,2.1,21,199
MX-0207,Nagpur,13,0,1.6,5,199
MX-0207,Kochi,30,17,2.5,7,199
MX-0207,Chandigarh,159,0,6.0,14,199
MX-0207,Bhopal, 3 , 37 ,4.9,10,199
MX-0207,Patna,78,74,5.6,10,199
MX-0207,Vadodara,52,0,6.1,5,199
MX-0207,Ludhiana,101,74,6.4,10,199
MX-0207,Agra,66,129,5.8,21,199
MX-0207,Nashik,86,24,1.9,14,199
MX-0207,Meerut,62,0,6.9,5,199
MX-0207,Rajkot,75, 20 ,4.0,7,199
MX-0207,Varanasi,91,88,5.8,14,199
MX-0207,Amritsar,22,0,0.8,10,199
MX-0207,Noida, 32 ,0,6.1,7,199
MX-0207,Gurugram,19,0,2.3,5,199
MX-0207,Coimbatore,92,0,6.2,10,199
MX-0207,Madurai,93,36,5.9,,199
MX-0207,Guwahati,31,-14,6.0,7,199
MX-0207,Guwahati,31,-14,6.0,7,199
MX-0207,Mumbai City Mall,1,108,4.7,21,199
MX-0207,Delhi City Mall,2,0,2.1,10,199
MX-0207,Bengaluru City Mall,88,0,,7,199
MX-0207,Hyderabad City Mall,324,0,6.5,21,199
MX-0207,Chennai City Mall,12,0,4.1,5,199
MX-0207,Kolkata City Mall,107,32,2.2,21,199
MX-0207,Pune City Mall,191,0,4.8,14,199
MX-0207,Ahmedabad City Mall,158,34,7.1,7,199
MX-0207,Jaipur City Mall,109,0,6.5,7,199
MX-0207,Lucknow City Mall,14,0,0.5,10,199
MX-0207,Surat City Mall,94,0,2.1,14,199
MX-0207,Indore City Mall,68,0,5.7,5,199
MX-0207,Nagpur City Mall,35,0,5.5,14,199
MX-0207,Kochi City Mall,58,0,1.5,14,199
MX-0207,Chandigarh City Mall,45,0,2.5,21,199
MX-0207,Bhopal City Mall,31,18,2.3,14,199
MX-0207,Patna City Mall,136,0,2.0,21,199
MX-0207,Vadodara City Mall,14,3,0.7,7,199
MX-0207,Ludhiana City Mall,29,0,6.8,7,199
MX-0207,Agra City Mall,80,0,1.7,14,199
MX-0208,Mumbai,44,0,1.9,7,3999
,Delhi,27,0,0.7,14,3999
MX-0208,Bengaluru,106,0,7.6,14,3999
MX-0208,Hyderabad,55,0,6.1,5,N/A
MX-0208,Chennai,62,0,3.3,10,3999
MX-0208,Kolkata,115,0,1.8,21,3999
MX-0208,Pune,64,0,1.5,14,3999
MX-0208,Ahmedabad,108,0,6.9,21,3999
MX-0208,Jaipur,37,31,6.0,10,3999
MX-0208,Lucknow,81,0,3.5,10,3999
MX-0208,Surat,44.5,0,4.7,7,3999
MX-0208,Indore,26,8,3.1,5,3999
MX-0208,Nagpur,56,0,1.7,14,3999
MX-0208,Kochi,207,0,7.1,10,3999
MX-0208,Chandigarh,211,0,5.9,21,3999
MX-0208,Bhopal,9,0,0.6,5,3999
MX-0208,Patna,7,0,1.0,7,3999
MX-0208,Vadodara,-5,0,5.5,10,3999
MX-0208,Ludhiana,96,0,1.9,21,3999
MX-0208,Agra,119,106,4.3,21,3999
MX-0208,Nashik,353,0,6.9,21,3999
MX-0208,Meerut, 156 ,0,7.9,7,3999
MX-0208,Rajkot,16,0,0.8,10,3999
MX-0208,Varanasi,102,22,6.1,5,3999
MX-0208,Amritsar,16,7,0.8,21,3999
MX-0208,Noida,102,43,6.2,10,3999
MX-0208,Gurugram,3,4,0.9,7,3999
MX-0208,Coimbatore,132,0,7.8,14,3999
MX-0208,Madurai,53,16,7.6,5,3999
MX-0208,Guwahati,183,0,2.7,21,3999
MX-0208,Mumbai City Mall,34,8,2.9,5,3999
MX-0208,Delhi City Mall,2,0,4.8,5,3999
MX-0208,Bengaluru City Mall,26,19,0.9,21,3999
MX-0208,Hyderabad City Mall,21,0,1.3,5,3999
MX-0208,Chennai City Mall,69,0,7.8,7,3999
MX-0208,Kolkata City Mall,46,0,7.6,5,3999
MX-0208,Pune City Mall,60,0,5.1,5,3999
MX-0208,Ahmedabad City Mall,16,3,0.4,14 days,3999
MX-0208,Jaipur City Mall,107,38,2.4,21,3999
MX-0208,Lucknow City Mall,119,0,4.0,10,3999
MX-0208,Surat City Mall, 96 ,0,6.2,10,3999
MX-0208,Indore City Mall,32,0,4.0,7,3999
MX-0208,Nagpur City Mall,4,2,0.3,10,3999
MX-0208,Kochi City Mall,9,0,0.4,7,3999
MX-0208,Chandigarh City Mall,119,0,7.3,5,3999
MX-0208,Bhopal City Mall,2,0,0.3,5,3999
MX-0208,Patna City Mall,0,0,3.8,5,3999
MX-0208,Vadodara City Mall,12,0,0.7,21,3999
MX-0208,Ludhiana City Mall,7,18,1.0,14,3999
MX-0208,Agra City Mall,17,0,0.8,10,3999
MX-0209,Mumbai,21,-9,1.9,10,199
MX-0209,Delhi,16,0,0.4,,199
MX-0209,Bengaluru,22,0,2.2,5,199
MX-0209,Hyderabad,244,43,7.4,10,199
MX-0209,Chennai,7,0,2.0,5,199
MX-0209,Kolkata,35,0,3.3,7,199
MX-0209,Pune,310,51,7.7,14,199
MX-0209,Ahmedabad,60,0,4.9,5,199
MX-0209,Jaipur,68,0,4.9,7,199
MX-0209,Lucknow,47,0,1.0,21,199
MX-0209,Surat,164,0,6.1,10,199
MX-0209,Indore, 1 ,0,0.8,7,199
MX-0209,Nagpur,87,0,5.4,7,N/A
MX-0209,Kochi,108.5,0,7.7,10,199
MX-0209,Chandigarh,77,0,7.7,7,199
MX-0209,Bhopal,8,0,,7,199
MX-0209,Patna,219,0,6.3,21,199
MX-0209,Vadodara,127,0,3.1,14,199
MX-0209,Ludhiana,11,0,3.4,5,199
MX-0209,Agra,136,0,3.6,14,199
MX-0209,Nashik,292,79,5.7,21,199
MX-0209,Meerut,33,18,1.9,10,199
MX-0209,Rajkot,58,0,4.2,7,199
MX-0209,Varanasi,18,47,4.3,14,199
MX-0209,Amritsar,76,0,6.7,7,199
MX-0209,Noida,15,0,0.7,10,199
MX-0209,Gurugram,27,26,2.0,10,199
MX-0209,Gurugram,27,26,2.0,10,199
MX-0209,Coimbatore,9,0,5.4,5,199
MX-0209,Madurai,68,23,3.9,7,199
MX-0209,Guwahati,44,0,2.7,5,199
MX-0209,Mumbai City Mall,211,53,4.6,21,199
MX-0209,Delhi City Mall,2,0,1.3,5,199
MX-0209,Bengaluru City Mall,181, 104 ,4.2,21,199
MX-0209,Hyderabad City Mall,78,0,3.8,14,199
MX-0209,Chennai City Mall,154,0,3.4,14,199
MX-0209,Kolkata City Mall,34,9,3.2,5,199
MX-0209,Pune City Mall,55,0,2.7,7,199
MX-0209,Ahmedabad City Mall,324,70,6.6,21,199
MX-0209,Jaipur City Mall,36,0,6.7,5,199
MX-0209,Lucknow City Mall,38,40,3.1,21,199
MX-0209,Surat City Mall,60,0,4.6,5,199
MX-0209,Indore City Mall,53,0,7.9,7,199
MX-0209,Nagpur City Mall,2,0,0.4,5,199
MX-0209,Kochi City Mall,19,22,5.0,5,199
MX-0209,Chandigarh City Mall,18,0,1.8,7,199
MX-0209,Bhopal City Mall,11,0,1.9,14,199
MX-0209,Patna City Mall, 176 ,0,3.5,21,199
MX-0209,Vadodara City Mall,26,0,2.9,5,199
MX-0209,Ludhiana City Mall,88,44,4.3,14,199
MX-0209,Agra City Mall,47, 52 ,6.5,14,199
MX-0210,Mumbai, 87 ,0,2.2,21,199
MX-0210,Delhi,336,0,7.5,21,199
,Bengaluru,6,0,4.9,7,199
MX-0210,Hyderabad,4,48,2.0,21,199
MX-0210,Chennai,5,0,0.4,5,199
MX-0210,Kolkata,360,0,7.4,21,199
MX-0210,Pune,(4),0,0.6,14,199
MX-0210,Ahmedabad, 135 ,0,3.4,14,199
MX-0210,Jaipur,167,0,6.1,14,199
MX-0210,Lucknow,14,0,4.5,5,199
MX-0210,Surat,18,0,3.9,21,199
MX-0210,Indore,194,0,7.1,21,199
MX-0210,Nagpur,4,0,1.7,5,199
MX-0210,Kochi,43,0,2.1,7,199
MX-0210,Chandigarh,18,0,0.8,7,199
MX-0210,Bhopal, 109 ,0,2.3,21,199
MX-0210,Patna,109.5,0,5.0,21 days,199
MX-0210,Vadodara,197,0,7.1,14,199
MX-0210,Ludhiana,26,35,5.8,5,199
MX-0210,Agra,73,0,7.6,14,199
MX-0210,Nashik,103,0,4.2,10,199
MX-0210,Meerut,160,-3,7.2,21,N/A
MX-0210,Rajkot,138,0,5.4,14,199
MX-0210,Varanasi, 11 ,52,6.5,10,199
MX-0210,Amritsar,38,0,2.6,,199
MX-0210,Noida,64,0,2.9,10,199
MX-0210,Gurugram,7,31,4.7,7,199
MX-0210,Coimbatore,76, 22 ,2.1,21,199
MX-0210,Madurai,19,0,5.5,7,199
MX-0210,Guwahati,17,0,0.4,14,199
MX-0210,Mumbai City Mall,29,7,0.8,21,199
MX-0210,Delhi City Mall,107,0,7.0,5,199
MX-0210,Bengaluru City Mall,4,19,6.9,5,199
MX-0210,Hyderabad City Mall,18,3,1.1,7,199
MX-0210,Chennai City Mall,34,46,5.0,7,199
MX-0210,Kolkata City Mall,29,11,1.3,7,199
MX-0210,Pune City Mall,18,0,4.0,14,199
MX-0210,Ahmedabad City Mall,138,0,7.0,7,199
MX-0210,Jaipur City Mall,53,0,5.7,5,199
MX-0210,Lucknow City Mall,23,0,1.1,7,199
MX-0210,Surat City Mall,237,0,6.3,14,199
MX-0210,Indore City Mall,125,0,6.9,14,199
MX-0210,Nagpur City Mall,179,0,6.6,21,199
MX-0210,Kochi City Mall,10,0,2.7,14,199
MX-0210,Chandigarh City Mall,27,22,4.8,10,199
MX-0210,Bhopal City Mall,39,0,2.4,7,199
MX-0210,Patna City Mall,49,0,5.5,5,199
MX-0210,Vadodara City Mall,33,0,1.0,21,199
MX-0210,Ludhiana City Mall,44,0,,14,199
MX-0210,Agra City Mall,14,0,1.9,7,199
MX-0211,Mumbai,422,91,7.8,21,1999
MX-0211,Delhi,3,0,4.3,14,1999
MX-0211,Bengaluru,27,0,3.7,14,1999
MX-0211,Hyderabad, 21 ,0,2.2,10,1999
MX-0211,Chennai,17,0,1.9,5,1999
MX-0211,Kolkata,36,0,1.9,7,1999
MX-0211,Pune,151,0,3.5,14,1999
MX-0211,Ahmedabad,23,0,7.4,7,1999
MX-0211,Jaipur,157,0,4.9,21,1999
MX-0211,Lucknow,87,0,5.6,10,1999
MX-0211,Surat,55,31,3.8,10,1999
MX-0211,Indore,80,0,3.9,10,1999
MX-0211,Nagpur,64,0,5.5,21,1999
MX-0211,Kochi,38,0,6.0,10,1999
MX-0211,Chandigarh,90,0,6.3,7,1999
MX-0211,Bhopal,21,118,6.1,21,1999
MX-0211,Patna,29,0,2.6,10,1999
MX-0211,Vadodara,162,0,3.8,21,1999
MX-0211,Ludhiana,247,0,7.6,21,1999
MX-0211,Agra,7.5,0,0.6,7,1999
MX-0211,Nashik,20,5,1.0,7,1999
MX-0211,Meerut,14,0,2.6,21,1999
MX-0211,Rajkot,17,0,0.7,21,1999
MX-0211,Varanasi,80,0,5.5,5,1999
MX-0211,Varanasi,80,0,5.5,5,1999
MX-0211,Amritsar,86,0,4.5,14,1999
MX-0211,Noida,301,0,5.4,21,1999
MX-0211,Gurugram,22,0,1.3,7,1999
MX-0211,Coimbatore,14,0,6.2,7,1999
MX-0211,Madurai,5,0,3.5,21,1999
MX-0211,Guwahati,120,0,5.8,7,1999
MX-0211,Mumbai City Mall,5,54,4.0,21,N/A
MX-0211,Delhi City Mall,80,0,5.3,7,1999
MX-0211,Bengaluru City Mall,2,0,7.0,10,1999
MX-0211,Hyderabad City Mall,4,0,0.9,10,1999
MX-0211,Chennai City Mall,16,64,7.3,10,1999
MX-0211,Kolkata City Mall,218,81,6.7,10,1999
MX-0211,Pune City Mall,58,0,4.0,5,1999
MX-0211,Ahmedabad City Mall,109,0,3.3,21,1999
MX-0211,Jaipur City Mall,111,86,3.3,21,1999
MX-0211,Lucknow City Mall,28,0,1.2,7,1999
MX-0211,Surat City Mall,9,5,1.7,5,1999
MX-0211,Indore City Mall,122,23,6.8,7,1999
MX-0211,Nagpur City Mall,37,-2,3.1,10,1999
MX-0211,Kochi City Mall,13,0,1.7,7,1999
MX-0211,Chandigarh City Mall,31,0,4.3,10,1999
MX-0211,Bhopal City Mall,(2),0,2.3,7 days,1999
MX-0211,Patna City Mall,2,0,0.2,7,1999
MX-0211,Vadodara City Mall,47,0,4.3,,1999
MX-0211,Ludhiana City Mall,10,0,7.5,10,1999
MX-0211,Agra City Mall,60,69,5.2,14,1999
MX-0212,Mumbai,24,0,2.7,5,999
MX-0212,Delhi, 129 ,45,2.3,21,999
MX-0212,Bengaluru,83,0,2.6,21,999
,Hyderabad,60,0,3.8,10,999
MX-0212,Chennai,108,0,6.3,14,999
MX-0212,Kolkata,38,0,3.1,21,999
MX-0212,Pune,52,0,2.8,7,999
MX-0212,Ahmedabad,22, 21 ,2.1,10,999
MX-0212,Jaipur,95,0,6.7,10,999
MX-0212,Lucknow,35,0,2.2,5,999
MX-0212,Surat,54,0,5.6,7,999
MX-0212,Indore,18,0,1.0,7,999
MX-0212,Nagpur,296,0,5.5,21,999
MX-0212,Kochi,63,0,2.6,10,999
MX-0212,Chandigarh,9,0,1.7,14,999
MX-0212,Bhopal,4,0,0.7,5,999
MX-0212,Patna,3,0,2.4,10,999
MX-0212,Vadodara,114,79,6.8,10,999
MX-0212,Ludhiana,115,0,5.8,21,999
MX-0212,Agra,1,0,0.5,10,999
MX-0212,Nashik,35,24,4.1,5,999
MX-0212,Meerut,189,0,7.0,14,999
MX-0212,Rajkot,67.5,0,1.8,14,999
MX-0212,Varanasi,134,94,7.3,14,999
MX-0212,Amritsar,66,135,7.0,14,999
MX-0212,Noida,236,0,6.3,14,999
MX-0212,Gurugram,87,22,5.2,5,999
MX-0212,Coimbatore,68,27,2.6,14,999
MX-0212,Madurai,56,0,1.0,21,999
MX-0212,Guwahati,5,0,1.4,10,999
MX-0212,Mumbai City Mall,30,0,2.3,7,999
MX-0212,Delhi City Mall,259,0,,21,999
MX-0212,Bengaluru City Mall,359,0,5.6,21,999
MX-0212,Hyderabad City Mall,123,0,7.3,7,999
MX-0212,Chennai City Mall,2,0,0.4,7,999
MX-0212,Kolkata City Mall,34,0,1.2,21,999
MX-0212,Pune City Mall,67,0,4.6,21,999
MX-0212,Ahmedabad City Mall,58,0,2.0,14,999
MX-0212,Jaipur City Mall,27,0,1.8,10,999
MX-0212,Lucknow City Mall,246,0,7.8,21,N/A
MX-0212,Surat City Mall,220,0,4.8,14,999
MX-0212,Indore City Mall,69,0,6.2,14,999
MX-0212,Nagpur City Mall,168,0,4.0,14,999
MX-0212,Kochi City Mall,17,0,0.9,21,999
MX-0212,Chandigarh City Mall,68,12,2.2,10,999
MX-0212,Bhopal City Mall,1,0,0.9,5,999
MX-0212,Patna City Mall,13,0,0.4,21,999
MX-0212,Vadodara City Mall,104,0,5.3,7,999
MX-0212,Ludhiana City Mall, 95 ,0,7.2,5,999
MX-0212,Agra City Mall,37,0,0.9,21,999
MX-0213,Mumbai,57,46,3.0,14,999
MX-0213,Delhi,34,18,3.9,7,999
MX-0213,Bengaluru,43,0,7.1,5,999
MX-0213,Hyderabad,181,0,4.2,14,999
MX-0213,Chennai,10,0,0.5,10,999
MX-0213,Kolkata,51,0,1.5,14,999
MX-0213,Pune, 179 ,0,5.3,14,999
MX-0213,Ahmedabad,32,0,1.6,7,999
MX-0213,Jaipur,20,67,6.5,10,999
MX-0213,Lucknow,4,50,4.9,14,999
MX-0213,Surat,232,38,7.4,10,999
MX-0213,Indore,109,37,2.8,21,999
MX-0213,Nagpur,41,36,7.6,7,999
MX-0213,Kochi,35,-4,7.2,21,999
MX-0213,Chandigarh,266,0,4.5,21,999
MX-0213,Bhopal,104,0,6.6,5,999
MX-0213,Patna,24, 12 ,3.1,5,999
MX-0213,Vadodara,365,97,6.5,21,999
MX-0213,Ludhiana,14,0,7.4,5,999
MX-0213,Agra,129,0,2.4,21,999
MX-0213,Nashik,6,5,0.2,,999
MX-0213,Nashik,6,5,0.2,,999
MX-0213,Meerut,95,19,6.8,5,999
MX-0213,Rajkot,11,0,6.3,5,999
MX-0213,Varanasi,15,6,1.2,5,999
MX-0213,Amritsar,67,50,7.2,5 days,999
MX-0213,Noida,30.5,0,0.6,21,999
MX-0213,Gurugram,237,0,4.0,21,999
MX-0213,Coimbatore,38,0,3.2,14,999
MX-0213,Madurai,269,0,4.6,21,999
MX-0213,Guwahati,84,0,7.3,10,999
MX-0213,Mumbai City Mall,26,0,1.8,10,999
MX-0213,Delhi City Mall,148,0,7.7,7,999
MX-0213,Bengaluru City Mall,321,0,5.1,21,999
MX-0213,Hyderabad City Mall,30,0,4.0,5,999
MX-0213,Chennai City Mall,-9,27,7.2,7,999
MX-0213,Kolkata City Mall,152,0,4.1,21,999
MX-0213,Pune City Mall,55,0,2.6,7,999
MX-0213,Ahmedabad City Mall,27,0,0.5,21,999
MX-0213,Jaipur City Mall,8,0,5.3,5,999
MX-0213,Lucknow City Mall,92,0,5.6,5,999
MX-0213,Surat City Mall,78,0,5.8,14,999
MX-0213,Indore City Mall, 25 ,0,3.1,7,999
MX-0213,Nagpur City Mall,10,0,1.5,7,999
MX-0213,Kochi City Mall,106,0,3.5,10,999
MX-0213,Chandigarh City Mall,57,0,3.5,7,999
MX-0213,Bhopal City Mall,29,0,1.4,7,999
MX-0213,Patna City Mall,34,0,3.4,7,999
MX-0213,Vadodara City Mall, 10 ,173,7.8,21,999
MX-0213,Ludhiana City Mall,81,0,6.0,14,N/A
MX-0213,Agra City Mall,4,74,6.7,14,999
MX-0214,Mumbai,41,0,1.1,21,3999
MX-0214,Delhi,264,86,4.1,21,3999
MX-0214,Bengaluru,46,0,2.4,14,3999
MX-0214,Hyderabad,80,0,6.9,7,3999
,Chennai,13,0,3.3,5,3999
MX-0214,Kolkata,15,0,1.2,5,3999
MX-0214,Pune,12,15,2.0,14,3999
MX-0214,Ahmedabad,26,68,5.3,10,3999
MX-0214,Jaipur,148,0,7.6,7,3999
MX-0214,Lucknow,25,0,3.5,10,3999
MX-0214,Surat,319,82,4.8,21,3999
MX-0214,Indore,3,0,3.5,21,3999
MX-0214,Nagpur,12,0,6.5,10,3999
MX-0214,Kochi,4,49,5.4,7,3999
MX-0214,Chandigarh,23, 57 ,,10,3999
MX-0214,Bhopal,1,0,0.4,5,3999
MX-0214,Patna,393,0,6.2,21,3999
MX-0214,Vadodara,57,20,6.7,5,3999
MX-0214,Ludhiana,180,0,3.3,21,3999
MX-0214,Agra,17,0,2.3,5,3999
MX-0214,Nashik,81,46,2.0,21,3999
MX-0214,Meerut,46,45,5.0,10,3999
MX-0214,Rajkot,30,0,5.5,21,3999
MX-0214,Varanasi,105,0,7.8,7,3999
MX-0214,Amritsar,302,75,6.5,14,3999
MX-0214,Noida,146,0,4.0,14,3999
MX-0214,Gurugram, 8 ,0,4.3,21,3999
MX-0214,Coimbatore,188,31,3.3,21,3999
MX-0214,Madurai,63.5,0,3.1,7,3999
MX-0214,Guwahati,41,0,5.7,21,3999
MX-0214,Mumbai City Mall, 177 ,0,5.3,21,3999
MX-0214,Delhi City Mall,10,0,2.0,5,3999
MX-0214,Bengaluru City Mall,128,0,4.9,10,3999
MX-0214,Hyderabad City Mall,86,0,6.6,7,3999
MX-0214,Chennai City Mall,177,-5,4.0,14,3999
MX-0214,Kolkata City Mall,66,62,6.4,10,3999
MX-0214,Pune City Mall,32,14,2.2,5,3999
MX-0214,Ahmedabad City Mall,70,0,5.2,10,3999
MX-0214,Jaipur City Mall,12,0,1.7,14,3999
MX-0214,Lucknow City Mall,7,0,1.2,5,3999
MX-0214,Surat City Mall,32,0,3.8,7,3999
MX-0214,Indore City Mall,68,0,4.6,5,3999
MX-0214,Nagpur City Mall,2,14,1.5,7,3999
MX-0214,Kochi City Mall,40,0,3.4,,3999
MX-0214,Chandigarh City Mall, 11 ,46,5.4,10,3999
MX-0214,Bhopal City Mall,8,0,0.8,7,3999
MX-0214,Patna City Mall,69,0,5.2,7,3999
MX-0214,Vadodara City Mall,131,0,7.0,14,3999
MX-0214,Ludhiana City Mall,27,0,4.6,5,3999
MX-0214,Agra City Mall,17,14,0.5,21,3999
MX-0215,Mumbai,89,0,4.9,10,3999
MX-0215,Delhi,83,0,6.7,14,3999
MX-0215,Bengaluru,29,0,1.3,7,3999
MX-0215,Hyderabad,19,0,6.2,5 days,3999
MX-0215,Chennai, 21 ,17,3.6,7,3999
MX-0215,Kolkata, 9 ,0,7.0,7,3999
MX-0215,Pune,5,0,0.4,5,3999
MX-0215,Ahmedabad,19,0,0.7,10,N/A
MX-0215,Jaipur,94,0,4.2,7,3999
MX-0215,Lucknow,86,0,2.9,10,3999
MX-0215,Surat, 37 ,21,2.0,10,3999
MX-0215,Indore,198,62,4.8,14,3999
MX-0215,Nagpur,119,0,6.7,21,3999
MX-0215,Kochi,57,0,1.5,14,3999
MX-0215,Chandigarh,62,0,7.6,10,3999
MX-0215,Bhopal,47,0,6.6,5,3999
MX-0215,Patna,94,0,1.6,21,3999
MX-0215,Vadodara,42,45,3.4,14,3999
MX-0215,Vadodara,42,45,3.4,14,3999
MX-0215,Ludhiana,0,0,1.8,10,3999
MX-0215,Agra,65,0,6.6,5,3999
MX-0215,Nashik,32,0,2.8,5,3999
MX-0215,Meerut,129,23,2.5,21,3999
MX-0215,Rajkot,34,0,1.8,14,3999
MX-0215,Varanasi,(6),0,5.2,14,3999
MX-0215,Amritsar,19,0,1.6,21,3999
MX-0215,Noida,20,0,2.1,7,3999
MX-0215,Gurugram,44,0,7.8,10,3999
MX-0215,Coimbatore,2,0,1.9,5,3999
MX-0215,Madurai,103,35,6.6,5,3999
MX-0215,Guwahati,23,0,4.7,14,3999
MX-0215,Mumbai City Mall,31,0,5.1,7,3999
MX-0215,Delhi City Mall,40.5,0,3.2,7,3999
MX-0215,Bengaluru City Mall,38,0,4.7,7,3999
MX-0215,Hyderabad City Mall,134,0,3.0,21,3999
MX-0215,Chennai City Mall,65,0,3.1,14,3999
MX-0215,Kolkata City Mall,5,0,1.4,5,3999
MX-0215,Pune City Mall,60,0,6.9,7,3999
MX-0215,Ahmedabad City Mall,103,0,6.4,14,3999
MX-0215,Jaipur City Mall,170, 56 ,7.5,14,3999
MX-0215,Lucknow City Mall,184,0,2.6,21,3999
MX-0215,Surat City Mall,10,0,5.0,10,3999
MX-0215,Indore City Mall,167,0,5.4,10,3999
MX-0215,Nagpur City Mall,31,14,5.0,5,3999
MX-0215,Kochi City Mall,69,0,4.8,5,3999
MX-0215,Chandigarh City Mall,132,67,4.3,21,3999
MX-0215,Bhopal City Mall,81,0,7.2,10,3999
MX-0215,Patna City Mall,215,0,3.2,21,3999
MX-0215,Vadodara City Mall,45,0,,14,3999
MX-0215,Ludhiana City Mall,46,0,2.6,21,3999
MX-0215,Agra City Mall, 172 ,0,3.7,21,3999
MX-0216,Mumbai,35,9,1.3,14,3999
MX-0216,Delhi, 275 ,0,7.0,21,3999
MX-0216,Bengaluru,81,0,7.4,21,3999
MX-0216,Hyderabad,41,33,5.1,14,3999
MX-0216,Chennai,58,0,3.6,10,3999
,Kolkata,12,-15,0.9,5,3999
MX-0216,Pune,45,0,3.5,5,3999
MX-0216,Ahmedabad,20,0,6.3,21,3999
MX-0216,Jaipur,154,0,5.0,10,3999
MX-0216,Lucknow,110,39,2.8,14,3999
MX-0216,Surat,29,0,0.9,14,3999
MX-0216,Indore,35,23,6.3,5,3999
MX-0216,Nagpur, 6 ,0,3.8,5,3999
MX-0216,Kochi,66,0,5.9,5,3999
MX-0216,Chandigarh,27,7,0.6,14,3999
MX-0216,Bhopal,198,0,6.6,14,3999
MX-0216,Patna, 44 ,0,3.7,,N/A
MX-0216,Vadodara,18,5,2.6,5,3999
MX-0216,Ludhiana,79,0,5.5,7,3999
MX-0216,Agra,4,0,4.3,5,3999
MX-0216,Nashik,99,13,4.3,7,3999
MX-0216,Meerut,300,0,4.6,21,3999
MX-0216,Rajkot,57,0,2.5,14,3999
MX-0216,Varanasi,31,0,3.9,5,3999
MX-0216,Amritsar,12,0,2.9,10,3999
MX-0216,Noida,59,0,4.8,5,3999
MX-0216,Gurugram,0,14,3.5,5,3999
MX-0216,Coimbatore,111,0,5.0,21,3999
MX-0216,Madurai,10,0,1.2,7,3999
MX-0216,Guwahati,23,0,3.8,10,3999
MX-0216,Mumbai City Mall,300,0,4.6,21,3999
MX-0216,Delhi City Mall,1,6,0.8,7,3999
MX-0216,Bengaluru City Mall,218,0,7.6,21 days,3999
MX-0216,Hyderabad City Mall,34,0,1.5,10,3999
MX-0216,Chennai City Mall,2.5,0,0.2,5,3999
MX-0216,Kolkata City Mall,368,0,6.4,21,3999
MX-0216,Pune City Mall,38,0,3.3,5,3999
MX-0216,Ahmedabad City Mall,196,84,3.3,21,3999
MX-0216,Jaipur City Mall, 54 ,0,7.8,7,3999
MX-0216,Lucknow City Mall,15,0,5.3,14,3999
MX-0216,Surat City Mall,26,0,3.5,5,3999
MX-0216,Indore City Mall,72,0,6.4,14,3999
MX-0216,Nagpur City Mall,30,0,1.5,21,3999
MX-0216,Kochi City Mall,92,0,5.4,10,3999
MX-0216,Chandigarh City Mall, 374 ,0,7.4,21,3999
MX-0216,Bhopal City Mall, 15 ,25,5.4,5,3999
MX-0216,Patna City Mall,22,0,7.5,7,3999
MX-0216,Vadodara City Mall,212,0,5.4,21,3999
MX-0216,Ludhiana City Mall,12,0,1.9,14,3999
MX-0216,Agra City Mall,9,0,1.2,7,3999
MX-0217,Mumbai,108,0,5.2,7,999
MX-0217,Delhi,41,0,1.2,14,999
MX-0217,Bengaluru, 42 ,0,2.0,7,999
MX-0217,Hyderabad,97,34,4.3,7,999
MX-0217,Chennai,12,0,3.8,5,999
MX-0217,Kolkata,88,0,5.1,10,999
MX-0217,Pune,72,0,7.7,5,999
MX-0217,Ahmedabad,45,0,3.3,5,999
MX-0217,Jaipur,117,0,6.3,7,999
MX-0217,Lucknow,24,40,7.9,5,999
MX-0217,Surat,7,0,1.4,5,999
MX-0217,Indore,22,0,3.0,5,999
MX-0217,Nagpur,(1),0,7.8,21,999
MX-0217,Kochi,154,0,6.1,10,999
MX-0217,Chandigarh, 17 ,0,1.9,10,999
MX-0217,Chandigarh, 17 ,0,1.9,10,999
MX-0217,Bhopal,140,0,7.6,7,999
MX-0217,Patna,49,0,6.2,5,999
MX-0217,Vadodara,51,0,3.9,21,999
MX-0217,Ludhiana,5,2,0.4,5,999
MX-0217,Agra,2,36,5.4,10,999
MX-0217,Nashik,33,45,5.5,7,999
MX-0217,Meerut,112,27,3.7,10,999
MX-0217,Rajkot,218,141,6.3,21,999
MX-0217,Varanasi,80,22,1.2,21,999
MX-0217,Amritsar,54,16,1.4,14,999
MX-0217,Noida, 5 ,0,1.0,21,N/A
MX-0217,Gurugram,7,-1,2.4,14,999
MX-0217,Coimbatore,15,0,1.6,10,999
MX-0217,Madurai,198,0,5.1,14,999
MX-0217,Guwahati,17,0,3.3,14,999
MX-0217,Mumbai City Mall,82,0,,10,999
MX-0217,Delhi City Mall,22,0,3.1,5,999
MX-0217,Bengaluru City Mall,153,0,6.3,10,999
MX-0217,Hyderabad City Mall,5,0,4.9,5,999
MX-0217,Chennai City Mall,219,0,5.7,21,999
MX-0217,Kolkata City Mall,4,0,1.4,5,999
MX-0217,Pune City Mall,10,0,4.3,14,999
MX-0217,Ahmedabad City Mall,36.5,0,5.7,21,999
MX-0217,Jaipur City Mall,71,30,3.8,10,999
MX-0217,Lucknow City Mall,1,46,3.5,,999
MX-0217,Surat City Mall,162,0,5.7,10,999
MX-0217,Indore City Mall,203,96,7.9,10,999
MX-0217,Nagpur City Mall, 43 ,0,6.0,14,999
MX-0217,Kochi City Mall,5,0,0.7,5,999
MX-0217,Chandigarh City Mall,185, 75 ,3.5,21,999
MX-0217,Bhopal City Mall,68,0,1.0,21,999
MX-0217,Patna City Mall,49,0,5.2,7,999
MX-0217,Vadodara City Mall,252,0,4.8,21,999
MX-0217,Ludhiana City Mall,9,0,1.1,7,999
MX-0217,Agra City Mall,111,51,4.6,10,999
MX-0218,Mumbai,15,8,1.4,5,499
MX-0218,Delhi,98,0,4.6,10,499
MX-0218,Bengaluru,103,0,3.7,10,499
MX-0218,Hyderabad,423,80,6.2,21,499
MX-0218,Chennai,115, 111 ,7.5,14,499
MX-0218,Kolkata,47,0,4.3,7,499
,Pune,15,0,7.9,10,499
MX-0218,Ahmedabad,76,0,4.6,5,499
MX-0218,Jaipur,136,48,4.4,10,499
MX-0218,Lucknow,113,0,5.2,14,499
MX-0218,Surat,48,0,5.4,5,499
MX-0218,Indore,339,0,7.2,21 days,499
MX-0218,Nagpur,31,0,5.5,5,499
MX-0218,Kochi,2,0,2.4,10,499
MX-0218,Chandigarh,33,0,1.7,14,499
MX-0218,Bhopal,45,0,3.7,7,499
MX-0218,Patna,32,0,5.7,7,499
MX-0218,Vadodara,17,0,1.5,5,499
MX-0218,Ludhiana,11,39,2.9,10,499
MX-0218,Agra,0, 2 ,0.3,7,499
MX-0218,Nashik,37,0,6.4,7,499
MX-0218,Meerut,164,0,3.6,21,499
MX-0218,Rajkot,214,0,7.6,10,499
MX-0218,Varanasi,8,8,1.4,7,499
MX-0218,Amritsar,89,0,7.3,14,499
MX-0218,Noida,194,0,6.0,14,499
MX-0218,Gurugram,55,0,8.0,5,499
MX-0218,Coimbatore,230,69,3.5,21,499
MX-0218,Madurai,29,0,2.8,5,499
MX-0218,Guwahati,164,0,3.9,14,499
MX-0218,Mumbai City Mall, 450 ,206,7.6,21,499
MX-0218,Delhi City Mall,26,0,4.1,21,499
MX-0218,Bengaluru City Mall,19,0,1.5,21,499
MX-0218,Hyderabad City Mall,47,0,1.2,14,499
MX-0218,Chennai City Mall,121,22,5.2,10,N/A
MX-0218,Kolkata City Mall, 68 ,0,5.0,7,499
MX-0218,Pune City Mall,17,25,3.9,5,499
MX-0218,Ahmedabad City Mall,31,0,3.6,5,499
MX-0218,Jaipur City Mall,26,8,1.3,7,499
MX-0218,Lucknow City Mall,35,0,1.4,10,499
MX-0218,Surat City Mall,13.5,134,7.3,21,499
MX-0218,Indore City Mall,108,0,5.5,7,499
MX-0218,Nagpur City Mall,16,0,2.3,21,499
MX-0218,Kochi City Mall,6,4,0.4,21,499
MX-0218,Chandigarh City Mall,433,151,6.6,21,499
MX-0218,Bhopal City Mall,20,0,1.0,7,499
MX-0218,Patna City Mall,31,117,4.7,21,499
MX-0218,Vadodara City Mall,145,-1,5.7,10,499
MX-0218,Ludhiana City Mall,1,6,1.0,5,499
MX-0218,Agra City Mall,15,0,7.2,14,499
MX-0219,Mumbai,123,0,3.9,14,199
MX-0219,Delhi,-9,10,4.3,5,199
MX-0219,Bengaluru,93,0,5.1,14,199
MX-0219,Hyderabad,48,0,3.8,5,199
MX-0219,Chennai,379,0,6.6,21,199
MX-0219,Kolkata,19,33,1.6,21,199
MX-0219,Pune,514,0,8.0,21,199
MX-0219,Ahmedabad,309,0,4.4,21,199
MX-0219,Jaipur,4,27,4.7,14,199
MX-0219,Lucknow,16,16,5.2,5,199
MX-0219,Surat,95,0,7.4,7,199
MX-0219,Indore,231,0,7.1,10,199
MX-0219,Indore,231,0,7.1,10,199
MX-0219,Nagpur,118,23,6.0,,199
MX-0219,Kochi,19,36,,21,199
MX-0219,Chandigarh,1,0,0.2,5,199
MX-0219,Bhopal,68,0,7.4,14,199
MX-0219,Patna,79,41,3.5,10,199
MX-0219,Vadodara,71,0,3.1,14,199
MX-0219,Ludhiana,77,0,7.8,14,199
MX-0219,Agra,18,0,7.9,10,199
MX-0219,Nashik,6,0,4.4,10,199
MX-0219,Meerut,122,0,4.6,10,199
MX-0219,Rajkot,11,0,0.7,14,199
MX-0219,Varanasi,42,0,7.3,5,199
MX-0219,Amritsar,55,0,2.7,21,199
MX-0219,Noida,183,0,6.4,10,199
MX-0219,Gurugram,83,0,5.0,10,199
MX-0219,Coimbatore,19,0,5.2,7,199
MX-0219,Madurai,20,0,0.6,21,199
MX-0219,Guwahati,467,189,6.6,21,199
MX-0219,Mumbai City Mall,168,0,6.7,14,199
MX-0219,Delhi City Mall,121,0,3.2,21,199
MX-0219,Bengaluru City Mall,8,13,5.2,5,199
MX-0219,Hyderabad City Mall,6,0,0.3,14,199
MX-0219,Chennai City Mall,86,0,5.7,5,199
MX-0219,Kolkata City Mall,40,11,2.4,5,199
MX-0219,Pune City Mall,6,0,0.9,5,199
MX-0219,Ahmedabad City Mall,221,0,7.1,10,199
MX-0219,Jaipur City Mall,108,0,3.6,21,199
MX-0219,Lucknow City Mall,170,0,6.5,10,199
MX-0219,Surat City Mall,135,67,5.1,10 days,199
MX-0219,Indore City Mall,4,4,1.5,7,199
MX-0219,Nagpur City Mall,99,0,2.9,21,199
MX-0219,Kochi City Mall,51.5,15,1.9,14,N/A
MX-0219,Chandigarh City Mall,36,0,5.2,5,199
MX-0219,Bhopal City Mall,55,0,5.1,14,199
MX-0219,Patna City Mall,45,0,4.2,7,199
MX-0219,Vadodara City Mall,0,0,0.8,21,199
MX-0219,Ludhiana City Mall,39,0,2.7,5,199
MX-0219,Agra City Mall,111,0,4.8,21,199
MX-0220,Mumbai,104,0,6.4,5,1999
MX-0220,Delhi,9,12,1.3,10,1999
MX-0220,Bengaluru,37,0,4.4,10,1999
MX-0220,Hyderabad,7,0,0.4,10,1999
MX-0220,Chennai,32,0,3.4,7,1999
MX-0220,Kolkata,24,0,1.0,14,1999
MX-0220,Pune,20,0,3.8,5,1999
,Ahmedabad,111, 44 ,6.3,10,1999
MX-0220,Jaipur,46, 20 ,4.6,7,1999
MX-0220,Lucknow,6,0,1.3,10,1999
MX-0220,Surat,39,0,6.7,7,1999
MX-0220,Indore,101,43,3.2,10,1999
MX-0220,Nagpur,38,0,2.3,10,1999
MX-0220,Kochi, 207 ,0,7.8,10,1999
MX-0220,Chandigarh,63,0,3.0,10,1999
MX-0220,Bhopal,84,0,3.2,10,1999
MX-0220,Patna,150,0,2.7,21,1999
MX-0220,Vadodara,31,6,1.6,7,1999
MX-0220,Ludhiana,197,-10,6.5,14,1999
MX-0220,Agra,69,11,2.5,10,1999
MX-0220,Nashik,174,0,5.8,10,1999
MX-0220,Meerut,34,0,2.0,10,1999
MX-0220,Rajkot,66,0,1.2,21,1999
MX-0220,Varanasi,19,0,0.5,14,1999
MX-0220,Amritsar,8,0,1.1,7,1999
MX-0220,Noida, 232 ,0,5.5,14,1999
MX-0220,Gurugram,290,0,4.8,21,1999
MX-0220,Coimbatore,60,0,4.3,7,1999
MX-0220,Madurai,268,0,6.5,14,1999
MX-0220,Guwahati,16,0,1.2,7,1999
MX-0220,Mumbai City Mall,30,0,4.1,10,1999
MX-0220,Delhi City Mall,3,0,7.9,5,1999
MX-0220,Bengaluru City Mall,69,0,7.9,5,1999
MX-0220,Hyderabad City Mall,139,0,3.7,14,1999
MX-0220,Chennai City Mall,14,0,2.2,5,1999
MX-0220,Kolkata City Mall, 149 ,0,5.5,,1999
MX-0220,Pune City Mall,354,0,8.0,14,1999
MX-0220,Ahmedabad City Mall,46,0,7.2,5,1999
MX-0220,Jaipur City Mall,235,0,5.7,14,1999
MX-0220,Lucknow City Mall,62,23,6.1,5,1999
MX-0220,Surat City Mall,-4,0,7.1,5,1999
MX-0220,Indore City Mall,36,0,6.1,5,1999
MX-0220,Nagpur City Mall,18,0,3.0,5,1999
MX-0220,Kochi City Mall,110,48,7.2,10,1999
MX-0220,Chandigarh City Mall, 0 ,0,0.4,5,1999
MX-0220,Bhopal City Mall, 359 ,80,5.3,21,1999
MX-0220,Patna City Mall,244.5,126,,21,1999
MX-0220,Vadodara City Mall,5,73,4.4,21,1999
MX-0220,Ludhiana City Mall,135,0,5.7,10,1999
MX-0220,Agra City Mall,8,0,1.2,5,1999
MX-0221,Mumbai,15,0,7.7,7,1999
MX-0221,Delhi,54,15,4.9,7,1999
MX-0221,Bengaluru, 156 ,0,5.1,10,N/A
MX-0221,Hyderabad,213,71,5.1,14,1999
MX-0221,Chennai,107,0,6.7,21,1999
MX-0221,Kolkata,389,0,5.9,21,1999
MX-0221,Pune,9,17,2.1,14,1999
MX-0221,Ahmedabad,58,0,6.0,14,1999
MX-0221,Jaipur,6,5,0.9,10,1999
MX-0221,Jaipur,6,5,0.9,10,1999
MX-0221,Lucknow,16,0,0.5,10,1999
MX-0221,Surat,291,0,5.3,21,1999
MX-0221,Indore,2,0,0.5,5,1999
MX-0221,Nagpur,357,0,7.9,21,1999
MX-0221,Kochi,24,0,1.9,14,1999
MX-0221,Chandigarh,132,0,7.1,21,1999
MX-0221,Bhopal,66,0,3.0,7,1999
MX-0221,Patna,134,0,7.4,21,1999
MX-0221,Vadodara,126,48,7.4,10,1999
MX-0221,Ludhiana,30,0,2.5,14,1999
MX-0221,Agra,15,0,5.6,21 days,1999
MX-0221,Nashik,402,0,6.0,21,1999
MX-0221,Meerut,162,32,3.8,14,1999
MX-0221,Rajkot,25,0,3.6,5,1999
MX-0221,Varanasi,47,15,5.3,7,1999
MX-0221,Amritsar, 114 ,35,6.3,7,1999
MX-0221,Noida,34,0,3.6,10,1999
MX-0221,Gurugram,10,0,3.3,7,1999
MX-0221,Coimbatore,34,0,2.1,10,1999
MX-0221,Madurai,14,26,5.7,10,1999
MX-0221,Guwahati,42,7,0.8,21,1999
MX-0221,Mumbai City Mall,80,0,6.7,14,1999
MX-0221,Delhi City Mall,142,0,7.4,7,1999
MX-0221,Bengaluru City Mall,49,42,3.1,10,1999
MX-0221,Hyderabad City Mall,17,39,6.4,7,1999
MX-0221,Chennai City Mall,286,147,7.5,21,1999
MX-0221,Kolkata City Mall,99,0,1.9,21,1999
MX-0221,Pune City Mall,69,0,5.0,7,1999
MX-0221,Ahmedabad City Mall,129,157,6.0,21,1999
MX-0221,Jaipur City Mall,88,0,6.6,5,1999
MX-0221,Lucknow City Mall,46,-12,4.8,14,1999
MX-0221,Surat City Mall,3,0,0.5,5,1999
MX-0221,Indore City Mall,110,80,4.4,21,1999
MX-0221,Nagpur City Mall,48,0,3.4,5,1999
MX-0221,Kochi City Mall,7,0,0.3,10,1999
MX-0221,Chandigarh City Mall,17,0,2.7,10,1999
MX-0221,Bhopal City Mall,97,0,7.9,5,1999
MX-0221,Patna City Mall,35,0,1.2,21,1999
MX-0221,Vadodara City Mall,67, 36 ,6.3,7,1999
MX-0221,Ludhiana City Mall,0,0,0.3,5,1999
MX-0221,Agra City Mall,8.5,0,1.4,7,1999
MX-0222,Mumbai,10,0,5.7,7,499
MX-0222,Delhi,21,0,1.3,14,499
MX-0222,Bengaluru,8,0,1.0,10,499
MX-0222,Hyderabad,286,123,7.0,21,499
MX-0222,Chennai,84,0,5.4,10,499
MX-0222,Kolkata,220,63,5.7,14,499
MX-0222,Pune,35,0,1.3,10,499
MX-0222,Ahmedabad,30,0,5.9,7,499
,Jaipur,81,0,2.6,,499
MX-0222,Lucknow,200,0,5.9,21,499
MX-0222,Surat,10,0,1.6,21,499
MX-0222,Indore,38,10,2.3,7,N/A
MX-0222,Nagpur,6,0,1.1,5,499
MX-0222,Kochi,28,0,1.7,7,499
MX-0222,Chandigarh,52,0,2.1,10,499
MX-0222,Bhopal,80,0,6.3,5,499
MX-0222,Patna,23,11,1.2,10,499
MX-0222,Vadodara,56,0,5.2,5,499
MX-0222,Ludhiana,29,0,6.5,7,499
MX-0222,Agra,125,0,6.1,14,499
MX-0222,Nashik,26,66,6.7,21,499
MX-0222,Meerut,143,0,2.2,21,499
MX-0222,Rajkot,126,50,7.6,5,499
MX-0222,Varanasi,40,0,3.4,5,499
MX-0222,Amritsar,151,0,5.7,21,499
MX-0222,Noida,30,0,3.9,5,499
MX-0222,Gurugram,155,0,7.4,14,499
MX-0222,Coimbatore,108,0,5.8,21,499
MX-0222,Madurai, 331 , 102 ,5.3,21,499
MX-0222,Guwahati,-4,0,,14,499
MX-0222,Mumbai City Mall,178,0,7.7,10,499
MX-0222,Delhi City Mall,6,0,2.3,14,499
MX-0222,Bengaluru City Mall,11,7,1.5,7,499
MX-0222,Hyderabad City Mall,79,0,5.6,14,499
MX-0222,Chennai City Mall,246,0,6.9,21,499
MX-0222,Kolkata City Mall,35,0,3.1,10,499
MX-0222,Pune City Mall,22,0,0.8,14,499
MX-0222,Ahmedabad City Mall,94,0,7.9,7,499
MX-0222,Jaipur City Mall,0,0,6.4,5,499
MX-0222,Lucknow City Mall,7,0,3.1,10,499
MX-0222,Surat City Mall,26,0,3.5,10,499
MX-0222,Indore City Mall,103,0,6.8,5,499
MX-0222,Nagpur City Mall, 68 ,0,1.5,14,499
MX-0222,Kochi City Mall,22,12,1.3,7,499
MX-0222,Chandigarh City Mall,14,0,2.9,10,499
MX-0222,Bhopal City Mall,58,0,1.5,21,499
MX-0222,Patna City Mall,3,0,7.3,10,499
MX-0222,Vadodara City Mall,107,0,6.0,14,499
MX-0222,Ludhiana City Mall,41,0,3.7,7 days,499
MX-0222,Agra City Mall,6,0,1.5,5,499
MX-0223,Mumbai,70,0,4.8,5,999
MX-0223,Delhi,11,4,0.6,10,999
MX-0223,Bengaluru,17.5,0,0.7,10,999
MX-0223,Hyderabad,80,15,4.8,5,999
MX-0223,Chennai,9,0,6.2,5,999
MX-0223,Kolkata,119,183,6.7,21,999
MX-0223,Kolkata,119,183,6.7,21,999
MX-0223,Pune,92,28,4.2,10,999
MX-0223,Ahmedabad,58,0,2.0,21,999
MX-0223,Jaipur, 12 ,10,1.2,7,999
MX-0223,Lucknow,283,127,6.2,21,999
MX-0223,Surat,47,-19,4.0,14,999
MX-0223,Indore,1, 29 ,7.0,5,999
MX-0223,Nagpur,266,0,4.5,21,999
MX-0223,Kochi,6,0,5.2,21,999
MX-0223,Chandigarh,308,58,7.9,14,999
MX-0223,Bhopal, 24 ,0,6.1,10,999
MX-0223,Patna,19,0,1.2,7,999
MX-0223,Vadodara,44,0,2.0,10,999
MX-0223,Ludhiana,146,0,6.4,21,999
MX-0223,Agra,1,17,2.3,7,999
MX-0223,Nashik,49,0,4.1,10,N/A
MX-0223,Meerut,6,0,7.8,5,999
MX-0223,Rajkot,51,0,4.2,7,999
MX-0223,Varanasi,116,0,4.4,10,999
MX-0223,Amritsar,24,3,1.7,5,999
MX-0223,Noida,18,0,1.1,10,999
MX-0223,Gurugram,278,0,6.9,14,999
MX-0223,Coimbatore, 40 ,0,5.8,7,999
MX-0223,Madurai,69,0,7.5,5,999
MX-0223,Guwahati,100,0,4.7,7,999
MX-0223,Mumbai City Mall,224,0,5.2,14,999
MX-0223,Delhi City Mall,54,0,2.8,,999
MX-0223,Bengaluru City Mall,3,5,0.3,14,999
MX-0223,Hyderabad City Mall, 4 ,0,0.8,7,999
MX-0223,Chennai City Mall, 143 ,0,5.1,14,999
MX-0223,Kolkata City Mall,25,0,4.6,10,999
MX-0223,Pune City Mall,13,0,2.1,5,999
MX-0223,Ahmedabad City Mall,249,75,6.5,14,999
MX-0223,Jaipur City Mall,133,0,5.0,21,999
MX-0223,Lucknow City Mall,265,83,6.5,21,999
MX-0223,Surat City Mall,51,0,5.8,5,999
MX-0223,Indore City Mall,159,0,3.1,21,999
MX-0223,Nagpur City Mall,275,118,7.3,14,999
MX-0223,Kochi City Mall,2,6,1.8,5,999
MX-0223,Chandigarh City Mall,28,0,3.2,7,999
MX-0223,Bhopal City Mall,2,18,3.3,5,999
MX-0223,Patna City Mall,471,0,7.0,21,999
MX-0223,Vadodara City Mall,27,0,2.4,5,999
MX-0223,Ludhiana City Mall,2,0,0.6,5,999
MX-0223,Agra City Mall,37,89,5.7,14,999
MX-0224,Mumbai,91,0,6.1,21,1999
MX-0224,Delhi,106,0,4.4,21,1999
MX-0224,Bengaluru,15,23,2.4,10,1999
MX-0224,Hyderabad, 140 ,63,5.2,10,1999
MX-0224,Chennai,78,0,4.5,7,1999
MX-0224,Kolkata,55.5,0,3.9,5,1999
MX-0224,Pune,15,0,0.4,14,1999
MX-0224,Ahmedabad,19,16,3.9,5,1999
MX-0224,Jaipur,32,0,1.4,7,1999
,Lucknow,105,0,6.3,5,1999
MX-0224,Surat,22,0,1.8,7,1999
MX-0224,Indore,28,0,1.0,14,1999
MX-0224,Nagpur, 145 ,0,,7,1999
MX-0224,Kochi,121,0,3.9,10,1999
MX-0224,Chandigarh,10,38,3.6,10,1999
MX-0224,Bhopal, 61 ,151,7.8,21,1999
MX-0224,Patna,35,9,0.6,21,1999
MX-0224,Vadodara,60,47,4.5,21,1999
MX-0224,Ludhiana,(1),0,0.5,21,1999
MX-0224,Agra,13,0,7.1,21,1999
MX-0224,Nashik,3,1,0.3,5,1999
MX-0224,Meerut,28,8,0.7,14,1999
MX-0224,Rajkot,161,0,6.7,10,1999
MX-0224,Varanasi,30,0,5.6,7,1999
MX-0224,Amritsar,33,0,3.2,5,1999
MX-0224,Noida,26,0,6.1,10,1999
MX-0224,Gurugram,118,0,6.7,14,1999
MX-0224,Coimbatore,89,0,7.9,10 days,1999
MX-0224,Madurai,57,0,2.9,10,1999
MX-0224,Guwahati,27,0,0.6,21,N/A
MX-0224,Mumbai City Mall,0,1,0.5,7,1999
MX-0224,Delhi City Mall,28,-3,3.1,5,1999
MX-0224,Bengaluru City Mall,21,0,0.6,21,1999
MX-0224,Hyderabad City Mall,256,57,7.8,14,1999
MX-0224,Chennai City Mall,28,90,5.8,14,1999
MX-0224,Kolkata City Mall,200,0,6.7,21,1999
MX-0224,Pune City Mall,58,0,6.8,5,1999
MX-0224,Ahmedabad City Mall,23,20,1.5,10,1999
MX-0224,Jaipur City Mall,53,0,5.5,10,1999
MX-0224,Lucknow City Mall,61,0,1.4,21,1999
MX-0224,Surat City Mall,20,17,2.7,10,1999
MX-0224,Indore City Mall,7,0,2.8,7,1999
MX-0224,Nagpur City Mall,116,80,6.0,10,1999
MX-0224,Kochi City Mall,200,0,6.6,14,1999
MX-0224,Chandigarh City Mall,9,6,0.9,7,1999
MX-0224,Bhopal City Mall,181,112,4.0,21,1999
MX-0224,Patna City Mall,42,0,2.9,5,1999
MX-0224,Vadodara City Mall,32,0,2.4,7,1999
MX-0224,Ludhiana City Mall,70,0,6.3,7,1999
MX-0224,Agra City Mall,15,0,6.1,21,1999
MX-0225,Mumbai,28,0,3.9,5,999
MX-0225,Delhi,105,127,5.7,21,999
MX-0225,Bengaluru,202,0,6.3,14,999
MX-0225,Bengaluru,202,0,6.3,14,999
MX-0225,Hyderabad,115,0,7.0,5,999
MX-0225,Chennai,7,0,1.5,,999
MX-0225,Kolkata,150,0,3.7,14,999
MX-0225,Pune,5,34,3.5,10,999
MX-0225,Ahmedabad,48,0,4.4,5,999
MX-0225,Jaipur,8.5,0,0.4,10,999
MX-0225,Lucknow,198,40,6.3,10,999
MX-0225,Surat,84,0,6.3,7,999
MX-0225,Indore,101,0,7.4,7,999
MX-0225,Nagpur,53,0,6.5,21,999
MX-0225,Kochi,65,20,4.9,5,999
MX-0225,Chandigarh,133,0,4.9,10,999
MX-0225,Bhopal,117,0,5.5,7,999
MX-0225,Patna,4,1,0.4,5,999
MX-0225,Vadodara,47,52,4.0,10,999
MX-0225,Ludhiana,31,0,1.8,14,999
MX-0225,Agra,252,67,4.3,21,999
MX-0225,Nashik,30,0,0.9,14,999
MX-0225,Meerut,16,100,5.6,14,999
MX-0225,Rajkot,69, 43 ,2.7,14,999
MX-0225,Varanasi,111,28,2.1,21,999
MX-0225,Amritsar,61,0,4.7,5,999
MX-0225,Noida,8,0,0.3,14,999
MX-0225,Gurugram,130,73,7.3,10,999
MX-0225,Coimbatore, 273 ,84,5.1,21,999
MX-0225,Madurai,106,0,7.6,5,999
MX-0225,Guwahati,42,0,4.5,14,999
MX-0225,Mumbai City Mall,11,6,0.6,14,999
MX-0225,Delhi City Mall, 7 ,0,1.1,21,999
MX-0225,Bengaluru City Mall,16,0,1.5,7,999
MX-0225,Hyderabad City Mall,95,0,3.3,21,999
MX-0225,Chennai City Mall,43,0,7.3,7,999
MX-0225,Kolkata City Mall,42,0,4.3,5,999
MX-0225,Pune City Mall,187,0,4.6,21,999
MX-0225,Ahmedabad City Mall,11,0,2.6,10,999
MX-0225,Jaipur City Mall,206,62,7.7,10,N/A
MX-0225,Lucknow City Mall,33,0,1.7,7,999
MX-0225,Surat City Mall,38,0,3.0,21,999
MX-0225,Indore City Mall,99,0,2.9,21,999
MX-0225,Nagpur City Mall,83,0,3.9,7,999
MX-0225,Kochi City Mall,37,0,4.1,10,999
MX-0225,Chandigarh City Mall,35,0,2.2,5,999
MX-0225,Bhopal City Mall,8,21,,5,999
MX-0225,Patna City Mall,5,0,7.9,7,999
MX-0225,Vadodara City Mall,146,0,5.2,21,999
MX-0225,Ludhiana City Mall,21,0,5.4,10,999
MX-0225,Agra City Mall,128,0,7.2,14,999
MX-0226,Mumbai,74,49,2.7,14,499
MX-0226,Delhi,105,0,6.2,7,499
MX-0226,Bengaluru,57,-20,5.3,14,499
MX-0226,Hyderabad,161,51,4.7,21,499
MX-0226,Chennai,53,0,3.2,7,499
MX-0226,Kolkata,28,0,2.6,7,499
MX-0226,Pune,46,0,5.5,7 days,499
MX-0226,Ahmedabad,-3,0,3.0,21,499
MX-0226,Jaipur,27,0,2.5,5,499
MX-0226,Lucknow,72,0,2.2,10,499
,Surat,8,0,6.3,7,499
MX-0226,Indore,39.5,0,1.7,14,499
MX-0226,Nagpur,159,0,2.4,21,499
MX-0226,Kochi, 75 ,0,2.7,10,499
MX-0226,Chandigarh,75,0,5.1,7,499
MX-0226,Bhopal,210,74,6.9,14,499
MX-0226,Patna,215,0,4.4,21,499
MX-0226,Vadodara,183,0,6.4,10,499
MX-0226,Ludhiana,10,0,7.6,7,499
MX-0226,Agra, 6 ,0,4.4,5,499
MX-0226,Nashik,126,0,5.6,7,499
MX-0226,Meerut,110,0,3.6,14,499
MX-0226,Rajkot,151,0,6.4,7,499
MX-0226,Varanasi,163,0,6.2,10,499
MX-0226,Amritsar,1,0,0.4,7,499
MX-0226,Noida,205,0,3.8,21,499
MX-0226,Gurugram,209,0,4.4,21,499
MX-0226,Coimbatore,197,60,5.7,,499
MX-0226,Madurai,43,0,1.9,7,499
MX-0226,Guwahati,45,11,2.6,7,499
MX-0226,Mumbai City Mall,84,0,7.8,10,499
MX-0226,Delhi City Mall,51,0,1.4,14,499
MX-0226,Bengaluru City Mall,8,10,2.5,7,499
MX-0226,Hyderabad City Mall,69,0,4.9,7,499
MX-0226,Chennai City Mall,80,0,1.9,21,499
MX-0226,Kolkata City Mall,18,0,5.3,7,499
MX-0226,Pune City Mall,20,0,5.5,5,499
MX-0226,Ahmedabad City Mall,3,0,0.6,10,499
MX-0226,Jaipur City Mall,42,0,3.0,7,499
MX-0226,Lucknow City Mall,274,0,4.2,21,499
MX-0226,Surat City Mall,67,0,4.5,14,499
MX-0226,Indore City Mall,34,0,1.1,14,499
MX-0226,Nagpur City Mall,3,0,0.2,14,499
MX-0226,Kochi City Mall,402,0,7.0,21,499
MX-0226,Chandigarh City Mall,13,0,3.1,5,499
MX-0226,Bhopal City Mall,244,0,5.4,14,499
MX-0226,Patna City Mall,86,33,4.4,10,499
MX-0226,Vadodara City Mall,320,0,7.5,21,N/A
MX-0226,Ludhiana City Mall,9,13,0.8,14,499
MX-0226,Agra City Mall,33,36,4.4,7,499
MX-0226,Agra City Mall,33,36,4.4,7,499
MX-0227,Mumbai,13,0,1.0,7,499
MX-0227,Delhi,41,0,2.8,21,499
MX-0227,Bengaluru, 11 ,0,1.7,14,499
MX-0227,Hyderabad,75,23,6.7,7,499
MX-0227,Chennai,114,0,2.5,14,499
MX-0227,Kolkata,35,0,2.8,10,499
MX-0227,Pune,16,0,4.0,10,499
MX-0227,Ahmedabad,96,0,3.0,10,499
MX-0227,Jaipur,25,0,4.9,7,499
MX-0227,Lucknow,11,0,7.8,14,499
MX-0227,Surat,61,0,6.0,5,499
MX-0227,Indore,1,3,0.3,10,499
MX-0227,Nagpur,3,6,1.1,7,499
MX-0227,Kochi, 47 ,23,3.4,7,499
MX-0227,Chandigarh,209.5,0,4.4,14,499
MX-0227,Bhopal,64,0,6.8,14,499
MX-0227,Patna,13,0,0.6,10,499
MX-0227,Vadodara,328,0,5.1,21,499
MX-0227,Ludhiana,57,0,2.9,7,499
MX-0227,Agra,38,0,2.0,7,499
MX-0227,Nashik,168,0,7.7,21,499
MX-0227,Meerut,50,25,2.6,21,499
MX-0227,Rajkot,37,53,7.5,7,499
MX-0227,Varanasi, 42 ,-10,5.5,14,499
MX-0227,Amritsar,140, 177 ,6.1,21,499
MX-0227,Noida,117,0,5.1,7,499
MX-0227,Gurugram,254,0,4.6,21,499
MX-0227,Coimbatore,52,0,1.7,14,499
MX-0227,Madurai,8,0,,10,499
MX-0227,Guwahati,106,30,3.0,14,499
MX-0227,Mumbai City Mall,14,0,0.9,21,499
MX-0227,Delhi City Mall,73,0,4.2,10,499
MX-0227,Bengaluru City Mall,126,0,5.3,21,499
MX-0227,Hyderabad City Mall,194,0,7.0,21,499
MX-0227,Chennai City Mall,328,0,5.5,21,499
MX-0227,Kolkata City Mall,36,25,7.9,7 days,499
MX-0227,Pune City Mall,206,0,6.5,10,499
MX-0227,Ahmedabad City Mall,104,0,3.3,10,499
MX-0227,Jaipur City Mall,167,0,6.9,14,499
MX-0227,Lucknow City Mall,288,0,5.3,21,499
MX-0227,Surat City Mall,42,0,2.8,7,499
MX-0227,Indore City Mall,10,0,0.6,7,499
MX-0227,Nagpur City Mall,35,6,3.0,5,499
MX-0227,Kochi City Mall, 3 ,0,4.1,7,499
MX-0227,Chandigarh City Mall,51,0,3.1,21,499
MX-0227,Bhopal City Mall,31,25,1.9,14,499
MX-0227,Patna City Mall,-9,8,0.9,14,499
MX-0227,Vadodara City Mall,80,34,7.9,5,499
MX-0227,Ludhiana City Mall,3,9,1.0,7,499
MX-0227,Agra City Mall,17,0,3.9,5,499
MX-0228,Mumbai,35,0,7.2,,1999
MX-0228,Delhi,117,0,5.1,7,1999
MX-0228,Bengaluru,37,0,4.1,7,1999
MX-0228,Hyderabad,4,0,4.4,7,1999
MX-0228,Chennai, 7 ,0,2.9,5,1999
MX-0228,Kolkata,48,59,4.3,10,1999
MX-0228,Pune,186,0,7.3,14,N/A
MX-0228,Ahmedabad,41,0,2.8,7,1999
MX-0228,Jaipur,87,0,5.0,7,1999
MX-0228,Lucknow,165,21,3.7,14,1999
MX-0228,Surat,102,0,7.1,7,1999
,Indore,35,85,3.4,21,1999
MX-0228,Nagpur,318,0,6.6,21,1999
MX-0228,Kochi,120,36,4.9,14,1999
MX-0228,Chandigarh,173,0,7.8,14,1999
MX-0228,Bhopal, 30 ,0,2.1,5,1999
MX-0228,Patna,401,89,7.1,21,1999
MX-0228,Vadodara,124.5,0,7.2,7,1999
MX-0228,Ludhiana,29,9,2.0,10,1999
MX-0228,Agra,14,17,4.1,5,1999
MX-0228,Nashik,11,0,1.2,5,1999
MX-0228,Meerut,9,0,0.4,14,1999
MX-0228,Rajkot,23,0,3.6,10,1999
MX-0228,Varanasi,49,0,3.4,10,1999
MX-0228,Amritsar,12,0,1.8,7,1999
MX-0228,Noida,306,0,5.6,21,1999
MX-0228,Gurugram,84,0,3.2,21,1999
MX-0228,Coimbatore,46,0,3.1,7,1999
MX-0228,Madurai,45,0,2.0,7,1999
MX-0228,Guwahati,11,0,4.7,7,1999
MX-0228,Mumbai City Mall,8,0,0.9,5,1999
MX-0228,Delhi City Mall,85,60,3.0,21,1999
MX-0228,Bengaluru City Mall,175,55,3.2,21,1999
MX-0228,Hyderabad City Mall,5,54,5.0,14,1999
MX-0228,Chennai City Mall, 2 ,0,3.9,5,1999
MX-0228,Kolkata City Mall,27,0,2.9,7,1999
MX-0228,Pune City Mall,36,0,3.5,7,1999
MX-0228,Ahmedabad City Mall,48,0,3.0,5,1999
MX-0228,Jaipur City Mall,8,0,1.0,7,1999
MX-0228,Lucknow City Mall,16,0,3.6,7,1999
MX-0228,Surat City Mall,54,0,2.6,14,1999
MX-0228,Indore City Mall,106,0,4.5,10,1999
MX-0228,Nagpur City Mall,124,0,7.5,10,1999
MX-0228,Kochi City Mall,41,0,3.0,21,1999
MX-0228,Chandigarh City Mall,14,-11,0.9,5,1999
MX-0228,Bhopal City Mall,27,0,7.3,5,1999
MX-0228,Patna City Mall,29,0,3.8,5,1999
MX-0228,Patna City Mall,29,0,3.8,5,1999
MX-0228,Vadodara City Mall,7,0,1.2,5,1999
MX-0228,Ludhiana City Mall,58, 62 ,2.7,21,1999
MX-0228,Agra City Mall,61,0,5.9,14,1999
MX-0229,Mumbai,147,0,5.3,14,1999
MX-0229,Delhi,5,0,0.9,7,1999
MX-0229,Bengaluru,16,0,4.4,14,1999
MX-0229,Hyderabad,33,0,1.0,10,1999
MX-0229,Chennai,35,0,1.8,14,1999
MX-0229,Kolkata,27,0,0.7,14,1999
MX-0229,Pune,111,0,2.0,21,1999
MX-0229,Ahmedabad,168,0,7.2,7,1999
MX-0229,Jaipur,0,0,1.3,14,1999
MX-0229,Lucknow,23,0,1.7,21,1999
MX-0229,Surat,175,57,2.8,21,1999
MX-0229,Indore,48,0,,10,1999
MX-0229,Nagpur,6,0,6.4,7,1999
MX-0229,Kochi,37,0,3.3,7,1999
MX-0229,Chandigarh,123,0,5.0,10 days,1999
MX-0229,Bhopal,10,0,2.4,21,N/A
MX-0229,Patna,11,24,5.9,7,1999
MX-0229,Vadodara,5,1,0.6,5,1999
MX-0229,Ludhiana,136,0,4.2,21,1999
MX-0229,Agra,59,0,2.8,7,1999
MX-0229,Nashik,45.5,0,5.3,7,1999
MX-0229,Meerut,37,0,3.3,10,1999
MX-0229,Rajkot,1,0,3.5,5,1999
MX-0229,Varanasi,9,0,0.6,,1999
MX-0229,Amritsar,8,0,1.8,10,1999
MX-0229,Noida,29,0,4.9,5,1999
MX-0229,Gurugram,2,0,1.4,14,1999
MX-0229,Coimbatore,7,0,7.7,14,1999
MX-0229,Madurai,0,0,0.6,5,1999
MX-0229,Guwahati,177,90,3.9,21,1999
MX-0229,Mumbai City Mall,93,0,4.3,7,1999
MX-0229,Delhi City Mall,6,5,1.4,7,1999
MX-0229,Bengaluru City Mall,5,0,7.3,5,1999
MX-0229,Hyderabad City Mall,289,71,4.3,21,1999
MX-0229,Chennai City Mall,14,0,0.4,14,1999
MX-0229,Kolkata City Mall,-4,0,7.8,14,1999
MX-0229,Pune City Mall,78, 72 ,5.6,10,1999
MX-0229,Ahmedabad City Mall,80,0,2.6,10,1999
MX-0229,Jaipur City Mall,63,0,6.3,5,1999
MX-0229,Lucknow City Mall,71,28,3.3,10,1999
MX-0229,Surat City Mall,7,0,0.3,14,1999
MX-0229,Indore City Mall,3,0,0.3,7,1999
MX-0229,Nagpur City Mall,538,0,7.6,21,1999
MX-0229,Kochi City Mall,106,0,4.3,10,1999
MX-0229,Chandigarh City Mall,72,0,6.1,7,1999
MX-0229,Bhopal City Mall,4,0,1.4,5,1999
MX-0229,Patna City Mall,285,0,7.4,14,1999
MX-0229,Vadodara City Mall,11,0,3.6,14,1999
MX-0229,Ludhiana City Mall,493,94,7.1,21,1999
MX-0229,Agra City Mall,23,0,2.7,10,1999
MX-0230,Mumbai,23,0,1.2,10,1999
MX-0230,Delhi, 7 ,0,7.6,7,1999
MX-0230,Bengaluru,26,0,6.4,14,1999
MX-0230,Hyderabad,21,0,2.2,5,1999
MX-0230,Chennai,1,0,0.2,5,1999
MX-0230,Kolkata,85,0,2.8,14,1999
MX-0230,Pune,5,0,0.6,14,1999
MX-0230,Ahmedabad,124,0,3.5,14,1999
MX-0230,Jaipur,172,0,5.6,14,1999
MX-0230,Lucknow,63,22,6.2,7,1999
MX-0230,Surat,5,0,4.8,14,1999
MX-0230,Indore,19,40,5.0,10,1999
,Nagpur,36,0,3.3,7,1999
MX-0230,Kochi,63,53,4.0,10,1999
MX-0230,Chandigarh,70,0,2.1,10,1999
MX-0230,Bhopal,13,-16,0.9,7,1999
MX-0230,Patna,144,0,4.3,10,1999
MX-0230,Vadodara,7,0,0.7,10,1999
MX-0230,Ludhiana,232,114,6.2,14,1999
MX-0230,Agra,6,0,0.7,7,1999
MX-0230,Nashik,20,0,1.3,10,1999
MX-0230,Meerut,10,60,5.0,10,1999
MX-0230,Rajkot,386,160,7.0,21,1999
MX-0230,Varanasi,47.5,0,1.4,14,1999
MX-0230,Amritsar,118,0,4.1,14,N/A
MX-0230,Noida,232,0,3.9,21,1999
MX-0230,Gurugram, 160 ,0,5.8,21,1999
MX-0230,Coimbatore,8,0,2.8,5,1999
MX-0230,Madurai, 31 ,0,0.8,14,1999
MX-0230,Guwahati,31,0,3.3,21,1999
MX-0230,Mumbai City Mall,2,14,2.2,10,1999
MX-0230,Delhi City Mall,47,0,6.3,7,1999
MX-0230,Bengaluru City Mall,210,0,6.1,14,1999
MX-0230,Hyderabad City Mall,95,0,7.5,14,1999
MX-0230,Chennai City Mall,15,0,2.7,14,1999
MX-0230,Kolkata City Mall,64,0,6.3,5,1999
MX-0230,Pune City Mall,8,7,1.7,7,1999
MX-0230,Ahmedabad City Mall,9,0,3.1,7,1999
MX-0230,Jaipur City Mall,249, 131 ,6.4,21,1999
MX-0230,Lucknow City Mall,29,0,6.0,21,1999
MX-0230,Surat City Mall,13,0,2.1,5,1999
MX-0230,Indore City Mall, 26 ,0,1.6,10,1999
MX-0230,Nagpur City Mall,3,0,2.1,5,1999
MX-0230,Kochi City Mall,7,0,1.4,5 days,1999
MX-0230,Kochi City Mall,7,0,1.4,5 days,1999
MX-0230,Chandigarh City Mall,158,0,,14,1999
MX-0230,Bhopal City Mall,147,41,6.4,7,1999
MX-0230,Patna City Mall,8,0,0.4,,1999
MX-0230,Vadodara City Mall, 15 ,0,1.6,10,1999
MX-0230,Ludhiana City Mall,186,0,3.9,21,1999
MX-0230,Agra City Mall,55,0,3.6,5,1999
MX-0231,Mumbai,128,98,4.1,21,3999
MX-0231,Delhi,138,22,6.8,7,3999
MX-0231,Bengaluru, 86 ,132,7.0,14,3999
MX-0231,Hyderabad,14,0,1.3,10,3999
MX-0231,Chennai,98,40,7.4,10,3999
MX-0231,Kolkata,65,0,4.7,14,3999
MX-0231,Pune, 298 ,0,7.5,21,3999
MX-0231,Ahmedabad,37,0,4.3,5,3999
MX-0231,Jaipur,4,8,1.1,7,3999
MX-0231,Lucknow,49,22,7.4,7,3999
MX-0231,Surat,174,0,4.8,14,3999
MX-0231,Indore,109,0,7.3,7,3999
MX-0231,Nagpur, 177 , 29 ,7.0,10,3999
MX-0231,Kochi, 182 ,0,6.0,10,3999
MX-0231,Chandigarh,2,61,5.6,10,3999
MX-0231,Bhopal,11,0,1.5,7,3999
MX-0231,Patna,30,70,6.4,14,3999
MX-0231,Vadodara,4,0,6.6,10,3999
MX-0231,Ludhiana,1,0,6.7,7,3999
MX-0231,Agra,68,36,4.7,7,3999
MX-0231,Nashik,15,0,7.2,14,3999
MX-0231,Meerut,158,0,5.0,10,3999
MX-0231,Rajkot,9,0,1.4,5,3999
MX-0231,Varanasi,58,22,5.3,5,3999
MX-0231,Amritsar,-7,0,0.3,14,3999
MX-0231,Noida,105,0,3.5,10,3999
MX-0231,Gurugram,313.5,173,6.7,21,3999
MX-0231,Coimbatore,18,0,0.9,7,3999
MX-0231,Madurai,100,115,5.8,21,3999
MX-0231,Guwahati,48,0,3.8,10,3999
MX-0231,Mumbai City Mall,20,0,5.4,7,3999
MX-0231,Delhi City Mall,14,0,4.1,5,3999
MX-0231,Bengaluru City Mall,56,0,7.6,5,3999
MX-0231,Hyderabad City Mall,10,0,6.6,10,N/A
MX-0231,Chennai City Mall,221,0,5.2,14,3999
MX-0231,Kolkata City Mall,64,0,6.1,21,3999
MX-0231,Pune City Mall, 75 ,-7,4.8,21,3999
MX-0231,Ahmedabad City Mall,308,0,7.9,21,3999
MX-0231,Jaipur City Mall,67,0,3.1,14,3999
MX-0231,Lucknow City Mall,155, 27 ,6.9,7,3999
MX-0231,Surat City Mall,69,0,1.4,21,3999
MX-0231,Indore City Mall,3,0,5.0,7,3999
MX-0231,Nagpur City Mall,33,0,0.8,14,3999
MX-0231,Kochi City Mall,106,0,4.1,10,3999
MX-0231,Chandigarh City Mall,52,17,3.9,7,3999
MX-0231,Bhopal City Mall,134,0,5.8,14,3999
MX-0231,Patna City Mall,2,4,0.4,14,3999
MX-0231,Vadodara City Mall,138, 104 ,5.5,14,3999
MX-0231,Ludhiana City Mall,26,0,5.8,5,3999
MX-0231,Agra City Mall, 6 ,0,0.7,7,3999
MX-0232,Mumbai,493,0,7.4,21,499
MX-0232,Delhi,44,0,3.4,10,499
MX-0232,Bengaluru,55,0,1.9,14,499
MX-0232,Hyderabad,35,0,4.9,21,499
MX-0232,Chennai,88,0,5.6,5,499
MX-0232,Kolkata,1,0,2.3,10,499
MX-0232,Pune,26,0,2.9,10,499
MX-0232,Ahmedabad,135,0,8.0,5,499
MX-0232,Jaipur,280,0,6.5,14,499
MX-0232,Lucknow,45,17,1.2,14,499
MX-0232,Surat,116,56,4.8,10,499
MX-0232,Indore,17,0,1.6,5,499
MX-0232,Nagpur, 12 ,0,1.4,5,499
,Kochi,45,0,3.3,7,499
MX-0232,Chandigarh,36,0,4.1,5,499
MX-0232,Bhopal,109,58,5.8,10,499
MX-0232,Patna,32,0,3.8,10,499
MX-0232,Vadodara,28,41,7.4,5,499
MX-0232,Ludhiana,0,0,0.5,10,499
MX-0232,Agra,120,0,5.7,,499
MX-0232,Nashik,1,0,0.6,10,499
MX-0232,Meerut,64,0,4.8,7,499
MX-0232,Rajkot,129,48,6.2,14 days,499
MX-0232,Varanasi,12,0,4.9,10,499
MX-0232,Amritsar,185,0,2.7,21,499
MX-0232,Noida,79,22,4.9,7,499
MX-0232,Gurugram,78,48,5.0,7,499
MX-0232,Coimbatore,10,6,,10,499
MX-0232,Madurai,12,0,0.9,7,499
MX-0232,Guwahati,123.5,0,3.4,14,499
MX-0232,Mumbai City Mall, 5 ,0,3.4,10,499
MX-0232,Delhi City Mall,124,51,4.3,10,499
MX-0232,Bengaluru City Mall,128,53,6.2,7,499
MX-0232,Hyderabad City Mall,82,0,3.1,10,499
MX-0232,Chennai City Mall,161,0,7.7,21,499
MX-0232,Kolkata City Mall,1,41,7.6,7,499
MX-0232,Pune City Mall,139,0,6.9,7,499
MX-0232,Ahmedabad City Mall,8,0,2.5,5,499
MX-0232,Jaipur City Mall,147,51,6.2,7,499
MX-0232,Lucknow City Mall,74,0,7.1,5,499
MX-0232,Surat City Mall,25,0,1.9,14,499
MX-0232,Surat City Mall,25,0,1.9,14,499
MX-0232,Indore City Mall,300,0,5.0,21,499
MX-0232,Nagpur City Mall,7,15,1.4,14,N/A
MX-0232,Kochi City Mall,204,0,2.9,21,499
MX-0232,Chandigarh City Mall,124,0,5.7,21,499
MX-0232,Bhopal City Mall, 74 ,0,6.3,5,499
MX-0232,Patna City Mall,41,0,4.0,14,499
MX-0232,Vadodara City Mall,13,0,0.8,14,499
MX-0232,Ludhiana City Mall,7,0,3.8,14,499
MX-0232,Agra City Mall,3,0,0.2,10,499
MX-0233,Mumbai,215,64,4.4,21,999
MX-0233,Delhi,11,0,0.7,5,999
MX-0233,Bengaluru,8,0,0.9,10,999
MX-0233,Hyderabad, 75 ,0,4.1,7,999
MX-0233,Chennai,102,0,2.4,14,999
MX-0233,Kolkata, 9 ,0,0.3,10,999
MX-0233,Pune,85,0,7.0,7,999
MX-0233,Ahmedabad,124,-8,5.7,10,999
MX-0233,Jaipur,71,0,7.7,7,999
MX-0233,Lucknow,45,28,7.5,5,999
MX-0233,Surat,151,0,6.3,10,999
MX-0233,Indore,34,0,3.2,10,999
MX-0233,Nagpur,23,0,2.6,5,999
MX-0233,Kochi,-8,0,3.2,5,999
MX-0233,Chandigarh,20,6,0.5,14,999
MX-0233,Bhopal,25,39,2.4,14,999
MX-0233,Patna,121,0,7.8,5,999
MX-0233,Vadodara,73,0,1.6,14,999
MX-0233,Ludhiana,42,0,6.6,14,999
MX-0233,Agra,7,0,0.5,7,999
MX-0233,Nashik, 30 ,20,2.7,10,999
MX-0233,Meerut,157,51,6.7,10,999
MX-0233,Rajkot,165,0,4.6,14,999
MX-0233,Varanasi,2,12,1.0,10,999
MX-0233,Amritsar,166,0,8.0,7,999
MX-0233,Noida,121,60,7.4,10,999
MX-0233,Gurugram,4,0,0.3,10,999
MX-0233,Coimbatore,291,0,6.6,14,999
MX-0233,Madurai, 5 ,0,1.7,7,999
MX-0233,Guwahati,10,0,2.1,5,999
MX-0233,Mumbai City Mall,13,0,1.5,5,999
MX-0233,Delhi City Mall,106,0,7.2,5,999
MX-0233,Bengaluru City Mall,20.5,0,4.2,5,999
MX-0233,Hyderabad City Mall,77,0,4.7,5,999
MX-0233,Chennai City Mall,4,0,2.8,7,999
MX-0233,Kolkata City Mall,33,0,2.7,10,999
MX-0233,Pune City Mall,4,0,3.5,21,999
MX-0233,Ahmedabad City Mall,92,0,1.5,21,999
MX-0233,Jaipur City Mall,143,0,4.4,21,999
MX-0233,Lucknow City Mall,21,0,3.1,5,999
MX-0233,Surat City Mall,269,0,7.6,21,999
MX-0233,Indore City Mall,11,138,5.0,21,999
MX-0233,Nagpur City Mall,58,0,2.7,,999
MX-0233,Kochi City Mall,249,0,7.5,21,999
MX-0233,Chandigarh City Mall,74,0,4.0,7,999
MX-0233,Bhopal City Mall,17,0,2.7,14,999
MX-0233,Patna City Mall,23,0,5.4,10,999
MX-0233,Vadodara City Mall,10,0,0.6,21,999
MX-0233,Ludhiana City Mall, 46 ,0,2.3,10,999
MX-0233,Agra City Mall, 4 ,0,1.2,5,999
MX-0234,Mumbai,152,0,5.3,14,999
MX-0234,Delhi,21,0,0.9,10 days,N/A
MX-0234,Bengaluru,176,0,7.6,10,999
MX-0234,Hyderabad,78,21,5.0,10,999
MX-0234,Chennai,9,0,3.0,5,999
MX-0234,Kolkata,175,30,4.4,14,999
MX-0234,Pune,22,0,1.0,7,999
MX-0234,Ahmedabad,21,0,3.0,7,999
MX-0234,Jaipur,2,0,1.9,10,999
MX-0234,Lucknow,16,44,5.1,14,999
MX-0234,Surat,18,41,,7,999
MX-0234,Indore,64,23,5.6,5,999
MX-0234,Nagpur,22,0,7.7,14,999
MX-0234,Kochi,141,0,6.3,21,999
,Chandigarh,66,0,6.2,5,999
MX-0234,Bhopal,24,0,3.6,5,999
MX-0234,Patna,370,0,6.7,21,999
MX-0234,Vadodara,75,0,3.5,10,999
MX-0234,Ludhiana,86,0,4.3,10,999
MX-0234,Agra,12,0,4.1,5,999
MX-0234,Nashik,6,29,4.2,14,999
MX-0234,Meerut,35,12,1.3,14,999
MX-0234,Rajkot,23,0,1.6,5,999
MX-0234,Varanasi,4,0,0.3,5,999
MX-0234,Amritsar,42,0,2.8,5,999
MX-0234,Noida,158,0,5.8,10,999
MX-0234,Gurugram,108,0,7.6,7,999
MX-0234,Coimbatore,95,0,5.2,21,999
MX-0234,Madurai,30,-2,4.1,7,999
MX-0234,Guwahati,91, 37 ,1.9,21,999
MX-0234,Mumbai City Mall,17,0,2.3,14,999
MX-0234,Delhi City Mall,64,51,3.0,14,999
MX-0234,Bengaluru City Mall,36,0,2.5,5,999
MX-0234,Hyderabad City Mall,2,0,0.5,5,999
MX-0234,Chennai City Mall,1,0,0.8,21,999
MX-0234,Kolkata City Mall,33.5,0,2.0,5,999
MX-0234,Pune City Mall,15,0,1.0,7,999
MX-0234,Ahmedabad City Mall,44,0,3.4,5,999
MX-0234,Ahmedabad City Mall,44,0,3.4,5,999
MX-0234,Jaipur City Mall,116, 51 ,2.0,21,999
MX-0234,Lucknow City Mall,33,0,6.0,14,999
MX-0234,Surat City Mall,441,171,8.0,21,999
MX-0234,Indore City Mall, 10 ,0,0.3,14,999
MX-0234,Nagpur City Mall,127,0,7.3,10,999
MX-0234,Kochi City Mall,104,46,5.3,7,999
MX-0234,Chandigarh City Mall,183,0,5.6,21,999
MX-0234,Bhopal City Mall,39,6,1.8,7,999
MX-0234,Patna City Mall,69,0,3.6,14,999
MX-0234,Vadodara City Mall,90,0,5.8,7,999
MX-0234,Ludhiana City Mall,67,64,3.5,14,999
MX-0234,Agra City Mall,7,6,1.8,7,999
MX-0235,Mumbai,129,0,6.2,7,499
MX-0235,Delhi,80,0,7.9,10,499
MX-0235,Bengaluru,(9),0,2.6,5,499
MX-0235,Hyderabad,95,34,4.1,10,499
MX-0235,Chennai,17, 14 ,1.3,10,499
MX-0235,Kolkata,136,0,4.3,10,499
MX-0235,Pune,26,37,2.4,14,499
MX-0235,Ahmedabad,6,0,0.4,7,499
MX-0235,Jaipur,9,0,3.7,14,499
MX-0235,Lucknow,70,0,4.4,10,499
MX-0235,Surat,50,0,7.4,7,N/A
MX-0235,Indore, 80 ,0,7.8,10,499
MX-0235,Nagpur,130,0,5.3,10,499
MX-0235,Kochi,48,0,6.0,14,499
MX-0235,Chandigarh,18,0,6.8,5,499
MX-0235,Bhopal,55,27,3.8,,499
MX-0235,Patna, 9 , 4 ,1.3,5,499
MX-0235,Vadodara,84,0,1.4,21,499
MX-0235,Ludhiana,81,0,5.2,5,499
MX-0235,Agra,55,0,3.9,5,499
MX-0235,Nashik,51,38,6.3,10,499
MX-0235,Meerut,12,0,4.7,21,499
MX-0235,Rajkot,17,0,6.1,5,499
MX-0235,Varanasi,235,0,6.5,21,499
MX-0235,Amritsar,463,0,7.9,21,499
MX-0235,Noida,13,0,0.8,10,499
MX-0235,Gurugram,71,0,4.2,5,499
MX-0235,Coimbatore,84,0,6.5,7,499
MX-0235,Madurai,50,79,3.8,21,499
MX-0235,Guwahati,67,0,3.7,7,499
MX-0235,Mumbai City Mall,23,12,1.1,21 days,499
MX-0235,Delhi City Mall,10,8,0.7,14,499
MX-0235,Bengaluru City Mall,1,0,5.7,7,499
MX-0235,Hyderabad City Mall,63,0,3.3,21,499
MX-0235,Chennai City Mall,153,0,4.6,14,499
MX-0235,Kolkata City Mall,309,0,6.3,21,499
MX-0235,Pune City Mall,38,0,2.2,10,499
MX-0235,Ahmedabad City Mall,101,46,2.4,14,499
MX-0235,Jaipur City Mall,93.5,0,4.5,10,499
MX-0235,Lucknow City Mall,341, 82 ,7.3,14,499
MX-0235,Surat City Mall,70,44,2.0,21,499
MX-0235,Indore City Mall,51,0,3.8,5,499
MX-0235,Nagpur City Mall,51,0,2.1,10,499
MX-0235,Kochi City Mall,0,0,,14,499
MX-0235,Chandigarh City Mall,4,4,1.3,5,499
MX-0235,Bhopal City Mall,346,0,7.8,14,499
MX-0235,Patna City Mall,42,0,1.9,10,499
MX-0235,Vadodara City Mall,37,11,2.2,5,499
MX-0235,Ludhiana City Mall,4,29,4.6,5,499
MX-0235,Agra City Mall,40,-15,3.7,5,499
MX-0236,Mumbai, 11 ,0,7.1,14,999
MX-0236,Delhi, 38 ,18,0.8,21,999
MX-0236,Bengaluru,1,0,0.2,7,999
MX-0236,Hyderabad,7,0,2.3,7,999
MX-0236,Chennai,1,42,5.4,7,999
MX-0236,Kolkata,23,0,7.3,7,999
MX-0236,Pune,26,0,1.6,10,999
MX-0236,Ahmedabad,11,0,2.6,10,999
MX-0236,Jaipur,21,0,1.4,7,999
MX-0236,Lucknow,21,14,3.1,7,999
MX-0236,Surat,111,0,4.1,21,999
MX-0236,Indore,361,109,5.4,21,999
MX-0236,Nagpur,88,0,2.9,10,999
MX-0236,Kochi,9,8,0.6,14,999
MX-0236,Chandigarh,247,0,5.6,14,999
,Bhopal,266,0,5.1,21,999
MX-0236,Patna,98,0,5.0,7,999
MX-0236,Vadodara,70,34,5.5,5,999
MX-0236,Ludhiana,303,0,4.8,21,999
MX-0236,Agra,16,0,1.6,5,N/A
MX-0236,Nashik,164,0,3.8,14,999
MX-0236,Meerut,172,44,7.9,7,999
MX-0236,Rajkot,111,0,4.9,7,999
MX-0236,Varanasi,11,15,2.4,5,999
MX-0236,Amritsar,87,0,6.4,10,999
MX-0236,Noida,56,0,2.5,10,999
MX-0236,Gurugram,9,0,0.8,7,999
MX-0236,Coimbatore,38,0,4.1,5,999
MX-0236,Madurai,97,0,4.8,10,999
MX-0236,Guwahati,53,0,3.1,10,999
MX-0236,Mumbai City Mall,22,0,1.1,14,999
MX-0236,Delhi City Mall,11,0,1.0,5,999
MX-0236,Bengaluru City Mall,10,0,5.1,5,999
MX-0236,Hyderabad City Mall,23,0,2.8,21,999
MX-0236,Chennai City Mall,1,0,0.6,5,999
MX-0236,Chennai City Mall,1,0,0.6,5,999
MX-0236,Kolkata City Mall,148,0,7.2,7,999
MX-0236,Pune City Mall,11,0,0.4,10,999
MX-0236,Ahmedabad City Mall,62,0,2.8,10,999
MX-0236,Jaipur City Mall,187,0,2.8,,999
MX-0236,Lucknow City Mall,8,0,0.4,7,999
MX-0236,Surat City Mall,27,0,1.3,7,999
MX-0236,Indore City Mall,22.5,0,0.4,21,999
MX-0236,Nagpur City Mall,43,18,2.9,5,999
MX-0236,Kochi City Mall,83, 12 ,5.3,5,999
MX-0236,Chandigarh City Mall,25,0,7.5,5,999
MX-0236,Bhopal City Mall,16,0,7.7,10,999
MX-0236,Patna City Mall,240,0,3.4,21,999
MX-0236,Vadodara City Mall,216,84,3.2,21,999
MX-0236,Ludhiana City Mall,126,0,1.9,21,999
MX-0236,Agra City Mall,6,0,1.0,14,999
MX-0237,Mumbai,33,0,6.3,5,1999
MX-0237,Delhi,20,0,2.8,10,1999
MX-0237,Bengaluru,52,23,2.7,7,1999
MX-0237,Hyderabad,10,16,4.2,5,1999
MX-0237,Chennai,98,71,3.9,21,1999
MX-0237,Kolkata,70,45,4.0,14,1999
MX-0237,Pune,91,37,4.0,14,1999
MX-0237,Ahmedabad,34,0,5.0,7,1999
MX-0237,Jaipur, 49 ,0,3.6,14,1999
MX-0237,Lucknow,100,0,4.1,10 days,1999
MX-0237,Surat,256,0,5.6,21,1999
MX-0237,Indore,20,31,7.5,5,1999
MX-0237,Nagpur,92,66,3.4,21,1999
MX-0237,Kochi,12,0,0.4,21,1999
MX-0237,Chandigarh,163,25,7.5,7,1999
MX-0237,Bhopal,120,0,7.9,7,1999
MX-0237,Patna, 93 ,49,3.7,14,1999
MX-0237,Vadodara,72,59,5.9,21,1999
MX-0237,Ludhiana,24,0,1.5,10,1999
MX-0237,Agra,20,12,1.9,10,1999
MX-0237,Nashik,19,-5,4.6,7,1999
MX-0237,Meerut,101,0,3.0,10,1999
MX-0237,Rajkot,183,0,2.7,21,1999
MX-0237,Varanasi,20,3,0.8,10,1999
MX-0237,Amritsar,470,201,7.9,21,1999
MX-0237,Noida,88,0,2.1,21,1999
MX-0237,Gurugram,54,0,,14,1999
MX-0237,Coimbatore,73,19,2.8,10,1999
MX-0237,Madurai,14,0,2.7,21,N/A
MX-0237,Guwahati,3,0,0.2,10,1999
MX-0237,Mumbai City Mall,8,0,7.8,21,1999
MX-0237,Delhi City Mall,6,40,7.4,10,1999
MX-0237,Bengaluru City Mall,4,0,1.8,10,1999
MX-0237,Hyderabad City Mall,124,0,6.9,21,1999
MX-0237,Chennai City Mall,140,0,5.4,10,1999
MX-0237,Kolkata City Mall,9,0,2.4,7,1999
MX-0237,Pune City Mall,84,0,7.1,21,1999
MX-0237,Ahmedabad City Mall,35,17,1.4,10,1999
MX-0237,Jaipur City Mall,8,0,1.8,5,1999
MX-0237,Lucknow City Mall,63,0,4.2,14,1999
MX-0237,Surat City Mall,1,0,3.9,5,1999
MX-0237,Indore City Mall,19,0,2.4,5,1999
MX-0237,Nagpur City Mall,23,0,2.5,7,1999
MX-0237,Kochi City Mall,57,25,1.5,14,1999
MX-0237,Chandigarh City Mall,44.5,0,2.2,7,1999
MX-0237,Bhopal City Mall,307,0,5.9,21,1999
MX-0237,Patna City Mall,16,0,0.4,14,1999
MX-0237,Vadodara City Mall,50,54,6.2,10,1999
MX-0237,Ludhiana City Mall,135,0,4.7,10,1999
MX-0237,Agra City Mall,106,0,5.8,21,1999
MX-0238,Mumbai,130,20,6.3,7,3999
MX-0238,Delhi,95,0,7.8,5,3999
MX-0238,Bengaluru,16,0,7.6,10,3999
MX-0238,Hyderabad,46,27,4.8,10,3999
MX-0238,Chennai,249,0,5.2,21,3999
MX-0238,Kolkata,75,0,1.1,21,3999
MX-0238,Pune,27,0,6.0,21,3999
MX-0238,Ahmedabad, 45 ,0,3.2,5,3999
MX-0238,Jaipur,3,0,0.6,10,3999
MX-0238,Lucknow,9,102,7.3,10,3999
MX-0238,Surat,91,0,4.9,7,3999
MX-0238,Indore,119,114,4.0,,3999
MX-0238,Nagpur,14,0,2.2,7,3999
MX-0238,Kochi,24,0,1.0,14,3999
MX-0238,Chandigarh,15,0,3.2,10,3999
MX-0238,Bhopal,116,0,5.1,7,3999
,Patna,21,0,1.2,7,3999
MX-0238,Vadodara,79,0,4.7,10,3999
MX-0238,Ludhiana,135,0,7.4,7,3999
MX-0238,Agra,9,0,0.3,21,3999
MX-0238,Nashik,26,0,1.4,7,3999
MX-0238,Meerut,1,0,0.2,10,3999
MX-0238,Rajkot,67,0,1.1,21,3999
MX-0238,Varanasi,18,0,1.1,14,3999
MX-0238,Amritsar,25,0,7.6,7,3999
MX-0238,Noida,2,0,0.8,10,3999
MX-0238,Gurugram,131,0,7.8,10,3999
MX-0238,Coimbatore,149,48,3.4,14,3999
MX-0238,Madurai,14,32,4.8,7,3999
MX-0238,Guwahati,1,0,6.1,7,3999
MX-0238,Mumbai City Mall,(3),0,3.2,21,3999
MX-0238,Delhi City Mall, 3 ,0,0.2,7,3999
MX-0238,Delhi City Mall, 3 ,0,0.2,7,3999
MX-0238,Bengaluru City Mall,77,0,5.1,21,3999
MX-0238,Hyderabad City Mall,146,31,8.0,7,3999
MX-0238,Chennai City Mall,43,0,1.4,10,3999
MX-0238,Kolkata City Mall,324,0,5.0,21,3999
MX-0238,Pune City Mall,30,0,1.3,7,3999
MX-0238,Ahmedabad City Mall,97,35,4.6,10,N/A
MX-0238,Jaipur City Mall,16,0,5.5,5 days,3999
MX-0238,Lucknow City Mall,53,0,5.9,5,3999
MX-0238,Surat City Mall,472,0,7.5,21,3999
MX-0238,Indore City Mall,284,-13,7.8,14,3999
MX-0238,Nagpur City Mall,53,0,5.6,5,3999
MX-0238,Kochi City Mall,95,45,2.5,21,3999
MX-0238,Chandigarh City Mall,11,1,0.8,5,3999
MX-0238,Bhopal City Mall,69,0,4.8,5,3999
MX-0238,Patna City Mall,12,0,3.1,14,3999
MX-0238,Vadodara City Mall,31.5,0,4.1,5,3999
MX-0238,Ludhiana City Mall,281,0,4.7,21,3999
MX-0238,Agra City Mall,80,0,5.7,7,3999
MX-0239,Mumbai,311,0,6.1,21,1999
MX-0239,Delhi,9,0,2.9,10,1999
MX-0239,Bengaluru,96, 45 ,2.1,21,1999
MX-0239,Hyderabad,159,0,7.7,10,1999
MX-0239,Chennai,13,0,6.6,5,1999
MX-0239,Kolkata,110,0,5.3,10,1999
MX-0239,Pune,14,0,0.7,21,1999
MX-0239,Ahmedabad,8,0,2.5,7,1999
MX-0239,Jaipur,58,0,4.8,7,1999
MX-0239,Lucknow,12,29,,5,1999
MX-0239,Surat,269,0,4.1,21,1999
MX-0239,Indore,58,21,4.2,10,1999
MX-0239,Nagpur,15,0,0.6,14,1999
MX-0239,Kochi,11,0,0.7,10,1999
MX-0239,Chandigarh,180,0,2.7,21,1999
MX-0239,Bhopal,3,17,1.7,10,1999
MX-0239,Patna,207,0,4.6,14,1999
MX-0239,Vadodara,54,0,2.5,7,1999
MX-0239,Ludhiana,10,0,4.6,5,1999
MX-0239,Agra,4,0,0.7,5,1999
MX-0239,Nashik,39,29,4.1,7,1999
MX-0239,Meerut,20,16,3.1,7,1999
MX-0239,Rajkot,201,0,3.4,21,1999
MX-0239,Varanasi,133,0,6.2,7,1999
MX-0239,Amritsar,8,0,0.6,10,1999
MX-0239,Noida,7,0,0.7,7,1999
MX-0239,Gurugram,84,0,6.0,5,1999
MX-0239,Coimbatore,33,0,2.0,7,1999
MX-0239,Madurai,82,26,1.9,14,1999
MX-0239,Guwahati,70,27,2.8,10,1999
MX-0239,Mumbai City Mall,55,0,4.3,5,1999
MX-0239,Delhi City Mall,61,48,7.9,14,1999
MX-0239,Bengaluru City Mall,18,39,2.2,14,1999
MX-0239,Hyderabad City Mall,12,0,1.0,7,1999
MX-0239,Chennai City Mall,15,0,1.1,,1999
MX-0239,Kolkata City Mall,101,0,5.3,14,1999
MX-0239,Pune City Mall,10,132,7.2,14,1999
MX-0239,Ahmedabad City Mall,14,0,3.0,14,1999
MX-0239,Jaipur City Mall, 64 ,0,3.0,14,1999
MX-0239,Lucknow City Mall,21,36,4.4,7,1999
MX-0239,Surat City Mall,13, 5 ,2.2,5,1999
MX-0239,Indore City Mall,75,24,4.7,7,1999
MX-0239,Nagpur City Mall,72, 32 ,1.2,21,1999
MX-0239,Kochi City Mall,16,0,4.6,14,1999
MX-0239,Chandigarh City Mall,11,0,0.9,5,1999
MX-0239,Bhopal City Mall,12,0,1.0,14,1999
MX-0239,Patna City Mall,11,0,5.6,10,N/A
MX-0239,Vadodara City Mall,78,0,5.1,5,1999
MX-0239,Ludhiana City Mall,48,23,2.0,10,1999
MX-0239,Agra City Mall,53,18,3.3,5,1999
MX-0240,Mumbai,127.5,41,2.8,21,499
MX-0240,Delhi,1,122,7.9,14,499
MX-0240,Bengaluru,147,0,6.2,14,499
MX-0240,Hyderabad,53,0,1.7,21,499
MX-0240,Chennai,96,0,7.4,5,499
MX-0240,Kolkata,282,77,4.4,21,499
MX-0240,Pune,7,0,5.6,5,499
MX-0240,Ahmedabad,131,0,5.9,14,499
MX-0240,Jaipur,22,0,5.1,5,499
MX-0240,Lucknow,253,125,4.4,21,499
MX-0240,Surat,27,0,3.0,5,499
MX-0240,Indore,27,0,6.8,21,499
MX-0240,Nagpur,0,-16,4.4,5,499
MX-0240,Kochi,23,0,2.3,14,499
MX-0240,Chandigarh,22,0,1.9,5,499
MX-0240,Bhopal,85,53,2.9,14,499
MX-0240,Patna,8,56,7.1,7,499
,Vadodara,66,0,3.0,7 days,499
MX-0240,Ludhiana,66,0,5.2,10,499
MX-0240,Agra,(7),0,4.6,14,499
MX-0240,Nashik,57,0,7.8,5,499
MX-0240,Meerut,32,0,4.5,14,499
MX-0240,Rajkot,278,201,7.3,21,499
MX-0240,Varanasi,77,0,4.8,5,499
MX-0240,Amritsar,16,0,6.1,14,499
MX-0240,Noida,189,0,6.0,10,499
MX-0240,Gurugram,8,0,1.1,5,499
MX-0240,Coimbatore,40,23,6.8,5,499
MX-0240,Madurai,8,0,0.7,10,499
MX-0240,Madurai,8,0,0.7,10,499
MX-0240,Guwahati, 0 ,0,4.8,14,499
MX-0240,Mumbai City Mall,156,0,5.6,21,499
MX-0240,Delhi City Mall,47,26,4.0,7,499
MX-0240,Bengaluru City Mall,41,0,6.8,21,499
MX-0240,Hyderabad City Mall,7,0,7.9,5,499
MX-0240,Chennai City Mall,63,0,7.9,14,499
MX-0240,Kolkata City Mall,9,0,2.0,5,499
MX-0240,Pune City Mall,38,0,5.3,7,499
MX-0240,Ahmedabad City Mall,69,0,1.1,21,499
MX-0240,Jaipur City Mall, 121 ,38,6.5,7,499
MX-0240,Lucknow City Mall,130,34,7.9,5,499
MX-0240,Surat City Mall,11,0,2.1,10,499
MX-0240,Indore City Mall,18,0,1.9,7,499
MX-0240,Nagpur City Mall,14,0,,5,499
MX-0240,Kochi City Mall,92,0,7.1,21,499
MX-0240,Chandigarh City Mall,67,26,4.5,5,499
MX-0240,Bhopal City Mall,104,0,2.4,14,499
MX-0240,Patna City Mall,36,30,2.6,10,499
MX-0240,Vadodara City Mall,3,0,0.6,5,499
MX-0240,Ludhiana City Mall,28,0,7.8,5,499
MX-0240,Agra City Mall,84,0,5.2,5,499
MX-0241,Mumbai,110,58,6.1,7,1999
MX-0241,Delhi, 192 ,69,3.0,21,1999
MX-0241,Bengaluru,5,0,6.6,10,1999
MX-0241,Hyderabad,123.5,0,3.5,21,1999
MX-0241,Chennai,181,101,7.3,14,1999
MX-0241,Kolkata,155,0,5.4,14,N/A
MX-0241,Pune,109,0,4.5,10,1999
MX-0241,Ahmedabad,3,0,1.0,,1999
MX-0241,Jaipur,28,0,1.8,5,1999
MX-0241,Lucknow,12,9,2.3,5,1999
MX-0241,Surat,23,0,2.1,10,1999
MX-0241,Indore,70,0,5.4,5,1999
MX-0241,Nagpur, 123 ,0,6.7,7,1999
MX-0241,Kochi,397,0,7.2,21,1999
MX-0241,Chandigarh,197,0,4.5,21,1999
MX-0241,Bhopal,192,0,7.9,14,1999
MX-0241,Patna, 83 ,0,3.3,21,1999
MX-0241,Vadodara,208,0,5.8,14,1999
MX-0241,Ludhiana,149,0,7.7,10,1999
MX-0241,Agra,107, 19 ,6.3,7,1999
MX-0241,Nashik, 28 ,0,5.5,5,1999
MX-0241,Meerut,31,0,4.3,10,1999
MX-0241,Rajkot,120,78,2.8,21,1999
MX-0241,Varanasi,81,0,3.7,7,1999
MX-0241,Amritsar,50,20,2.0,14,1999
MX-0241,Noida,58,0,2.9,10,1999
MX-0241,Gurugram,38,0,1.8,14,1999
MX-0241,Coimbatore,6,11,1.0,14,1999
MX-0241,Madurai,18,0,2.4,10,1999
MX-0241,Guwahati,1,4,0.8,5,1999
MX-0241,Mumbai City Mall,41,0,2.9,5,1999
MX-0241,Delhi City Mall,43,0,4.3,21,1999
MX-0241,Bengaluru City Mall,7,43,5.7,10,1999
MX-0241,Hyderabad City Mall,64,-16,5.6,7,1999
MX-0241,Chennai City Mall,15,0,2.5,14,1999
MX-0241,Kolkata City Mall,77,0,5.2,7,1999
MX-0241,Pune City Mall,66,0,5.2,5,1999
MX-0241,Ahmedabad City Mall,6,0,7.3,14,1999
MX-0241,Jaipur City Mall,204,0,6.3,10,1999
MX-0241,Lucknow City Mall,69,0,2.0,14,1999
MX-0241,Surat City Mall,9,0,7.0,7,1999
MX-0241,Indore City Mall,28,26,1.6,14,1999
MX-0241,Nagpur City Mall,347,0,7.3,21,1999
MX-0241,Kochi City Mall,132,0,6.4,10,1999
MX-0241,Chandigarh City Mall,20,0,5.8,7,1999
MX-0241,Bhopal City Mall,27,0,5.5,7,1999
MX-0241,Patna City Mall,20,0,1.5,14 days,1999
MX-0241,Vadodara City Mall,18,0,7.9,5,1999
MX-0241,Ludhiana City Mall,65,0,5.2,5,1999
MX-0241,Agra City Mall,14,0,2.9,5,1999
MX-0242,Mumbai, 131 ,0,6.7,21,3999
MX-0242,Delhi, 27 ,0,2.1,21,3999
MX-0242,Bengaluru,76,0,5.7,7,3999
MX-0242,Hyderabad,3,0,0.3,21,3999
MX-0242,Chennai,66,0,7.6,5,3999
MX-0242,Kolkata,123,0,2.5,21,3999
MX-0242,Pune,102.5,76,6.7,14,3999
MX-0242,Ahmedabad, 386 ,75,5.6,21,3999
MX-0242,Jaipur,(6),0,3.0,5,3999
MX-0242,Lucknow,52,0,1.7,10,3999
MX-0242,Surat,94,0,5.6,21,3999
MX-0242,Indore,11,4,2.2,5,3999
MX-0242,Nagpur,174,71,3.7,14,3999
MX-0242,Kochi,7,0,0.3,10,3999
MX-0242,Chandigarh,166,0,5.5,10,N/A
MX-0242,Bhopal,273,0,7.3,14,3999
MX-0242,Patna,0,7,1.2,10,3999
MX-0242,Vadodara,11,0,1.7,7,3999
,Ludhiana,55,26,2.8,10,3999
MX-0242,Agra,40,0,5.3,5,3999
MX-0242,Nashik,92,0,5.5,5,3999
MX-0242,Meerut,82,10,4.9,5,3999
MX-0242,Rajkot,15,94,6.6,14,3999
MX-0242,Varanasi,85,0,2.7,10,3999
MX-0242,Amritsar,20,9,0.5,14,3999
MX-0242,Noida,109,52,,10,3999
MX-0242,Noida,109,52,,10,3999
MX-0242,Gurugram,14,0,2.7,10,3999
MX-0242,Coimbatore,31,45,7.4,7,3999
MX-0242,Madurai,90,0,5.9,14,3999
MX-0242,Guwahati,0,0,1.9,10,3999
MX-0242,Mumbai City Mall,8,0,6.6,,3999
MX-0242,Delhi City Mall,233,0,4.5,21,3999
MX-0242,Bengaluru City Mall,140,0,5.4,14,3999
MX-0242,Hyderabad City Mall,15,9,1.6,5,3999
MX-0242,Chennai City Mall,93,0,6.1,5,3999
MX-0242,Kolkata City Mall,103,194,6.9,21,3999
MX-0242,Pune City Mall,15,18,2.4,10,3999
MX-0242,Ahmedabad City Mall,35,0,0.9,14,3999
MX-0242,Jaipur City Mall,259,0,7.0,14,3999
MX-0242,Lucknow City Mall,40,0,6.3,14,3999
MX-0242,Surat City Mall,115,45,4.9,7,3999
MX-0242,Indore City Mall,149,38,4.2,14,3999
MX-0242,Nagpur City Mall,31,0,5.7,21,3999
MX-0242,Kochi City Mall,34,0,2.6,5,3999
MX-0242,Chandigarh City Mall,173,0,7.8,7,3999
MX-0242,Bhopal City Mall,105,48,4.9,14,3999
MX-0242,Patna City Mall,0,0,1.1,5,3999
MX-0242,Vadodara City Mall,82,0,4.8,7,3999
MX-0242,Ludhiana City Mall,7,0,2.2,5,3999
MX-0242,Agra City Mall,89,0,7.9,5,3999
MX-0243,Mumbai,9,0,2.0,7,1999
MX-0243,Delhi,214,0,6.0,14,1999
MX-0243,Bengaluru,89,0,1.7,21,1999
MX-0243,Hyderabad,33,0,3.7,5,1999
MX-0243,Chennai,2,-5,0.5,5,1999
MX-0243,Kolkata,7,0,6.8,5,1999
MX-0243,Pune,6,0,2.0,7,1999
MX-0243,Ahmedabad,125,94,6.7,21,1999
MX-0243,Jaipur,192,0,5.9,10,1999
MX-0243,Lucknow,81.5,27,1.5,21,1999
MX-0243,Surat,99,19,3.5,10,1999
MX-0243,Indore,0,0,3.4,14,1999
MX-0243,Nagpur,154,0,4.9,10,1999
MX-0243,Kochi,113,0,5.0,7,1999
MX-0243,Chandigarh,57,0,7.9,7,1999
MX-0243,Bhopal,37,21,5.7,5,1999
MX-0243,Patna,131,0,2.4,21,1999
MX-0243,Vadodara,2,0,1.2,7,1999
MX-0243,Ludhiana,8,0,0.7,10,1999
MX-0243,Agra,25,0,0.8,21,1999
MX-0243,Nashik,1,0,0.5,5,1999
MX-0243,Meerut,12,0,3.2,5,1999
MX-0243,Rajkot,25,37,3.5,10,1999
MX-0243,Varanasi,69,0,2.1,10,N/A
MX-0243,Amritsar,10,0,2.4,7,1999
MX-0243,Noida,72, 49 ,5.4,21 days,1999
MX-0243,Gurugram,158,0,4.2,14,1999
MX-0243,Coimbatore,155,48,3.7,14,1999
MX-0243,Madurai, 211 ,0,6.3,10,1999
MX-0243,Guwahati,45,14,2.9,5,1999
MX-0243,Mumbai City Mall,6,0,1.9,5,1999
MX-0243,Delhi City Mall,149,0,3.9,21,1999
MX-0243,Bengaluru City Mall,21,0,3.2,5,1999
MX-0243,Hyderabad City Mall,20,31,3.6,7,1999
MX-0243,Chennai City Mall,8,10,2.1,5,1999
MX-0243,Kolkata City Mall,66,0,7.2,5,1999
MX-0243,Pune City Mall,81,0,5.4,5,1999
MX-0243,Ahmedabad City Mall,117,0,3.8,14,1999
MX-0243,Jaipur City Mall,70,0,2.2,21,1999
MX-0243,Lucknow City Mall,65,0,4.9,7,1999
MX-0243,Surat City Mall,106,0,6.3,5,1999
MX-0243,Indore City Mall,105,0,4.9,7,1999
MX-0243,Nagpur City Mall,66,0,2.1,14,1999
MX-0243,Kochi City Mall, 40 ,0,2.2,7,1999
MX-0243,Chandigarh City Mall,45,37,4.9,7,1999
MX-0243,Bhopal City Mall,23,0,2.8,5,1999
MX-0243,Patna City Mall,12,0,3.6,5,1999
MX-0243,Vadodara City Mall,(9),0,5.6,10,1999
MX-0243,Ludhiana City Mall,59,0,2.6,14,1999
MX-0243,Agra City Mall,29,50,3.3,14,1999
MX-0244,Mumbai,37,31,7.6,5,499
MX-0244,Delhi,100,35,6.1,10,499
MX-0244,Bengaluru,107,0,2.4,14,499
MX-0244,Hyderabad,21,0,2.3,,499
MX-0244,Chennai,10,0,4.5,14,499
MX-0244,Kolkata,60,0,3.8,5,499
MX-0244,Pune,48,0,2.5,10,499
MX-0244,Ahmedabad,95,0,4.4,10,499
MX-0244,Jaipur,4,0,,5,499
MX-0244,Lucknow,70,0,2.9,14,499
MX-0244,Surat,80,55,3.3,14,499
MX-0244,Indore,249,114,7.9,14,499
MX-0244,Nagpur,2.5,0,0.2,7,499
MX-0244,Kochi,20,29,1.8,14,499
MX-0244,Chandigarh,180,123,5.3,21,499
MX-0244,Bhopal,35,0,5.5,5,499
MX-0244,Patna,59,0,7.0,7,499
MX-0244,Vadodara,38,14,2.9,7,499
MX-0244,Ludhiana,177,0,7.9,14,499
,Agra,76,0,4.5,10,499
MX-0244,Nashik,28,0,6.6,5,499
MX-0244,Meerut,104,0,3.3,14,499
MX-0244,Rajkot,8,5,0.5,14,499
MX-0244,Rajkot,8,5,0.5,14,499
MX-0244,Varanasi,318,105,6.9,14,499
MX-0244,Amritsar,28,0,6.7,5,499
MX-0244,Noida,6,-16,3.2,14,499
MX-0244,Gurugram,13,0,1.2,21,499
MX-0244,Coimbatore,4,8,1.6,7,499
MX-0244,Madurai,406,0,5.9,21,499
MX-0244,Guwahati, 0 ,0,0.6,21,499
MX-0244,Mumbai City Mall,24,0,1.2,7,499
MX-0244,Delhi City Mall,6,22,1.6,10,499
MX-0244,Bengaluru City Mall,12,0,5.0,21,N/A
MX-0244,Hyderabad City Mall, 60 ,92,5.0,21,499
MX-0244,Chennai City Mall,115,16,5.0,7,499
MX-0244,Kolkata City Mall,160,118,6.5,14,499
MX-0244,Pune City Mall,54,0,5.4,14,499
MX-0244,Ahmedabad City Mall,20,0,3.5,7,499
MX-0244,Jaipur City Mall,153,0,2.4,21,499
MX-0244,Lucknow City Mall,158,193,6.6,21,499
MX-0244,Surat City Mall,30,0,2.2,5,499
MX-0244,Indore City Mall,23,11,4.0,7,499
MX-0244,Nagpur City Mall,50,0,1.6,14,499
MX-0244,Kochi City Mall,36,0,2.8,7,499
MX-0244,Chandigarh City Mall,5,6,1.2,5,499
MX-0244,Bhopal City Mall,26,0,2.6,5,499
MX-0244,Patna City Mall,108,0,5.3,7,499
MX-0244,Vadodara City Mall,89,0,4.5,14,499
MX-0244,Ludhiana City Mall,166,0,3.1,21,499
MX-0244,Agra City Mall,48,0,5.1,7,499
MX-0245,Mumbai,61,0,5.0,14,199
MX-0245,Delhi,72,0,5.0,7,199
MX-0245,Bengaluru,1,0,0.3,14,199
MX-0245,Hyderabad,35,0,5.4,7,199
MX-0245,Chennai,78,0,4.8,5 days,199
MX-0245,Kolkata,148,0,7.6,7,199
MX-0245,Pune,5,0,3.2,14,199
MX-0245,Ahmedabad,21,0,1.6,5,199
MX-0245,Jaipur,211,0,5.9,21,199
MX-0245,Lucknow,6,0,0.8,10,199
MX-0245,Surat,101,0,6.1,14,199
MX-0245,Indore,92,0,7.6,10,199
MX-0245,Nagpur,19,0,1.5,5,199
MX-0245,Kochi,30,0,2.7,7,199
MX-0245,Chandigarh,4,3,1.4,5,199
MX-0245,Bhopal,114.5,0,4.7,14,199
MX-0245,Patna,4,0,7.8,5,199
MX-0245,Vadodara,12,0,2.5,21,199
MX-0245,Ludhiana,549,0,7.8,21,199
MX-0245,Agra,221,0,6.7,14,199
MX-0245,Nashik,116,0,2.9,14,199
MX-0245,Meerut,7,0,1.0,5,199
MX-0245,Rajkot,122,0,7.6,7,199
MX-0245,Varanasi,0,42,7.8,5,199
MX-0245,Amritsar,146,0,7.1,14,199
MX-0245,Noida,193,0,5.7,14,199
MX-0245,Gurugram,28,9,1.0,,199
MX-0245,Coimbatore,239,0,5.8,14,199
MX-0245,Madurai,56,0,3.0,7,199
MX-0245,Guwahati,75,0,7.2,10,199
MX-0245,Mumbai City Mall,89,0,5.8,5,199
MX-0245,Delhi City Mall,8,0,3.7,5,199
MX-0245,Bengaluru City Mall,0,0,0.5,14,199
MX-0245,Hyderabad City Mall,207,0,4.0,21,199
MX-0245,Chennai City Mall,58,0,1.5,21,199
MX-0245,Kolkata City Mall,51,0,3.9,10,199
MX-0245,Pune City Mall,-6,0,3.0,5,199
MX-0245,Ahmedabad City Mall,88,38,4.9,7,199
MX-0245,Jaipur City Mall,99,0,3.3,10,199
MX-0245,Lucknow City Mall,5,0,0.2,14,199
MX-0245,Surat City Mall,102,0,4.9,10,199
MX-0245,Indore City Mall,27,0,,5,N/A
MX-0245,Nagpur City Mall,130,30,3.0,14,199
MX-0245,Kochi City Mall,15,0,2.2,5,199
MX-0245,Chandigarh City Mall,33,25,2.5,10,199
MX-0245,Bhopal City Mall,38,0,2.4,14,199
MX-0245,Patna City Mall,172,-7,6.4,10,199
MX-0245,Vadodara City Mall,71,38,3.5,14,199
MX-0245,Ludhiana City Mall,24,0,1.5,10,199
MX-0245,Agra City Mall,24,0,6.8,5,199
MX-0246,Mumbai,9,11,1.2,7,3999
MX-0246,Delhi,41,0,4.3,10,3999
MX-0246,Bengaluru,3,0,0.6,10,3999
MX-0246,Hyderabad,316,0,4.7,21,3999
MX-0246,Chennai,48,20,4.1,10,3999
MX-0246,Kolkata,93,0,5.9,14,3999
MX-0246,Pune,38,0,2.6,5,3999
MX-0246,Ahmedabad,13,0,3.0,5,3999
MX-0246,Jaipur,3,0,0.3,10,3999
MX-0246,Lucknow,81,53,3.7,21,3999
MX-0246,Surat, 69 ,0,3.3,7,3999
MX-0246,Indore,96,59,4.7,21,3999
MX-0246,Nagpur,75,0,6.5,7,3999
MX-0246,Kochi,81,107,7.1,14,3999
MX-0246,Chandigarh,110,0,3.0,14,3999
MX-0246,Bhopal,82,16,6.5,5,3999
MX-0246,Patna,145,0,5.6,14,3999
MX-0246,Vadodara,120,0,2.8,14,3999
MX-0246,Ludhiana,4.5,2,0.6,5,3999
MX-0246,Agra,113,0,5.4,10,3999
MX-0246,Agra,113,0,5.4,10,3999
,Nashik,122,0,6.3,7,3999
MX-0246,Meerut,7,0,0.6,10,3999
MX-0246,Rajkot,17,0,1.2,5,3999
MX-0246,Varanasi,42,0,6.0,7,3999
MX-0246,Amritsar,263,0,4.6,21,3999
MX-0246,Noida,145,0,6.0,10,3999
MX-0246,Gurugram,70,44,4.7,14,3999
MX-0246,Coimbatore,69,0,2.3,21,3999
MX-0246,Madurai,81,0,2.7,10,3999
MX-0246,Guwahati,27,0,0.7,21,3999
MX-0246,Mumbai City Mall,34,0,2.8,5,3999
MX-0246,Delhi City Mall,61,0,2.1,21,3999
MX-0246,Bengaluru City Mall,76,0,5.1,7,3999
MX-0246,Hyderabad City Mall,178,0,5.5,21 days,3999
MX-0246,Chennai City Mall,199,78,6.9,10,3999
MX-0246,Kolkata City Mall,61,0,2.2,14,3999
MX-0246,Pune City Mall,56,13,3.7,7,3999
MX-0246,Ahmedabad City Mall,18,0,5.4,5,3999
MX-0246,Jaipur City Mall,82,0,6.6,7,3999
MX-0246,Lucknow City Mall,33,0,4.4,7,3999
MX-0246,Surat City Mall,113,0,4.5,10,3999
MX-0246,Indore City Mall,42, 31 ,5.8,5,3999
MX-0246,Nagpur City Mall,10,0,0.6,10,3999
MX-0246,Kochi City Mall,257,80,8.0,14,3999
MX-0246,Chandigarh City Mall,49,0,2.0,14,3999
MX-0246,Bhopal City Mall,95,0,2.2,14,3999
MX-0246,Patna City Mall,4,20,1.7,10,3999
MX-0246,Vadodara City Mall,81,0,2.3,14,3999
MX-0246,Ludhiana City Mall,188,0,3.7,21,3999
MX-0246,Agra City Mall,242,79,5.6,,3999
MX-0247,Mumbai,73,0,1.6,14,N/A
MX-0247,Delhi,36,0,3.6,7,499
MX-0247,Bengaluru,326,98,4.6,21,499
MX-0247,Hyderabad,30,0,1.1,21,499
MX-0247,Chennai,105,0,1.6,21,499
MX-0247,Kolkata,32,0,4.9,7,499
MX-0247,Pune,285,0,7.0,21,499
MX-0247,Ahmedabad,104,0,6.1,10,499
MX-0247,Jaipur,293,0,7.1,14,499
MX-0247,Lucknow,64,0,5.5,5,499
MX-0247,Surat,11,0,2.3,10,499
MX-0247,Indore,9,0,5.2,5,499
MX-0247,Nagpur, 68 ,0,6.8,14,499
MX-0247,Kochi,239,0,6.5,14,499
MX-0247,Chandigarh,33,7,0.5,21,499
MX-0247,Bhopal, 5 ,0,1.3,5,499
MX-0247,Patna, 17 ,19,2.2,10,499
MX-0247,Vadodara,8,-20,0.6,7,499
MX-0247,Ludhiana,70,50,3.7,10,499
MX-0247,Agra,406,165,5.7,21,499
MX-0247,Nashik,106,0,5.0,10,499
MX-0247,Meerut,62.5,0,4.2,5,499
MX-0247,Rajkot,80,0,5.1,7,499
MX-0247,Varanasi,17,17,2.2,7,499
MX-0247,Amritsar, 33 ,39,,21,499
MX-0247,Noida,-6,68,6.5,14,499
MX-0247,Gurugram,53,0,2.8,7,499
MX-0247,Coimbatore,40,22,5.8,5,499
MX-0247,Madurai,0,0,0.2,5,499
MX-0247,Guwahati,12,11,1.9,7,499
MX-0247,Mumbai City Mall,16,0,1.0,5,499
MX-0247,Delhi City Mall,87,0,4.1,21,499
MX-0247,Bengaluru City Mall,187,35,2.9,21,499
MX-0247,Hyderabad City Mall,4,0,0.6,5,499
MX-0247,Chennai City Mall,69,0,4.1,10,499
MX-0247,Kolkata City Mall,103,0,5.6,10,499
MX-0247,Pune City Mall,79,0,4.8,5,499
MX-0247,Ahmedabad City Mall,53,0,1.3,14,499
MX-0247,Jaipur City Mall,35,0,2.2,5,499
MX-0247,Lucknow City Mall,33,0,3.7,5,499
MX-0247,Surat City Mall,75,0,4.9,14,499
MX-0247,Indore City Mall,5,9,1.5,10,499
MX-0247,Nagpur City Mall,11,22,3.5,5,499
MX-0247,Kochi City Mall,172,0,3.3,21,499
MX-0247,Chandigarh City Mall,3,0,1.3,5,499
MX-0247,Bhopal City Mall,20,14,2.5,7,499
MX-0247,Patna City Mall,8,0,2.9,7,499
MX-0247,Vadodara City Mall,17,0,3.3,10,499
MX-0247,Ludhiana City Mall,25, 7 ,1.4,7,499
MX-0247,Agra City Mall,25,0,3.0,10,499
MX-0248,Mumbai,116,51,5.7,14,1999
MX-0248,Delhi,109,0,6.5,21,1999
MX-0248,Bengaluru,306,0,7.3,14,1999
MX-0248,Hyderabad,13,0,1.5,10,1999
MX-0248,Chennai,28,0,3.0,5,1999
MX-0248,Kolkata,53,0,7.7,10,1999
MX-0248,Pune,132,0,4.4,10,1999
MX-0248,Ahmedabad,95, 77 ,5.9,10,1999
MX-0248,Jaipur,62,0,6.4,21,1999
MX-0248,Lucknow,11,0,1.2,7,N/A
MX-0248,Surat,301,0,7.2,14,1999
MX-0248,Indore,1,0,4.4,7,1999
MX-0248,Nagpur,85,0,3.9,7 days,1999
MX-0248,Kochi,174,0,6.5,21,1999
MX-0248,Chandigarh,47,0,2.7,10,1999
MX-0248,Bhopal,94,0,3.2,14,1999
MX-0248,Patna,58,0,5.3,5,1999
MX-0248,Patna,58,0,5.3,5,1999
MX-0248,Vadodara,103,0,2.4,14,1999
MX-0248,Ludhiana,7,0,4.7,5,1999
MX-0248,Agra,178,0,4.6,21,1999
MX-0248,Nashik,16,0,4.4,5,1999
,Meerut,8,1,0.2,14,1999
MX-0248,Rajkot,98,0,6.7,,1999
MX-0248,Varanasi,9,0,2.1,21,1999
MX-0248,Amritsar,61.5,0,6.9,5,1999
MX-0248,Noida,33,0,3.4,7,1999
MX-0248,Gurugram, 113 ,0,3.4,10,1999
MX-0248,Coimbatore,81,0,3.7,21,1999
MX-0248,Madurai,6,0,0.3,10,1999
MX-0248,Guwahati,162,0,7.0,7,1999
MX-0248,Mumbai City Mall,58,0,5.1,5,1999
MX-0248,Delhi City Mall,5,0,1.6,5,1999
MX-0248,Bengaluru City Mall,47,0,0.7,21,1999
MX-0248,Hyderabad City Mall,136,0,7.9,7,1999
MX-0248,Chennai City Mall,97,0,4.4,7,1999
MX-0248,Kolkata City Mall,39,0,3.9,10,1999
MX-0248,Pune City Mall,76, 82 ,4.4,21,1999
MX-0248,Ahmedabad City Mall,156,0,4.4,14,1999
MX-0248,Jaipur City Mall,91,-8,4.9,10,1999
MX-0248,Lucknow City Mall,62,0,4.6,5,1999
MX-0248,Surat City Mall,22,0,8.0,21,1999
MX-0248,Indore City Mall,147,0,3.4,14,1999
MX-0248,Nagpur City Mall,85,0,4.2,10,1999
MX-0248,Kochi City Mall,78,0,5.6,14,1999
MX-0248,Chandigarh City Mall,96,0,4.3,21,1999
MX-0248,Bhopal City Mall,266,0,7.8,14,1999
MX-0248,Patna City Mall,210,0,7.9,10,1999
MX-0248,Vadodara City Mall,211,0,6.4,10,1999
MX-0248,Ludhiana City Mall,76,0,6.9,5,1999
MX-0248,Agra City Mall,202,0,7.1,14,1999
MX-0249,Mumbai,116,0,5.5,21,3999
MX-0249,Delhi,174,0,7.4,7,3999
MX-0249,Bengaluru, 9 ,0,1.0,5,3999
MX-0249,Hyderabad,19,0,6.1,7,3999
MX-0249,Chennai,146,47,4.9,14,3999
MX-0249,Kolkata,95,46,2.5,21,3999
MX-0249,Pune,28,0,1.9,5,3999
MX-0249,Ahmedabad,33,37,,5,3999
MX-0249,Jaipur,95,0,4.2,21,3999
MX-0249,Lucknow,13,0,2.2,10,3999
MX-0249,Surat,130,0,7.7,5,3999
MX-0249,Indore,6,0,1.6,10,3999
MX-0249,Nagpur,39,0,6.1,14,3999
MX-0249,Kochi,51,0,4.6,21,3999
MX-0249,Chandigarh,-4,0,1.3,7,3999
MX-0249,Bhopal,66,0,5.0,5,3999
MX-0249,Patna,58,0,4.2,10,3999
MX-0249,Vadodara,26,0,2.6,7,3999
MX-0249,Ludhiana,13,65,7.3,7,N/A
MX-0249,Agra,46,0,3.6,5,3999
MX-0249,Nashik,204,0,5.3,14,3999
MX-0249,Meerut,7,0,5.0,5,3999
MX-0249,Rajkot,147,0,5.3,10,3999
MX-0249,Varanasi,45,0,3.5,7,3999
MX-0249,Amritsar,75,54,2.7,21,3999
MX-0249,Noida, 140 ,31,4.3,10,3999
MX-0249,Gurugram, 93 ,55,4.4,21,3999
MX-0249,Coimbatore,91.5,0,3.9,10,3999
MX-0249,Madurai,26,0,2.1,5,3999
MX-0249,Guwahati,142,0,6.1,14,3999
MX-0249,Mumbai City Mall,29,60,5.9,21,3999
MX-0249,Delhi City Mall,80,0,3.4,7,3999
MX-0249,Bengaluru City Mall, 14 ,7,0.9,7,3999
MX-0249,Hyderabad City Mall,113,0,1.7,21,3999
MX-0249,Chennai City Mall,108,0,7.6,5,3999
MX-0249,Kolkata City Mall,1,0,3.8,5,3999
MX-0249,Pune City Mall,8,0,0.3,21,3999
MX-0249,Ahmedabad City Mall,0,15,1.5,10,3999
MX-0249,Jaipur City Mall,135,0,4.5,14,3999
MX-0249,Lucknow City Mall,100,0,6.8,5,3999
MX-0249,Surat City Mall,131,45,7.7,10,3999
MX-0249,Indore City Mall,428,0,7.3,21 days,3999
MX-0249,Nagpur City Mall,27,0,2.3,21,3999
MX-0249,Kochi City Mall,113,54,3.3,14,3999
MX-0249,Chandigarh City Mall,9,0,3.5,7,3999
MX-0249,Bhopal City Mall,38,0,2.3,,3999
MX-0249,Patna City Mall,27,8,2.3,5,3999
MX-0249,Vadodara City Mall,9,0,5.4,5,3999
MX-0249,Ludhiana City Mall,160,0,7.8,14,3999
MX-0249,Agra City Mall,9,24,4.2,10,3999
MX-0250,Mumbai,42,0,2.9,10,199
MX-0250,Delhi,16,0,6.7,14,199
MX-0250,Bengaluru,21,0,7.5,5,199
MX-0250,Hyderabad, 61 ,30,4.9,5,199
MX-0250,Chennai,86,0,2.9,21,199
MX-0250,Kolkata,192,0,6.7,21,199
MX-0250,Pune,128,0,6.0,7,199
MX-0250,Ahmedabad,97,0,7.3,5,199
MX-0250,Jaipur,13,61,3.5,14,199
MX-0250,Lucknow,25,-17,1.7,7,199
MX-0250,Surat,34,43,3.8,14,199
MX-0250,Indore,211,0,5.9,14,199
MX-0250,Nagpur,65,0,6.0,14,199
MX-0250,Kochi,18,34,1.7,21,199
MX-0250,Kochi,18,34,1.7,21,199
MX-0250,Chandigarh, 56 ,0,3.0,14,199
MX-0250,Bhopal,116,0,7.7,10,199
MX-0250,Patna,83,0,2.5,10,199
MX-0250,Vadodara,63,0,7.4,7,199
MX-0250,Ludhiana,399,0,7.1,21,199
MX-0250,Agra,20,37,5.7,5,199
MX-0250,Nashik,3,0,7.7,10,199
MX-0250,Meerut,3,0,0.6,5,199
,Rajkot,33,15,4.6,5,199
MX-0250,Varanasi,19,0,2.9,7,199
MX-0250,Amritsar,124,0,7.3,7,199
MX-0250,Noida,46,0,6.7,10,199
MX-0250,Gurugram,38,0,3.3,10,199
MX-0250,Coimbatore,48,12,3.7,5,N/A
MX-0250,Madurai,136,46,6.3,7,199
MX-0250,Guwahati,2,0,0.2,14,199
MX-0250,Mumbai City Mall,60.5,21,4.4,5,199
MX-0250,Delhi City Mall,59,0,4.5,7,199
MX-0250,Bengaluru City Mall, 136 ,0,5.3,14,199
MX-0250,Hyderabad City Mall,100,27,5.7,7,199
MX-0250,Chennai City Mall,15,0,2.0,21,199
MX-0250,Kolkata City Mall, 29 ,32,6.3,10,199
MX-0250,Pune City Mall, 105 ,0,3.0,14,199
MX-0250,Ahmedabad City Mall,67,40,6.6,5,199
MX-0250,Jaipur City Mall,21,8,2.2,5,199
MX-0250,Lucknow City Mall,19,13,0.5,21,199
MX-0250,Surat City Mall,30,0,,14,199
MX-0250,Indore City Mall,107,48,6.8,7,199
MX-0250,Nagpur City Mall,20,18,3.3,5,199
MX-0250,Kochi City Mall,1,0,0.3,14,199
MX-0250,Chandigarh City Mall,120,18,1.7,21,199
MX-0250,Bhopal City Mall,61,0,5.4,10,199
MX-0250,Patna City Mall,25,0,2.8,10,199
MX-0250,Vadodara City Mall,32,0,6.8,5,199
MX-0250,Ludhiana City Mall,114,114,4.0,21,199
MX-0250,Agra City Mall, 0 ,0,2.1,14,199
MX-0251,Mumbai,53,0,4.3,7,199
MX-0251,Delhi,54,0,1.7,10,199
MX-0251,Bengaluru,462,0,7.8,21,199
MX-0251,Hyderabad,(8),0,7.1,14,199
MX-0251,Chennai,29,0,2.6,5,199
MX-0251,Kolkata,41,6,2.3,7,199
MX-0251,Pune,39,0,0.9,21,199
MX-0251,Ahmedabad,43,0,2.8,10,199
MX-0251,Jaipur,42,0,2.8,5,199
MX-0251,Lucknow,32,13,0.7,21,199
MX-0251,Surat,21,20,1.2,21,199
MX-0251,Indore,18,0,1.0,21,199
MX-0251,Nagpur,156,0,6.6,21,199
MX-0251,Kochi,23,0,0.6,14,199
MX-0251,Chandigarh,97,0,2.1,21,199
MX-0251,Bhopal,83,99,6.0,14,199
MX-0251,Patna, 103 ,0,5.2,14,199
MX-0251,Vadodara,94,0,4.0,10,199
MX-0251,Ludhiana,158,0,6.9,,199
MX-0251,Agra,50,0,1.1,14,199
MX-0251,Nashik,4,0,1.7,5 days,199
MX-0251,Meerut,3,0,0.2,14,199
MX-0251,Rajkot,115,40,5.4,7,199
MX-0251,Varanasi,317, 83 ,7.6,14,199
MX-0251,Amritsar,52,16,1.0,21,199
MX-0251,Noida,54,0,5.4,7,199
MX-0251,Gurugram,141,92,5.1,21,199
MX-0251,Coimbatore,11,0,2.2,7,199
MX-0251,Madurai,112,63,7.6,7,199
MX-0251,Guwahati,19,0,1.4,5,199
MX-0251,Mumbai City Mall,42,-14,3.0,14,199
MX-0251,Delhi City Mall,139,31,5.5,10,199
MX-0251,Bengaluru City Mall,27,0,6.3,14,199
MX-0251,Hyderabad City Mall,23.5,45,1.8,21,199
MX-0251,Chennai City Mall,10,33,4.8,5,199
MX-0251,Kolkata City Mall,10,0,0.4,10,199
MX-0251,Pune City Mall,23,0,2.2,5,N/A
MX-0251,Ahmedabad City Mall, 73 ,19,7.3,5,199
MX-0251,Jaipur City Mall,132,0,4.0,10,199
MX-0251,Lucknow City Mall,113,0,4.1,14,199
MX-0251,Surat City Mall,213,0,4.9,21,199
MX-0251,Indore City Mall,35,0,3.3,10,199
MX-0251,Nagpur City Mall,80, 52 ,6.6,7,199
MX-0251,Kochi City Mall,307,67,5.6,21,199
MX-0251,Chandigarh City Mall,322,0,7.4,14,199
MX-0251,Bhopal City Mall,16,0,1.3,7,199
MX-0251,Patna City Mall,2,30,2.9,14,199
MX-0251,Vadodara City Mall,25,12,2.3,5,199
MX-0251,Ludhiana City Mall,31,0,0.7,21,199
MX-0251,Agra City Mall,146,43,2.2,21,199
MX-0252,Mumbai,25,0,0.9,14,999
MX-0252,Delhi,135,0,7.4,10,999
MX-0252,Bengaluru,85,0,2.8,10,999
MX-0252,Hyderabad,37,0,3.2,10,999
MX-0252,Chennai,108,0,5.5,10,999
MX-0252,Kolkata,0,0,0.2,5,999
MX-0252,Pune,23,0,2.7,21,999
MX-0252,Ahmedabad,133,0,6.3,7,999
MX-0252,Jaipur,44,0,3.7,5,999
MX-0252,Lucknow,27,16,3.4,10,999
MX-0252,Surat,18,0,2.5,10,999
MX-0252,Surat,18,0,2.5,10,999
MX-0252,Indore,28,0,2.2,5,999
MX-0252,Nagpur,118,0,7.6,7,999
MX-0252,Kochi,1,0,5.1,7,999
MX-0252,Chandigarh,0,0,7.8,21,999
MX-0252,Bhopal,151,0,4.0,14,999
MX-0252,Patna,146,0,6.9,10,999
MX-0252,Vadodara,81,0,4.6,21,999
MX-0252,Ludhiana, 57 ,0,2.3,10,999
MX-0252,Agra,92,0,4.0,7,999
MX-0252,Nashik,37,0,2.3,5,999
MX-0252,Meerut,25,0,1.5,14,999
MX-0252,Rajkot,17,4,1.5,5,999
,Varanasi,56,0,,10,999
MX-0252,Amritsar,115,0,3.9,21,999
MX-0252,Noida, 6 ,0,2.0,5,999
MX-0252,Gurugram,59,25,1.0,21,999
MX-0252,Coimbatore,61,0,2.7,10,999
MX-0252,Madurai,184,0,2.8,21,999
MX-0252,Guwahati,108,0,8.0,21,999
MX-0252,Mumbai City Mall,98,0,2.6,14,999
MX-0252,Delhi City Mall,78,0,2.7,10,999
MX-0252,Bengaluru City Mall,11,7,1.4,5,999
MX-0252,Hyderabad City Mall,21,26,3.4,14,999
MX-0252,Chennai City Mall,66,0,4.0,14,999
MX-0252,Kolkata City Mall,82,0,2.8,10,999
MX-0252,Pune City Mall,11.5,52,5.9,7,999
MX-0252,Ahmedabad City Mall,129,0,6.5,7,999
MX-0252,Jaipur City Mall,73,0,6.3,5,999
MX-0252,Lucknow City Mall,5,1,0.5,5,999
MX-0252,Surat City Mall, 221 ,0,7.7,10,999
MX-0252,Indore City Mall,157,0,4.4,,999
MX-0252,Nagpur City Mall,(6),0,2.4,5,999
MX-0252,Kochi City Mall,124,0,7.3,7,999
MX-0252,Chandigarh City Mall,28,0,6.3,7,999
MX-0252,Bhopal City Mall,56,21,2.5,10,N/A
MX-0252,Patna City Mall,16,0,1.7,5,999
MX-0252,Vadodara City Mall,30,0,3.9,5,999
MX-0252,Ludhiana City Mall,15,0,0.8,7,999
MX-0252,Agra City Mall,13,0,0.8,7 days,999
MX-0253,Mumbai,66,0,4.3,14,1999
MX-0253,Delhi,28,-4,1.7,5,1999
MX-0253,Bengaluru,100,0,7.9,10,1999
MX-0253,Hyderabad,44,20,2.2,14,1999
MX-0253,Chennai,50,0,6.6,10,1999
MX-0253,Kolkata,66,0,6.0,5,1999
MX-0253,Pune,419,76,7.1,21,1999
MX-0253,Ahmedabad,42,0,5.8,10,1999
MX-0253,Jaipur, 46 ,0,3.0,5,1999
MX-0253,Lucknow,16,0,6.1,5,1999
MX-0253,Surat,498,140,7.8,21,1999
MX-0253,Indore,127,0,7.5,5,1999
MX-0253,Nagpur,7,0,1.0,5,1999
MX-0253,Kochi,131,0,8.0,7,1999
MX-0253,Chandigarh,2,0,0.9,7,1999
MX-0253,Bhopal,17,0,4.1,5,1999
MX-0253,Patna,55,33,3.6,10,1999
MX-0253,Vadodara,0,0,0.9,21,1999
MX-0253,Ludhiana,135,0,6.5,7,1999
MX-0253,Agra,162,56,7.1,7,1999
MX-0253,Nashik,59,0,1.3,14,1999
MX-0253,Meerut,17,0,6.8,14,1999
MX-0253,Rajkot,82,27,5.5,5,1999
MX-0253,Varanasi,184,0,5.0,14,1999
MX-0253,Amritsar,33,0,1.9,10,1999
MX-0253,Noida,20,0,1.6,5,1999
MX-0253,Gurugram,63,0,3.1,10,1999
MX-0253,Coimbatore,21,0,2.0,14,1999
MX-0253,Madurai,13,0,1.0,14,1999
MX-0253,Guwahati,26,5,2.2,5,1999
MX-0253,Mumbai City Mall,5,1,0.2,14,1999
MX-0253,Delhi City Mall, 116 ,26,7.1,7,1999
MX-0253,Bengaluru City Mall,21,0,5.0,21,1999
MX-0253,Hyderabad City Mall,16,0,0.4,21,1999
MX-0253,Chennai City Mall,120,57,3.5,21,1999
MX-0253,Kolkata City Mall,15,0,5.9,14,1999
MX-0253,Pune City Mall,366,0,7.5,21,1999
MX-0253,Ahmedabad City Mall,28,0,3.3,7,1999
MX-0253,Jaipur City Mall,71,9,2.1,10,1999
MX-0253,Lucknow City Mall,6.5,0,3.7,10,1999
MX-0253,Surat City Mall,56,19,5.0,7,1999
MX-0253,Indore City Mall,65,56,6.9,10,1999
MX-0253,Nagpur City Mall,13,0,0.5,14,1999
MX-0253,Kochi City Mall,211,0,7.3,10,1999
MX-0253,Chandigarh City Mall,83,0,2.7,14,1999
MX-0253,Bhopal City Mall, 7 ,12,1.3,7,1999
MX-0253,Patna City Mall,23,0,2.8,10,1999
MX-0253,Vadodara City Mall,198, 99 ,5.3,14,1999
MX-0253,Ludhiana City Mall, 8 ,0,3.9,5,1999
MX-0253,Agra City Mall, 31 ,0,3.4,10,1999
MX-0254,Mumbai,144,0,7.5,7,199
MX-0254,Delhi,8,0,2.4,5,199
MX-0254,Bengaluru,79,28,6.4,10,199
MX-0254,Hyderabad,181,60,4.2,14,199
MX-0254,Chennai,17,0,2.8,7,N/A
MX-0254,Kolkata,27,0,6.0,5,199
MX-0254,Pune,180,0,,14,199
MX-0254,Ahmedabad,24,0,2.9,14,199
MX-0254,Ahmedabad,24,0,2.9,14,199
MX-0254,Jaipur,153,63,5.3,14,199
MX-0254,Lucknow,108,0,7.8,5,199
MX-0254,Surat,210, 43 ,7.4,14,199
MX-0254,Indore,347,0,7.1,21,199
MX-0254,Nagpur,62,0,1.7,14,199
MX-0254,Kochi,13,0,0.9,5,199
MX-0254,Chandigarh,146,0,5.2,,199
MX-0254,Bhopal,52,10,3.1,7,199
MX-0254,Patna,103,0,5.6,7,199
MX-0254,Vadodara,5,0,1.1,14,199
MX-0254,Ludhiana,129,0,3.7,14,199
MX-0254,Agra,21,0,0.7,14,199
MX-0254,Nashik,378,0,6.7,21,199
MX-0254,Meerut,185,0,5.3,21,199
MX-0254,Rajkot,158,-2,7.4,7,199
MX-0254,Varanasi,24,0,2.9,14,199
,Amritsar,167,0,6.6,10,199
MX-0254,Noida,5,0,1.7,7,199
MX-0254,Gurugram,320,57,4.5,21,199
MX-0254,Coimbatore,121,0,7.6,21,199
MX-0254,Madurai,49,0,7.5,7 days,199
MX-0254,Guwahati,93,0,4.3,7,199
MX-0254,Mumbai City Mall,124,0,7.6,7,199
MX-0254,Delhi City Mall,(4),42,5.9,10,199
MX-0254,Bengaluru City Mall,73,0,4.3,10,199
MX-0254,Hyderabad City Mall, 24 ,0,1.3,10,199
MX-0254,Chennai City Mall,0,0,0.5,14,199
MX-0254,Kolkata City Mall,3,6,0.9,7,199
MX-0254,Pune City Mall,68,22,5.9,5,199
MX-0254,Ahmedabad City Mall,40,14,3.9,7,199
MX-0254,Jaipur City Mall,123,35,5.7,10,199
MX-0254,Lucknow City Mall,83,0,4.1,10,199
MX-0254,Surat City Mall,79,0,4.7,14,199
MX-0254,Indore City Mall,20,0,2.8,10,199
MX-0254,Nagpur City Mall,61.5,0,7.0,14,199
MX-0254,Kochi City Mall,25,4,1.0,10,199
MX-0254,Chandigarh City Mall,74,0,6.8,5,199
MX-0254,Bhopal City Mall,43,0,7.8,7,199
MX-0254,Patna City Mall, 142 ,0,5.3,10,199
MX-0254,Vadodara City Mall,23,0,3.5,5,199
MX-0254,Ludhiana City Mall,2,0,0.7,21,199
MX-0254,Agra City Mall,36,28,5.7,5,199
MX-0255,Mumbai,37,0,1.0,14,999
MX-0255,Delhi,80,0,1.2,21,999
MX-0255,Bengaluru,10,15,1.2,14,999
MX-0255,Hyderabad,256,96,4.1,21,999
MX-0255,Chennai,62,0,4.7,7,999
MX-0255,Kolkata,4,0,2.2,7,999
MX-0255,Pune,207,0,6.0,14,999
MX-0255,Ahmedabad, 77 ,0,1.6,21,999
MX-0255,Jaipur,27,0,4.9,7,999
MX-0255,Lucknow,15,0,4.4,7,999
MX-0255,Surat,4,0,1.7,7,999
MX-0255,Indore,23,0,1.5,14,999
MX-0255,Nagpur,49,0,2.1,7,999
MX-0255,Kochi,6,0,3.3,5,N/A
MX-0255,Chandigarh,94,0,7.5,7,999
MX-0255,Bhopal,5,0,3.6,5,999
MX-0255,Patna,446,0,7.2,21,999
MX-0255,Vadodara,295,0,7.6,14,999
MX-0255,Ludhiana,90,0,5.0,14,999
MX-0255,Agra,46,0,4.4,14,999
MX-0255,Nashik,8,16,1.9,10,999
MX-0255,Meerut,10,0,0.9,5,999
MX-0255,Rajkot,124,0,5.8,14,999
MX-0255,Varanasi,76,0,7.9,10,999
MX-0255,Amritsar,60,0,3.3,10,999
MX-0255,Noida,31,0,3.6,5,999
MX-0255,Gurugram,86,42,4.2,14,999
MX-0255,Coimbatore,90,0,3.3,14,999
MX-0255,Madurai,10,13,0.6,21,999
MX-0255,Guwahati,40,0,3.1,5,999
MX-0255,Mumbai City Mall,120,0,7.1,5,999
MX-0255,Delhi City Mall,139,0,4.0,21,999
MX-0255,Bengaluru City Mall,10,0,2.3,10,999
MX-0255,Hyderabad City Mall,1,0,0.4,21,999
MX-0255,Chennai City Mall,164,0,6.1,10,999
MX-0255,Kolkata City Mall,51,0,7.3,7,999
MX-0255,Pune City Mall,164,0,7.3,10,999
MX-0255,Ahmedabad City Mall,1,0,2.5,,999
MX-0255,Jaipur City Mall,279,54,7.5,14,999
MX-0255,Lucknow City Mall, 61 , 30 ,,10,999
MX-0255,Surat City Mall,141,0,2.7,21,999
MX-0255,Indore City Mall,17,46,7.5,10,999
MX-0255,Nagpur City Mall,150,0,6.8,14,999
MX-0255,Kochi City Mall,39,-15,2.7,5,999
MX-0255,Chandigarh City Mall,38,0,3.9,7,999
MX-0255,Bhopal City Mall,37.5,0,2.3,21,999
MX-0255,Patna City Mall,12,19,5.4,5,999
MX-0255,Vadodara City Mall,52,0,4.0,5,999
MX-0255,Ludhiana City Mall,43,0,3.4,7,999
MX-0255,Agra City Mall,12,0,5.5,14,999
MX-0256,Mumbai,16,0,4.1,5,199
MX-0256,Delhi, 64 ,0,6.2,21,199
MX-0256,Bengaluru,13,0,1.2,14,199
MX-0256,Hyderabad,6,0,1.5,7,199
MX-0256,Chennai,97,0,3.7,14,199
MX-0256,Chennai,97,0,3.7,14,199
MX-0256,Kolkata,2,0,5.7,7,199
MX-0256,Pune,67,61,5.1,10,199
MX-0256,Ahmedabad,60,0,1.6,14 days,199
MX-0256,Jaipur,33,16,1.1,14,199
MX-0256,Lucknow,24,0,5.4,21,199
MX-0256,Surat,2, 5 ,1.9,5,199
MX-0256,Indore,78,0,3.3,10,199
MX-0256,Nagpur,14,0,4.1,21,199
MX-0256,Kochi,46,0,1.5,10,199
MX-0256,Chandigarh,329,0,8.0,21,199
MX-0256,Bhopal,2,3,1.5,5,199
MX-0256,Patna,78,34,3.1,10,199
MX-0256,Vadodara,52,0,2.7,10,199
MX-0256,Ludhiana,407,0,7.3,21,199
MX-0256,Agra,114,0,2.9,14,199
MX-0256,Nashik,-2,0,1.4,14,199
MX-0256,Meerut,5,0,0.8,21,199
MX-0256,Rajkot,11,0,1.0,5,N/A
MX-0256,Varanasi,6,0,0.4,7,199
MX-0256,Amritsar,1,0,4.5,5,199
,Noida,205,0,6.0,14,199
MX-0256,Gurugram,3,0,0.2,5,199
MX-0256,Coimbatore,36,0,3.3,14,199
MX-0256,Madurai,70,0,5.7,5,199
MX-0256,Guwahati,136,0,4.8,10,199
MX-0256,Mumbai City Mall,32,0,0.8,14,199
MX-0256,Delhi City Mall,28,0,3.2,7,199
MX-0256,Bengaluru City Mall,175,0,6.4,10,199
MX-0256,Hyderabad City Mall,7,0,0.4,7,199
MX-0256,Chennai City Mall,55,0,3.3,5,199
MX-0256,Kolkata City Mall,11,0,5.5,5,199
MX-0256,Pune City Mall,59,0,7.7,10,199
MX-0256,Ahmedabad City Mall,8,0,4.0,10,199
MX-0256,Jaipur City Mall,118,0,4.2,10,199
MX-0256,Lucknow City Mall,236,0,6.5,14,199
MX-0256,Surat City Mall,47,0,3.0,5,199
MX-0256,Indore City Mall,5,0,2.0,7,199
MX-0256,Nagpur City Mall, 97 ,0,7.0,5,199
MX-0256,Kochi City Mall,248,0,5.7,14,199
MX-0256,Chandigarh City Mall,51,0,1.1,14,199
MX-0256,Bhopal City Mall,118,0,7.6,5,199
MX-0256,Patna City Mall,114,0,3.3,21,199
MX-0256,Vadodara City Mall,392,0,8.0,21,199
MX-0256,Ludhiana City Mall,93.5,0,6.0,10,199
MX-0256,Agra City Mall,2,0,0.3,21,199
MX-0257,Mumbai,18,0,2.9,7,3999
MX-0257,Delhi,23,22,3.0,10,3999
MX-0257,Bengaluru,36,0,2.5,7,3999
MX-0257,Hyderabad,11,0,5.1,7,3999
MX-0257,Chennai, 74 ,0,7.5,5,3999
MX-0257,Kolkata,13,0,3.4,5,3999
MX-0257,Pune,317,0,7.8,14,3999
MX-0257,Ahmedabad,60,0,1.5,14,3999
MX-0257,Jaipur,21,0,1.3,10,3999
MX-0257,Lucknow,47,12,1.5,10,3999
MX-0257,Surat,2,0,1.2,,3999
MX-0257,Indore,243,37,5.8,14,3999
MX-0257,Nagpur,63,48,4.3,14,3999
MX-0257,Kochi,58,0,4.5,5,3999
MX-0257,Chandigarh,34,-3,4.3,5,3999
MX-0257,Bhopal,74,0,3.8,21,3999
MX-0257,Patna, 0 ,63,7.8,14,3999
MX-0257,Vadodara,19,0,6.7,5,3999
MX-0257,Ludhiana,346,0,5.8,21,3999
MX-0257,Agra,226,50,5.4,21,3999
MX-0257,Nashik,6,3,1.0,5,3999
MX-0257,Meerut,43,5,1.4,10,3999
MX-0257,Rajkot,504,197,,21,3999
MX-0257,Varanasi,102,0,3.7,14,3999
MX-0257,Amritsar,107,0,4.8,7,3999
MX-0257,Noida,133,61,3.4,14,3999
MX-0257,Gurugram,3,0,8.0,7,3999
MX-0257,Coimbatore,17,0,1.5,5,3999
MX-0257,Madurai,7,0,0.7,7,3999
MX-0257,Guwahati,65,23,2.2,21,3999
MX-0257,Mumbai City Mall,74,0,2.4,10,3999
MX-0257,Delhi City Mall,2,0,2.0,7,N/A
MX-0257,Bengaluru City Mall,17,0,0.4,14,3999
MX-0257,Hyderabad City Mall,130,0,6.8,7,3999
MX-0257,Chennai City Mall,20,21,2.0,10,3999
MX-0257,Kolkata City Mall,62,0,2.3,14,3999
MX-0257,Pune City Mall,241,0,5.0,21 days,3999
MX-0257,Ahmedabad City Mall,103,0,7.3,5,3999
MX-0257,Jaipur City Mall,26,0,3.0,5,3999
MX-0257,Lucknow City Mall,94,0,4.8,7,3999
MX-0257,Surat City Mall,27,69,5.9,14,3999
MX-0257,Indore City Mall,21,0,7.9,5,3999
MX-0257,Nagpur City Mall,42,0,4.4,5,3999
MX-0257,Kochi City Mall,9,0,0.3,14,3999
MX-0257,Chandigarh City Mall,21,0,2.5,5,3999
MX-0257,Bhopal City Mall,11,0,5.1,10,3999
MX-0257,Patna City Mall,2,0,3.0,5,3999
MX-0257,Vadodara City Mall,29,0,2.3,21,3999
MX-0257,Ludhiana City Mall,27,0,2.9,10,3999
MX-0257,Agra City Mall, 7 ,4,0.6,5,3999
MX-0258,Mumbai,243,0,5.1,21,3999
MX-0258,Delhi,9.5,0,1.2,5,3999
MX-0258,Delhi,9.5,0,1.2,5,3999
MX-0258,Bengaluru,144,0,6.8,10,3999
MX-0258,Hyderabad,28,0,1.8,10,3999
MX-0258,Chennai,272,0,6.5,21,3999
MX-0258,Kolkata,89,0,7.2,5,3999
MX-0258,Pune,57,0,4.0,5,3999
MX-0258,Ahmedabad,3,0,4.5,5,3999
MX-0258,Jaipur, 58 ,0,4.6,14,3999
MX-0258,Lucknow,-3,0,5.8,7,3999
MX-0258,Surat,250,0,7.0,14,3999
MX-0258,Indore,198,0,6.2,10,3999
MX-0258,Nagpur, 2 ,0,2.1,5,3999
MX-0258,Kochi,78,0,7.3,5,3999
MX-0258,Chandigarh,13,0,2.4,21,3999
MX-0258,Bhopal,89,0,3.3,10,3999
MX-0258,Patna,7,0,0.7,7,3999
MX-0258,Vadodara,45,0,2.3,10,3999
MX-0258,Ludhiana,57,52,3.7,14,3999
MX-0258,Agra,31,0,1.9,14,3999
MX-0258,Nashik,92,43,2.7,21,3999
MX-0258,Meerut,4,0,1.8,21,3999
MX-0258,Rajkot, 173 ,0,3.3,21,3999
MX-0258,Varanasi,9,0,5.4,5,3999
MX-0258,Amritsar,56,0,7.0,21,3999
MX-0258,Noida,11,0,0.5,7,3999
,Gurugram,159,91,4.7,14,3999
MX-0258,Coimbatore,30,31,3.5,7,3999
MX-0258,Madurai,2,0,2.0,14,3999
MX-0258,Guwahati, 5 ,4,0.9,7,3999
MX-0258,Mumbai City Mall,67,0,2.9,10,3999
MX-0258,Delhi City Mall,17,0,4.5,14,3999
MX-0258,Bengaluru City Mall,265,51,5.6,14,3999
MX-0258,Hyderabad City Mall,33,0,3.2,,3999
MX-0258,Chennai City Mall,43,15,2.5,7,3999
MX-0258,Kolkata City Mall,126,-8,2.9,14,3999
MX-0258,Pune City Mall,23,0,3.1,5,3999
MX-0258,Ahmedabad City Mall,63,48,4.3,10,3999
MX-0258,Jaipur City Mall,64,0,7.5,5,3999
MX-0258,Lucknow City Mall,6,0,0.5,14,3999
MX-0258,Surat City Mall,9,0,1.2,10,N/A
MX-0258,Indore City Mall,216,0,7.3,21,3999
MX-0258,Nagpur City Mall,108,0,8.0,10,3999
MX-0258,Kochi City Mall,102,0,3.3,14,3999
MX-0258,Chandigarh City Mall,106,0,5.4,10,3999
MX-0258,Bhopal City Mall,103,0,5.8,7,3999
MX-0258,Patna City Mall,62,51,2.0,21,3999
MX-0258,Vadodara City Mall,169,0,3.5,21,3999
MX-0258,Ludhiana City Mall,31,0,0.7,21,3999
MX-0258,Agra City Mall,8,0,2.3,7,3999
MX-0259,Mumbai,108,0,4.6,10,999
MX-0259,Delhi,63,0,4.3,7,999
MX-0259,Bengaluru,55,0,4.3,21,999
MX-0259,Hyderabad,167,0,7.2,7,999
MX-0259,Chennai,48.5,0,2.6,7,999
MX-0259,Kolkata,92,35,,14,999
MX-0259,Pune,147,0,7.6,14,999
MX-0259,Ahmedabad,110,0,7.8,10,999
MX-0259,Jaipur,2,2,0.6,5,999
MX-0259,Lucknow,14,0,0.5,10,999
MX-0259,Surat,133,0,6.2,14,999
MX-0259,Indore,267,0,5.1,21,999
MX-0259,Nagpur,224,0,3.4,21,999
MX-0259,Kochi,29,150,5.3,21,999
MX-0259,Chandigarh,234,73,5.2,21,999
MX-0259,Bhopal,39,0,3.6,21 days,999
MX-0259,Patna,14,0,0.9,7,999
MX-0259,Vadodara,188,0,6.1,14,999
MX-0259,Ludhiana,66,0,6.2,10,999
MX-0259,Agra,2,0,2.7,5,999
MX-0259,Nashik,43,0,2.5,7,999
MX-0259,Meerut,9,16,3.4,10,999
MX-0259,Rajkot,20,0,3.0,21,999
MX-0259,Varanasi, 9 ,0,6.8,7,999
MX-0259,Amritsar, 98 ,0,7.9,10,999
MX-0259,Noida,167,0,3.6,14,999
MX-0259,Gurugram,97,0,6.3,5,999
MX-0259,Coimbatore,80,0,2.6,10,999
MX-0259,Madurai,242,0,7.4,10,999
MX-0259,Guwahati,46,0,4.2,5,999
MX-0259,Mumbai City Mall,49,0,6.5,10,999
MX-0259,Delhi City Mall,36,0,6.3,7,999
MX-0259,Bengaluru City Mall,40,27,5.0,10,999
MX-0259,Hyderabad City Mall,174,0,7.3,10,999
MX-0259,Chennai City Mall,217,0,5.2,21,999
MX-0259,Kolkata City Mall,176,0,2.9,21,999
MX-0259,Pune City Mall,49,0,1.2,14,999
MX-0259,Ahmedabad City Mall,229,0,6.7,21,999
MX-0259,Jaipur City Mall,236,148,7.9,14,999
MX-0259,Lucknow City Mall,71,48,5.9,7,999
MX-0259,Surat City Mall, 87 ,11,1.4,21,999
MX-0259,Indore City Mall,62,0,1.6,21,999
MX-0259,Nagpur City Mall,3,0,2.9,14,999
MX-0259,Kochi City Mall,221,45,3.8,21,999
MX-0259,Chandigarh City Mall,8,18,5.0,5,999
MX-0259,Bhopal City Mall, 10 ,0,1.4,5,999
MX-0259,Patna City Mall,49,0,5.1,14,999
MX-0259,Vadodara City Mall,19,42,3.4,10,999
MX-0259,Ludhiana City Mall,-4,0,1.5,10,999
MX-0259,Ludhiana City Mall,-4,0,1.5,10,999
MX-0259,Agra City Mall,98,0,5.3,7,N/A
MX-0260,Mumbai,27,0,2.8,14,199
MX-0260,Delhi,17,0,1.6,7,199
MX-0260,Bengaluru,56,0,5.7,14,199
MX-0260,Hyderabad,8,0,2.3,5,199
MX-0260,Chennai,132,57,3.5,14,199
MX-0260,Kolkata,31,0,1.7,7,199
MX-0260,Pune,41,-7,6.9,,199
MX-0260,Ahmedabad,57.5,13,6.5,5,199
MX-0260,Jaipur,34,0,1.9,7,199
MX-0260,Lucknow,9,0,2.8,10,199
MX-0260,Surat,56,0,7.1,5,199
MX-0260,Indore,322,0,8.0,21,199
MX-0260,Nagpur,352,0,5.1,21,199
MX-0260,Kochi,1,0,0.4,5,199
MX-0260,Chandigarh,115,0,3.8,10,199
MX-0260,Bhopal,219,0,3.1,21,199
MX-0260,Patna,18,0,2.9,10,199
MX-0260,Vadodara,167,64,5.1,10,199
MX-0260,Ludhiana,39,27,2.1,10,199
MX-0260,Agra, 172 ,0,6.6,10,199
MX-0260,Nashik,322,0,7.3,21,199
MX-0260,Meerut,12,0,1.9,10,199
MX-0260,Rajkot,19,0,0.3,21,199
MX-0260,Varanasi,379,56,5.8,21,199
MX-0260,Amritsar, 207 ,84,7.6,21,199
MX-0260,Noida,0,2,0.3,7,199
MX-0260,Gurugram,0,0,7.2,5,199
,Coimbatore,66,0,3.9,21,199
MX-0260,Madurai,178,76,6.3,10,199
MX-0260,Guwahati,110,47,3.0,14,199
MX-0260,Mumbai City Mall,24,0,7.2,21,199
MX-0260,Delhi City Mall,77,0,1.9,14,199
MX-0260,Bengaluru City Mall,106,106,6.8,14,199
MX-0260,Hyderabad City Mall,183,0,3.9,21,199
MX-0260,Chennai City Mall,163,0,7.3,21,199
MX-0260,Kolkata City Mall,5,0,3.0,10,199
MX-0260,Pune City Mall,4,0,1.4,10,199
MX-0260,Ahmedabad City Mall,44,0,1.4,10,199
MX-0260,Jaipur City Mall,57,91,,21,199
MX-0260,Lucknow City Mall,454,216,7.6,21,199
MX-0260,Surat City Mall,103,16,2.5,14,199
MX-0260,Indore City Mall,3,0,1.1,5,199
MX-0260,Nagpur City Mall,248,0,7.7,21,199
MX-0260,Kochi City Mall,12,0,1.2,5,199
MX-0260,Chandigarh City Mall,71,0,2.7,10 days,199
MX-0260,Bhopal City Mall,34,0,5.9,14,199
MX-0260,Patna City Mall,43,0,3.5,10,199
MX-0260,Vadodara City Mall,70,0,2.0,21,199
MX-0260,Ludhiana City Mall,208,82,6.7,10,199
MX-0260,Agra City Mall,302,0,5.6,21,199
MX-0261,Mumbai,34,0,1.5,10,3999
MX-0261,Delhi,193,0,5.9,10,3999
MX-0261,Bengaluru,29,0,1.8,7,3999
MX-0261,Hyderabad,126,32,4.3,10,3999
MX-0261,Chennai,39,0,4.1,10,3999
MX-0261,Kolkata,0,60,4.4,10,3999
MX-0261,Pune,9,0,0.6,5,3999
MX-0261,Ahmedabad,46,0,4.5,14,3999
MX-0261,Jaipur,50,0,5.2,7,N/A
MX-0261,Lucknow,159,70,3.1,21,3999
MX-0261,Surat,305.5,0,7.5,14,3999
MX-0261,Indore,14,0,5.6,14,3999
MX-0261,Nagpur,214,75,5.6,14,3999
MX-0261,Kochi,88, 40 ,6.5,7,3999
MX-0261,Chandigarh,2,20,2.9,7,3999
MX-0261,Bhopal,85,0,2.2,21,3999
MX-0261,Patna,57,53,4.8,14,3999
MX-0261,Vadodara,54,0,5.3,5,3999
MX-0261,Ludhiana,55,0,1.0,21,3999
MX-0261,Agra,75,0,7.0,10,3999
MX-0261,Nashik,4,0,3.5,7,3999
MX-0261,Meerut,171,0,4.0,21,3999
MX-0261,Rajkot,26,0,2.1,21,3999
MX-0261,Varanasi,107,38,4.5,10,3999
MX-0261,Amritsar,31,13,3.8,5,3999
MX-0261,Noida,5,36,2.7,10,3999
MX-0261,Gurugram,58,0,3.9,5,3999
MX-0261,Coimbatore,41,-13,5.1,10,3999
MX-0261,Madurai,220, 148 ,7.8,14,3999
MX-0261,Guwahati,89,0,6.5,,3999
MX-0261,Mumbai City Mall,55,0,5.8,5,3999
MX-0261,Delhi City Mall,71,0,4.4,5,3999
MX-0261,Bengaluru City Mall,18,0,0.7,10,3999
MX-0261,Hyderabad City Mall,6,0,0.4,7,3999
MX-0261,Chennai City Mall,129,100,4.6,21,3999
MX-0261,Kolkata City Mall,26,0,0.9,14,3999
MX-0261,Pune City Mall,84,83,5.4,14,3999
MX-0261,Ahmedabad City Mall,-4,90,5.9,14,3999
MX-0261,Jaipur City Mall,48,0,1.3,14,3999
MX-0261,Lucknow City Mall,0,28,4.8,5,3999
MX-0261,Surat City Mall,159,108,5.3,21,3999
MX-0261,Indore City Mall, 9 ,0,5.6,5,3999
MX-0261,Nagpur City Mall,5,0,5.8,5,3999
MX-0261,Kochi City Mall,5,2,0.4,5,3999
MX-0261,Chandigarh City Mall,212,0,5.0,14,3999
MX-0261,Bhopal City Mall,78,0,6.8,5,3999
MX-0261,Bhopal City Mall,78,0,6.8,5,3999
MX-0261,Patna City Mall,10,0,0.7,7,3999
MX-0261,Vadodara City Mall,182,0,5.1,21,3999
MX-0261,Ludhiana City Mall,169,72,7.8,10,3999
MX-0261,Agra City Mall,142,24,6.0,7,3999
MX-0262,Mumbai,224,0,7.5,10,999
MX-0262,Delhi,101,0,6.6,10,999
MX-0262,Bengaluru,13,0,5.2,14,999
MX-0262,Hyderabad,88,0,4.5,10,999
MX-0262,Chennai,41,0,3.2,10,999
MX-0262,Kolkata,3,0,4.0,14,999
MX-0262,Pune,48,0,2.5,7,999
MX-0262,Ahmedabad,17,21,3.2,7,999
MX-0262,Jaipur,3,17,2.9,14,999
MX-0262,Lucknow,46,0,3.7,7,999
MX-0262,Surat,149,71,4.2,14,999
MX-0262,Indore,6,0,0.3,14,999
MX-0262,Nagpur,5,0,4.0,21,999
MX-0262,Kochi,7.5,1,0.6,5,999
MX-0262,Chandigarh,9,0,7.8,14,999
MX-0262,Bhopal,35,0,5.5,7,999
MX-0262,Patna,5,0,2.6,14,999
MX-0262,Vadodara,34,0,3.0,5,N/A
MX-0262,Ludhiana,41,0,5.4,10,999
MX-0262,Agra,42,32,1.1,21,999
MX-0262,Nashik,157,0,4.8,14,999
MX-0262,Meerut, 18 ,0,,7,999
MX-0262,Rajkot,16,25,2.7,10,999
MX-0262,Varanasi,26,0,6.8,7 days,999
MX-0262,Amritsar,44,0,0.9,21,999
MX-0262,Noida,157,0,2.5,21,999
MX-0262,Gurugram,23,0,0.4,21,999
MX-0262,Coimbatore,32,27,4.4,10,999
,Madurai, 6 ,0,0.7,7,999
MX-0262,Guwahati,18,0,1.4,7,999
MX-0262,Mumbai City Mall,58,0,4.1,5,999
MX-0262,Delhi City Mall,67,0,7.1,5,999
MX-0262,Bengaluru City Mall,109,0,4.7,14,999
MX-0262,Hyderabad City Mall,32,0,4.8,5,999
MX-0262,Chennai City Mall,90,0,8.0,10,999
MX-0262,Kolkata City Mall,132,0,5.3,10,999
MX-0262,Pune City Mall,25,11,1.8,5,999
MX-0262,Ahmedabad City Mall,7,0,0.7,21,999
MX-0262,Jaipur City Mall,28,0,6.3,10,999
MX-0262,Lucknow City Mall,14,5,1.1,10,999
MX-0262,Surat City Mall,36,23,3.6,7,999
MX-0262,Indore City Mall,8,0,5.9,5,999
MX-0262,Nagpur City Mall,62,0,2.1,21,999
MX-0262,Kochi City Mall,66,0,3.7,10,999
MX-0262,Chandigarh City Mall,47,0,4.4,10,999
MX-0262,Bhopal City Mall,82,0,2.8,14,999
MX-0262,Patna City Mall,75,0,7.2,7,999
MX-0262,Vadodara City Mall,36,0,5.3,21,999
MX-0262,Ludhiana City Mall,344,-12,7.6,21,999
MX-0262,Agra City Mall,23,0,2.3,5,999
MX-0263,Mumbai,5,0,0.6,7,1999
MX-0263,Delhi,44,0,3.2,14,1999
MX-0263,Bengaluru,30,0,2.3,,1999
MX-0263,Hyderabad,79,0,1.8,14,1999
MX-0263,Chennai,61,0,3.6,14,1999
MX-0263,Kolkata,39,0,2.4,5,1999
MX-0263,Pune,21,0,7.9,7,1999
MX-0263,Ahmedabad,165,0,7.1,14,1999
MX-0263,Jaipur,73,0,2.3,10,1999
MX-0263,Lucknow,134,0,6.5,21,1999
MX-0263,Surat,58,0,2.2,21,1999
MX-0263,Indore,43,0,2.6,14,1999
MX-0263,Nagpur,98,0,4.8,7,1999
MX-0263,Kochi,57,37,4.9,10,1999
MX-0263,Chandigarh,55,0,2.5,10,1999
MX-0263,Bhopal,102,0,2.6,14,1999
MX-0263,Patna,340.5,0,7.6,14,1999
MX-0263,Vadodara, 96 ,0,2.9,10,1999
MX-0263,Ludhiana, 16 ,8,2.5,5,1999
MX-0263,Agra,150,0,6.8,14,1999
MX-0263,Nashik,242,0,7.2,10,1999
MX-0263,Meerut,216,0,6.9,14,1999
MX-0263,Rajkot,59,8,1.5,14,1999
MX-0263,Varanasi,54,0,1.3,14,1999
MX-0263,Amritsar,26, 12 ,3.7,5,1999
MX-0263,Noida, 42 ,0,2.9,10,1999
MX-0263,Gurugram,(9),0,2.7,5,N/A
MX-0263,Coimbatore,19,0,2.0,7,1999
MX-0263,Madurai,126,0,6.3,10,1999
MX-0263,Guwahati,51,0,6.3,14,1999
MX-0263,Mumbai City Mall,117,0,3.5,14,1999
MX-0263,Delhi City Mall, 13 , 8 ,1.3,5,1999
MX-0263,Bengaluru City Mall, 153 ,30,3.8,14,1999
MX-0263,Hyderabad City Mall,33,0,2.8,7,1999
MX-0263,Chennai City Mall,137,0,7.0,7,1999
MX-0263,Kolkata City Mall,210,0,6.8,21,1999
MX-0263,Pune City Mall,100,0,2.3,14,1999
MX-0263,Ahmedabad City Mall,41,0,7.8,10,1999
MX-0263,Jaipur City Mall,73,0,2.4,21,1999
MX-0263,Lucknow City Mall,156,0,6.7,21,1999
MX-0263,Surat City Mall,123,0,3.9,10,1999
MX-0263,Indore City Mall,2,0,3.7,7,1999
MX-0263,Nagpur City Mall,93,44,6.0,7,1999
MX-0263,Nagpur City Mall,93,44,6.0,7,1999
MX-0263,Kochi City Mall,39,0,1.8,10,1999
MX-0263,Chandigarh City Mall, 4 ,0,2.7,7,1999
MX-0263,Bhopal City Mall,78,0,5.0,7,1999
MX-0263,Patna City Mall,119,0,5.1,10,1999
MX-0263,Vadodara City Mall,112,37,5.0,7,1999
MX-0263,Ludhiana City Mall,13,0,0.2,21,1999
MX-0263,Agra City Mall,46,0,2.2,21,1999
MX-0264,Mumbai,18,27,2.4,10,999
MX-0264,Delhi,6,0,3.7,7,999
MX-0264,Bengaluru,2,4,0.7,5 days,999
MX-0264,Hyderabad,47,0,7.3,14,999
MX-0264,Chennai,83,0,,7,999
MX-0264,Kolkata,14,25,1.9,10,999
MX-0264,Pune,4,5,0.4,10,999
MX-0264,Ahmedabad,19,0,2.5,7,999
MX-0264,Jaipur,6,0,5.0,14,999
MX-0264,Lucknow,84,0,4.1,14,999
MX-0264,Surat,133,0,3.2,21,999
MX-0264,Indore, 27 ,13,2.6,5,999
MX-0264,Nagpur,4,0,0.8,5,999
MX-0264,Kochi,29,0,4.6,7,999
MX-0264,Chandigarh,34,0,6.2,5,999
MX-0264,Bhopal,71,16,3.3,7,999
MX-0264,Patna,207,0,8.0,10,999
MX-0264,Vadodara, 15 ,0,4.9,21,999
MX-0264,Ludhiana,72,50,4.1,10,999
MX-0264,Agra,13.5,-13,1.6,5,999
MX-0264,Nashik,108,38,4.8,7,999
MX-0264,Meerut,0,0,2.5,7,999
MX-0264,Rajkot,65,0,2.4,21,999
MX-0264,Varanasi,301,105,7.4,21,999
MX-0264,Amritsar,182,0,5.1,14,999
MX-0264,Noida,14,0,0.8,,999
MX-0264,Gurugram,112,0,5.5,14,999
MX-0264,Coimbatore,26,0,2.2,5,999
MX-0264,Madurai,246,0,4.9,21,999
,Guwahati,236,0,7.0,10,999
MX-0264,Mumbai City Mall,3,5,0.9,5,999
MX-0264,Delhi City Mall,62,0,7.3,5,999
MX-0264,Bengaluru City Mall,31,0,3.8,10,999
MX-0264,Hyderabad City Mall,67,0,4.8,7,999
MX-0264,Chennai City Mall,132,57,5.3,10,999
MX-0264,Kolkata City Mall,108,36,6.4,10,N/A
MX-0264,Pune City Mall,18,0,5.1,5,999
MX-0264,Ahmedabad City Mall,70,0,2.2,14,999
MX-0264,Jaipur City Mall,8,7,2.0,7,999
MX-0264,Lucknow City Mall,10,0,2.2,10,999
MX-0264,Surat City Mall,128,0,4.0,10,999
MX-0264,Indore City Mall,11,55,7.8,14,999
MX-0264,Nagpur City Mall,36,0,6.0,21,999
MX-0264,Kochi City Mall,34,0,2.9,5,999
MX-0264,Chandigarh City Mall,18,0,4.5,5,999
MX-0264,Bhopal City Mall,60,0,6.5,7,999
MX-0264,Patna City Mall,60,110,5.1,21,999
MX-0264,Vadodara City Mall,85,0,5.1,7,999
MX-0264,Ludhiana City Mall,31,0,6.3,10,999
MX-0264,Agra City Mall,40,0,4.2,10,999
MX-0265,Mumbai,4,0,0.5,5,499
MX-0265,Delhi, 62 ,0,7.0,5,499
MX-0265,Bengaluru,139,0,6.5,7,499
MX-0265,Hyderabad, 62 ,0,4.9,5,499
MX-0265,Chennai,326,0,7.1,14,499
MX-0265,Kolkata,29,0,2.2,5,499
MX-0265,Pune,11,0,4.7,7,499
MX-0265,Ahmedabad,85,23,6.9,5,499
MX-0265,Jaipur,0,0,1.4,7,499
MX-0265,Lucknow,104,0,1.7,21,499
MX-0265,Surat,160,0,7.5,10,499
MX-0265,Indore,25,0,1.9,14,499
MX-0265,Nagpur,53,15,4.3,5,499
MX-0265,Kochi,232,51,6.9,10,499
MX-0265,Chandigarh,131,0,7.0,10,499
MX-0265,Bhopal,-1,63,6.8,10,499
MX-0265,Patna,35,0,1.5,10,499
MX-0265,Vadodara,14,5,1.0,5,499
MX-0265,Ludhiana,69,0,7.9,10,499
MX-0265,Agra,10,0,0.4,10,499
MX-0265,Nashik,20,0,2.6,14,499
MX-0265,Meerut,90,77,5.8,10,499
MX-0265,Rajkot,148.5,0,7.3,7,499
MX-0265,Varanasi,6,0,1.1,5,499
MX-0265,Amritsar,52,0,2.1,10,499
MX-0265,Noida,135,0,6.1,7,499
MX-0265,Gurugram,7,0,3.3,21,499
MX-0265,Coimbatore,2,0,1.3,14,499
MX-0265,Madurai,12,0,1.4,5,499
MX-0265,Guwahati,4,0,1.4,5,499
MX-0265,Mumbai City Mall,35,0,7.3,5,499
MX-0265,Delhi City Mall,150,55,7.2,7 days,499
MX-0265,Bengaluru City Mall,9,0,1.5,14,499
MX-0265,Hyderabad City Mall,10,0,5.5,14,499
MX-0265,Chennai City Mall,169,0,3.6,14,499
MX-0265,Kolkata City Mall,336,0,8.0,14,499
MX-0265,Pune City Mall, 60 ,0,3.1,14,499
MX-0265,Ahmedabad City Mall,45,0,,14,499
MX-0265,Jaipur City Mall, 266 ,0,5.3,21,499
MX-0265,Lucknow City Mall,55,0,2.4,7,499
MX-0265,Lucknow City Mall,55,0,2.4,7,499
MX-0265,Surat City Mall,139,-7,3.6,21,499
MX-0265,Indore City Mall,8,3,0.6,5,499
MX-0265,Nagpur City Mall,102,0,3.2,10,499
MX-0265,Kochi City Mall,61,0,3.7,5,499
MX-0265,Chandigarh City Mall,19,0,1.5,5,N/A
MX-0265,Bhopal City Mall,20,0,1.6,5,499
MX-0265,Patna City Mall, 46 , 24 ,3.5,7,499
MX-0265,Vadodara City Mall,247,0,7.8,14,499
MX-0265,Ludhiana City Mall,50,13,4.3,,499
MX-0265,Agra City Mall,101,0,3.9,21,499
MX-0266,Mumbai,2,0,3.6,7,499
MX-0266,Delhi,297,0,6.9,14,499
MX-0266,Bengaluru,107,0,4.1,10,499
MX-0266,Hyderabad,14,8,2.0,7,499
MX-0266,Chennai,179,0,6.7,10,499
MX-0266,Kolkata,25,0,5.9,5,499
MX-0266,Pune,92,0,6.5,10,499
MX-0266,Ahmedabad,9,0,1.6,10,499
MX-0266,Jaipur,223,0,7.6,10,499
MX-0266,Lucknow,202,0,7.4,14,499
MX-0266,Surat,68,0,2.6,10,499
MX-0266,Indore,94,0,3.4,14,499
MX-0266,Nagpur,39,26,4.0,5,499
MX-0266,Kochi,204,0,6.6,10,499
MX-0266,Chandigarh,9,0,2.4,7,499
MX-0266,Bhopal,6,0,6.7,5,499
MX-0266,Patna,2,0,2.4,5,499
MX-0266,Vadodara,69,0,3.4,7,499
MX-0266,Ludhiana,18,0,7.9,5,499
MX-0266,Agra,5,0,0.6,14,499
MX-0266,Nashik,223,75,6.7,10,499
MX-0266,Meerut,138,0,7.4,21,499
MX-0266,Rajkot,44,125,7.4,21,499
MX-0266,Varanasi,61,0,4.9,7,499
MX-0266,Amritsar,181,69,4.9,21,499
MX-0266,Noida,48.5,0,3.0,7,499
MX-0266,Gurugram,256,0,7.2,14,499
MX-0266,Coimbatore,122,79,7.3,10,499
MX-0266,Madurai,76,26,3.9,7,499
MX-0266,Guwahati,14,0,2.6,5,499
,Mumbai City Mall,0,0,0.3,10,499
MX-0266,Delhi City Mall,100,0,6.0,14,499
MX-0266,Bengaluru City Mall,3,0,1.8,7,499
MX-0266,Hyderabad City Mall,36,0,3.0,5,499
MX-0266,Chennai City Mall,78,0,6.0,5,499
MX-0266,Kolkata City Mall,17,0,4.7,7,499
MX-0266,Pune City Mall,68,27,6.4,5,499
MX-0266,Ahmedabad City Mall,116,0,5.5,7,499
MX-0266,Jaipur City Mall,4,0,2.3,5,499
MX-0266,Lucknow City Mall,112,0,3.7,21,499
MX-0266,Surat City Mall,12,0,2.1,7,499
MX-0266,Indore City Mall,0,0,0.8,5,499
MX-0266,Nagpur City Mall,7,0,2.8,14,499
MX-0266,Kochi City Mall,105,0,1.7,21,499
MX-0266,Chandigarh City Mall,238,0,6.6,14,499
MX-0266,Bhopal City Mall,15,0,2.4,14,499
MX-0266,Patna City Mall,132,0,2.4,21,499
MX-0266,Vadodara City Mall,38,0,7.3,5,499
MX-0266,Ludhiana City Mall,40,0,1.3,10,499
MX-0266,Agra City Mall,61,23,1.5,14,499
MX-0267,Mumbai,0,0,0.9,7,3999
MX-0267,Delhi,179,0,5.3,14,3999
MX-0267,Bengaluru,47,0,0.7,21,3999
MX-0267,Hyderabad,39,0,1.4,14,N/A
MX-0267,Chennai,-7,0,1.8,5,3999
MX-0267,Kolkata,102,0,4.5,10,3999
MX-0267,Pune,20,0,0.9,10,3999
MX-0267,Ahmedabad,2,0,5.6,7,3999
MX-0267,Jaipur,187,0,7.5,10,3999
MX-0267,Lucknow,2,0,2.9,5,3999
MX-0267,Surat,85,0,3.1,10 days,3999
MX-0267,Indore,27,-8,2.1,5,3999
MX-0267,Nagpur,9,27,6.1,5,3999
MX-0267,Kochi,7,7,1.9,7,3999
MX-0267,Chandigarh,31,0,2.0,5,3999
MX-0267,Bhopal,3,0,0.3,5,3999
MX-0267,Patna,148,0,2.2,21,3999
MX-0267,Vadodara,67,0,1.6,14,3999
MX-0267,Ludhiana,202,0,7.1,14,3999
MX-0267,Agra,4,0,4.0,14,3999
MX-0267,Nashik,4,21,,10,3999
MX-0267,Meerut,38,0,1.4,,3999
MX-0267,Rajkot,11,0,0.4,14,3999
MX-0267,Varanasi,2,0,0.6,10,3999
MX-0267,Amritsar,8,0,3.1,14,3999
MX-0267,Noida,57,0,7.2,10,3999
MX-0267,Gurugram,21,6,2.9,5,3999
MX-0267,Coimbatore,17,0,2.7,5,3999
MX-0267,Madurai,1.5,0,3.5,14,3999
MX-0267,Guwahati, 48 ,0,5.5,5,3999
MX-0267,Mumbai City Mall,56,0,6.1,10,3999
MX-0267,Delhi City Mall,105,0,4.6,10,3999
MX-0267,Bengaluru City Mall, 34 ,0,3.5,7,3999
MX-0267,Hyderabad City Mall,5,0,1.6,5,3999
MX-0267,Chennai City Mall,4,0,0.2,7,3999
MX-0267,Kolkata City Mall,113,0,7.4,7,3999
MX-0267,Pune City Mall,69,0,2.8,10,3999
MX-0267,Pune City Mall,69,0,2.8,10,3999
MX-0267,Ahmedabad City Mall,273,0,5.8,14,3999
MX-0267,Jaipur City Mall,23,0,1.7,7,3999
MX-0267,Lucknow City Mall,10,0,0.6,7,3999
MX-0267,Surat City Mall,57,0,4.4,10,3999
MX-0267,Indore City Mall,34,0,2.9,7,3999
MX-0267,Nagpur City Mall,29,0,4.0,7,3999
MX-0267,Kochi City Mall, 80 ,0,3.9,7,3999
MX-0267,Chandigarh City Mall,149,0,5.0,14,3999
MX-0267,Bhopal City Mall,0,0,6.8,7,3999
MX-0267,Patna City Mall,167,0,7.7,7,3999
MX-0267,Vadodara City Mall,25,0,4.2,5,3999
MX-0267,Ludhiana City Mall,38,12,2.4,5,3999
MX-0267,Agra City Mall,3,23,3.5,10,3999
MX-0268,Mumbai,307,0,7.5,14,199
MX-0268,Delhi,87,22,7.9,5,199
MX-0268,Bengaluru,98,0,7.1,7,199
MX-0268,Hyderabad,30,0,2.3,10,199
MX-0268,Chennai,4,0,6.5,14,199
MX-0268,Kolkata,216,0,4.9,21,199
MX-0268,Pune,64,0,2.8,21,199
MX-0268,Ahmedabad,68,0,5.4,14,199
MX-0268,Jaipur,50,0,6.8,5,199
MX-0268,Lucknow,85,0,4.4,14,199
MX-0268,Surat,67,0,4.9,7,199
MX-0268,Indore,42,0,1.8,7,199
MX-0268,Nagpur,9,0,4.1,5,N/A
MX-0268,Kochi,134,0,2.7,21,199
MX-0268,Chandigarh,184,106,7.3,21,199
MX-0268,Bhopal,128,0,2.7,21,199
MX-0268,Patna,43,0,1.9,10,199
MX-0268,Vadodara,18,0,1.9,10,199
MX-0268,Ludhiana,94,0,4.5,21,199
MX-0268,Agra,2,0,3.2,10,199
MX-0268,Nashik,44,0,3.6,7,199
MX-0268,Meerut,29,61,5.5,14,199
MX-0268,Rajkot,6,0,0.3,7,199
MX-0268,Varanasi, 3 ,0,2.5,10,199
MX-0268,Amritsar,227,0,7.5,10,199
MX-0268,Noida,51,0,3.3,7,199
MX-0268,Gurugram,11,0,1.1,21,199
MX-0268,Coimbatore,515,0,7.4,21,199
MX-0268,Madurai,217,0,4.9,14,199
MX-0268,Guwahati,11,0,1.4,5,199
MX-0268,Mumbai City Mall,66,0,2.9,14,199
,Delhi City Mall,25.5,0,2.2,7,199
MX-0268,Bengaluru City Mall,19,-4,7.1,5,199
MX-0268,Hyderabad City Mall,72,47,6.5,14,199
MX-0268,Chennai City Mall,64,0,3.2,7,199
MX-0268,Kolkata City Mall,25,0,1.4,10,199
MX-0268,Pune City Mall,30,0,1.8,7,199
MX-0268,Ahmedabad City Mall,183,0,7.4,10,199
MX-0268,Jaipur City Mall,83,32,2.4,21,199
MX-0268,Lucknow City Mall,9,0,1.3,5 days,199
MX-0268,Surat City Mall,15,4,2.2,5,199
MX-0268,Indore City Mall,1,1,0.3,5,199
MX-0268,Nagpur City Mall,26,0,2.2,7,199
MX-0268,Kochi City Mall,(7),42,2.8,14,199
MX-0268,Chandigarh City Mall,20,0,6.5,,199
MX-0268,Bhopal City Mall,57,0,1.9,10,199
MX-0268,Patna City Mall,276,0,5.8,21,199
MX-0268,Vadodara City Mall,48,14,2.9,7,199
MX-0268,Ludhiana City Mall, 386 ,0,6.3,21,199
MX-0268,Agra City Mall,55,0,6.1,5,199
MX-0269,Mumbai,41,0,1.4,14,1999
MX-0269,Delhi,2,1,0.2,7,1999
MX-0269,Bengaluru,9,0,0.9,10,1999
MX-0269,Hyderabad,1,0,,21,1999
MX-0269,Chennai,5,0,0.9,14,1999
MX-0269,Kolkata,20,0,5.4,5,1999
MX-0269,Pune,63,0,5.4,7,1999
MX-0269,Ahmedabad,3,0,1.7,10,1999
MX-0269,Jaipur,307,82,4.7,21,1999
MX-0269,Lucknow,7,0,0.3,10,1999
MX-0269,Surat,72,0,2.8,10,1999
MX-0269,Indore,27,0,1.3,7,1999
MX-0269,Nagpur,2,0,6.0,7,1999
MX-0269,Kochi,77,0,4.9,5,1999
MX-0269,Chandigarh,12,0,1.2,7,1999
MX-0269,Bhopal,157,0,6.4,10,1999
MX-0269,Patna,18,0,6.9,10,1999
MX-0269,Vadodara,232,50,6.4,14,1999
MX-0269,Ludhiana,26, 32 ,3.6,7,1999
MX-0269,Agra,79,21,2.1,14,1999
MX-0269,Nashik,24,0,2.0,5,1999
MX-0269,Meerut,2,1,0.5,5,N/A
MX-0269,Rajkot,76,0,2.3,10,1999
MX-0269,Varanasi,27,0,7.2,5,1999
MX-0269,Amritsar,59,0,6.6,5,1999
MX-0269,Noida,30,0,3.7,10,1999
MX-0269,Gurugram,45,43,3.9,10,1999
MX-0269,Coimbatore,46,30,6.3,5,1999
MX-0269,Madurai,17,0,6.7,5,1999
MX-0269,Guwahati,10,10,2.7,5,1999
MX-0269,Mumbai City Mall,53,22,1.6,14,1999
MX-0269,Delhi City Mall,71,0,5.0,5,1999
MX-0269,Bengaluru City Mall,213,0,5.1,14,1999
MX-0269,Hyderabad City Mall,103,0,5.5,10,1999
MX-0269,Hyderabad City Mall,103,0,5.5,10,1999
MX-0269,Chennai City Mall,80.5,0,4.9,5,1999
MX-0269,Kolkata City Mall,45,14,3.0,5,1999
MX-0269,Pune City Mall,122,57,3.1,14,1999
MX-0269,Ahmedabad City Mall,0,0,1.8,21,1999
MX-0269,Jaipur City Mall,9,0,1.3,10,1999
MX-0269,Lucknow City Mall,9,0,2.4,7,1999
MX-0269,Surat City Mall,254,0,5.9,14,1999
MX-0269,Indore City Mall,12,55,5.6,10,1999
MX-0269,Nagpur City Mall,0,0,0.3,5,1999
MX-0269,Kochi City Mall,36,9,2.6,5,1999
MX-0269,Chandigarh City Mall,443,0,7.5,21,1999
MX-0269,Bhopal City Mall,4,0,1.8,21,1999
MX-0269,Patna City Mall,36,18,2.9,7,1999
MX-0269,Vadodara City Mall,77,27,7.0,5,1999
MX-0269,Ludhiana City Mall, 5 ,0,2.4,5,1999
MX-0269,Agra City Mall,110,65,7.1,10,1999
MX-0270,Mumbai,11,0,6.3,5,199
MX-0270,Delhi,24,0,1.3,7,199
MX-0270,Bengaluru,206,0,6.7,14,199
MX-0270,Hyderabad,62,-18,2.6,14,199
MX-0270,Chennai,7,0,0.5,7,199
MX-0270,Kolkata,73,48,6.7,7,199
MX-0270,Pune,12,0,1.9,5,199
MX-0270,Ahmedabad,59,0,3.9,7,199
MX-0270,Jaipur,12,22,3.3,5,199
MX-0270,Lucknow,37,13,2.4,5,199
MX-0270,Surat,101,0,5.5,10,199
MX-0270,Indore,307,0,5.4,21,199
MX-0270,Nagpur,17,0,1.6,10,199
MX-0270,Kochi, 15 ,3,0.7,7,199
MX-0270,Chandigarh,194,0,6.0,21,199
MX-0270,Bhopal,50,0,8.0,10,199
MX-0270,Patna,103,0,6.2,5,199
MX-0270,Vadodara,103,0,3.6,,199
MX-0270,Ludhiana,23,0,0.6,21 days,199
MX-0270,Agra,1,3,0.9,7,199
MX-0270,Nashik,145,0,6.8,7,199
MX-0270,Meerut, 48 ,0,6.7,10,199
MX-0270,Rajkot,66,0,3.6,10,199
MX-0270,Varanasi,97,0,5.3,7,199
MX-0270,Amritsar,191,0,6.3,10,199
MX-0270,Noida,39,12,1.0,14,199
MX-0270,Gurugram, 106 ,0,6.3,21,199
MX-0270,Coimbatore,99,0,4.2,10,199
MX-0270,Madurai,96,0,6.0,7,199
MX-0270,Guwahati,2,28,2.7,10,199
MX-0270,Mumbai City Mall,92,0,7.0,21,N/A
MX-0270,Delhi City Mall,65,0,4.9,7,199
,Bengaluru City Mall,-3,0,2.7,10,199
MX-0270,Hyderabad City Mall,28,0,1.7,5,199
MX-0270,Chennai City Mall,7,0,1.7,7,199
MX-0270,Kolkata City Mall,342,0,6.8,21,199
MX-0270,Pune City Mall,80,17,,5,199
MX-0270,Ahmedabad City Mall,219.5,0,7.8,14,199
MX-0270,Jaipur City Mall,29,15,2.2,7,199
MX-0270,Lucknow City Mall, 56 ,0,2.7,14,199
MX-0270,Surat City Mall,96,0,7.8,10,199
MX-0270,Indore City Mall, 70 ,0,4.3,5,199
MX-0270,Nagpur City Mall,318,139,4.8,21,199
MX-0270,Kochi City Mall,120,0,7.4,5,199
MX-0270,Chandigarh City Mall,87,22,4.6,7,199
MX-0270,Bhopal City Mall,298,118,5.9,21,199
MX-0270,Patna City Mall,61,0,2.1,14,199
MX-0270,Vadodara City Mall,46,144,7.7,14,199
MX-0270,Ludhiana City Mall,7,0,2.6,7,199
MX-0270,Agra City Mall,67,0,6.2,5,199
MX-0271,Mumbai,3,0,3.0,14,199
MX-0271,Delhi,38,0,5.6,7,199
MX-0271,Bengaluru,21,0,7.7,5,199
MX-0271,Hyderabad,164,0,3.3,21,199
MX-0271,Chennai, 22 ,0,1.6,10,199
MX-0271,Kolkata,97,0,2.3,14,199
MX-0271,Pune,104,0,6.6,14,199
MX-0271,Ahmedabad,8,0,0.7,10,199
MX-0271,Jaipur,146,0,4.1,14,199
MX-0271,Lucknow,102,0,3.8,21,199
MX-0271,Surat,180,0,5.4,10,199
MX-0271,Indore,156,0,2.9,21,199
MX-0271,Nagpur,2, 2 ,0.2,14,199
MX-0271,Kochi,78,0,5.6,10,199
MX-0271,Chandigarh,161,0,3.0,21,199
MX-0271,Bhopal,52,34,4.8,10,199
MX-0271,Patna,62,0,4.9,14,199
MX-0271,Vadodara,69,0,2.8,10,199
MX-0271,Ludhiana,59,0,2.6,21,199
MX-0271,Agra, 60 ,0,2.4,21,199
MX-0271,Nashik,2,0,0.5,14,199
MX-0271,Meerut,297,115,7.5,21,199
MX-0271,Rajkot,0,0,0.2,10,199
MX-0271,Varanasi,138,0,6.2,7,199
MX-0271,Amritsar,15,-1,0.3,21,199
MX-0271,Noida, 13 ,0,2.7,10,199
MX-0271,Gurugram,78,84,7.6,10,199
MX-0271,Coimbatore,45,0,3.9,7,199
MX-0271,Madurai,14,0,2.4,7,199
MX-0271,Guwahati,19,0,2.2,10,199
MX-0271,Mumbai City Mall,24,0,4.3,5,199
MX-0271,Mumbai City Mall,24,0,4.3,5,199
MX-0271,Delhi City Mall,9,0,4.9,14,199
MX-0271,Bengaluru City Mall,3,0,0.7,14,199
MX-0271,Hyderabad City Mall,283,0,6.4,14,199
MX-0271,Chennai City Mall,4,0,6.8,21,199
MX-0271,Kolkata City Mall,139,0,4.4,21,199
MX-0271,Pune City Mall,36,0,7.5,5,199
MX-0271,Ahmedabad City Mall,455,0,7.5,21,199
MX-0271,Jaipur City Mall,43,0,7.8,7,199
MX-0271,Lucknow City Mall,3,0,5.7,5,N/A
MX-0271,Surat City Mall,73.5,0,6.9,,199
MX-0271,Indore City Mall,207,0,7.2,10,199
MX-0271,Nagpur City Mall,212,0,4.6,21,199
MX-0271,Kochi City Mall,172,0,5.7,10,199
MX-0271,Chandigarh City Mall,83,0,6.5,7,199
MX-0271,Bhopal City Mall,163,0,7.4,7,199
MX-0271,Patna City Mall,52,0,6.4,5,199
MX-0271,Vadodara City Mall,25,0,4.9,5 days,199
MX-0271,Ludhiana City Mall, 119 ,0,6.5,14,199
MX-0271,Agra City Mall,29,22,7.5,7,199
MX-0272,Mumbai,91,0,2.3,14,999
MX-0272,Delhi,36,0,5.4,5,999
MX-0272,Bengaluru,15,0,1.2,10,999
MX-0272,Hyderabad,64,75,7.2,21,999
MX-0272,Chennai,140,0,7.3,7,999
MX-0272,Kolkata,85,62,6.6,7,999
MX-0272,Pune,3,0,1.6,7,999
MX-0272,Ahmedabad,118,0,6.0,7,999
MX-0272,Jaipur,180,0,3.1,21,999
MX-0272,Lucknow, 45 ,0,4.8,5,999
MX-0272,Surat,35,0,5.6,21,999
MX-0272,Indore,303,0,5.3,21,999
MX-0272,Nagpur,18,0,1.1,7,999
MX-0272,Kochi,2,26,2.5,10,999
MX-0272,Chandigarh,39,15,1.4,10,999
MX-0272,Bhopal,85,0,3.7,7,999
MX-0272,Patna,59,0,3.4,21,999
MX-0272,Vadodara,149,0,3.5,14,999
MX-0272,Ludhiana,81,20,3.5,10,999
MX-0272,Agra,232,0,,21,999
MX-0272,Nashik,23,6,1.0,14,999
MX-0272,Meerut,-2,0,6.5,21,999
MX-0272,Rajkot,49,0,2.8,7,999
MX-0272,Varanasi,38,0,5.4,7,999
MX-0272,Amritsar,26,0,2.2,5,999
MX-0272,Noida,54,0,4.9,7,999
MX-0272,Gurugram,26,0,5.8,5,999
MX-0272,Coimbatore,120,0,3.6,10,999
MX-0272,Madurai,54,0,7.9,7,999
MX-0272,Guwahati,156,80,6.7,10,999
MX-0272,Mumbai City Mall,44,0,3.9,7,999
MX-0272,Delhi City Mall,9,15,2.9,7,999
MX-0272,Bengaluru City Mall,200,0,6.0,10,999
,Hyderabad City Mall,1,0,0.8,7,999
MX-0272,Chennai City Mall,202,0,7.6,14,999
MX-0272,Kolkata City Mall,140,0,5.6,10,999
MX-0272,Pune City Mall,36,0,4.0,21,999
MX-0272,Ahmedabad City Mall,367,0,5.8,21,999
MX-0272,Jaipur City Mall,73,0,4.7,7,999
MX-0272,Lucknow City Mall,14,0,1.3,7,999
MX-0272,Surat City Mall,28,0,5.6,14,999
MX-0272,Indore City Mall,12,0,1.2,7,999
MX-0272,Nagpur City Mall,1,1,0.4,7,999
MX-0272,Kochi City Mall,65.5,0,2.4,10,999
MX-0272,Chandigarh City Mall,19,0,1.3,14,999
MX-0272,Bhopal City Mall,75,-4,1.3,21,999
MX-0272,Patna City Mall,93,33,6.1,10,999
MX-0272,Vadodara City Mall,214,0,5.5,21,999
MX-0272,Ludhiana City Mall,170,0,5.1,10,N/A
MX-0272,Agra City Mall,2,0,7.4,5,999
MX-0273,Mumbai,1,4,0.8,5,3999
MX-0273,Delhi,44,0,6.4,14,3999
MX-0273,Bengaluru,282,0,7.3,14,3999
MX-0273,Hyderabad,46,0,0.9,21,3999
MX-0273,Chennai,110,0,6.5,14,3999
MX-0273,Kolkata,87,0,7.6,5,3999
MX-0273,Pune,19,0,1.6,10,3999
MX-0273,Ahmedabad,76,0,2.4,10,3999
MX-0273,Jaipur, 299 ,0,8.0,14,3999
MX-0273,Lucknow,49,0,6.2,5,3999
MX-0273,Surat,173, 49 ,7.7,7,3999
MX-0273,Indore,2,21,3.6,5,3999
MX-0273,Nagpur,4,0,0.6,14,3999
MX-0273,Kochi,10, 8 ,0.6,,3999
MX-0273,Chandigarh,4,0,0.3,5,3999
MX-0273,Bhopal,52,23,3.8,5,3999
MX-0273,Patna,360,0,7.6,21,3999
MX-0273,Vadodara, 69 ,0,2.1,14,3999
MX-0273,Ludhiana,16,0,3.1,10,3999
MX-0273,Agra,46,30,1.4,21,3999
MX-0273,Nashik,16,0,3.0,5,3999
MX-0273,Meerut,21,0,6.2,7,3999
MX-0273,Rajkot,8,0,0.4,10,3999
MX-0273,Varanasi,0,0,3.7,5,3999
MX-0273,Amritsar,44,0,0.9,21,3999
MX-0273,Noida,28,9,2.2,5,3999
MX-0273,Gurugram,20,0,2.0,7 days,3999
MX-0273,Coimbatore,67,0,7.8,10,3999
MX-0273,Coimbatore,67,0,7.8,10,3999
MX-0273,Madurai,495,0,7.1,21,3999
MX-0273,Guwahati,4,1,0.5,7,3999
MX-0273,Mumbai City Mall,549,0,7.8,21,3999
MX-0273,Delhi City Mall,21,0,2.1,10,3999
MX-0273,Bengaluru City Mall,37,0,5.5,21,3999
MX-0273,Hyderabad City Mall,12,0,2.3,7,3999
MX-0273,Chennai City Mall,1,34,2.9,14,3999
MX-0273,Kolkata City Mall,92,0,5.1,7,3999
MX-0273,Pune City Mall,15,0,0.5,10,3999
MX-0273,Ahmedabad City Mall,23,35,7.3,5,3999
MX-0273,Jaipur City Mall,218,0,3.2,21,3999
MX-0273,Lucknow City Mall,170,66,7.3,7,3999
MX-0273,Surat City Mall, 8 ,11,2.0,5,3999
MX-0273,Indore City Mall,399,0,7.8,21,3999
MX-0273,Nagpur City Mall,263,146,5.1,21,3999
MX-0273,Kochi City Mall,275,0,6.0,14,3999
MX-0273,Chandigarh City Mall,39,0,2.1,21,3999
MX-0273,Bhopal City Mall,84,0,4.6,10,3999
MX-0273,Patna City Mall,141.5,27,7.9,7,3999
MX-0273,Vadodara City Mall,5,0,4.1,10,3999
MX-0273,Ludhiana City Mall,142,0,5.6,10,3999
MX-0273,Agra City Mall,58,0,2.6,7,3999
MX-0274,Mumbai,47,0,1.3,14,499
MX-0274,Delhi,8,0,0.8,5,499
MX-0274,Bengaluru,19,0,,14,499
MX-0274,Hyderabad,8,0,1.5,5,499
MX-0274,Chennai,26,0,1.6,5,499
MX-0274,Kolkata,3,2,0.8,5,499
MX-0274,Pune,1,0,0.7,7,499
MX-0274,Ahmedabad,224,0,6.9,10,N/A
MX-0274,Jaipur,263,0,6.2,14,499
MX-0274,Lucknow,135,34,3.9,14,499
MX-0274,Surat,(2),45,4.1,10,499
MX-0274,Indore,91,20,5.8,5,499
MX-0274,Nagpur,306,0,7.7,21,499
MX-0274,Kochi,4,0,4.0,5,499
MX-0274,Chandigarh,165, 86 ,3.9,21,499
MX-0274,Bhopal,2,0,0.5,7,499
MX-0274,Patna,17,-4,0.9,10,499
MX-0274,Vadodara,64,0,7.5,5,499
MX-0274,Ludhiana,251,0,6.2,21,499
MX-0274,Agra,6,0,0.3,14,499
MX-0274,Nashik,96,0,4.2,7,499
MX-0274,Meerut,390,173,6.0,21,499
MX-0274,Rajkot,69,0,3.8,7,499
MX-0274,Varanasi,189,0,4.7,14,499
MX-0274,Amritsar,23,35,3.4,10,499
MX-0274,Noida,189,0,4.3,14,499
MX-0274,Gurugram,23,19,2.5,14,499
MX-0274,Coimbatore,98,0,5.1,14,499
MX-0274,Madurai,100,0,7.4,10,499
MX-0274,Guwahati,1,0,1.4,7,499
MX-0274,Mumbai City Mall,32,0,6.0,5,499
MX-0274,Delhi City Mall,51,0,0.8,21,499
MX-0274,Bengaluru City Mall,2,0,0.3,14,499
MX-0274,Hyderabad City Mall,36,0,6.4,7,499
,Chennai City Mall,14,11,1.4,7,499
MX-0274,Kolkata City Mall,220,0,7.7,10,499
MX-0274,Pune City Mall, 19 ,0,7.0,,499
MX-0274,Ahmedabad City Mall,80,0,6.0,21,499
MX-0274,Jaipur City Mall,9,0,0.8,21,499
MX-0274,Lucknow City Mall,96,0,5.1,10,499
MX-0274,Surat City Mall,20,0,2.7,10,499
MX-0274,Indore City Mall,197,0,5.3,21,499
MX-0274,Nagpur City Mall,38,21,0.8,21,499
MX-0274,Kochi City Mall,38,0,3.1,7,499
MX-0274,Chandigarh City Mall,2,0,0.9,7,499
MX-0274,Bhopal City Mall,53,121,7.6,14,499
MX-0274,Patna City Mall,43,33,5.3,14,499
MX-0274,Vadodara City Mall,12,21,2.8,10,499
MX-0274,Ludhiana City Mall,179,43,4.2,14,499
MX-0274,Agra City Mall,12.5,0,2.3,5,499
MX-0275,Mumbai,220,66,5.2,14,3999
MX-0275,Delhi,157,0,7.5,7,3999
MX-0275,Bengaluru,22,0,1.5,14,3999
MX-0275,Hyderabad,138,36,7.8,7,3999
MX-0275,Chennai,10,0,0.7,7,3999
MX-0275,Kolkata, 84 ,0,1.6,21 days,3999
MX-0275,Pune,60,14,3.1,10,3999
MX-0275,Ahmedabad,18,0,2.5,7,3999
MX-0275,Jaipur,16,7,3.0,5,3999
MX-0275,Lucknow,82,0,6.3,21,3999
MX-0275,Surat,17,0,1.1,5,3999
MX-0275,Indore,5,57,6.5,14,3999
MX-0275,Nagpur,100,0,5.9,7,3999
MX-0275,Kochi,197,0,2.8,21,3999
MX-0275,Chandigarh,82,0,5.8,5,3999
MX-0275,Bhopal,108,0,3.5,10,3999
MX-0275,Patna, 299 ,79,5.0,21,N/A
MX-0275,Vadodara,39,34,1.9,14,3999
MX-0275,Ludhiana,13,0,1.4,5,3999
MX-0275,Agra,14,0,0.7,14,3999
MX-0275,Nashik,4,0,0.3,7,3999
MX-0275,Meerut,104,0,3.2,21,3999
MX-0275,Rajkot,22,0,2.1,5,3999
MX-0275,Varanasi,277,0,6.1,14,3999
MX-0275,Amritsar, 64 ,0,5.7,10,3999
MX-0275,Amritsar, 64 ,0,5.7,10,3999
MX-0275,Noida,1,0,2.8,5,3999
MX-0275,Gurugram,58,0,4.4,7,3999
MX-0275,Coimbatore,49,0,7.5,5,3999
MX-0275,Madurai,22,0,1.9,21,3999
MX-0275,Guwahati,6,0,2.4,10,3999
MX-0275,Mumbai City Mall,66,0,7.9,7,3999
MX-0275,Delhi City Mall,11,0,0.4,21,3999
MX-0275,Bengaluru City Mall,164,138,7.3,21,3999
MX-0275,Hyderabad City Mall,101,0,2.9,21,3999
MX-0275,Chennai City Mall,100,0,3.5,10,3999
MX-0275,Kolkata City Mall,5,0,,5,3999
MX-0275,Pune City Mall,109,0,3.1,14,3999
MX-0275,Ahmedabad City Mall,19,-2,2.5,5,3999
MX-0275,Jaipur City Mall,128,0,2.2,21,3999
MX-0275,Lucknow City Mall,8,0,7.7,14,3999
MX-0275,Surat City Mall,72,11,1.9,14,3999
MX-0275,Indore City Mall,33,0,1.4,10,3999
MX-0275,Nagpur City Mall,16,0,5.3,5,3999
MX-0275,Kochi City Mall,98,0,4.1,21,3999
MX-0275,Chandigarh City Mall,7,0,2.4,7,3999
MX-0275,Bhopal City Mall,4,0,4.1,5,3999
MX-0275,Patna City Mall,14,11,1.8,5,3999
MX-0275,Vadodara City Mall,60,0,2.4,10,3999
MX-0275,Ludhiana City Mall,4,0,0.8,5,3999
MX-0275,Agra City Mall,(9),0,7.1,10,3999
MX-0276,Mumbai,122,65,2.5,21,999
MX-0276,Delhi,10,0,5.4,10,999
MX-0276,Bengaluru,44.5,0,5.7,5,999
MX-0276,Hyderabad,341,0,7.7,21,999
MX-0276,Chennai,83,0,6.1,14,999
MX-0276,Kolkata,44,0,2.5,7,999
MX-0276,Pune, 93 ,0,6.6,14,999
MX-0276,Ahmedabad,5,0,0.2,10,999
MX-0276,Jaipur,8,36,2.8,10,999
MX-0276,Lucknow,7,12,6.0,,999
MX-0276,Surat,133,0,3.3,21,999
MX-0276,Indore,42,0,1.6,14,999
MX-0276,Nagpur,65,0,7.4,5,999
MX-0276,Kochi,29,0,2.3,5,999
MX-0276,Chandigarh,172, 86 ,7.1,14,999
MX-0276,Bhopal,73,24,1.5,21,999
MX-0276,Patna, 13 ,0,2.8,7,999
MX-0276,Vadodara,9,0,0.7,14,999
MX-0276,Ludhiana,93,0,7.0,5,999
MX-0276,Agra,48,0,5.3,14,999
MX-0276,Nashik,21,0,1.8,7,999
MX-0276,Meerut,280,0,7.8,21,999
MX-0276,Rajkot,78,0,1.2,21,999
MX-0276,Varanasi,181,87,4.2,21,999
MX-0276,Amritsar,62,0,3.6,14,999
MX-0276,Noida,234,0,6.9,21,N/A
MX-0276,Gurugram,66,0,4.6,7,999
MX-0276,Coimbatore,131,0,2.2,21,999
MX-0276,Madurai,87,0,3.2,21,999
MX-0276,Guwahati,129,0,5.4,21,999
MX-0276,Mumbai City Mall,94,0,4.0,7,999
MX-0276,Delhi City Mall,19,8,1.4,5,999
MX-0276,Bengaluru City Mall,8,0,3.1,10,999
MX-0276,Hyderabad City Mall,318,0,7.1,21,999
MX-0276,Chennai City Mall, 103 ,0,5.5,7 days,999
,Kolkata City Mall,95,67,2.8,21,999
MX-0276,Pune City Mall, 19 ,0,0.8,10,999
MX-0276,Ahmedabad City Mall,118,0,6.7,14,999
MX-0276,Jaipur City Mall,40,0,6.7,14,999
MX-0276,Lucknow City Mall,278,166,6.9,21,999
MX-0276,Surat City Mall,47,0,5.1,5,999
MX-0276,Indore City Mall,118,0,3.4,14,999
MX-0276,Nagpur City Mall, 113 ,0,2.0,21,999
MX-0276,Kochi City Mall,116,0,6.6,7,999
MX-0276,Chandigarh City Mall,36,0,8.0,7,999
MX-0276,Bhopal City Mall,27,0,1.3,7,999
MX-0276,Patna City Mall,289,103,4.2,21,999
MX-0276,Vadodara City Mall,194,42,2.9,21,999
MX-0276,Ludhiana City Mall,129,0,5.5,14,999
MX-0276,Agra City Mall,416,0,7.1,21,999
MX-0277,Mumbai,20,0,2.7,5,499
MX-0277,Delhi,8,0,0.5,5,499
MX-0277,Bengaluru,36,0,2.2,10,499
MX-0277,Hyderabad,24,0,1.4,7,499
MX-0277,Chennai,173,79,5.7,14,499
MX-0277,Kolkata,65.5,0,2.3,10,499
MX-0277,Pune,4,5,1.5,5,499
MX-0277,Ahmedabad,4,0,3.5,5,499
MX-0277,Jaipur,16,-13,2.0,5,499
MX-0277,Lucknow,30,0,3.0,10,499
MX-0277,Surat, 47 ,0,2.4,14,499
MX-0277,Indore,9,69,2.4,21,499
MX-0277,Nagpur,42,0,1.3,14,499
MX-0277,Kochi,18,15,3.0,5,499
MX-0277,Chandigarh,3,0,0.2,5,499
MX-0277,Bhopal,21,0,1.0,7,499
MX-0277,Patna,10,0,0.6,7,499
MX-0277,Vadodara,7,6,0.9,7,499
MX-0277,Ludhiana,6,35,,21,499
MX-0277,Agra,305,0,4.5,21,499
MX-0277,Nashik,404,0,7.4,21,499
MX-0277,Meerut,92,0,4.0,10,499
MX-0277,Meerut,92,0,4.0,10,499
MX-0277,Rajkot,121,0,2.7,14,499
MX-0277,Varanasi,6,3,0.4,7,499
MX-0277,Amritsar,61,0,2.8,7,499
MX-0277,Noida,15,0,1.3,7,499
MX-0277,Gurugram,52,33,5.6,5,499
MX-0277,Coimbatore,147,0,3.5,14,499
MX-0277,Madurai,89,0,2.3,14,499
MX-0277,Guwahati,98,0,5.0,14,499
MX-0277,Mumbai City Mall,66,0,7.8,21,499
MX-0277,Delhi City Mall,133,111,6.4,21,499
MX-0277,Bengaluru City Mall,179,0,5.6,,499
MX-0277,Hyderabad City Mall,489,69,7.8,21,499
MX-0277,Chennai City Mall,13,0,1.7,5,N/A
MX-0277,Kolkata City Mall,2,27,1.5,14,499
MX-0277,Pune City Mall,71,0,3.4,7,499
MX-0277,Ahmedabad City Mall,174,0,3.7,21,499
MX-0277,Jaipur City Mall,(7),0,6.1,5,499
MX-0277,Lucknow City Mall,133,0,7.9,5,499
MX-0277,Surat City Mall,33,0,2.9,5,499
MX-0277,Indore City Mall,174,0,4.6,14,499
MX-0277,Nagpur City Mall,7,9,0.7,21,499
MX-0277,Kochi City Mall,78,0,7.3,10,499
MX-0277,Chandigarh City Mall, 66 ,0,5.0,14,499
MX-0277,Bhopal City Mall,85,0,7.4,10,499
MX-0277,Patna City Mall,473,139,6.9,21,499
MX-0277,Vadodara City Mall,39,0,4.0,21,499
MX-0277,Ludhiana City Mall,7,0,2.1,5,499
MX-0277,Agra City Mall,91,0,6.8,7,499
MX-0278,Mumbai,41,0,7.8,7,1999
MX-0278,Delhi,21,0,0.5,14,1999
MX-0278,Bengaluru,98,17,4.8,7,1999
MX-0278,Hyderabad,58,0,7.4,7,1999
MX-0278,Chennai,147,0,5.0,10,1999
MX-0278,Kolkata,48,33,6.3,10,1999
MX-0278,Pune,21,0,1.4,7,1999
MX-0278,Ahmedabad,21,13,3.1,10,1999
MX-0278,Jaipur,3.5,0,0.6,7,1999
MX-0278,Lucknow,75,46,7.1,7,1999
MX-0278,Surat,17,0,2.5,5,1999
MX-0278,Indore,23,0,3.6,5,1999
MX-0278,Nagpur,3,83,4.5,21,1999
MX-0278,Kochi,83,0,5.0,14 days,1999
MX-0278,Chandigarh,419,0,8.0,21,1999
MX-0278,Bhopal,26,0,5.9,5,1999
MX-0278,Patna,189,0,6.9,14,1999
MX-0278,Vadodara,97,0,3.5,10,1999
MX-0278,Ludhiana,14,0,0.3,14,1999
MX-0278,Agra,0,0,0.3,5,1999
MX-0278,Nashik,83,0,2.7,10,1999
MX-0278,Meerut, 26 ,24,2.7,10,1999
MX-0278,Rajkot,55,0,3.2,14,1999
MX-0278,Varanasi,88,55,6.0,7,1999
MX-0278,Amritsar,159,0,2.8,21,1999
MX-0278,Noida,25,19,3.2,7,1999
MX-0278,Gurugram,18,0,2.9,14,1999
MX-0278,Coimbatore,81,0,4.8,14,1999
MX-0278,Madurai,22,0,1.2,7,1999
MX-0278,Guwahati,30,-7,1.5,10,1999
MX-0278,Mumbai City Mall, 306 ,48,7.9,14,1999
MX-0278,Delhi City Mall,44,0,5.8,5,1999
MX-0278,Bengaluru City Mall,52,0,3.2,7,1999
MX-0278,Hyderabad City Mall, 34 ,0,4.9,7,1999
MX-0278,Chennai City Mall,427,0,6.6,21,1999
MX-0278,Kolkata City Mall,32,0,4.7,7,1999
,Pune City Mall,34,0,5.9,5,1999
MX-0278,Ahmedabad City Mall,36,0,4.5,14,1999
MX-0278,Jaipur City Mall,40,0,2.3,21,1999
MX-0278,Lucknow City Mall,8,0,2.7,7,1999
MX-0278,Surat City Mall,46,0,7.6,10,1999
MX-0278,Indore City Mall,40,8,1.3,14,1999
MX-0278,Nagpur City Mall,105,0,6.8,7,1999
MX-0278,Kochi City Mall,67,0,5.7,7,N/A
MX-0278,Chandigarh City Mall, 14 , 10 ,0.7,14,1999
MX-0278,Bhopal City Mall,39,0,7.3,5,1999
MX-0278,Patna City Mall,93,0,7.8,10,1999
MX-0278,Vadodara City Mall, 142 ,0,2.0,21,1999
MX-0278,Ludhiana City Mall, 17 ,11,0.7,14,1999
MX-0278,Agra City Mall, 108 , 65 ,3.5,14,1999
MX-0279,Mumbai,39,0,0.9,14,199
MX-0279,Delhi,5,2,,5,199
MX-0279,Bengaluru, 62 ,0,7.0,7,199
MX-0279,Hyderabad,248,0,5.2,21,199
MX-0279,Chennai,196,32,3.3,21,199
MX-0279,Kolkata,21,0,2.7,,199
MX-0279,Pune,7,0,0.3,14,199
MX-0279,Ahmedabad,4,0,0.3,14,199
MX-0279,Jaipur,236,83,5.3,14,199
MX-0279,Lucknow,316,0,6.4,21,199
MX-0279,Surat,2,0,2.3,10,199
MX-0279,Indore,11.5,0,0.3,14,199
MX-0279,Nagpur,75,0,6.0,5,199
MX-0279,Kochi,7,0,3.6,7,199
MX-0279,Chandigarh,24,0,2.0,7,199
MX-0279,Bhopal, 26 ,0,6.6,5,199
MX-0279,Patna,2,0,0.8,10,199
MX-0279,Vadodara,109,62,4.1,14,199
MX-0279,Ludhiana,14,0,7.1,10,199
MX-0279,Ludhiana,14,0,7.1,10,199
MX-0279,Agra,35,0,2.8,5,199
MX-0279,Nashik,98,0,2.1,14,199
MX-0279,Meerut,9,3,1.0,5,199
MX-0279,Rajkot,52,0,3.6,5,199
MX-0279,Varanasi,15,0,2.5,10,199
MX-0279,Amritsar,79,0,6.3,10,199
MX-0279,Noida,144,0,7.2,7,199
MX-0279,Gurugram, 365 ,0,5.3,21,199
MX-0279,Coimbatore,-3,0,5.8,21,199
MX-0279,Madurai,94,0,6.1,5,199
MX-0279,Guwahati,168,0,2.6,21,199
MX-0279,Mumbai City Mall,173,0,5.3,14,199
MX-0279,Delhi City Mall,56,13,2.8,10,199
MX-0279,Bengaluru City Mall,12,0,0.3,14,199
MX-0279,Hyderabad City Mall,2,0,5.5,7,199
MX-0279,Chennai City Mall,203,0,5.7,14,199
MX-0279,Kolkata City Mall,19,106,7.4,21,199
MX-0279,Pune City Mall,140,0,7.2,7,199
MX-0279,Ahmedabad City Mall,105,0,7.1,14,199
MX-0279,Jaipur City Mall,85,0,4.0,7,199
MX-0279,Lucknow City Mall,3,21,6.2,5,199
MX-0279,Surat City Mall,248,0,7.7,14,199
MX-0279,Indore City Mall,37,0,2.3,7,199
MX-0279,Nagpur City Mall,69,0,8.0,5 days,199
MX-0279,Kochi City Mall,115,0,3.6,10,199
MX-0279,Chandigarh City Mall,325,0,7.0,14,199
MX-0279,Bhopal City Mall,11,0,3.3,21,199
MX-0279,Patna City Mall,1,0,2.5,7,199
MX-0279,Vadodara City Mall,22,0,7.5,7,199
MX-0279,Ludhiana City Mall,124,40,2.8,14,199
MX-0279,Agra City Mall,186,0,3.4,21,199
MX-0280,Mumbai,6,-11,0.6,5,1999
MX-0280,Delhi,31,0,7.0,21,1999
MX-0280,Bengaluru,95,24,3.2,10,N/A
MX-0280,Hyderabad,63,0,5.3,5,1999
MX-0280,Chennai,127,0,2.8,21,1999
MX-0280,Kolkata,45,0,2.1,21,1999
MX-0280,Pune,453,183,7.1,21,1999
MX-0280,Ahmedabad,27,29,3.3,7,1999
MX-0280,Jaipur, 24 ,20,1.6,14,1999
MX-0280,Lucknow,96,0,5.0,14,1999
MX-0280,Surat,32, 48 ,7.3,5,1999
MX-0280,Indore,50, 89 ,7.4,14,1999
MX-0280,Nagpur, 95 ,0,1.6,21,1999
MX-0280,Kochi,56,0,2.7,7,1999
MX-0280,Chandigarh,155.5,0,2.9,21,1999
MX-0280,Bhopal,307,0,7.1,14,1999
MX-0280,Patna,26,8,1.8,5,1999
MX-0280,Vadodara,7,0,4.7,10,1999
MX-0280,Ludhiana,61,0,1.3,14,1999
MX-0280,Agra,194,0,4.2,21,1999
MX-0280,Nashik,6,0,3.2,14,1999
MX-0280,Meerut,34,0,0.8,21,1999
MX-0280,Rajkot,36,108,4.9,21,1999
MX-0280,Varanasi,41,0,1.3,10,1999
MX-0280,Amritsar,4,0,5.3,14,1999
MX-0280,Noida,221,131,6.9,14,1999
MX-0280,Gurugram,104,0,8.0,5,1999
MX-0280,Coimbatore,196,0,6.6,10,1999
MX-0280,Madurai,5,0,3.1,,1999
MX-0280,Guwahati,59,52,3.6,14,1999
MX-0280,Mumbai City Mall,45,20,1.5,10,1999
MX-0280,Delhi City Mall,64,157,7.7,21,1999
MX-0280,Bengaluru City Mall,68,0,7.4,10,1999
MX-0280,Hyderabad City Mall,39,0,1.6,14,1999
MX-0280,Chennai City Mall,27,0,,14,1999
MX-0280,Kolkata City Mall,4,2,0.3,5,1999
MX-0280,Pune City Mall,213,83,6.2,14,1999
,Ahmedabad City Mall,74,34,2.7,10,1999
MX-0280,Jaipur City Mall,235,0,7.8,10,1999
MX-0280,Lucknow City Mall,147,0,6.1,10,1999
MX-0280,Surat City Mall,1,1,0.3,10,1999
MX-0280,Indore City Mall,53, 14 ,3.5,10,1999
MX-0280,Nagpur City Mall,115,0,7.5,5,1999
MX-0280,Kochi City Mall,69,0,2.8,10,1999
MX-0280,Chandigarh City Mall,72,0,7.6,7,1999
MX-0280,Bhopal City Mall,121,0,3.8,14,1999
MX-0280,Patna City Mall,87,83,5.0,14,1999
MX-0280,Vadodara City Mall,419,0,7.0,21,1999
MX-0280,Ludhiana City Mall,13,0,2.2,10,1999
MX-0280,Agra City Mall,72,27,4.1,10,1999
MX-0281,Mumbai,42, 13 ,2.5,7,499
MX-0281,Delhi,120,0,5.5,10,499
MX-0281,Bengaluru,80,0,4.7,10,499
MX-0281,Hyderabad,86,0,6.8,7,499
MX-0281,Chennai,17,0,0.3,21,499
MX-0281,Kolkata,102,0,4.7,21,499
MX-0281,Pune,35,0,6.1,14,499
MX-0281,Ahmedabad,89,0,3.6,14,499
MX-0281,Jaipur,39,34,4.0,7,499
MX-0281,Lucknow,131,0,2.3,21,499
MX-0281,Surat,23,0,0.7,14,499
MX-0281,Indore,18,0,6.6,14,N/A
MX-0281,Nagpur,24,0,6.3,5,499
MX-0281,Kochi,78,0,3.0,14,499
MX-0281,Chandigarh,22,24,4.5,5,499
MX-0281,Bhopal,64,0,6.4,21,499
MX-0281,Bhopal,64,0,6.4,21,499
MX-0281,Patna,-4, 15 ,0.7,21,499
MX-0281,Vadodara,40.5,0,5.4,5,499
MX-0281,Ludhiana,285,0,7.1,14,499
MX-0281,Agra,108,41,7.9,5,499
MX-0281,Nashik,71,0,3.0,14,499
MX-0281,Meerut,9,-6,1.0,7 days,499
MX-0281,Rajkot,254,0,5.9,21,499
MX-0281,Varanasi,131,0,3.3,21,499
MX-0281,Amritsar,31,0,2.3,10,499
MX-0281,Noida,9,0,1.5,7,499
MX-0281,Gurugram,51,0,3.8,10,499
MX-0281,Coimbatore,318,0,7.0,14,499
MX-0281,Madurai,120,0,2.9,21,499
MX-0281,Guwahati,45,0,4.0,5,499
MX-0281,Mumbai City Mall, 92 ,50,8.0,10,499
MX-0281,Delhi City Mall,3,3,0.4,10,499
MX-0281,Bengaluru City Mall,51,27,1.6,14,499
MX-0281,Hyderabad City Mall,216,0,5.1,14,499
MX-0281,Chennai City Mall,88,78,2.8,21,499
MX-0281,Kolkata City Mall,3,0,2.4,10,499
MX-0281,Pune City Mall,13,0,2.3,5,499
MX-0281,Ahmedabad City Mall,5,0,5.7,7,499
MX-0281,Jaipur City Mall,9,0,2.5,10,499
MX-0281,Lucknow City Mall,0,4,0.8,10,499
MX-0281,Surat City Mall,71,0,6.4,10,499
MX-0281,Indore City Mall,53,0,7.6,14,499
MX-0281,Nagpur City Mall,55,0,6.4,14,499
MX-0281,Kochi City Mall,15,0,1.3,7,499
MX-0281,Chandigarh City Mall,124,0,6.0,21,499
MX-0281,Bhopal City Mall,11,0,3.3,10,499
MX-0281,Patna City Mall,165,0,2.7,21,499
MX-0281,Vadodara City Mall,40,28,3.7,7,499
MX-0281,Ludhiana City Mall,101,44,2.3,14,499
MX-0281,Agra City Mall,9,0,1.1,5,499
MX-0282,Mumbai,23,0,7.3,5,499
MX-0282,Delhi,26,0,5.9,,499
MX-0282,Bengaluru, 0 ,10,0.6,14,499
MX-0282,Hyderabad,62,0,7.9,14,499
MX-0282,Chennai,54,0,3.4,14,499
MX-0282,Kolkata,182,0,7.9,10,499
MX-0282,Pune, 15 ,6,1.1,10,499
MX-0282,Ahmedabad,8,2,0.5,10,499
MX-0282,Jaipur, 80 ,0,4.6,10,499
MX-0282,Lucknow,60,0,3.7,7,499
MX-0282,Surat,10,0,0.8,7,499
MX-0282,Indore,47,141,5.5,21,499
MX-0282,Nagpur,201,53,5.0,14,499
MX-0282,Kochi,14,0,1.7,5,499
MX-0282,Chandigarh,139,0,6.1,21,499
MX-0282,Bhopal,27,0,1.9,10,499
MX-0282,Patna,94,0,7.5,7,499
MX-0282,Vadodara,75,73,,21,499
MX-0282,Ludhiana,45,8,2.9,5,499
MX-0282,Agra,142,0,8.0,10,499
MX-0282,Nashik,140.5,0,4.8,10,N/A
MX-0282,Meerut,8,2,0.3,10,499
MX-0282,Rajkot,255,0,3.7,21,499
MX-0282,Varanasi,7,0,2.9,5,499
MX-0282,Amritsar,27,0,1.7,7,499
MX-0282,Noida,2,0,6.9,10,499
MX-0282,Gurugram,60, 12 ,3.8,7,499
MX-0282,Coimbatore,8,0,0.3,10,499
MX-0282,Madurai,53,0,3.5,14,499
MX-0282,Guwahati,25,0,1.6,7,499
MX-0282,Mumbai City Mall,48,0,2.3,10,499
MX-0282,Delhi City Mall,21,24,4.3,10,499
MX-0282,Bengaluru City Mall,5,0,0.8,10,499
MX-0282,Hyderabad City Mall,16,0,4.0,10,499
MX-0282,Chennai City Mall,16,6,0.8,7,499
MX-0282,Kolkata City Mall,4,0,6.8,10,499
MX-0282,Pune City Mall,22,0,4.9,10,499
MX-0282,Ahmedabad City Mall,73,0,5.2,7,499
,Jaipur City Mall,14,45,6.0,14,499
MX-0282,Lucknow City Mall,128,0,3.1,14,499
MX-0282,Surat City Mall,80,0,6.3,5,499
MX-0282,Indore City Mall,115,0,5.5,10,499
MX-0282,Nagpur City Mall,58,-6,2.6,7,499
MX-0282,Kochi City Mall,87,0,2.4,21,499
MX-0282,Chandigarh City Mall,36,0,5.3,5,499
MX-0282,Bhopal City Mall,198,0,3.4,21,499
MX-0282,Patna City Mall,103,0,6.4,21,499
MX-0282,Vadodara City Mall,116,0,7.2,14,499
MX-0282,Ludhiana City Mall,36,29,1.1,21,499
MX-0282,Agra City Mall,99,0,2.4,21,499
MX-0283,Mumbai, 59 ,0,4.1,7 days,199
MX-0283,Delhi,2,0,0.2,5,199
MX-0283,Bengaluru,9,0,1.5,14,199
MX-0283,Hyderabad,387,70,7.6,21,199
MX-0283,Chennai,45,0,4.2,5,199
MX-0283,Kolkata,-1,0,5.0,7,199
MX-0283,Pune,63,0,7.0,7,199
MX-0283,Ahmedabad,70,26,1.7,14,199
MX-0283,Jaipur,0,0,2.5,5,199
MX-0283,Lucknow,18,0,1.2,5,199
MX-0283,Surat,5,0,1.0,7,199
MX-0283,Indore,57,0,5.7,10,199
MX-0283,Nagpur,146,99,6.0,21,199
MX-0283,Nagpur,146,99,6.0,21,199
MX-0283,Kochi,47,0,2.0,10,199
MX-0283,Chandigarh,234,0,7.9,14,199
MX-0283,Bhopal,114,75,3.6,21,199
MX-0283,Patna,43,0,3.8,7,199
MX-0283,Vadodara,5,15,2.3,14,199
MX-0283,Ludhiana,27,12,2.0,10,199
MX-0283,Agra,12,0,1.0,5,199
MX-0283,Nashik,196,0,3.9,21,199
MX-0283,Meerut,76,0,7.6,5,199
MX-0283,Rajkot,70,0,4.9,5,199
MX-0283,Varanasi,1.5,19,2.3,10,199
MX-0283,Amritsar,136,0,6.3,,199
MX-0283,Noida,17,0,1.0,10,199
MX-0283,Gurugram,0,4,0.5,10,199
MX-0283,Coimbatore, 12 ,0,5.9,7,199
MX-0283,Madurai,362,0,5.1,21,199
MX-0283,Guwahati,262,0,5.6,14,N/A
MX-0283,Mumbai City Mall,27,9,1.2,10,199
MX-0283,Delhi City Mall,138,0,4.5,14,199
MX-0283,Bengaluru City Mall,23,20,3.1,5,199
MX-0283,Hyderabad City Mall,41,0,3.7,5,199
MX-0283,Chennai City Mall,233,0,5.1,14,199
MX-0283,Kolkata City Mall,45,21,7.2,7,199
MX-0283,Pune City Mall,70,0,7.4,10,199
MX-0283,Ahmedabad City Mall,26,0,1.7,7,199
MX-0283,Jaipur City Mall,78,38,6.0,7,199
MX-0283,Lucknow City Mall,210,72,3.0,21,199
MX-0283,Surat City Mall,103,0,5.9,14,199
MX-0283,Indore City Mall,84,32,6.8,5,199
MX-0283,Nagpur City Mall,22,0,3.6,10,199
MX-0283,Kochi City Mall,28, 18 ,1.9,7,199
MX-0283,Chandigarh City Mall,88,0,2.2,14,199
MX-0283,Bhopal City Mall,126,39,2.8,14,199
MX-0283,Patna City Mall,54,0,3.3,14,199
MX-0283,Vadodara City Mall,113,0,4.7,10,199
MX-0283,Ludhiana City Mall,19,0,3.9,10,199
MX-0283,Agra City Mall,37,0,1.4,10,199
MX-0284,Mumbai,2,0,,7,1999
MX-0284,Delhi,34,0,3.6,5,1999
MX-0284,Bengaluru,29,0,0.8,21,1999
MX-0284,Hyderabad,76,0,3.4,14,1999
MX-0284,Chennai,1,0,0.6,10,1999
MX-0284,Kolkata,20,0,3.7,7,1999
MX-0284,Pune,23,0,5.6,7,1999
MX-0284,Ahmedabad,74,0,7.1,7,1999
MX-0284,Jaipur,15,36,5.3,5,1999
MX-0284,Lucknow,28,0,3.5,5,1999
MX-0284,Surat,204,110,6.1,21,1999
MX-0284,Indore, 34 ,0,2.4,14,1999
MX-0284,Nagpur,94,0,6.5,7,1999
MX-0284,Kochi,51,-3,4.8,7,1999
MX-0284,Chandigarh,12,0,4.4,10,1999
MX-0284,Bhopal,23,74,5.8,10,1999
MX-0284,Patna,31,4,2.0,5,1999
MX-0284,Vadodara,188,0,6.5,14,1999
MX-0284,Ludhiana,9,0,1.1,5,1999
MX-0284,Agra,281,0,7.2,14,1999
MX-0284,Nashik,68,0,7.4,7,1999
MX-0284,Meerut,243,0,7.7,14,1999
MX-0284,Rajkot,380,0,5.4,21,1999
MX-0284,Varanasi,60,0,6.8,5,1999
MX-0284,Amritsar, 14 ,14,2.1,7,1999
MX-0284,Noida,35,0,2.4,5,1999
MX-0284,Gurugram,104.5,0,7.4,5,1999
MX-0284,Coimbatore,2,66,4.8,10,1999
MX-0284,Madurai,33,33,2.7,10,1999
MX-0284,Guwahati,178,0,3.1,21 days,1999
MX-0284,Mumbai City Mall,5,0,1.2,10,1999
MX-0284,Delhi City Mall,102,0,4.9,14,1999
MX-0284,Bengaluru City Mall,36,44,3.2,14,1999
MX-0284,Hyderabad City Mall,28,0,6.5,5,1999
MX-0284,Chennai City Mall,13,0,2.2,5,1999
MX-0284,Kolkata City Mall,21,0,1.4,10,1999
MX-0284,Pune City Mall,27,0,5.1,7,1999
MX-0284,Ahmedabad City Mall,58,0,2.9,7,1999
MX-0284,Jaipur City Mall,83,0,2.7,10,N/A
,Lucknow City Mall,135,0,2.9,14,1999
MX-0284,Surat City Mall,11,0,2.2,21,1999
MX-0284,Indore City Mall,214,0,7.4,10,1999
MX-0284,Nagpur City Mall, 141 ,0,5.6,10,1999
MX-0284,Kochi City Mall, 197 ,0,3.4,21,1999
MX-0284,Chandigarh City Mall,-5,0,3.1,7,1999
MX-0284,Bhopal City Mall,16,0,0.8,7,1999
MX-0284,Patna City Mall,15,21,3.6,7,1999
MX-0284,Vadodara City Mall,65,0,7.2,,1999
MX-0284,Ludhiana City Mall,12,0,6.9,7,1999
MX-0284,Agra City Mall,8,0,5.4,5,1999
MX-0285,Mumbai,1,0,1.4,5,499
MX-0285,Delhi,10,0,3.7,7,499
MX-0285,Bengaluru, 21 ,17,2.3,7,499
MX-0285,Hyderabad,11,0,7.4,5,499
MX-0285,Chennai,3,2,0.9,5,499
MX-0285,Kolkata,237,0,4.1,21,499
MX-0285,Pune,127,0,6.5,7,499
MX-0285,Ahmedabad,13,0,5.3,5,499
MX-0285,Jaipur,54,0,7.0,7,499
MX-0285,Lucknow,39,0,2.2,14,499
MX-0285,Lucknow,39,0,2.2,14,499
MX-0285,Surat,7,0,6.3,5,499
MX-0285,Indore,33,19,3.8,10,499
MX-0285,Nagpur,169,75,7.7,7,499
MX-0285,Kochi,420,0,6.5,21,499
MX-0285,Chandigarh,171,0,7.2,10,499
MX-0285,Bhopal,32,0,6.1,10,499
MX-0285,Patna,10,6,0.5,14,499
MX-0285,Vadodara,198,0,6.1,21,499
MX-0285,Ludhiana,26,0,1.7,5,499
MX-0285,Agra,400,106,5.8,21,499
MX-0285,Nashik,132,0,5.9,10,499
MX-0285,Meerut, 27 ,0,7.9,7,499
MX-0285,Rajkot,181,39,7.7,10,499
MX-0285,Varanasi,42,35,4.0,14,499
MX-0285,Amritsar,17,0,5.8,7,499
MX-0285,Noida,52,0,7.0,5,499
MX-0285,Gurugram,36,0,1.0,14,499
MX-0285,Coimbatore,24,0,0.4,21,499
MX-0285,Madurai,148,0,5.9,14,499
MX-0285,Guwahati,11.5,6,0.9,10,499
MX-0285,Mumbai City Mall,22,0,3.6,21,499
MX-0285,Delhi City Mall,2,0,1.9,5,499
MX-0285,Bengaluru City Mall,90,0,5.3,7,499
MX-0285,Hyderabad City Mall,15,0,,10,499
MX-0285,Chennai City Mall,9,-18,1.2,5,499
MX-0285,Kolkata City Mall,25,7,2.2,5,499
MX-0285,Pune City Mall,29,0,6.3,10,499
MX-0285,Ahmedabad City Mall,272,116,4.8,21,499
MX-0285,Jaipur City Mall,260,0,7.3,14,499
MX-0285,Lucknow City Mall,25,0,2.1,21,499
MX-0285,Surat City Mall,89,0,5.3,14,499
MX-0285,Indore City Mall,180,120,6.6,21,499
MX-0285,Nagpur City Mall,43,0,3.2,10,499
MX-0285,Kochi City Mall,45,22,2.6,14,499
MX-0285,Chandigarh City Mall,13,36,2.0,14,499
MX-0285,Bhopal City Mall,24,0,4.9,7,499
MX-0285,Patna City Mall,22,94,5.6,21,499
MX-0285,Vadodara City Mall,293,0,6.3,14,N/A
MX-0285,Ludhiana City Mall,0,0,2.0,14,499
MX-0285,Agra City Mall,353,0,5.0,21,499
MX-0286,Mumbai,76,26,4.1,10,999
MX-0286,Delhi,127,82,6.5,14,999
MX-0286,Bengaluru,371,0,6.5,21,999
MX-0286,Hyderabad,193,0,5.4,14,999
MX-0286,Chennai,60,0,5.5,7,999
MX-0286,Kolkata,246,54,4.1,21,999
MX-0286,Pune,8,0,0.4,7,999
MX-0286,Ahmedabad,15,0,1.3,7,999
MX-0286,Jaipur, 36 ,13,2.5,10 days,999
MX-0286,Lucknow, 55 ,0,6.6,5,999
MX-0286,Surat,162,65,3.6,21,999
MX-0286,Indore,31,0,6.4,10,999
MX-0286,Nagpur,135,0,3.0,14,999
MX-0286,Kochi, 3 ,0,0.7,14,999
MX-0286,Chandigarh,16,0,0.6,14,999
MX-0286,Bhopal,32,22,3.5,5,999
MX-0286,Patna,22,25,6.6,5,999
MX-0286,Vadodara,38,20,3.2,5,999
MX-0286,Ludhiana,54,0,4.4,5,999
MX-0286,Agra,62,0,3.8,7,999
MX-0286,Nashik,91,0,3.0,,999
MX-0286,Meerut,158,0,7.3,7,999
MX-0286,Rajkot, 36 ,0,1.1,10,999
MX-0286,Varanasi,182,0,6.6,10,999
MX-0286,Amritsar,451,0,7.1,21,999
MX-0286,Noida,67,0,7.9,5,999
MX-0286,Gurugram,150,36,4.6,10,999
MX-0286,Coimbatore,11,0,2.2,5,999
MX-0286,Madurai,20,0,1.1,10,999
MX-0286,Guwahati,375,153,5.5,21,999
MX-0286,Mumbai City Mall,6,0,1.9,5,999
MX-0286,Delhi City Mall,185,0,7.2,14,999
MX-0286,Bengaluru City Mall,93.5,0,3.3,10,999
MX-0286,Hyderabad City Mall,(3),99,6.4,21,999
MX-0286,Chennai City Mall,46,0,6.1,7,999
MX-0286,Kolkata City Mall,24,0,2.8,14,999
MX-0286,Pune City Mall,69,75,4.5,21,999
MX-0286,Ahmedabad City Mall,4,0,2.5,10,999
MX-0286,Jaipur City Mall,198,0,7.3,14,999
MX-0286,Lucknow City Mall,222,111,4.4,21,999
,Surat City Mall,106, 61 ,4.5,10,999
MX-0286,Indore City Mall,14,6,1.4,7,999
MX-0286,Nagpur City Mall,28,0,1.4,10,999
MX-0286,Kochi City Mall,14,0,1.7,21,999
MX-0286,Chandigarh City Mall,123,113,7.5,14,999
MX-0286,Bhopal City Mall,7,0,2.2,10,999
MX-0286,Patna City Mall,29,0,1.7,10,999
MX-0286,Vadodara City Mall,30,0,7.3,5,999
MX-0286,Ludhiana City Mall,234,0,7.5,10,999
MX-0286,Agra City Mall,137,53,4.3,10,999
MX-0287,Mumbai,7,10,1.5,10,999
MX-0287,Delhi, 67 ,0,7.3,10,999
MX-0287,Bengaluru,114,0,3.9,10,999
MX-0287,Hyderabad,5,2,0.4,7,999
MX-0287,Chennai, 149 ,0,5.2,14,999
MX-0287,Kolkata,47,-8,5.1,5,999
MX-0287,Pune,8,0,2.1,7,N/A
MX-0287,Pune,8,0,2.1,7,N/A
MX-0287,Ahmedabad, 281 ,0,7.2,21,999
MX-0287,Jaipur,39,0,3.0,21,999
MX-0287,Lucknow,412, 178 ,6.4,21,999
MX-0287,Surat,405,0,6.5,21,999
MX-0287,Indore,61,0,7.0,14,999
MX-0287,Nagpur,18, 25 ,5.2,7,999
MX-0287,Kochi,37,0,6.6,10,999
MX-0287,Chandigarh,401,0,6.0,21,999
MX-0287,Bhopal,7,0,1.5,7,999
MX-0287,Patna,169,31,,14,999
MX-0287,Vadodara,29,0,4.8,7,999
MX-0287,Ludhiana,6,0,3.3,5,999
MX-0287,Agra,74,17,5.0,5,999
MX-0287,Nashik,34,51,1.9,21,999
MX-0287,Meerut,24,0,1.0,10,999
MX-0287,Rajkot,106,35,6.9,5,999
MX-0287,Varanasi,32,0,2.3,5,999
MX-0287,Amritsar,95,0,7.5,7,999
MX-0287,Noida,3,0,0.8,7,999
MX-0287,Gurugram,13,0,6.9,7,999
MX-0287,Coimbatore,50,0,2.9,10,999
MX-0287,Madurai,1,45,3.7,10,999
MX-0287,Guwahati, 125 ,92,5.0,14,999
MX-0287,Mumbai City Mall,9,0,0.8,5,999
MX-0287,Delhi City Mall,54,73,4.2,14,999
MX-0287,Bengaluru City Mall,64,0,4.1,14,999
MX-0287,Hyderabad City Mall,0,0,2.9,14,999
MX-0287,Chennai City Mall,67,0,5.5,5,999
MX-0287,Kolkata City Mall,55.5,0,6.7,10,999
MX-0287,Pune City Mall,5,0,0.3,7,999
MX-0287,Ahmedabad City Mall,12,0,2.5,7 days,999
MX-0287,Jaipur City Mall,37,0,2.9,7,999
MX-0287,Lucknow City Mall,27,0,3.1,21,999
MX-0287,Surat City Mall,101,0,6.4,21,999
MX-0287,Indore City Mall,149,0,5.5,14,999
MX-0287,Nagpur City Mall,82,29,5.6,5,999
MX-0287,Kochi City Mall,284,0,5.7,,999
MX-0287,Chandigarh City Mall,5,0,1.5,7,999
MX-0287,Bhopal City Mall, 82 ,0,2.2,14,999
MX-0287,Patna City Mall,6,16,3.2,5,999
MX-0287,Vadodara City Mall,63,0,5.8,10,999
MX-0287,Ludhiana City Mall,66,17,2.9,14,999
MX-0287,Agra City Mall,82,0,7.4,10,999
MX-0288,Mumbai,25,0,2.7,14,999
MX-0288,Delhi,59,0,4.0,7,999
MX-0288,Bengaluru,147,0,3.5,14,999
MX-0288,Hyderabad,7,0,1.1,7,999
MX-0288,Chennai,67,0,6.9,7,999
MX-0288,Kolkata,41,0,1.9,7,999
MX-0288,Pune,65,0,4.3,10,999
MX-0288,Ahmedabad,224,0,3.8,21,999
MX-0288,Jaipur,8,0,4.5,5,999
MX-0288,Lucknow,379,0,7.7,21,999
MX-0288,Surat,30,0,7.1,7,999
MX-0288,Indore,11,0,6.5,7,999
MX-0288,Nagpur,127,43,4.6,10,999
MX-0288,Kochi,82,0,6.2,7,999
MX-0288,Chandigarh,73,8,3.1,7,999
MX-0288,Bhopal,289,0,6.1,21,N/A
MX-0288,Patna,142,0,2.0,21,999
MX-0288,Vadodara,311,0,6.6,14,999
MX-0288,Ludhiana,142,0,5.2,10,999
MX-0288,Agra,34,20,3.0,10,999
MX-0288,Nashik,91,34,4.1,10,999
MX-0288,Meerut,265,0,7.7,14,999
MX-0288,Rajkot,(9),0,3.6,14,999
MX-0288,Varanasi,296,0,7.9,14,999
MX-0288,Amritsar,39,0,3.1,7,999
MX-0288,Noida,262,0,5.8,21,999
MX-0288,Gurugram,92,-15,2.2,14,999
MX-0288,Coimbatore, 19 ,0,6.3,14,999
MX-0288,Madurai,36,0,1.2,14,999
MX-0288,Guwahati,3,0,0.5,5,999
MX-0288,Mumbai City Mall, 56 ,12,1.8,10,999
MX-0288,Delhi City Mall,14,10,2.1,5,999
MX-0288,Bengaluru City Mall,148,0,2.7,21,999
MX-0288,Hyderabad City Mall,70,21,3.5,10,999
MX-0288,Chennai City Mall,25,59,7.1,10,999
MX-0288,Kolkata City Mall,8,14,1.1,10,999
MX-0288,Pune City Mall,18,0,3.2,5,999
MX-0288,Ahmedabad City Mall,11,19,2.9,5,999
MX-0288,Jaipur City Mall,39.5,0,1.4,14,999
MX-0288,Lucknow City Mall,21,0,2.1,7,999
MX-0288,Surat City Mall,151,46,7.0,10,999
,Indore City Mall,140,0,4.0,14,999
MX-0288,Nagpur City Mall,1,3,0.5,10,999
MX-0288,Kochi City Mall,265,0,5.9,14,999
MX-0288,Chandigarh City Mall, 7 ,0,1.1,14,999
MX-0288,Bhopal City Mall,98,33,3.9,10,999
MX-0288,Patna City Mall,7,27,2.5,14,999
MX-0288,Vadodara City Mall,81,53,6.8,14,999
MX-0288,Ludhiana City Mall,7,6,1.6,5,999
MX-0288,Agra City Mall,10,0,,7,999
MX-0289,Mumbai, 35 ,9,1.1,10,199
MX-0289,Delhi,202,0,7.1,14,199
MX-0289,Bengaluru, 40 ,0,0.6,21,199
MX-0289,Hyderabad,7,25,3.1,7,199
MX-0289,Hyderabad,7,25,3.1,7,199
MX-0289,Chennai,22,30,4.7,5,199
MX-0289,Kolkata,12,0,0.7,14,199
MX-0289,Pune,143,0,6.5,10,199
MX-0289,Ahmedabad,45,0,2.0,7,199
MX-0289,Jaipur,111,0,2.4,21,199
MX-0289,Lucknow,21,0,1.6,5,199
MX-0289,Surat,178,88,7.9,14,199
MX-0289,Indore, 98 ,34,3.0,10,199
MX-0289,Nagpur,31,0,2.1,10,199
MX-0289,Kochi,57,32,7.2,5,199
MX-0289,Chandigarh,75,0,2.6,10,199
MX-0289,Bhopal,220,0,6.2,21,199
MX-0289,Patna,74,0,3.4,,199
MX-0289,Vadodara,5,4,0.8,7,199
MX-0289,Ludhiana,22,3,1.1,7,199
MX-0289,Agra,25,0,1.0,10,199
MX-0289,Nashik,157,0,7.7,7,199
MX-0289,Meerut,5,0,0.8,10,199
MX-0289,Rajkot,15,0,4.8,10,199
MX-0289,Varanasi,74,0,5.9,5,199
MX-0289,Amritsar,293,0,6.6,14,N/A
MX-0289,Noida,8,0,1.3,7,199
MX-0289,Gurugram,18,0,1.3,5,199
MX-0289,Coimbatore,4,0,0.4,7,199
MX-0289,Madurai,16,4,0.7,7,199
MX-0289,Guwahati,74,0,7.1,14,199
MX-0289,Mumbai City Mall,4,18,3.0,7,199
MX-0289,Delhi City Mall, 3 ,0,4.2,5,199
MX-0289,Bengaluru City Mall,58,14,6.1,5,199
MX-0289,Hyderabad City Mall,1,0,0.6,10,199
MX-0289,Chennai City Mall,179,62,2.7,21,199
MX-0289,Kolkata City Mall,15,0,1.2,10,199
MX-0289,Pune City Mall,90,0,4.4,14,199
MX-0289,Ahmedabad City Mall,1,0,1.4,5,199
MX-0289,Jaipur City Mall,217,0,6.9,14,199
MX-0289,Lucknow City Mall,32,0,0.7,21,199
MX-0289,Surat City Mall,172,0,7.7,10,199
MX-0289,Indore City Mall,263.5,56,7.6,14,199
MX-0289,Nagpur City Mall,161,0,4.8,21,199
MX-0289,Kochi City Mall,4,0,0.6,14,199
MX-0289,Chandigarh City Mall,59,64,5.0,14,199
MX-0289,Bhopal City Mall,105,0,5.3,14,199
MX-0289,Patna City Mall,102,0,6.2,10,199
MX-0289,Vadodara City Mall,61,-12,2.1,10,199
MX-0289,Ludhiana City Mall,18,0,7.0,10,199
MX-0289,Agra City Mall,115,0,8.0,10,199
MX-0290,Mumbai,75,0,7.9,5,3999
MX-0290,Delhi, 3 ,0,7.1,10,3999
MX-0290,Bengaluru,33,0,2.7,5,3999
MX-0290,Hyderabad,5,6,0.8,7,3999
MX-0290,Chennai,255,0,7.9,21,3999
MX-0290,Kolkata,41,0,2.0,10,3999
MX-0290,Pune,98,0,3.5,21,3999
MX-0290,Ahmedabad,129,49,3.0,14,3999
MX-0290,Jaipur,13,4,1.8,5,3999
MX-0290,Lucknow,23,19,2.8,10,3999
MX-0290,Surat,93,0,1.6,21,3999
MX-0290,Indore,-3,89,3.5,21,3999
MX-0290,Nagpur,43,0,6.8,21,3999
MX-0290,Kochi,64,31,6.2,5,3999
MX-0290,Chandigarh,105,0,6.2,10,3999
MX-0290,Bhopal,320,0,6.2,21,3999
MX-0290,Patna,2,0,1.2,7,3999
MX-0290,Vadodara,1,0,0.6,14,3999
MX-0290,Ludhiana,73,0,3.7,10,3999
MX-0290,Agra,14,0,0.5,14,3999
MX-0290,Nashik,37,0,0.8,21,3999
MX-0290,Meerut,21,0,4.4,7,3999
MX-0290,Rajkot,112,0,3.0,14,3999
MX-0290,Varanasi,2,27,4.0,5,3999
MX-0290,Amritsar,41,0,6.1,7,3999
MX-0290,Noida, 65 ,0,4.7,5,3999
MX-0290,Gurugram,0,63,3.4,14,3999
MX-0290,Coimbatore,47,16,2.4,14,3999
MX-0290,Madurai,91,0,2.8,14,3999
MX-0290,Guwahati, 127 ,0,7.7,7,3999
MX-0290,Mumbai City Mall,24,0,1.0,14,3999
MX-0290,Delhi City Mall,8,0,0.5,21,3999
MX-0290,Bengaluru City Mall,4,13,,21,3999
MX-0290,Hyderabad City Mall,304,0,7.2,21,N/A
MX-0290,Chennai City Mall,86,46,4.4,10,3999
MX-0290,Kolkata City Mall,4,0,2.4,5,3999
MX-0290,Pune City Mall, 77 ,0,3.6,14,3999
MX-0290,Ahmedabad City Mall, 149 ,62,7.3,10,3999
MX-0290,Jaipur City Mall,97,0,5.0,7,3999
MX-0290,Lucknow City Mall,125,30,4.4,,3999
MX-0290,Surat City Mall,5,0,6.6,5,3999
MX-0290,Indore City Mall,29,9,3.0,5,3999
,Nagpur City Mall,422,0,7.8,21,3999
MX-0290,Kochi City Mall,112,0,6.1,7,3999
MX-0290,Chandigarh City Mall,103.5,0,6.2,5,3999
MX-0290,Bhopal City Mall,27,8,1.6,10 days,3999
MX-0290,Patna City Mall,36,0,0.6,21,3999
MX-0290,Vadodara City Mall, 31 ,0,3.4,7,3999
MX-0290,Ludhiana City Mall,109,0,2.0,21,3999
MX-0290,Agra City Mall,43,22,4.0,7,3999
MX-0291,Mumbai,3,31,5.0,5,499
MX-0291,Mumbai,3,31,5.0,5,499
MX-0291,Delhi, 107 ,41,7.0,5,499
MX-0291,Bengaluru,7,0,1.4,7,499
MX-0291,Hyderabad,150,0,7.9,7,499
MX-0291,Chennai,22,0,6.4,10,499
MX-0291,Kolkata,132,41,5.7,14,499
MX-0291,Pune, 24 ,62,7.9,7,499
MX-0291,Ahmedabad,95,0,3.1,10,499
MX-0291,Jaipur, 40 ,0,6.7,5,499
MX-0291,Lucknow,26,0,6.0,21,499
MX-0291,Surat,90,0,5.3,10,499
MX-0291,Indore,75,83,4.3,14,499
MX-0291,Nagpur, 44 ,24,2.3,14,499
MX-0291,Kochi,129,0,4.1,14,499
MX-0291,Chandigarh,42,0,2.6,7,499
MX-0291,Bhopal,311,0,7.0,21,499
MX-0291,Patna,4,0,5.5,10,499
MX-0291,Vadodara,362,0,6.4,21,499
MX-0291,Ludhiana,1,-6,3.3,5,499
MX-0291,Agra,35,63,2.2,21,499
MX-0291,Nashik,66,0,2.6,21,499
MX-0291,Meerut,151,0,2.5,21,499
MX-0291,Rajkot,101,0,7.4,5,499
MX-0291,Varanasi,50,0,5.8,14,499
MX-0291,Amritsar,99,0,6.7,7,499
MX-0291,Noida,21,0,1.3,5,499
MX-0291,Gurugram,103,69,3.7,21,499
MX-0291,Coimbatore, 85 ,0,3.0,14,499
MX-0291,Madurai,9, 6 ,1.5,5,499
MX-0291,Guwahati,5,0,4.5,14,499
MX-0291,Mumbai City Mall,157,0,7.1,14,499
MX-0291,Delhi City Mall,94,0,2.4,21,499
MX-0291,Bengaluru City Mall,72,0,7.3,7,499
MX-0291,Hyderabad City Mall,24,0,0.8,14,499
MX-0291,Chennai City Mall,159,0,4.3,21,499
MX-0291,Kolkata City Mall,94,0,2.8,10,499
MX-0291,Pune City Mall,131,0,6.7,21,499
MX-0291,Ahmedabad City Mall,31,14,3.5,5,499
MX-0291,Jaipur City Mall,6,0,2.2,10,499
MX-0291,Lucknow City Mall,23,0,2.1,14,499
MX-0291,Surat City Mall, 82 ,0,6.7,5,499
MX-0291,Indore City Mall,23,0,1.0,7,499
MX-0291,Nagpur City Mall,2,0,6.7,10,N/A
MX-0291,Kochi City Mall,230,0,6.8,21,499
MX-0291,Chandigarh City Mall,243,0,5.2,14,499
MX-0291,Bhopal City Mall,326,0,6.9,14,499
MX-0291,Patna City Mall,13,0,2.3,10,499
MX-0291,Vadodara City Mall,18.5,18,2.5,7,499
MX-0291,Ludhiana City Mall,128,0,3.1,14,499
MX-0291,Agra City Mall,128,0,5.0,14,499
MX-0292,Mumbai,(3),0,5.8,7,3999
MX-0292,Delhi,46,0,4.4,14,3999
MX-0292,Bengaluru,61,0,7.0,10,3999
MX-0292,Hyderabad,66,0,5.1,7,3999
MX-0292,Chennai,61,0,4.2,7,3999
MX-0292,Kolkata, 34 ,0,3.3,14,3999
MX-0292,Pune,63,27,4.7,5,3999
MX-0292,Ahmedabad,65,28,2.7,14,3999
MX-0292,Jaipur,36,11,4.4,5,3999
MX-0292,Lucknow,134,0,2.9,14,3999
MX-0292,Surat, 5 ,30,2.0,14,3999
MX-0292,Indore,26,0,2.3,14,3999
MX-0292,Nagpur,26,0,2.3,,3999
MX-0292,Kochi,68,0,5.1,10,3999
MX-0292,Chandigarh,21,6,0.5,14,3999
MX-0292,Bhopal,60,0,,14,3999
MX-0292,Patna,51,7,3.5,5,3999
MX-0292,Vadodara,199,0,4.4,14,3999
MX-0292,Ludhiana,22,0,2.8,5,3999
MX-0292,Agra,369,0,5.4,21,3999
MX-0292,Nashik,8,3,0.8,10,3999
MX-0292,Meerut, 43 ,0,3.7,7,3999
MX-0292,Rajkot, 105 ,37,6.5,5,3999
MX-0292,Varanasi,233,0,6.8,14,3999
MX-0292,Amritsar,175,0,5.3,10 days,3999
MX-0292,Noida,8,0,5.7,5,3999
MX-0292,Gurugram,29,8,1.6,7,3999
MX-0292,Coimbatore,52,0,3.3,5,3999
MX-0292,Madurai,25,0,1.1,21,3999
MX-0292,Guwahati,99,0,5.5,7,3999
MX-0292,Mumbai City Mall,128,0,6.0,21,3999
MX-0292,Delhi City Mall,9,0,3.0,10,3999
MX-0292,Bengaluru City Mall,29,53,3.3,14,3999
MX-0292,Hyderabad City Mall,171,0,6.3,14,3999
MX-0292,Chennai City Mall,39,0,2.9,7,3999
MX-0292,Kolkata City Mall,72,0,4.3,7,3999
MX-0292,Pune City Mall,131,0,6.3,21,3999
MX-0292,Ahmedabad City Mall,19,0,6.4,7,3999
MX-0292,Jaipur City Mall,78,0,4.2,10,3999
MX-0292,Lucknow City Mall,69,-12,4.0,7,3999
MX-0292,Surat City Mall,139,0,3.7,21,3999
MX-0292,Indore City Mall,4,0,1.3,21,3999
MX-0292,Nagpur City Mall,268,65,6.7,21,3999
,Kochi City Mall,36,0,5.6,5,3999
MX-0292,Chandigarh City Mall,63,0,5.9,14,3999
MX-0292,Bhopal City Mall,27,0,6.6,5,3999
MX-0292,Patna City Mall,11,0,1.5,7,3999
MX-0292,Vadodara City Mall,164,162,7.2,21,3999
MX-0292,Vadodara City Mall,164,162,7.2,21,3999
MX-0292,Ludhiana City Mall,90,0,5.8,10,3999
MX-0292,Agra City Mall,64,52,7.7,5,3999
MX-0293,Mumbai,291.5,0,5.2,21,499
MX-0293,Delhi,43,0,1.0,14,N/A
MX-0293,Bengaluru,71,0,1.6,14,499
MX-0293,Hyderabad,16,4,1.3,7,499
MX-0293,Chennai,53,0,5.1,5,499
MX-0293,Kolkata,191,39,5.2,14,499
MX-0293,Pune,157,143,6.8,21,499
MX-0293,Ahmedabad,65,0,7.8,7,499
MX-0293,Jaipur,39,0,3.5,5,499
MX-0293,Lucknow,179,0,7.3,14,499
MX-0293,Surat,68,25,2.2,21,499
MX-0293,Indore,249, 120 ,7.4,14,499
MX-0293,Nagpur,114,40,7.5,5,499
MX-0293,Kochi, 20 ,0,1.1,10,499
MX-0293,Chandigarh,162,47,4.5,14,499
MX-0293,Bhopal,8,0,0.4,10,499
MX-0293,Patna,257, 145 ,7.7,21,499
MX-0293,Vadodara,11,0,0.8,5,499
MX-0293,Ludhiana,284,0,4.4,21,499
MX-0293,Agra,70,0,7.0,10,499
MX-0293,Nashik,51,0,4.1,5,499
MX-0293,Meerut,53,0,6.1,7,499
MX-0293,Rajkot,122,0,5.0,10,499
MX-0293,Varanasi,204,0,3.0,21,499
MX-0293,Amritsar,412,0,6.8,21,499
MX-0293,Noida,38,0,3.9,5,499
MX-0293,Gurugram,134,0,7.0,7,499
MX-0293,Coimbatore,63,0,6.7,14,499
MX-0293,Madurai,32,18,1.8,14,499
MX-0293,Guwahati,127,0,7.8,10,499
MX-0293,Mumbai City Mall, 3 ,0,1.8,5,499
MX-0293,Delhi City Mall,3,0,1.3,7,499
MX-0293,Bengaluru City Mall,98,0,2.3,21,499
MX-0293,Hyderabad City Mall,2,0,0.7,10,499
MX-0293,Chennai City Mall, 54 ,27,1.5,21,499
MX-0293,Kolkata City Mall,22,54,3.9,,499
MX-0293,Pune City Mall,1,0,5.6,5,499
MX-0293,Ahmedabad City Mall,89,0,4.4,14,499
MX-0293,Jaipur City Mall,47,0,6.9,7,499
MX-0293,Lucknow City Mall,(7),0,6.7,10,499
MX-0293,Surat City Mall, 61 ,0,2.7,10,499
MX-0293,Indore City Mall,21,0,1.0,10,499
MX-0293,Nagpur City Mall,3,0,4.6,14,499
MX-0293,Kochi City Mall,3,8,2.9,5,499
MX-0293,Chandigarh City Mall,36,0,3.2,14,499
MX-0293,Bhopal City Mall, 85 ,33,6.0,5,499
MX-0293,Patna City Mall,55,0,1.0,21,499
MX-0293,Vadodara City Mall,15,0,0.3,21,499
MX-0293,Ludhiana City Mall,22,0,,5,499
MX-0293,Agra City Mall,3,104,6.5,14,499
MX-0294,Mumbai,3,0,1.7,10,999
MX-0294,Delhi,101,0,3.4,10,999
MX-0294,Bengaluru,130,0,4.2,21,999
MX-0294,Hyderabad,68.5,9,1.1,21 days,999
MX-0294,Chennai,0,0,2.6,14,999
MX-0294,Kolkata,129,0,6.7,14,999
MX-0294,Pune,22,82,6.7,14,999
MX-0294,Ahmedabad,218,0,7.5,21,999
MX-0294,Jaipur,58,0,4.1,7,999
MX-0294,Lucknow,142,0,7.7,7,999
MX-0294,Surat,43,-2,2.4,14,N/A
MX-0294,Indore,20,0,1.4,7,999
MX-0294,Nagpur,32,0,0.7,14,999
MX-0294,Kochi,73,76,3.6,21,999
MX-0294,Chandigarh,55,0,0.8,21,999
MX-0294,Bhopal,31,39,3.7,14,999
MX-0294,Patna,91,0,7.6,5,999
MX-0294,Vadodara,17,0,1.6,14,999
MX-0294,Ludhiana,4,0,5.6,7,999
MX-0294,Agra,5,0,7.4,7,999
MX-0294,Nashik,160,91,5.5,21,999
MX-0294,Meerut,176,0,5.9,10,999
MX-0294,Rajkot,351,0,7.3,21,999
MX-0294,Varanasi,244,0,4.2,21,999
MX-0294,Amritsar,516,0,7.8,21,999
MX-0294,Noida,10,16,3.3,5,999
MX-0294,Gurugram,6,0,3.9,7,999
MX-0294,Coimbatore,467,0,7.7,21,999
MX-0294,Madurai,130,0,6.0,21,999
MX-0294,Guwahati,54,0,5.4,5,999
MX-0294,Mumbai City Mall,383,0,6.6,21,999
MX-0294,Delhi City Mall,32,0,3.5,21,999
MX-0294,Bengaluru City Mall,64,15,6.7,5,999
MX-0294,Hyderabad City Mall,53,0,3.9,21,999
MX-0294,Chennai City Mall, 49 ,0,1.8,10,999
MX-0294,Kolkata City Mall,54,19,3.6,10,999
MX-0294,Pune City Mall,155,0,5.3,14,999
MX-0294,Ahmedabad City Mall,18,25,6.0,7,999
MX-0294,Jaipur City Mall,43,0,3.6,10,999
MX-0294,Lucknow City Mall,113,0,5.1,21,999
MX-0294,Surat City Mall,47,0,1.4,14,999
MX-0294,Indore City Mall,11,9,2.2,7,999
MX-0294,Nagpur City Mall,18,0,2.4,10,999
MX-0294,Kochi City Mall,296,0,6.4,21,999
,Chandigarh City Mall,9,0,0.8,14,999
,Chandigarh City Mall,9,0,0.8,14,999
MX-0294,Bhopal City Mall,74,0,7.9,7,999
MX-0294,Patna City Mall,120,25,6.0,10,999
MX-0294,Vadodara City Mall,311,0,5.0,21,999
MX-0294,Ludhiana City Mall,174,0,5.5,10,999
MX-0294,Agra City Mall,2,0,5.1,10,999
MX-0295,Mumbai,110,0,1.6,21,3999
MX-0295,Delhi,65,0,6.8,14,3999
MX-0295,Bengaluru,0,0,0.2,21,3999
MX-0295,Hyderabad,84,0,7.9,7,3999
MX-0295,Chennai, 43 ,0,2.9,5,3999
MX-0295,Kolkata,66,25,2.3,14,3999
MX-0295,Pune,119.5,0,4.6,14,3999
MX-0295,Ahmedabad,19,0,5.8,10,3999
MX-0295,Jaipur,93,0,5.7,,3999
MX-0295,Lucknow,56,0,3.6,21,3999
MX-0295,Surat,16,0,5.2,14,3999
MX-0295,Indore,16,0,1.1,5,3999
MX-0295,Nagpur,40,0,6.4,7,3999
MX-0295,Kochi,7,21,3.3,5,3999
MX-0295,Chandigarh,334,161,6.3,21,3999
MX-0295,Bhopal,260,0,4.0,21,3999
MX-0295,Patna,58,0,2.9,10,3999
MX-0295,Vadodara,61,0,1.9,14,3999
MX-0295,Ludhiana,20,0,1.1,7,3999
MX-0295,Agra,1,33,5.3,5,N/A
MX-0295,Nashik,53,20,1.5,14,3999
MX-0295,Meerut,102,43,5.0,14,3999
MX-0295,Rajkot,122,0,6.2,7,3999
MX-0295,Varanasi,6,18,1.1,14,3999
MX-0295,Amritsar,64,0,3.1,7,3999
MX-0295,Noida,327,0,7.1,21,3999
MX-0295,Gurugram,280,0,6.6,14,3999
MX-0295,Coimbatore,106,0,5.1,7,3999
MX-0295,Madurai,-6,0,1.9,7,3999
MX-0295,Guwahati,29,0,2.2,7,3999
MX-0295,Mumbai City Mall,293,0,8.0,14,3999
MX-0295,Delhi City Mall,193,-18,,10,3999
MX-0295,Bengaluru City Mall,44,25,4.2,5 days,3999
MX-0295,Hyderabad City Mall,266,0,3.8,21,3999
MX-0295,Chennai City Mall,38,0,6.5,7,3999
MX-0295,Kolkata City Mall,71,0,6.2,7,3999
MX-0295,Pune City Mall,302,0,6.4,14,3999
MX-0295,Ahmedabad City Mall,88,0,6.0,5,3999
MX-0295,Jaipur City Mall,147,0,7.5,14,3999
MX-0295,Lucknow City Mall,383,0,7.7,21,3999
MX-0295,Surat City Mall,133,79,6.1,14,3999
MX-0295,Indore City Mall,13,0,4.0,7,3999
MX-0295,Nagpur City Mall,5,0,0.3,7,3999
MX-0295,Kochi City Mall,25,0,6.0,5,3999
MX-0295,Chandigarh City Mall,25, 12 ,0.5,21,3999
MX-0295,Bhopal City Mall,172,63,3.3,21,3999
MX-0295,Patna City Mall,62,0,3.0,14,3999
MX-0295,Vadodara City Mall,35,0,1.7,7,3999
MX-0295,Ludhiana City Mall,147,0,6.7,14,3999
MX-0295,Agra City Mall,176,89,4.6,14,3999
MX-0296,Mumbai,182,0,5.6,14,199
MX-0296,Delhi,248,0,5.9,14,199
MX-0296,Bengaluru,46,0,5.1,10,199
MX-0296,Hyderabad,31,0,5.6,10,199
MX-0296,Chennai,214,0,5.9,14,199
MX-0296,Kolkata,133,34,7.0,10,199
MX-0296,Pune,10,0,3.5,5,199
MX-0296,Ahmedabad,4,0,0.5,5,199
MX-0296,Jaipur,147,68,7.9,7,199
MX-0296,Lucknow,105.5,0,5.8,7,199
MX-0296,Surat,112,0,7.2,21,199
MX-0296,Indore,5,0,7.5,10,199
MX-0296,Nagpur,26,0,2.0,7,199
MX-0296,Kochi,12,0,0.7,10,199
MX-0296,Chandigarh,249,0,7.6,10,199
MX-0296,Bhopal,203,0,6.6,10,199
MX-0296,Patna,53,0,4.6,7,199
MX-0296,Vadodara,92,0,4.0,14,199
MX-0296,Ludhiana,8,0,4.5,10,199
MX-0296,Agra,131,39,7.0,7,199
MX-0296,Nashik,153,70,6.3,21,199
MX-0296,Meerut,123,0,5.8,14,199
MX-0296,Rajkot,64,0,3.5,7,199
MX-0296,Varanasi,179,0,5.8,10,199
MX-0296,Amritsar,27,0,2.6,5,199
MX-0296,Noida,92,0,3.9,21,199
MX-0296,Gurugram,25,0,2.1,21,199
MX-0296,Coimbatore,90,0,6.7,10,199
MX-0296,Madurai,77,0,7.1,5,N/A
MX-0296,Guwahati,50,0,5.8,10,199
MX-0296,Mumbai City Mall,0,0,0.4,10,199
MX-0296,Delhi City Mall,0,0,0.4,,199
MX-0296,Bengaluru City Mall,12,0,1.6,10,199
MX-0296,Hyderabad City Mall,21,0,2.4,5,199
MX-0296,Chennai City Mall, 99 ,42,5.7,7,199
MX-0296,Kolkata City Mall, 43 ,0,4.1,7,199
MX-0296,Pune City Mall,2,0,6.2,5,199
MX-0296,Ahmedabad City Mall,1,0,1.2,10,199
MX-0296,Jaipur City Mall,9,0,1.1,7,199
MX-0296,Lucknow City Mall,11,0,7.2,14,199
MX-0296,Surat City Mall,21,0,1.3,10,199
MX-0296,Indore City Mall,96,0,2.4,21,199
MX-0296,Indore City Mall,96,0,2.4,21,199
MX-0296,Nagpur City Mall, 171 ,0,3.5,21,199
MX-0296,Kochi City Mall,6,3,0.4,10,199
MX-0296,Chandigarh City Mall,191,0,6.6,10,199
,Bhopal City Mall,37,68,7.7,7,199
MX-0296,Patna City Mall,8,0,2.3,5,199
MX-0296,Vadodara City Mall,131,0,6.6,21,199
MX-0296,Ludhiana City Mall,117,0,3.5,21,199
MX-0296,Agra City Mall,48,0,4.3,7,199
MX-0297,Mumbai,49,0,4.6,5,199
MX-0297,Delhi,46,0,1.4,21,199
MX-0297,Bengaluru,65,-9,3.2,7,199
MX-0297,Hyderabad,67,38,4.0,7,199
MX-0297,Chennai,17,0,2.4,10,199
MX-0297,Kolkata,50,0,7.9,5,199
MX-0297,Pune,27,40,3.7,14,199
MX-0297,Ahmedabad,101,26,4.6,14,199
MX-0297,Jaipur,20,24,1.8,21,199
MX-0297,Lucknow,29,0,5.9,7,199
MX-0297,Surat,350,0,6.7,21,199
MX-0297,Indore,8,0,3.3,10 days,199
MX-0297,Nagpur,280.5,0,7.0,14,199
MX-0297,Kochi,14,0,0.5,14,199
MX-0297,Chandigarh,19,20,,7,199
MX-0297,Bhopal,74,0,2.9,14,199
MX-0297,Patna,103,27,6.1,5,199
MX-0297,Vadodara,(8),0,3.3,14,199
MX-0297,Ludhiana,79,0,6.2,5,199
MX-0297,Agra,134,0,7.5,7,199
MX-0297,Nashik,3,0,4.3,7,199
MX-0297,Meerut,213,90,6.3,14,199
MX-0297,Rajkot,312,0,6.6,14,199
MX-0297,Varanasi,8,0,1.4,21,199
MX-0297,Amritsar,20,0,0.6,21,199
MX-0297,Noida,7,3,0.9,5,199
MX-0297,Gurugram,242,0,6.3,21,199
MX-0297,Coimbatore,137,0,4.9,21,199
MX-0297,Madurai,28,0,5.5,5,199
MX-0297,Guwahati, 24 ,0,5.1,7,199
MX-0297,Mumbai City Mall,75,0,5.1,14,199
MX-0297,Delhi City Mall,2,0,5.1,10,199
MX-0297,Bengaluru City Mall,49,0,5.5,7,199
MX-0297,Hyderabad City Mall,29,0,4.0,7,199
MX-0297,Chennai City Mall,5,24,0.9,21,199
MX-0297,Kolkata City Mall,4,0,3.9,21,199
MX-0297,Pune City Mall,49,10,3.8,5,199
MX-0297,Ahmedabad City Mall,27,0,0.6,14,N/A
MX-0297,Jaipur City Mall,315,0,6.9,21,199
MX-0297,Lucknow City Mall,4,13,2.7,5,199
MX-0297,Surat City Mall,124,0,4.2,21,199
MX-0297,Indore City Mall,250,0,5.1,21,199
MX-0297,Nagpur City Mall,18,0,1.0,7,199
MX-0297,Kochi City Mall,41,49,4.4,10,199
MX-0297,Chandigarh City Mall,58,0,7.2,5,199
MX-0297,Bhopal City Mall,110,56,4.9,10,199
MX-0297,Patna City Mall,165,60,5.9,10,199
MX-0297,Vadodara City Mall,74,0,4.2,14,199
MX-0297,Ludhiana City Mall,15,0,4.4,5,199
MX-0297,Agra City Mall,1,0,1.1,7,199
MX-0298,Mumbai,1,0,2.3,5,499
MX-0298,Delhi,130,34,5.5,7,499
MX-0298,Bengaluru,5,21,1.3,14,499
MX-0298,Hyderabad,86,0,4.0,7,499
MX-0298,Chennai,51,17,3.2,,499
MX-0298,Kolkata,8,0,0.9,7,499
MX-0298,Pune,11,6,0.5,14,499
MX-0298,Ahmedabad, 56 ,57,6.9,7,499
MX-0298,Jaipur,75,0,6.5,5,499
MX-0298,Lucknow,27,0,4.5,10,499
MX-0298,Surat,37,0,0.6,21,499
MX-0298,Indore,0,0,4.0,14,499
MX-0298,Nagpur,92,0,6.0,7,499
MX-0298,Kochi,245,36,3.7,21,499
MX-0298,Chandigarh,10,53,6.5,7,499
MX-0298,Bhopal,168.5,0,7.5,7,499
MX-0298,Patna,13,0,4.8,5,499
MX-0298,Vadodara,89,0,3.8,7,499
MX-0298,Ludhiana,221,0,7.3,10,499
MX-0298,Agra, 58 ,0,3.6,14,499
MX-0298,Nashik,14,0,0.6,7,499
MX-0298,Meerut,191,0,6.6,10,499
MX-0298,Rajkot,8,0,1.4,10,499
MX-0298,Varanasi,81,-6,5.8,10,499
MX-0298,Amritsar,71,0,3.8,7,499
MX-0298,Noida,0,0,0.3,10,499
MX-0298,Gurugram,260,0,6.6,14,499
MX-0298,Coimbatore,75,73,2.6,21,499
MX-0298,Madurai,54,0,3.7,10,499
MX-0298,Guwahati,2,0,4.6,7,499
MX-0298,Mumbai City Mall, 33 ,0,4.8,10,499
MX-0298,Delhi City Mall,336,0,7.7,14,499
MX-0298,Bengaluru City Mall,39,0,5.3,10,499
MX-0298,Hyderabad City Mall,29,0,1.3,14,499
MX-0298,Chennai City Mall,32,0,0.9,21,499
MX-0298,Kolkata City Mall,84,31,3.2,10,499
MX-0298,Pune City Mall,29,27,5.2,5,499
MX-0298,Ahmedabad City Mall,28,0,3.8,7,499
MX-0298,Jaipur City Mall,160,58,4.8,10,499
MX-0298,Jaipur City Mall,160,58,4.8,10,499
MX-0298,Lucknow City Mall,9,0,2.2,7,499
MX-0298,Surat City Mall,74,0,3.8,10 days,499
MX-0298,Indore City Mall,111,0,3.2,14,499
MX-0298,Nagpur City Mall,1,6,1.3,5,499
MX-0298,Kochi City Mall,15,6,1.9,7,499
MX-0298,Chandigarh City Mall,53,0,3.2,10,499
MX-0298,Bhopal City Mall,34,18,5.1,5,499
,Patna City Mall,50,0,3.7,5,N/A
MX-0298,Vadodara City Mall,88,0,,10,499
MX-0298,Ludhiana City Mall, 96 ,0,2.3,21,499
MX-0298,Agra City Mall, 8 ,0,0.8,21,499
MX-0299,Mumbai,18,35,6.5,7,499
MX-0299,Delhi,16,0,0.9,14,499
MX-0299,Bengaluru,125,23,2.7,21,499
MX-0299,Hyderabad,340,0,6.8,21,499
MX-0299,Chennai,430,0,7.5,21,499
MX-0299,Kolkata,0,1,0.7,5,499
MX-0299,Pune,-5,0,2.6,21,499
MX-0299,Ahmedabad,30,0,5.8,7,499
MX-0299,Jaipur,64,0,7.8,10,499
MX-0299,Lucknow,284,129,6.2,21,499
MX-0299,Surat,311,0,7.2,21,499
MX-0299,Indore, 159 ,0,6.4,14,499
MX-0299,Nagpur,59,0,3.7,5,499
MX-0299,Kochi,43,0,7.3,7,499
MX-0299,Chandigarh,198,44,3.9,21,499
MX-0299,Bhopal,137,64,6.5,10,499
MX-0299,Patna,0,0,0.5,14,499
MX-0299,Vadodara,118,0,3.5,14,499
MX-0299,Ludhiana,80.5,0,6.0,7,499
MX-0299,Agra,29,0,2.2,5,499
MX-0299,Nashik,17,0,0.8,14,499
MX-0299,Meerut,85,0,2.1,14,499
MX-0299,Rajkot,9,0,2.3,5,499
MX-0299,Varanasi,34,0,2.6,5,499
MX-0299,Amritsar,28,0,1.2,10,499
MX-0299,Noida,229,0,7.0,10,499
MX-0299,Gurugram,12,0,3.8,5,499
MX-0299,Coimbatore,127,0,5.8,,499
MX-0299,Madurai,117,0,6.6,21,499
MX-0299,Guwahati,21,0,4.7,7,499
MX-0299,Mumbai City Mall,167,0,6.9,21,499
MX-0299,Delhi City Mall,80,0,4.7,7,499
MX-0299,Bengaluru City Mall,58,0,4.5,7,499
MX-0299,Hyderabad City Mall,44,0,4.1,10,499
MX-0299,Chennai City Mall,2,0,7.7,5,499
MX-0299,Kolkata City Mall,69,0,7.6,5,499
MX-0299,Pune City Mall, 9 ,6,1.9,7,499
MX-0299,Ahmedabad City Mall,70,64,6.8,10,499
MX-0299,Jaipur City Mall,126, 62 ,5.3,10,499
MX-0299,Lucknow City Mall,5,0,7.0,14,499
MX-0299,Surat City Mall, 14 ,4,0.4,14,499
MX-0299,Indore City Mall,105,23,1.7,21,499
MX-0299,Nagpur City Mall,4,4,1.9,5,499
MX-0299,Kochi City Mall,7,0,5.6,7,499
MX-0299,Chandigarh City Mall,9,-2,7.8,10,499
MX-0299,Bhopal City Mall,17,0,0.6,10,499
MX-0299,Patna City Mall, 86 ,0,6.2,21,499
MX-0299,Vadodara City Mall,23,0,0.8,14,499
MX-0299,Ludhiana City Mall,265,0,7.6,14,499
MX-0299,Agra City Mall,19,0,2.2,14,499
MX-0300,Mumbai,73,0,3.6,7,499
MX-0300,Delhi,106,0,6.2,7,499
MX-0300,Bengaluru,14,0,6.0,14,499
MX-0300,Hyderabad,13,0,0.6,21,499
MX-0300,Chennai,3,0,2.2,10,499
MX-0300,Kolkata,99,0,7.5,10,N/A
MX-0300,Pune, 353 ,0,6.7,21,499
MX-0300,Ahmedabad,22,0,3.2,10,499
MX-0300,Jaipur,34,45,3.3,21,499
MX-0300,Lucknow,153,59,3.7,14,499
MX-0300,Surat,7,0,1.1,14,499
MX-0300,Indore, 39 ,26,3.9,7,499
MX-0300,Nagpur,209,38,4.5,21,499
MX-0300,Kochi,104,0,7.6,10,499
MX-0300,Chandigarh,233,0,7.5,10,499
MX-0300,Bhopal,46,0,2.2,7,499
MX-0300,Patna,8,42,7.4,5,499
MX-0300,Vadodara,181,0,6.0,10,499
MX-0300,Ludhiana,51,0,1.1,14,499
MX-0300,Agra,33,19,1.8,21 days,499
MX-0300,Nashik,19,0,5.8,5,499
MX-0300,Meerut,12.5, 6 ,0.9,10,499
MX-0300,Rajkot,13,0,0.5,14,499
MX-0300,Varanasi,4,0,0.3,7,499
MX-0300,Amritsar,34,4,1.1,10,499
MX-0300,Noida,36,0,4.3,5,499
MX-0300,Gurugram,63,12,3.8,5,499
MX-0300,Coimbatore,15,2,0.5,14,499
MX-0300,Madurai,72,0,6.6,10,499
MX-0300,Guwahati,32,0,1.0,21,499
MX-0300,Mumbai City Mall,152,0,,10,499
MX-0300,Delhi City Mall,99,0,4.6,10,499
MX-0300,Bengaluru City Mall,131,0,6.8,7,499
MX-0300,Hyderabad City Mall,87,0,6.2,7,499
MX-0300,Chennai City Mall,108,0,2.4,14,499
MX-0300,Kolkata City Mall,47,0,3.0,14,499
MX-0300,Kolkata City Mall,47,0,3.0,14,499
MX-0300,Pune City Mall,20,0,0.9,10,499
MX-0300,Ahmedabad City Mall,7,0,0.4,10,499
MX-0300,Jaipur City Mall,218,0,5.1,14,499
MX-0300,Lucknow City Mall,51,0,4.3,10,499
MX-0300,Surat City Mall,140,108,7.1,14,499
MX-0300,Indore City Mall,24,61,5.5,10,499
MX-0300,Nagpur City Mall,16,0,6.3,7,499
MX-0300,Kochi City Mall,40,74,6.1,10,499
MX-0300,Chandigarh City Mall,76,0,5.2,5,499
MX-0300,Bhopal City Mall,(6),0,4.5,10,499
MX-0300,Patna City Mall,125,71,5.9,10,499
,Vadodara City Mall,25,0,1.9,5,499
MX-0300,Ludhiana City Mall,416,0,6.4,21,499
MX-0300,Agra City Mall,14,0,2.3,5,499
MX-0301,Mumbai,31,31,3.5,,3999
MX-0301,Delhi,369,0,6.1,21,3999
MX-0301,Bengaluru, 94 ,0,4.6,21,3999
MX-0301,Hyderabad,308,84,6.7,21,3999
MX-0301,Chennai,102,0,5.6,21,3999
MX-0301,Kolkata,35,0,4.6,7,3999
MX-0301,Pune, 12 ,0,0.6,7,3999
MX-0301,Ahmedabad,15,0,1.8,5,3999
MX-0301,Jaipur,50,0,6.2,5,3999
MX-0301,Lucknow,4,0,2.3,7,3999
MX-0301,Surat,193,0,3.6,21,3999
MX-0301,Indore, 42 ,0,3.8,7,3999
MX-0301,Nagpur,18,15,4.5,5,3999
MX-0301,Kochi,32,10,1.0,14,3999
MX-0301,Chandigarh, 155 ,0,6.3,10,N/A
MX-0301,Bhopal,186,-1,7.9,21,3999
MX-0301,Patna,152,51,7.0,7,3999
MX-0301,Vadodara,7,2,1.0,5,3999
MX-0301,Ludhiana,70,0,7.5,5,3999
MX-0301,Agra, 33 ,0,4.3,14,3999
MX-0301,Nashik,140,0,5.9,21,3999
MX-0301,Meerut,28,0,2.7,21,3999
MX-0301,Rajkot,13,0,0.9,7,3999
MX-0301,Varanasi,31,0,3.3,5,3999
MX-0301,Amritsar,22.5,0,0.5,14,3999
MX-0301,Noida,14,0,1.0,5,3999
MX-0301,Gurugram,16,0,3.7,7,3999
MX-0301,Coimbatore,142,0,7.7,10,3999
MX-0301,Madurai, 12 ,0,1.5,5,3999
MX-0301,Guwahati,41,0,2.1,14,3999
MX-0301,Mumbai City Mall,44,0,3.2,5,3999
MX-0301,Delhi City Mall,98,0,4.1,14,3999
MX-0301,Bengaluru City Mall,41,0,6.7,7,3999
MX-0301,Hyderabad City Mall,23,0,2.1,7,3999
MX-0301,Chennai City Mall,11,9,1.3,7,3999
MX-0301,Kolkata City Mall,8,0,6.5,5,3999
MX-0301,Pune City Mall,79,0,3.6,10,3999
MX-0301,Ahmedabad City Mall,160,166,7.5,21,3999
MX-0301,Jaipur City Mall,45,14,6.5,5,3999
MX-0301,Lucknow City Mall,146,0,7.7,7,3999
MX-0301,Surat City Mall,18,0,2.5,21,3999
MX-0301,Indore City Mall,29,23,2.3,21,3999
MX-0301,Nagpur City Mall,96,0,6.5,21,3999
MX-0301,Kochi City Mall,71,58,7.8,7,3999
MX-0301,Chandigarh City Mall,161,0,6.5,10,3999
MX-0301,Bhopal City Mall,180,0,7.5,14,3999
MX-0301,Patna City Mall,84,13,6.5,5,3999
MX-0301,Vadodara City Mall,122,0,7.5,5,3999
MX-0301,Ludhiana City Mall,1,0,0.4,5 days,3999
MX-0301,Agra City Mall,55,13,6.1,5,3999
MX-0302,Mumbai,33,11,0.7,14,199
MX-0302,Delhi, 17 ,0,5.9,5,199
MX-0302,Bengaluru,17,8,0.4,21,199
MX-0302,Hyderabad,108, 89 ,5.3,21,199
MX-0302,Chennai,287,0,7.9,14,199
MX-0302,Kolkata,19,0,0.8,10,199
MX-0302,Pune,283,0,4.6,21,199
MX-0302,Ahmedabad,44,0,2.4,7,199
MX-0302,Jaipur,73,0,2.0,21,199
MX-0302,Lucknow,24,0,4.3,5,199
MX-0302,Surat,95,0,6.4,21,199
MX-0302,Indore,108,47,2.6,14,199
MX-0302,Nagpur,45,0,4.3,5,199
MX-0302,Kochi,57,0,,7,199
MX-0302,Chandigarh,43,0,1.0,14,199
MX-0302,Bhopal,82,0,6.5,5,199
MX-0302,Patna,278,0,6.3,21,199
MX-0302,Vadodara,6,0,7.6,14,199
MX-0302,Ludhiana,103,0,5.2,10,199
MX-0302,Agra,61,0,5.5,5,199
MX-0302,Nashik,89,0,4.2,21,199
MX-0302,Meerut,61,0,7.2,10,199
MX-0302,Rajkot,37,8,0.6,21,199
MX-0302,Varanasi,147,0,4.5,,N/A
MX-0302,Amritsar,254,0,7.6,10,199
MX-0302,Noida,81,0,4.0,21,199
MX-0302,Gurugram,87,0,7.7,7,199
MX-0302,Coimbatore,86.5,37,2.2,14,199
MX-0302,Madurai,56,0,6.3,5,199
MX-0302,Guwahati,90,0,4.4,14,199
MX-0302,Mumbai City Mall,3,0,0.4,5,199
MX-0302,Delhi City Mall,140,0,4.0,14,199
MX-0302,Bengaluru City Mall, 226 ,0,7.8,21,199
MX-0302,Bengaluru City Mall, 226 ,0,7.8,21,199
MX-0302,Hyderabad City Mall,55,0,5.2,5,199
MX-0302,Chennai City Mall,-6,30,2.2,14,199
MX-0302,Kolkata City Mall,111,24,5.6,7,199
MX-0302,Pune City Mall,9,-20,1.8,5,199
MX-0302,Ahmedabad City Mall,13,9,1.7,10,199
MX-0302,Jaipur City Mall,44,0,5.9,5,199
MX-0302,Lucknow City Mall,66,84,3.1,21,199
MX-0302,Surat City Mall,128,51,6.9,7,199
MX-0302,Indore City Mall,300,0,5.8,21,199
MX-0302,Nagpur City Mall,20,15,0.9,14,199
MX-0302,Kochi City Mall,72,36,7.1,5,199
MX-0302,Chandigarh City Mall,4,0,0.7,5,199
MX-0302,Bhopal City Mall,69,0,5.0,5,199
MX-0302,Patna City Mall,10,0,1.0,7,199
MX-0302,Vadodara City Mall,66,39,5.9,7,199
,Ludhiana City Mall, 14 ,0,7.6,10,199
MX-0302,Agra City Mall,1,0,0.3,7,199
MX-0303,Mumbai,6,0,1.0,7,199
MX-0303,Delhi,162,0,2.7,21,199
MX-0303,Bengaluru,8,33,7.0,5,199
MX-0303,Hyderabad,17,0,4.8,5,199
MX-0303,Chennai,111,0,2.8,21,199
MX-0303,Kolkata,62,0,5.9,10,199
MX-0303,Pune,82,0,3.7,7,199
MX-0303,Ahmedabad,24,0,4.3,7,199
MX-0303,Jaipur,82,32,5.4,14,199
MX-0303,Lucknow,38,0,1.4,10,199
MX-0303,Surat,39,0,4.5,5,199
MX-0303,Indore,214,0,8.0,14,199
MX-0303,Nagpur,201,0,7.9,10,199
MX-0303,Kochi,26,6,1.9,5,199
MX-0303,Chandigarh,84,50,3.5,21,199
MX-0303,Bhopal, 43 ,29,3.8,7,199
MX-0303,Patna,6,0,0.7,10,199
MX-0303,Vadodara,22,0,0.7,10,199
MX-0303,Ludhiana,100,110,6.0,14,199
MX-0303,Agra,122,0,7.8,10,199
MX-0303,Nashik,450,0,7.1,21,199
MX-0303,Meerut,425,73,7.6,21,199
MX-0303,Rajkot,155,0,5.1,10,199
MX-0303,Varanasi,10,0,2.9,5,199
MX-0303,Amritsar,32,0,2.9,7,199
MX-0303,Noida,5, 6 ,2.0,5,199
MX-0303,Gurugram,69,0,5.7,5,199
MX-0303,Coimbatore,73,0,1.9,14 days,199
MX-0303,Madurai,110,0,7.3,5,199
MX-0303,Guwahati, 32 ,16,2.9,5,199
MX-0303,Mumbai City Mall,18.5,0,3.9,5,199
MX-0303,Delhi City Mall,28,0,1.3,14,199
MX-0303,Bengaluru City Mall,135,39,4.6,21,N/A
MX-0303,Hyderabad City Mall,37,0,5.0,5,199
MX-0303,Chennai City Mall,82,18,2.1,14,199
MX-0303,Kolkata City Mall,33,0,2.5,5,199
MX-0303,Pune City Mall,30,0,1.6,14,199
MX-0303,Ahmedabad City Mall,201,0,4.8,14,199
MX-0303,Jaipur City Mall,46,120,4.5,21,199
MX-0303,Lucknow City Mall,83,0,5.5,7,199
MX-0303,Surat City Mall,13,0,0.6,10,199
MX-0303,Indore City Mall,103,80,6.9,10,199
MX-0303,Nagpur City Mall,54,0,1.4,14,199
MX-0303,Kochi City Mall,69,0,5.5,14,199
MX-0303,Chandigarh City Mall,22,5,0.7,14,199
MX-0303,Bhopal City Mall,300,195,7.4,21,199
MX-0303,Patna City Mall,25, 39 ,,,199
MX-0303,Vadodara City Mall,14,0,0.7,14,199
MX-0303,Ludhiana City Mall,44,13,3.9,5,199
MX-0303,Agra City Mall,41,0,7.0,5,199
MX-0304,Mumbai, 45 ,0,6.2,5,3999
MX-0304,Delhi,228,141,7.7,14,3999
MX-0304,Bengaluru,47,0,7.3,5,3999
MX-0304,Hyderabad,5,6,1.0,7,3999
MX-0304,Chennai,58,11,3.2,7,3999
MX-0304,Kolkata,119,46,3.7,10,3999
MX-0304,Pune,46,0,2.8,5,3999
MX-0304,Ahmedabad,58,-3,6.9,7,3999
MX-0304,Jaipur,127,0,6.6,21,3999
MX-0304,Lucknow,1,7,1.1,5,3999
MX-0304,Surat,88,0,5.6,10,3999
MX-0304,Indore,249,0,6.2,21,3999
MX-0304,Nagpur,105,40,5.2,10,3999
MX-0304,Kochi,54,0,3.2,7,3999
MX-0304,Chandigarh,88,0,4.9,7,3999
MX-0304,Bhopal,44,0,6.6,5,3999
MX-0304,Patna,42,0,7.3,5,3999
MX-0304,Vadodara,203,0,5.5,21,3999
MX-0304,Ludhiana,27,0,1.0,14,3999
MX-0304,Agra,29,0,1.8,7,3999
MX-0304,Nashik,3,3,0.8,5,3999
MX-0304,Meerut, 11 ,0,3.9,14,3999
MX-0304,Rajkot,91,0,2.6,14,3999
MX-0304,Varanasi,-9,0,4.0,7,3999
MX-0304,Amritsar,104,0,3.2,14,3999
MX-0304,Noida,93,0,6.8,10,3999
MX-0304,Gurugram,0,9,0.6,14,3999
MX-0304,Coimbatore,30,0,2.0,5,3999
MX-0304,Madurai,24,34,7.4,7,3999
MX-0304,Guwahati,1,0,0.4,5,3999
MX-0304,Guwahati,1,0,0.4,5,3999
MX-0304,Mumbai City Mall,14,0,3.2,5,3999
MX-0304,Delhi City Mall,2,0,0.9,21,3999
MX-0304,Bengaluru City Mall,4,0,0.5,5,3999
MX-0304,Hyderabad City Mall,21.5,0,5.4,7,3999
MX-0304,Chennai City Mall,131,0,7.9,7,3999
MX-0304,Kolkata City Mall, 43 ,0,6.9,5,3999
MX-0304,Pune City Mall, 75 ,0,6.1,7,3999
MX-0304,Ahmedabad City Mall,25,0,7.5,5,3999
MX-0304,Jaipur City Mall, 60 ,0,7.1,10,3999
MX-0304,Lucknow City Mall,38,0,6.4,7,3999
MX-0304,Surat City Mall,92,0,7.8,7,3999
MX-0304,Indore City Mall,63,0,6.9,7,N/A
MX-0304,Nagpur City Mall,31,0,3.5,21,3999
MX-0304,Kochi City Mall,48,0,2.8,7,3999
MX-0304,Chandigarh City Mall,6,1,0.3,10,3999
MX-0304,Bhopal City Mall,62, 11 ,3.8,5,3999
MX-0304,Patna City Mall,41,83,6.6,10,3999
MX-0304,Vadodara City Mall,8,28,3.4,14,3999
MX-0304,Ludhiana City Mall,64,0,3.4,7,3999
,Agra City Mall,44,0,5.7,5,3999
MX-0305,Mumbai,4,30,1.8,21,1999
MX-0305,Delhi,126,0,5.4,7,1999
MX-0305,Bengaluru, 12 , 30 ,6.3,10,1999
MX-0305,Hyderabad,51,0,3.4,5,1999
MX-0305,Chennai,11,0,1.7,5,1999
MX-0305,Kolkata,41,0,7.7,5,1999
MX-0305,Pune,78,0,3.4,21 days,1999
MX-0305,Ahmedabad,28,0,3.2,21,1999
MX-0305,Jaipur,8,0,0.5,7,1999
MX-0305,Lucknow,81,0,7.4,5,1999
MX-0305,Surat,9,0,1.0,7,1999
MX-0305,Indore,10,23,3.9,5,1999
MX-0305,Nagpur,43,0,3.9,5,1999
MX-0305,Kochi,21,0,7.7,5,1999
MX-0305,Chandigarh,120,56,3.4,14,1999
MX-0305,Bhopal,53,0,3.0,7,1999
MX-0305,Patna,118,25,7.4,5,1999
MX-0305,Vadodara,76,0,6.9,5,1999
MX-0305,Ludhiana,10,13,1.9,7,1999
MX-0305,Agra,169,0,4.3,,1999
MX-0305,Nashik,35,0,4.2,5,1999
MX-0305,Meerut,36,0,3.4,7,1999
MX-0305,Rajkot,8,26,1.5,14,1999
MX-0305,Varanasi,107,0,3.8,10,1999
MX-0305,Amritsar,448,0,6.5,21,1999
MX-0305,Noida,12,0,2.7,5,1999
MX-0305,Gurugram,173,0,3.9,14,1999
MX-0305,Coimbatore,7,7,0.8,14,1999
MX-0305,Madurai,34,-5,1.4,10,1999
MX-0305,Guwahati,220,57,,14,1999
MX-0305,Mumbai City Mall,395,0,7.3,21,1999
MX-0305,Delhi City Mall,22,50,5.9,7,1999
MX-0305,Bengaluru City Mall, 13 ,30,1.8,14,1999
MX-0305,Hyderabad City Mall,166,0,5.5,21,1999
MX-0305,Chennai City Mall,54,0,3.5,5,1999
MX-0305,Kolkata City Mall,87,0,5.3,14,1999
MX-0305,Pune City Mall,89.5,0,3.0,10,1999
MX-0305,Ahmedabad City Mall,19,0,0.3,21,1999
MX-0305,Jaipur City Mall,51,0,2.4,10,1999
MX-0305,Lucknow City Mall,22,0,1.4,14,1999
MX-0305,Surat City Mall,39,0,5.0,5,1999
MX-0305,Indore City Mall,4,0,2.6,5,1999
MX-0305,Nagpur City Mall,79,81,7.5,14,1999
MX-0305,Kochi City Mall,23,0,2.1,10,1999
MX-0305,Chandigarh City Mall,113,92,5.1,21,1999
MX-0305,Bhopal City Mall,37,0,6.5,10,1999
MX-0305,Patna City Mall,117,0,7.5,10,1999
MX-0305,Vadodara City Mall,63,0,3.6,21,1999
MX-0305,Ludhiana City Mall,0,36,7.8,7,1999
MX-0305,Agra City Mall,9,0,6.7,5,1999
MX-0306,Mumbai,230,0,3.5,21,N/A
MX-0306,Delhi,30,0,7.4,5,499
MX-0306,Bengaluru,300,0,7.1,14,499
MX-0306,Hyderabad,83,25,3.6,10,499
MX-0306,Chennai,35,28,1.7,14,499
MX-0306,Kolkata,2,18,3.0,14,499
MX-0306,Pune,79,0,5.6,5,499
MX-0306,Ahmedabad,45,14,0.8,21,499
MX-0306,Jaipur,53,0,3.3,7,499
MX-0306,Lucknow,80,0,2.7,10,499
MX-0306,Surat,25,0,1.6,14,499
MX-0306,Indore, 108 ,0,6.6,21,499
MX-0306,Nagpur,(7),0,6.8,7,499
MX-0306,Kochi,29,0,2.8,7,499
MX-0306,Chandigarh,262,137,6.0,21,499
MX-0306,Bhopal,28,20,4.1,5,499
MX-0306,Patna,59,0,4.5,7,499
MX-0306,Vadodara,57,0,1.2,21,499
MX-0306,Ludhiana,22,0,0.8,21,499
MX-0306,Agra,147,34,7.3,10,499
MX-0306,Nashik,100,43,2.4,14,499
MX-0306,Meerut,51,0,1.7,10,499
MX-0306,Rajkot,56,0,4.5,10,499
MX-0306,Varanasi,117,67,5.6,14,499
MX-0306,Amritsar,18,0,1.2,7,499
MX-0306,Noida,58,0,6.5,5,499
MX-0306,Gurugram,127,0,7.6,5,499
MX-0306,Gurugram,127,0,7.6,5,499
MX-0306,Coimbatore,214,176,7.8,21,499
MX-0306,Madurai,108,0,6.6,14,499
MX-0306,Guwahati,55,45,3.3,14,499
MX-0306,Mumbai City Mall,107,0,3.6,10,499
MX-0306,Delhi City Mall,8,0,1.4,7,499
MX-0306,Bengaluru City Mall,258,0,7.7,10,499
MX-0306,Hyderabad City Mall,36,0,4.9,21,499
MX-0306,Chennai City Mall,28,0,4.6,5,499
MX-0306,Kolkata City Mall,19,5,2.5,5 days,499
MX-0306,Pune City Mall,12,0,1.0,5,499
MX-0306,Ahmedabad City Mall,16,5,0.8,7,499
MX-0306,Jaipur City Mall,96,0,5.8,10,499
MX-0306,Lucknow City Mall,10.5,0,0.8,14,499
MX-0306,Surat City Mall,33,0,1.1,21,499
MX-0306,Indore City Mall,117,0,3.9,10,499
MX-0306,Nagpur City Mall,77,0,2.8,,499
MX-0306,Kochi City Mall,66,0,5.2,21,499
MX-0306,Chandigarh City Mall,64,0,3.4,14,499
MX-0306,Bhopal City Mall,231,83,6.7,21,499
MX-0306,Patna City Mall, 57 ,0,1.5,21,499
MX-0306,Vadodara City Mall,1,0,0.9,5,499
MX-0306,Ludhiana City Mall,67,0,5.8,21,499
MX-0306,Agra City Mall,1,-8,6.2,14,499
,Mumbai,21,0,4.3,7,999
MX-0307,Delhi,50,0,3.5,10,999
MX-0307,Bengaluru,2,1,0.6,5,999
MX-0307,Hyderabad,156,0,6.8,10,999
MX-0307,Chennai,104,0,5.7,21,999
MX-0307,Kolkata,16,12,2.2,5,999
MX-0307,Pune,3,16,3.3,5,999
MX-0307,Ahmedabad,35,0,1.0,14,999
MX-0307,Jaipur,16,0,0.3,21,999
MX-0307,Lucknow,56,0,4.1,7,N/A
MX-0307,Surat,91,95,7.2,21,999
MX-0307,Indore,0,0,4.8,5,999
MX-0307,Nagpur,15,0,,21,999
MX-0307,Kochi,83,23,7.6,7,999
MX-0307,Chandigarh,5,0,0.3,7,999
MX-0307,Bhopal,223,103,7.7,10,999
MX-0307,Patna,335,70,6.5,21,999
MX-0307,Vadodara,59,0,4.4,7,999
MX-0307,Ludhiana, 23 ,110,7.9,21,999
MX-0307,Agra,42,0,5.4,10,999
MX-0307,Nashik,117,0,7.3,7,999
MX-0307,Meerut,8,0,6.6,10,999
MX-0307,Rajkot,23,0,2.0,7,999
MX-0307,Varanasi,61,0,2.8,14,999
MX-0307,Amritsar,42,0,2.1,7,999
MX-0307,Noida,67,0,7.0,10,999
MX-0307,Gurugram,13,0,1.0,5,999
MX-0307,Coimbatore,93,0,3.1,21,999
MX-0307,Madurai,62,42,2.1,21,999
MX-0307,Guwahati,6,0,4.8,7,999
MX-0307,Mumbai City Mall,24,18,1.0,14,999
MX-0307,Delhi City Mall,25,15,4.1,5,999
MX-0307,Bengaluru City Mall,69,0,7.3,7,999
MX-0307,Hyderabad City Mall,110,0,4.8,7,999
MX-0307,Chennai City Mall,18,0,0.8,7,999
MX-0307,Kolkata City Mall,156,0,2.5,21,999
MX-0307,Pune City Mall, 145 ,33,2.2,21,999
MX-0307,Ahmedabad City Mall,182,35,6.7,10,999
MX-0307,Jaipur City Mall,22,0,0.7,10,999
MX-0307,Lucknow City Mall,179,0,4.2,14,999
MX-0307,Surat City Mall,35,0,4.0,5,999
MX-0307,Indore City Mall,22,22,1.6,14,999
MX-0307,Nagpur City Mall,15.5,0,4.1,5,999
MX-0307,Kochi City Mall,17,0,4.4,7,999
MX-0307,Chandigarh City Mall,66,0,4.1,5,999
MX-0307,Bhopal City Mall,171,76,8.0,10,999
MX-0307,Patna City Mall,167,74,7.8,7,999
MX-0307,Vadodara City Mall,316,0,5.7,21,999
MX-0307,Ludhiana City Mall,221,0,5.5,14,999
MX-0307,Agra City Mall,74,0,1.7,21,999
MX-0308,Mumbai,99,36,6.9,5,499
MX-0308,Delhi,(8),0,2.8,5,499
MX-0308,Bengaluru,130,0,1.9,21,499
MX-0308,Hyderabad,6,0,4.8,21,499
MX-0308,Chennai,69,0,3.9,14,499
MX-0308,Kolkata,16,0,7.0,5,499
MX-0308,Pune,30,0,7.4,14,499
MX-0308,Ahmedabad,44,0,6.3,5,499
MX-0308,Jaipur,3,0,0.4,7,499
MX-0308,Lucknow,18,0,0.7,14,499
MX-0308,Surat,126,0,4.2,21,499
MX-0308,Indore,137,49,7.9,14,499
MX-0308,Nagpur, 14 ,0,1.1,5,499
MX-0308,Kochi,36,0,1.6,10,499
MX-0308,Chandigarh,152,62,5.1,21 days,499
MX-0308,Bhopal,5,11,1.0,,499
MX-0308,Patna,56,0,1.4,14,499
MX-0308,Vadodara,32,0,5.9,7,499
MX-0308,Ludhiana, 11 ,0,0.9,7,N/A
MX-0308,Agra,45,0,6.5,14,499
MX-0308,Nashik,12,-10,1.4,7,499
MX-0308,Meerut,53,0,5.3,5,499
MX-0308,Rajkot,101,0,5.9,7,499
MX-0308,Varanasi,5,0,3.4,10,499
MX-0308,Varanasi,5,0,3.4,10,499
MX-0308,Amritsar,55,61,7.0,14,499
MX-0308,Noida,132,0,3.0,14,499
MX-0308,Gurugram,41,0,3.0,10,499
MX-0308,Coimbatore,31,0,3.3,5,499
MX-0308,Madurai,167, 80 ,7.1,10,499
MX-0308,Guwahati,6,0,4.0,5,499
MX-0308,Mumbai City Mall,127,60,3.7,14,499
MX-0308,Delhi City Mall,151,54,6.5,7,499
MX-0308,Bengaluru City Mall,40,68,5.6,14,499
MX-0308,Hyderabad City Mall,20,0,5.4,21,499
MX-0308,Chennai City Mall,132,51,6.7,7,499
MX-0308,Kolkata City Mall,20,0,2.1,5,499
MX-0308,Pune City Mall,5,0,0.7,10,499
MX-0308,Ahmedabad City Mall,63,0,5.4,10,499
MX-0308,Jaipur City Mall,6,0,1.1,7,499
MX-0308,Lucknow City Mall,114, 22 ,3.3,14,499
MX-0308,Surat City Mall,33,0,3.2,14,499
MX-0308,Indore City Mall,62,0,5.0,7,499
MX-0308,Nagpur City Mall,71,0,3.2,21,499
MX-0308,Kochi City Mall,38,0,6.6,7,499
MX-0308,Chandigarh City Mall,40,0,3.1,10,499
MX-0308,Bhopal City Mall,214.5,0,,21,499
MX-0308,Patna City Mall,8,0,0.8,14,499
MX-0308,Vadodara City Mall,121,0,3.8,21,499
MX-0308,Ludhiana City Mall,125,0,6.2,7,499
MX-0308,Agra City Mall,13,0,1.6,5,499
MX-0309,Mumbai,141,47,6.8,10,3999
,Delhi, 70 ,0,4.5,14,3999
MX-0309,Bengaluru,67,0,5.2,10,3999
MX-0309,Hyderabad,22,0,5.3,7,3999
MX-0309,Chennai,102,0,3.3,14,3999
MX-0309,Kolkata,97,0,6.2,7,3999
MX-0309,Pune,243,62,7.6,14,3999
MX-0309,Ahmedabad,202,0,5.3,14,3999
MX-0309,Jaipur,67,0,1.7,14,3999
MX-0309,Lucknow,13,29,4.2,5,3999
MX-0309,Surat,262,0,3.9,21,3999
MX-0309,Indore,69,0,2.4,14,3999
MX-0309,Nagpur,124,0,4.3,21,3999
MX-0309,Kochi,84,0,5.0,5,3999
MX-0309,Chandigarh,231,0,4.9,21,3999
MX-0309,Bhopal,82,0,4.1,7,3999
MX-0309,Patna,49,101,6.9,14,3999
MX-0309,Vadodara,79,0,5.2,7,3999
MX-0309,Ludhiana, 7 ,0,0.8,7,3999
MX-0309,Agra,64,0,4.6,7,3999
MX-0309,Nashik,17,0,3.5,5,3999
MX-0309,Meerut,68,0,6.1,5,3999
MX-0309,Rajkot,22,0,4.2,5,3999
MX-0309,Varanasi,63,0,7.5,5,3999
MX-0309,Amritsar,68,0,5.0,10,3999
MX-0309,Noida,73,0,3.1,10,3999
MX-0309,Gurugram,23,27,4.1,10,3999
MX-0309,Coimbatore, 250 ,0,7.5,10,N/A
MX-0309,Madurai,78,0,5.1,5,3999
MX-0309,Guwahati,6,0,0.8,14,3999
MX-0309,Mumbai City Mall,7,0,6.1,5,3999
MX-0309,Delhi City Mall,78,0,3.6,7,3999
MX-0309,Bengaluru City Mall,153,0,5.4,14,3999
MX-0309,Hyderabad City Mall,47,0,4.9,5,3999
MX-0309,Chennai City Mall,1,8,3.1,5,3999
MX-0309,Kolkata City Mall,58,0,2.9,10,3999
MX-0309,Pune City Mall,165,88,4.8,14,3999
MX-0309,Ahmedabad City Mall,57,0,3.7,10,3999
MX-0309,Jaipur City Mall,97,83,3.6,,3999
MX-0309,Lucknow City Mall,232,0,4.2,21,3999
MX-0309,Surat City Mall,-5,0,2.2,7,3999
MX-0309,Indore City Mall,50,-3,5.0,5,3999
MX-0309,Nagpur City Mall,10,0,0.5,10,3999
MX-0309,Kochi City Mall,151,69,4.6,21 days,3999
MX-0309,Chandigarh City Mall,79,0,5.1,10,3999
MX-0309,Bhopal City Mall,59,0,3.9,7,3999
MX-0309,Patna City Mall,2,4,0.3,21,3999
MX-0309,Vadodara City Mall, 0 ,0,2.1,7,3999
MX-0309,Ludhiana City Mall,203.5,0,5.6,14,3999
MX-0309,Agra City Mall,154,0,5.9,10,3999
MX-0310,Mumbai,74,0,7.8,5,3999
MX-0310,Delhi,51,0,0.8,21,3999
MX-0310,Bengaluru,4,0,5.4,10,3999
MX-0310,Hyderabad,9,0,2.8,10,3999
MX-0310,Chennai,19,22,1.8,14,3999
MX-0310,Kolkata,204,0,5.3,14,3999
MX-0310,Pune,72,0,4.6,21,3999
MX-0310,Ahmedabad,9,0,4.6,5,3999
MX-0310,Jaipur, 5 ,14,1.9,10,3999
MX-0310,Lucknow, 74 ,0,4.0,14,3999
MX-0310,Surat,214,0,4.0,21,3999
MX-0310,Indore,0,0,0.9,5,3999
MX-0310,Nagpur,22,12,5.6,5,3999
MX-0310,Kochi,69,28,3.6,7,3999
MX-0310,Chandigarh,109,0,7.8,5,3999
MX-0310,Bhopal,1,0,5.1,14,3999
MX-0310,Patna,42,0,5.4,5,3999
MX-0310,Vadodara,60,0,3.3,10,3999
MX-0310,Ludhiana,182,118,4.2,21,3999
MX-0310,Agra,208,47,4.3,21,3999
MX-0310,Nashik,34,0,4.9,7,3999
MX-0310,Nashik,34,0,4.9,7,3999
MX-0310,Meerut,24,0,2.2,21,3999
MX-0310,Rajkot,111,26,6.9,5,3999
MX-0310,Varanasi, 90 ,0,6.1,14,3999
MX-0310,Amritsar,12,0,5.6,10,3999
MX-0310,Noida,16,0,2.0,21,3999
MX-0310,Gurugram,15,0,7.5,7,3999
MX-0310,Coimbatore,44,0,5.6,5,3999
MX-0310,Madurai,58,33,,5,3999
MX-0310,Guwahati,7,0,2.5,21,3999
MX-0310,Mumbai City Mall,16,0,1.6,5,3999
MX-0310,Delhi City Mall,21,0,4.1,7,3999
MX-0310,Bengaluru City Mall,18,0,4.7,5,3999
MX-0310,Hyderabad City Mall,36,28,2.3,10,3999
MX-0310,Chennai City Mall,223,0,7.6,10,3999
MX-0310,Kolkata City Mall,30,0,1.8,7,3999
MX-0310,Pune City Mall,8,0,0.6,7,N/A
MX-0310,Ahmedabad City Mall,32,15,2.6,7,3999
MX-0310,Jaipur City Mall,85,0,6.7,14,3999
MX-0310,Lucknow City Mall,109,0,5.7,10,3999
MX-0310,Surat City Mall,37,0,3.6,5,3999
MX-0310,Indore City Mall,87,0,5.1,7,3999
MX-0310,Nagpur City Mall,2,0,2.2,10,3999
MX-0310,Kochi City Mall,10,7,0.7,14,3999
MX-0310,Chandigarh City Mall,75,0,2.7,14,3999
MX-0310,Bhopal City Mall,119,21,7.3,5,3999
MX-0310,Patna City Mall,51,0,5.0,21,3999
MX-0310,Vadodara City Mall,5,0,6.3,7,3999
MX-0310,Ludhiana City Mall,100,0,5.1,10,3999
MX-0310,Agra City Mall,8,0,0.7,7,3999
MX-0311,Mumbai,52,13,4.1,7,3999
MX-0311,Delhi,163.5, 94 ,5.2,14,3999
,Bengaluru,341,0,5.1,21,3999
MX-0311,Hyderabad,196,0,5.9,10,3999
MX-0311,Chennai,5,0,3.7,5,3999
MX-0311,Kolkata,7,4,0.5,14,3999
MX-0311,Pune,83,0,5.7,5,3999
MX-0311,Ahmedabad,17,18,4.5,5,3999
MX-0311,Jaipur,1,0,2.1,5,3999
MX-0311,Lucknow,71,0,3.5,14,3999
MX-0311,Surat,55,0,4.8,5,3999
MX-0311,Indore,32,0,2.3,,3999
MX-0311,Nagpur,55,-18,4.7,5,3999
MX-0311,Kochi,102,24,6.7,5,3999
MX-0311,Chandigarh,60,13,1.0,21,3999
MX-0311,Bhopal,88,0,3.9,14,3999
MX-0311,Patna,59,0,7.1,10,3999
MX-0311,Vadodara,153,129,6.9,14,3999
MX-0311,Ludhiana,234,0,7.1,21,3999
MX-0311,Agra,134,55,3.6,14,3999
MX-0311,Nashik,68,32,3.8,10,3999
MX-0311,Meerut,41,0,0.9,14,3999
MX-0311,Rajkot,104,0,6.9,21 days,3999
MX-0311,Varanasi,32,0,1.0,14,3999
MX-0311,Amritsar,27,13,0.7,21,3999
MX-0311,Noida,59,0,3.0,10,3999
MX-0311,Gurugram,36,0,4.3,5,3999
MX-0311,Coimbatore,3,0,5.2,7,3999
MX-0311,Madurai,28,0,1.7,7,3999
MX-0311,Guwahati,(8),80,5.4,21,3999
MX-0311,Mumbai City Mall,2,0,0.7,5,3999
MX-0311,Delhi City Mall,12,0,1.6,7,3999
MX-0311,Bengaluru City Mall,7,0,1.9,7,3999
MX-0311,Hyderabad City Mall,6,2,0.2,14,3999
MX-0311,Chennai City Mall,6,0,1.0,14,3999
MX-0311,Kolkata City Mall,83,0,6.7,7,3999
MX-0311,Pune City Mall,16,0,0.5,14,3999
MX-0311,Ahmedabad City Mall,194,0,4.4,21,3999
MX-0311,Jaipur City Mall,59,0,7.6,10,3999
MX-0311,Lucknow City Mall,16,0,3.6,10,3999
MX-0311,Surat City Mall,134,24,2.5,21,3999
MX-0311,Indore City Mall,64,0,2.9,21,3999
MX-0311,Nagpur City Mall,34,0,1.8,10,3999
MX-0311,Kochi City Mall,25,18,1.7,10,3999
MX-0311,Chandigarh City Mall,1,0,0.9,5,3999
MX-0311,Bhopal City Mall,153,65,7.0,7,N/A
MX-0311,Patna City Mall,175,0,5.2,14,3999
MX-0311,Vadodara City Mall,19,0,3.6,10,3999
MX-0311,Ludhiana City Mall,51,13,1.1,21,3999
MX-0311,Agra City Mall,24,0,0.5,21,3999
MX-0312,Mumbai,138,0,3.5,14,499
MX-0312,Delhi,103,0,5.2,10,499
MX-0312,Bengaluru,29,0,5.7,5,499
MX-0312,Hyderabad,130,0,7.7,7,499
MX-0312,Chennai,10.5,0,4.6,14,499
MX-0312,Kolkata,159,0,7.2,7,499
MX-0312,Pune,269,0,4.4,21,499
MX-0312,Ahmedabad,223,0,6.8,10,499
MX-0312,Jaipur,38,0,6.5,10,499
MX-0312,Lucknow,29,0,1.6,14,499
MX-0312,Surat,150,51,6.1,10,499
MX-0312,Indore,22,0,,7,499
MX-0312,Nagpur,14,4,0.5,10,499
MX-0312,Kochi,1,0,0.2,10,499
MX-0312,Chandigarh,519,0,7.9,21,499
MX-0312,Bhopal,53,0,4.5,5,499
MX-0312,Patna,140,0,5.5,14,499
MX-0312,Vadodara,1,0,0.7,21,499
MX-0312,Vadodara,1,0,0.7,21,499
MX-0312,Ludhiana,140,0,3.9,14,499
MX-0312,Agra, 29 ,31,7.2,10,499
MX-0312,Nashik,16,0,6.0,7,499
MX-0312,Meerut,4,0,1.5,5,499
MX-0312,Rajkot,7,0,6.6,14,499
MX-0312,Varanasi,52,25,4.3,10,499
MX-0312,Amritsar,53,0,2.3,10,499
MX-0312,Noida,49,0,3.6,10,499
MX-0312,Gurugram,132,0,5.9,21,499
MX-0312,Coimbatore,259,0,7.2,14,499
MX-0312,Madurai,39,0,2.8,5,499
MX-0312,Guwahati,174,0,5.5,10,499
MX-0312,Mumbai City Mall,126,0,7.7,7,499
MX-0312,Delhi City Mall,31,0,1.4,10,499
MX-0312,Bengaluru City Mall,9,0,4.1,10,499
MX-0312,Hyderabad City Mall,83,-13,3.8,10,499
MX-0312,Chennai City Mall,131,0,6.1,,499
MX-0312,Kolkata City Mall,13,0,4.7,5,499
MX-0312,Pune City Mall, 37 ,159,5.7,21,499
MX-0312,Ahmedabad City Mall,24,27,3.1,10,499
MX-0312,Jaipur City Mall, 128 ,0,7.7,5,499
MX-0312,Lucknow City Mall,44,29,6.4,5,499
MX-0312,Surat City Mall,54,0,3.3,5,499
MX-0312,Indore City Mall,86,0,6.8,14,499
MX-0312,Nagpur City Mall,1,0,4.2,5,499
MX-0312,Kochi City Mall,15,0,2.3,14,499
MX-0312,Chandigarh City Mall,15,0,1.9,7,499
MX-0312,Bhopal City Mall,13,0,1.1,5,499
MX-0312,Patna City Mall,100,0,8.0,21,499
MX-0312,Vadodara City Mall,21,0,1.7,5,499
MX-0312,Ludhiana City Mall,13,13,0.5,21,499
MX-0312,Agra City Mall, 41 ,0,1.9,10,499
MX-0313,Mumbai,15,0,2.5,7,999
MX-0313,Delhi,3,1,0.2,7 days,999
MX-0313,Bengaluru,7,0,5.7,5,999
,Hyderabad,64,0,5.3,7,999
MX-0313,Chennai,24,0,3.0,5,N/A
MX-0313,Kolkata,0, 7 ,0.7,10,999
MX-0313,Pune,44,0,3.5,10,999
MX-0313,Ahmedabad,15.5,0,1.3,10,999
MX-0313,Jaipur,304,0,5.1,21,999
MX-0313,Lucknow,39,0,5.6,5,999
MX-0313,Surat,10,58,4.3,10,999
MX-0313,Indore,28,0,1.9,7,999
MX-0313,Nagpur,6,8,2.0,5,999
MX-0313,Kochi,46,0,5.5,5,999
MX-0313,Chandigarh,107,0,4.0,10,999
MX-0313,Bhopal,13,0,3.8,5,999
MX-0313,Patna,37,0,2.0,21,999
MX-0313,Vadodara,16,0,5.5,5,999
MX-0313,Ludhiana,-9, 9 ,3.5,5,999
MX-0313,Agra,30,0,2.6,10,999
MX-0313,Nashik,4,5,0.5,10,999
MX-0313,Meerut,21,0,0.7,10,999
MX-0313,Rajkot,388,0,6.7,21,999
MX-0313,Varanasi,79,0,5.7,5,999
MX-0313,Amritsar,492,0,7.1,21,999
MX-0313,Noida,0,0,6.6,21,999
MX-0313,Gurugram,31,7,1.9,7,999
MX-0313,Coimbatore,360,179,7.6,21,999
MX-0313,Madurai,2,0,0.5,7,999
MX-0313,Guwahati,229,0,5.6,21,999
MX-0313,Mumbai City Mall,21,9,2.4,5,999
MX-0313,Delhi City Mall,29,0,4.3,10,999
MX-0313,Bengaluru City Mall,57,0,4.2,7,999
MX-0313,Hyderabad City Mall, 151 ,62,3.6,14,999
MX-0313,Chennai City Mall,72,0,4.0,21,999
MX-0313,Kolkata City Mall,94,0,3.0,10,999
MX-0313,Pune City Mall,122,0,2.9,21,999
MX-0313,Ahmedabad City Mall,167,0,4.8,14,999
MX-0313,Jaipur City Mall,208,0,6.6,14,999
MX-0313,Lucknow City Mall,26,8,0.5,21,999
MX-0313,Surat City Mall,202,0,6.0,21,999
MX-0313,Indore City Mall,12,29,3.3,7,999
MX-0313,Nagpur City Mall,6,0,0.8,5,999
MX-0313,Kochi City Mall,28, 50 ,4.9,10,999
MX-0313,Chandigarh City Mall, 132 ,0,,21,999
MX-0313,Bhopal City Mall,0,0,0.8,5,999
MX-0313,Patna City Mall,55,0,6.8,5,999
MX-0313,Vadodara City Mall,1,0,3.0,5,999
MX-0313,Ludhiana City Mall,12,0,5.4,7,999
MX-0313,Agra City Mall,119,0,6.5,7,999
MX-0314,Mumbai,57,0,5.0,5,199
MX-0314,Delhi,81,0,4.2,10,199
MX-0314,Bengaluru,48,15,1.9,10,199
MX-0314,Hyderabad,101,0,2.7,14,199
MX-0314,Chennai,18,-14,6.4,14,199
MX-0314,Kolkata,10,0,0.6,7,199
MX-0314,Pune,14,0,1.6,5,199
MX-0314,Ahmedabad,39,16,2.6,,199
MX-0314,Jaipur,72,0,3.3,14,199
MX-0314,Lucknow,34,0,4.1,5,199
MX-0314,Surat,21.5,0,5.2,5,199
MX-0314,Indore,44,19,7.3,5,199
MX-0314,Nagpur,0,0,0.7,5,199
MX-0314,Kochi,63,0,4.5,21,N/A
MX-0314,Chandigarh,33,0,7.2,14,199
MX-0314,Chandigarh,33,0,7.2,14,199
MX-0314,Bhopal,50,0,3.7,10,199
MX-0314,Patna,0,0,0.3,5,199
MX-0314,Vadodara,131,94,4.7,21,199
MX-0314,Ludhiana,9,9,1.0,7,199
MX-0314,Agra,82,0,3.0,10,199
MX-0314,Nashik,119,0,3.2,21,199
MX-0314,Meerut,264,0,6.9,21,199
MX-0314,Rajkot,56,0,2.4,7,199
MX-0314,Varanasi,112,0,3.3,21,199
MX-0314,Amritsar,16,0,3.7,7,199
MX-0314,Noida,8,0,1.3,7,199
MX-0314,Gurugram,70,0,5.1,10,199
MX-0314,Coimbatore,22,0,2.9,10,199
MX-0314,Madurai,129,0,5.9,7,199
MX-0314,Guwahati,270,42,6.7,14,199
MX-0314,Mumbai City Mall,123,0,7.7,10 days,199
MX-0314,Delhi City Mall,49,22,1.3,21,199
MX-0314,Bengaluru City Mall,12,0,0.9,5,199
MX-0314,Hyderabad City Mall,72,0,4.8,14,199
MX-0314,Chennai City Mall,6,0,4.3,10,199
MX-0314,Kolkata City Mall,123,0,5.4,10,199
MX-0314,Pune City Mall, 41 ,0,0.6,21,199
MX-0314,Ahmedabad City Mall,12,0,0.4,10,199
MX-0314,Jaipur City Mall, 3 ,0,6.1,14,199
MX-0314,Lucknow City Mall,77,0,7.4,10,199
MX-0314,Surat City Mall,95,0,4.2,10,199
MX-0314,Indore City Mall,7,0,0.5,5,199
MX-0314,Nagpur City Mall,3,0,0.9,14,199
MX-0314,Kochi City Mall,209,161,5.6,21,199
MX-0314,Chandigarh City Mall,24,8,1.0,10,199
MX-0314,Bhopal City Mall,138,0,4.7,10,199
MX-0314,Patna City Mall,4,0,1.4,5,199
MX-0314,Vadodara City Mall,18,20,4.0,7,199
MX-0314,Ludhiana City Mall,129,0,5.1,10,199
MX-0314,Agra City Mall,2,0,1.7,7,199
MX-0315,Mumbai,72,0,5.0,7,999
MX-0315,Delhi,63,0,4.9,5,999
MX-0315,Bengaluru,213,0,3.8,21,999
MX-0315,Hyderabad,34,0,7.9,14,999
,Chennai,14,0,0.9,14,999
MX-0315,Kolkata,5,0,4.2,7,999
MX-0315,Pune,7,0,1.6,5,999
MX-0315,Ahmedabad,(1),0,6.4,7,999
MX-0315,Jaipur,51,28,7.0,5,999
MX-0315,Lucknow,10,0,1.8,5,999
MX-0315,Surat,52, 14 ,2.4,14,999
MX-0315,Indore,105,0,5.4,7,999
MX-0315,Nagpur,16,0,0.4,14,999
MX-0315,Kochi,66.5,0,1.6,14,999
MX-0315,Chandigarh,157,0,6.4,14,999
MX-0315,Bhopal,30,0,3.8,7,999
MX-0315,Patna,322,47,7.1,14,999
MX-0315,Vadodara,9,2,0.6,7,999
MX-0315,Ludhiana,26,0,4.2,7,999
MX-0315,Agra,32,14,2.0,7,999
MX-0315,Nashik,101,0,7.9,21,999
MX-0315,Meerut,262,0,7.8,14,999
MX-0315,Rajkot,15,0,0.9,10,N/A
MX-0315,Varanasi,38,52,6.8,10,999
MX-0315,Amritsar,22,0,5.7,5,999
MX-0315,Noida,61,-20,5.2,5,999
MX-0315,Gurugram,45,0,2.1,7,999
MX-0315,Coimbatore,67,0,,7,999
MX-0315,Madurai,114,0,7.1,21,999
MX-0315,Guwahati,242,70,7.4,14,999
MX-0315,Mumbai City Mall,44,0,3.6,,999
MX-0315,Delhi City Mall, 40 ,34,5.2,5,999
MX-0315,Bengaluru City Mall,4,0,6.5,14,999
MX-0315,Hyderabad City Mall,20,0,1.6,5,999
MX-0315,Chennai City Mall,79,0,7.3,21,999
MX-0315,Kolkata City Mall,34,0,6.5,7,999
MX-0315,Pune City Mall, 5 ,0,1.5,21,999
MX-0315,Ahmedabad City Mall,7,0,0.3,7,999
MX-0315,Jaipur City Mall,41,0,1.6,10,999
MX-0315,Lucknow City Mall,5,0,0.3,10,999
MX-0315,Surat City Mall,57,0,2.7,14,999
MX-0315,Indore City Mall,45,0,2.2,21,999
MX-0315,Nagpur City Mall,157,40,2.3,21,999
MX-0315,Kochi City Mall,8,0,0.6,10,999
MX-0315,Chandigarh City Mall, 22 ,0,2.2,10,999
MX-0315,Bhopal City Mall,47,0,6.6,5,999
MX-0315,Patna City Mall,35,0,2.6,7,999
MX-0315,Vadodara City Mall,177,0,7.8,7,999
MX-0315,Ludhiana City Mall,22,0,5.9,5,999
MX-0315,Agra City Mall,150,0,8.0,14,999
MX-0316,Mumbai,42,0,2.3,7,1999
MX-0316,Delhi, 21 ,0,3.2,5,1999
MX-0316,Bengaluru,26,0,3.0,5,1999
MX-0316,Hyderabad, 48 ,0,5.0,21,1999
MX-0316,Chennai,41,0,5.9,5,1999
MX-0316,Kolkata,66,32,6.9,5,1999
MX-0316,Pune,7,5,1.5,7,1999
MX-0316,Ahmedabad,381,0,5.4,21,1999
MX-0316,Jaipur,4,32,3.0,14,1999
MX-0316,Lucknow,5,0,1.1,5 days,1999
MX-0316,Surat,118,0,5.4,7,1999
MX-0316,Indore, 77 ,0,5.1,5,1999
MX-0316,Indore, 77 ,0,5.1,5,1999
MX-0316,Nagpur,165,0,7.9,7,1999
MX-0316,Kochi,3,56,2.8,21,1999
MX-0316,Chandigarh, 32 ,0,3.3,7,1999
MX-0316,Bhopal,55,0,1.2,14,1999
MX-0316,Patna,14.5,0,1.6,21,1999
MX-0316,Vadodara,133,23,5.6,10,1999
MX-0316,Ludhiana,21,15,1.1,21,1999
MX-0316,Agra,159,0,2.7,21,1999
MX-0316,Nashik,49,0,3.5,7,1999
MX-0316,Meerut, 83 ,0,2.3,14,1999
MX-0316,Rajkot,2,0,7.9,21,1999
MX-0316,Varanasi,2,0,0.4,10,1999
MX-0316,Amritsar,34,0,6.8,7,1999
MX-0316,Noida,33,0,4.2,7,1999
MX-0316,Gurugram,188,0,6.5,10,1999
MX-0316,Coimbatore,48,0,2.1,10,1999
MX-0316,Madurai, 116 ,0,7.5,10,1999
MX-0316,Guwahati,283,0,4.0,21,1999
MX-0316,Mumbai City Mall,32,0,4.4,5,1999
MX-0316,Delhi City Mall,203,70,6.4,10,N/A
MX-0316,Bengaluru City Mall, 124 ,0,6.3,14,1999
MX-0316,Hyderabad City Mall,182,0,6.6,10,1999
MX-0316,Chennai City Mall,69,13,5.0,5,1999
MX-0316,Kolkata City Mall,132,0,2.3,21,1999
MX-0316,Pune City Mall,13,0,3.8,7,1999
MX-0316,Ahmedabad City Mall, 23 ,74,4.5,14,1999
MX-0316,Jaipur City Mall,23,0,6.3,5,1999
MX-0316,Lucknow City Mall,7,0,1.4,10,1999
MX-0316,Surat City Mall,76,0,4.9,5,1999
MX-0316,Indore City Mall,12,0,5.4,21,1999
MX-0316,Nagpur City Mall,23,12,3.9,5,1999
MX-0316,Kochi City Mall,281,0,4.6,21,1999
MX-0316,Chandigarh City Mall,204,89,6.8,10,1999
MX-0316,Bhopal City Mall,30,18,2.7,7,1999
MX-0316,Patna City Mall,-9,-3,5.1,10,1999
MX-0316,Vadodara City Mall,17,15,2.2,5,1999
MX-0316,Ludhiana City Mall,63,0,7.3,7,1999
MX-0316,Agra City Mall,16,0,3.3,7,1999
MX-0317,Mumbai,53,0,3.2,14,499
MX-0317,Delhi,13,0,1.2,21,499
MX-0317,Bengaluru,29,0,6.2,5,499
MX-0317,Hyderabad,118,0,2.0,,499
MX-0317,Chennai,47,0,7.8,14,499
,Kolkata,39,0,7.4,21,499
MX-0317,Pune,27,0,1.2,14,499
MX-0317,Ahmedabad,15,0,3.0,21,499
MX-0317,Jaipur,15,0,1.7,5,499
MX-0317,Lucknow,334,0,6.4,21,499
MX-0317,Surat,31,24,,10,499
MX-0317,Indore,35,0,2.3,5,499
MX-0317,Nagpur,26,0,1.8,21,499
MX-0317,Kochi, 15 ,0,7.2,7,499
MX-0317,Chandigarh,82,0,4.7,14,499
MX-0317,Bhopal,144,0,2.5,21,499
MX-0317,Patna,207,0,5.1,14,499
MX-0317,Vadodara,34,0,0.6,21,499
MX-0317,Ludhiana,60,27,5.5,10,499
MX-0317,Agra,16.5,0,6.3,10,499
MX-0317,Nashik,219,101,3.5,21,499
MX-0317,Meerut,12,0,5.0,5,499
MX-0317,Rajkot,66,0,2.5,21,499
MX-0317,Varanasi,123,121,7.4,21,499
MX-0317,Amritsar,4,8,0.6,10,499
MX-0317,Noida,4,0,0.4,5,499
MX-0317,Gurugram,78,0,5.0,10,499
MX-0317,Coimbatore,19,0,4.3,5,499
MX-0317,Madurai,45,0,2.6,10,499
MX-0317,Guwahati,153,0,5.7,14,499
MX-0317,Mumbai City Mall,225,0,7.2,10,499
MX-0317,Delhi City Mall,186,0,7.2,21,499
MX-0317,Bengaluru City Mall,154,44,6.1,14,499
MX-0317,Hyderabad City Mall,16,8,0.5,14,499
MX-0317,Chennai City Mall,1,0,0.5,14,499
MX-0317,Kolkata City Mall,74,0,7.1,5,499
MX-0317,Pune City Mall,87,0,7.8,10,499
MX-0317,Ahmedabad City Mall,54,0,1.6,14,499
MX-0317,Jaipur City Mall,149,72,7.0,10 days,499
MX-0317,Lucknow City Mall,15,6,2.3,5,499
MX-0317,Surat City Mall,4,0,7.2,14,N/A
MX-0317,Indore City Mall,12,0,1.0,5,499
MX-0317,Nagpur City Mall,64,0,7.6,5,499
MX-0317,Kochi City Mall,22,7,1.6,5,499
MX-0317,Chandigarh City Mall,71,0,3.2,14,499
MX-0317,Bhopal City Mall,234,55,7.4,10,499
MX-0317,Patna City Mall,14,0,0.6,14,499
MX-0317,Vadodara City Mall,202,63,5.9,14,499
MX-0317,Ludhiana City Mall,73,0,4.3,7,499
MX-0317,Agra City Mall,5,0,2.1,5,499
MX-0318,Mumbai,8,0,1.9,21,999
MX-0318,Delhi,17,0,1.2,7,999
MX-0318,Bengaluru,104,0,6.2,21,999
MX-0318,Hyderabad,75,0,4.0,7,999
MX-0318,Chennai,7,0,2.4,7,999
MX-0318,Kolkata,16,0,6.3,21,999
MX-0318,Pune,10,31,1.5,21,999
MX-0318,Ahmedabad,104,0,7.4,5,999
MX-0318,Jaipur,35,0,4.5,10,999
MX-0318,Jaipur,35,0,4.5,10,999
MX-0318,Lucknow,8,0,3.6,5,999
MX-0318,Surat,90,0,5.9,14,999
MX-0318,Indore,35,0,3.9,10,999
MX-0318,Nagpur,0,0,6.4,14,999
MX-0318,Kochi,26,0,2.4,5,999
MX-0318,Chandigarh,288,80,6.4,14,999
MX-0318,Bhopal,91,29,4.2,10,999
MX-0318,Patna,22,0,0.9,10,999
MX-0318,Vadodara,118,-16,6.5,7,999
MX-0318,Ludhiana,31,61,7.9,7,999
MX-0318,Agra,56,0,5.6,7,999
MX-0318,Nashik,163,69,4.1,14,999
MX-0318,Meerut,42,0,4.5,7,999
MX-0318,Rajkot,79.5,23,4.1,7,999
MX-0318,Varanasi,436,174,6.2,21,999
MX-0318,Amritsar,121,38,6.3,14,999
MX-0318,Noida,3,3,0.4,10,999
MX-0318,Gurugram,83,30,8.0,,999
MX-0318,Coimbatore,75,29,6.1,5,999
MX-0318,Madurai,0,0,5.2,21,999
MX-0318,Guwahati,194,72,5.8,14,999
MX-0318,Mumbai City Mall, 9 ,2,0.4,7,999
MX-0318,Delhi City Mall,81,0,7.7,10,999
MX-0318,Bengaluru City Mall,21, 37 ,7.6,7,999
MX-0318,Hyderabad City Mall,11,0,6.2,7,999
MX-0318,Chennai City Mall,20,0,1.9,5,999
MX-0318,Kolkata City Mall,(4),0,0.9,10,999
MX-0318,Pune City Mall,16,21,1.6,14,999
MX-0318,Ahmedabad City Mall,107,40,6.4,5,999
MX-0318,Jaipur City Mall,131,0,4.4,10,999
MX-0318,Lucknow City Mall,102,0,4.8,7,999
MX-0318,Surat City Mall, 45 ,0,3.6,10,999
MX-0318,Indore City Mall,16,0,1.8,7,999
MX-0318,Nagpur City Mall, 90 ,0,5.3,21,999
MX-0318,Kochi City Mall,28,0,,10,999
MX-0318,Chandigarh City Mall,6,28,7.7,7,999
MX-0318,Bhopal City Mall,12,15,2.7,10,999
MX-0318,Patna City Mall,9,0,0.4,7,999
MX-0318,Vadodara City Mall,3,0,4.1,10,999
MX-0318,Ludhiana City Mall,153,85,4.5,14,999
MX-0318,Agra City Mall,19,0,1.3,5,N/A
MX-0319,Mumbai,3,4,1.6,5,499
MX-0319,Delhi,88,0,3.4,14,499
MX-0319,Bengaluru,28,0,2.0,14,499
MX-0319,Hyderabad,53,0,4.8,7,499
MX-0319,Chennai,56,0,2.5,7,499
MX-0319,Kolkata, 31 ,0,3.1,7,499
,Pune,4,0,5.5,7,499
MX-0319,Ahmedabad,181,0,6.8,10,499
MX-0319,Jaipur,77,0,5.3,5,499
MX-0319,Lucknow,109,29,3.8,10,499
MX-0319,Surat,115,0,6.0,7,499
MX-0319,Indore,10,0,8.0,7,499
MX-0319,Nagpur,106,0,4.3,21,499
MX-0319,Kochi,171,144,7.5,14,499
MX-0319,Chandigarh,432,0,6.7,21,499
MX-0319,Bhopal,290,126,7.0,21,499
MX-0319,Patna,82,0,5.2,14,499
MX-0319,Vadodara,85,0,7.5,5 days,499
MX-0319,Ludhiana,30,0,1.3,10,499
MX-0319,Agra,3,0,1.6,5,499
MX-0319,Nashik,16,24,3.1,7,499
MX-0319,Meerut,23,0,8.0,14,499
MX-0319,Rajkot,29,0,2.7,5,499
MX-0319,Varanasi,64,0,5.6,21,499
MX-0319,Amritsar,61,0,2.3,14,499
MX-0319,Noida,37.5,35,6.4,7,499
MX-0319,Gurugram,132,0,3.6,21,499
MX-0319,Coimbatore,27,0,6.4,10,499
MX-0319,Madurai,14,0,7.4,10,499
MX-0319,Guwahati,24,0,1.3,10,499
MX-0319,Mumbai City Mall,14,0,1.4,14,499
MX-0319,Delhi City Mall,289,0,6.2,14,499
MX-0319,Bengaluru City Mall,218,0,3.3,21,499
MX-0319,Hyderabad City Mall,30,0,1.0,10,499
MX-0319,Chennai City Mall,32,10,1.7,7,499
MX-0319,Kolkata City Mall,254,46,6.1,14,499
MX-0319,Pune City Mall,18,0,0.8,10,499
MX-0319,Ahmedabad City Mall,15,0,5.3,7,499
MX-0319,Jaipur City Mall,52,-19,3.5,10,499
MX-0319,Lucknow City Mall,163,0,7.1,14,499
MX-0319,Surat City Mall,149,0,5.3,21,499
MX-0319,Indore City Mall,86,0,4.5,21,499
MX-0319,Nagpur City Mall,311,0,6.4,21,499
MX-0319,Kochi City Mall,425,0,6.6,21,499
MX-0319,Chandigarh City Mall,81,0,7.3,7,499
MX-0319,Bhopal City Mall,201,35,4.7,14,499
MX-0319,Patna City Mall,46,65,4.7,10,499
MX-0319,Vadodara City Mall,11,0,7.2,5,499
MX-0319,Ludhiana City Mall,34,73,4.5,14,499
MX-0319,Agra City Mall,37,0,7.9,,499
MX-0320,Mumbai,95,0,2.1,21,199
MX-0320,Delhi,20,0,1.7,5,199
MX-0320,Bengaluru,499,0,7.4,21,199
MX-0320,Hyderabad,56,0,3.2,21,199
MX-0320,Chennai,33,0,1.6,7,199
MX-0320,Kolkata,2,0,2.0,5,199
MX-0320,Kolkata,2,0,2.0,5,199
MX-0320,Pune, 15 , 8 ,1.0,7,199
MX-0320,Ahmedabad,149,0,7.0,21,199
MX-0320,Jaipur,34,0,3.0,14,N/A
MX-0320,Lucknow,37,0,2.7,7,199
MX-0320,Surat,415,0,7.8,21,199
MX-0320,Indore,420,0,6.1,21,199
MX-0320,Nagpur,91,49,3.6,10,199
MX-0320,Kochi,104,0,7.9,21,199
MX-0320,Chandigarh,4, 4 ,0.5,7,199
MX-0320,Bhopal,55,0,2.8,10,199
MX-0320,Patna,127,0,6.1,7,199
MX-0320,Vadodara,127,0,3.3,21,199
MX-0320,Ludhiana, 43 ,0,1.2,14,199
MX-0320,Agra,28,0,0.4,21,199
MX-0320,Nashik,181,0,7.4,21,199
MX-0320,Meerut,91,0,2.4,14,199
MX-0320,Rajkot,302,0,6.9,21,199
MX-0320,Varanasi,283,0,6.3,14,199
MX-0320,Amritsar,-1,0,3.2,10,199
MX-0320,Noida,17, 6 ,2.8,5,199
MX-0320,Gurugram,13,0,,14,199
MX-0320,Coimbatore,19,51,7.5,7,199
MX-0320,Madurai,45.5,0,5.3,7,199
MX-0320,Guwahati,26,106,7.0,14,199
MX-0320,Mumbai City Mall,41,51,7.7,7,199
MX-0320,Delhi City Mall,18,0,3.2,10,199
MX-0320,Bengaluru City Mall,16,0,1.7,14,199
MX-0320,Hyderabad City Mall,42,0,1.8,7,199
MX-0320,Chennai City Mall,201,0,4.8,21,199
MX-0320,Kolkata City Mall,7,18,2.0,7,199
MX-0320,Pune City Mall,30,0,2.2,10,199
MX-0320,Ahmedabad City Mall,35,0,6.4,7,199
MX-0320,Jaipur City Mall,1,1,0.2,7,199
MX-0320,Lucknow City Mall,55,0,4.4,5,199
MX-0320,Surat City Mall,80,0,6.1,5,199
MX-0320,Indore City Mall,18,0,2.4,5,199
MX-0320,Nagpur City Mall,33,0,3.5,14,199
MX-0320,Kochi City Mall,15,4,1.1,10,199
MX-0320,Chandigarh City Mall,47,0,3.7,7,199
MX-0320,Bhopal City Mall,15,6,1.8,5,199
MX-0320,Patna City Mall,29,0,3.3,5 days,199
MX-0320,Vadodara City Mall,10,0,2.0,10,199
MX-0320,Ludhiana City Mall,113,0,4.0,10,199
MX-0320,Agra City Mall,57,0,6.9,14,199
MX-0321,Mumbai,127,51,5.8,7,499
MX-0321,Delhi,84,0,7.5,14,499
MX-0321,Bengaluru,52,0,7.5,5,499
MX-0321,Hyderabad,109,0,3.8,10,499
MX-0321,Chennai,247,0,7.6,14,499
MX-0321,Kolkata,70,0,3.6,10,499
MX-0321,Pune,9,0,4.1,10,499
,Ahmedabad, 25 ,0,7.0,7,499
MX-0321,Jaipur,40,0,2.6,21,499
MX-0321,Lucknow,115,-5,5.0,7,499
MX-0321,Surat,75,0,7.9,5,499
MX-0321,Indore,59,0,4.9,7,499
MX-0321,Nagpur,3,46,5.0,7,499
MX-0321,Kochi,13,0,1.1,5,499
MX-0321,Chandigarh,13,33,7.3,5,499
MX-0321,Bhopal,0,0,0.5,10,499
MX-0321,Patna,336,0,5.5,21,499
MX-0321,Vadodara,67,0,7.6,5,N/A
MX-0321,Ludhiana,136,58,4.2,14,499
MX-0321,Agra,107,0,5.3,7,499
MX-0321,Nashik,94,0,5.9,5,499
MX-0321,Meerut,224,0,3.6,21,499
MX-0321,Rajkot,251,0,3.8,,499
MX-0321,Varanasi,48,0,1.2,21,499
MX-0321,Amritsar,20,7,1.3,5,499
MX-0321,Noida,21,0,4.4,7,499
MX-0321,Gurugram,15,0,0.4,21,499
MX-0321,Coimbatore,0,0,3.3,10,499
MX-0321,Madurai,221,0,4.3,21,499
MX-0321,Guwahati,94,0,5.5,10,499
MX-0321,Mumbai City Mall,9,13,2.3,5,499
MX-0321,Delhi City Mall,13.5,4,1.4,5,499
MX-0321,Bengaluru City Mall,40,30,2.9,10,499
MX-0321,Hyderabad City Mall,12,0,6.7,10,499
MX-0321,Chennai City Mall,10,0,7.0,5,499
MX-0321,Kolkata City Mall,7,0,1.9,10,499
MX-0321,Pune City Mall,77,0,2.7,10,499
MX-0321,Ahmedabad City Mall,112,0,6.6,7,499
MX-0321,Jaipur City Mall,55,0,4.0,7,499
MX-0321,Lucknow City Mall,32,0,1.8,10,499
MX-0321,Surat City Mall,41,0,5.1,5,499
MX-0321,Indore City Mall,53,0,2.8,7,499
MX-0321,Nagpur City Mall,45,0,1.6,14,499
MX-0321,Kochi City Mall,78,83,3.0,21,499
MX-0321,Chandigarh City Mall,41,0,1.8,10,499
MX-0321,Bhopal City Mall,358,0,7.1,21,499
MX-0321,Patna City Mall,142,0,4.4,21,499
MX-0321,Vadodara City Mall,120,0,6.3,10,499
MX-0321,Ludhiana City Mall,82,0,7.5,7,499
MX-0321,Agra City Mall,490,0,6.9,21,499
MX-0322,Mumbai,39,0,2.7,5,1999
MX-0322,Delhi,26,0,1.1,21,1999
MX-0322,Bengaluru, 2 ,0,3.0,14,1999
MX-0322,Bengaluru, 2 ,0,3.0,14,1999
MX-0322,Hyderabad, 121 ,0,4.2,10,1999
MX-0322,Chennai,71,0,3.6,14,1999
MX-0322,Kolkata,2,0,1.1,10,1999
MX-0322,Pune,2,0,0.6,14,1999
MX-0322,Ahmedabad,203,0,5.5,21,1999
MX-0322,Jaipur,229,0,6.8,10,1999
MX-0322,Lucknow,5,10,,14,1999
MX-0322,Surat,39,0,3.3,5,1999
MX-0322,Indore,169,79,7.3,14,1999
MX-0322,Nagpur,5,0,6.8,14,1999
MX-0322,Kochi,-9,0,6.7,14,1999
MX-0322,Chandigarh,159,0,5.1,14,1999
MX-0322,Bhopal,148,72,3.8,21,1999
MX-0322,Patna,56,0,6.3,5,1999
MX-0322,Vadodara,107,0,2.6,14,1999
MX-0322,Ludhiana,92,107,4.9,21,1999
MX-0322,Agra,9,67,4.2,21,1999
MX-0322,Nashik,1,2,0.4,5,1999
MX-0322,Meerut, 154 ,0,5.2,21,1999
MX-0322,Rajkot,303, 94 ,4.7,21,1999
MX-0322,Varanasi,32,0,2.1,10,1999
MX-0322,Amritsar,307,0,7.3,21,1999
MX-0322,Noida,105,0,1.5,21 days,1999
MX-0322,Gurugram,77,105,6.1,14,N/A
MX-0322,Coimbatore,75,0,3.4,7,1999
MX-0322,Madurai,257,0,6.8,21,1999
MX-0322,Guwahati,1,0,0.3,7,1999
MX-0322,Mumbai City Mall,81,-3,4.1,21,1999
MX-0322,Delhi City Mall,34,0,7.8,10,1999
MX-0322,Bengaluru City Mall,431,0,7.1,21,1999
MX-0322,Hyderabad City Mall,53,15,1.6,10,1999
MX-0322,Chennai City Mall,114.5,0,3.5,14,1999
MX-0322,Kolkata City Mall,226,0,6.0,14,1999
MX-0322,Pune City Mall, 34 ,22,0.8,21,1999
MX-0322,Ahmedabad City Mall,285,0,6.6,21,1999
MX-0322,Jaipur City Mall,30,0,1.4,7,1999
MX-0322,Lucknow City Mall,26,0,6.1,5,1999
MX-0322,Surat City Mall,74,0,3.3,10,1999
MX-0322,Indore City Mall,28,0,7.0,5,1999
MX-0322,Nagpur City Mall, 128 ,0,7.5,10,1999
MX-0322,Kochi City Mall,62,0,6.4,21,1999
MX-0322,Chandigarh City Mall,5,25,3.7,5,1999
MX-0322,Bhopal City Mall,108,44,6.3,,1999
MX-0322,Patna City Mall,61,0,1.6,21,1999
MX-0322,Vadodara City Mall,73,0,3.0,10,1999
MX-0322,Ludhiana City Mall,215,0,5.7,14,1999
MX-0322,Agra City Mall,159,0,7.7,7,1999
MX-0323,Mumbai,16,0,1.7,10,3999
MX-0323,Delhi,76,0,4.9,7,3999
MX-0323,Bengaluru,32,0,1.6,10,3999
MX-0323,Hyderabad,138,0,5.4,21,3999
MX-0323,Chennai,143,0,4.2,14,3999
MX-0323,Kolkata,43,0,2.5,21,3999
MX-0323,Pune, 134 ,0,4.2,14,3999
MX-0323,Ahmedabad,22,0,3.0,14,3999
,Jaipur,135,0,5.7,10,3999
MX-0323,Lucknow,51,0,7.2,7,3999
MX-0323,Surat,168,0,4.8,14,3999
MX-0323,Indore,52,36,5.7,14,3999
MX-0323,Nagpur,7,0,1.7,7,3999
MX-0323,Kochi, 31 ,0,2.5,7,3999
MX-0323,Chandigarh,250,0,3.7,21,3999
MX-0323,Bhopal, 56 ,0,4.0,7,3999
MX-0323,Patna,55,0,2.0,10,3999
MX-0323,Vadodara, 72 ,0,3.2,10,3999
MX-0323,Ludhiana,5,0,0.4,10,3999
MX-0323,Agra,45,0,2.5,10,3999
MX-0323,Nashik,14,0,2.3,21,3999
MX-0323,Meerut,19,8,0.4,21,3999
MX-0323,Rajkot,1,0,1.1,5,3999
MX-0323,Varanasi,130,0,2.7,21,3999
MX-0323,Amritsar, 34 ,20,2.2,7,3999
MX-0323,Noida,58,78,6.7,10,3999
MX-0323,Gurugram,4,21,1.7,14,3999
MX-0323,Coimbatore,135,0,5.3,10,3999
MX-0323,Madurai,498,181,7.2,21,3999
MX-0323,Guwahati,28,0,7.1,10,3999
MX-0323,Mumbai City Mall,10,22,2.5,14,3999
MX-0323,Delhi City Mall,3,0,7.3,10,3999
MX-0323,Bengaluru City Mall,41,0,4.5,7,3999
MX-0323,Hyderabad City Mall,179,0,5.6,10,3999
MX-0323,Chennai City Mall,6,0,1.0,5,3999
MX-0323,Kolkata City Mall,84,0,3.9,7,N/A
MX-0323,Pune City Mall,27,0,1.1,21,3999
MX-0323,Ahmedabad City Mall,103.5,0,8.0,5,3999
MX-0323,Jaipur City Mall,70,0,3.7,21,3999
MX-0323,Lucknow City Mall,57,0,5.2,14,3999
MX-0323,Surat City Mall,165,0,7.2,14,3999
MX-0323,Indore City Mall,27,16,2.9,14,3999
MX-0323,Nagpur City Mall,106,0,,14,3999
MX-0323,Kochi City Mall,300,0,6.4,14,3999
MX-0323,Chandigarh City Mall,115,36,3.0,14,3999
MX-0323,Bhopal City Mall,20,0,5.6,5,3999
MX-0323,Patna City Mall,30,0,1.4,14,3999
MX-0323,Vadodara City Mall,46,0,2.5,10,3999
MX-0323,Ludhiana City Mall,157,0,3.8,14,3999
MX-0323,Agra City Mall,37,0,1.4,14,3999
MX-0323,Agra City Mall,37,0,1.4,14,3999
MX-0324,Mumbai, 169 ,0,6.2,10,199
MX-0324,Delhi,326,-12,7.2,14,199
MX-0324,Bengaluru,-2,0,4.8,7,199
MX-0324,Hyderabad, 36 ,0,7.7,7,199
MX-0324,Chennai,248,124,8.0,14 days,199
MX-0324,Kolkata,66,0,3.8,7,199
MX-0324,Pune,114,0,5.8,7,199
MX-0324,Ahmedabad,21,0,2.2,21,199
MX-0324,Jaipur,25,0,2.3,5,199
MX-0324,Lucknow,91,39,2.3,14,199
MX-0324,Surat,0,1,0.5,7,199
MX-0324,Indore,16,0,2.5,5,199
MX-0324,Nagpur,21,70,5.1,10,199
MX-0324,Kochi,65,0,1.2,21,199
MX-0324,Chandigarh,12,0,6.1,10,199
MX-0324,Bhopal, 285 ,0,5.7,21,199
MX-0324,Patna,149,0,6.5,10,199
MX-0324,Vadodara,17,29,2.9,14,199
MX-0324,Ludhiana,10,0,0.4,,199
MX-0324,Agra,296,0,6.8,21,199
MX-0324,Nashik,192,0,4.8,14,199
MX-0324,Meerut,13,0,2.1,5,199
MX-0324,Rajkot,85, 42 ,6.6,5,199
MX-0324,Varanasi,32,25,3.5,7,199
MX-0324,Amritsar,64,0,3.9,21,199
MX-0324,Noida,22,0,0.6,21,199
MX-0324,Gurugram,200,0,6.5,10,199
MX-0324,Coimbatore,405,0,7.9,21,199
MX-0324,Madurai,52,0,2.5,7,199
MX-0324,Guwahati,15,0,2.6,14,199
MX-0324,Mumbai City Mall,28,0,6.2,5,199
MX-0324,Delhi City Mall,25,0,2.4,5,199
MX-0324,Bengaluru City Mall,27,13,2.4,7,199
MX-0324,Hyderabad City Mall,33,0,2.0,5,199
MX-0324,Chennai City Mall,7,0,0.5,21,199
MX-0324,Kolkata City Mall, 88 ,0,6.6,5,199
MX-0324,Pune City Mall,71,0,4.3,14,199
MX-0324,Ahmedabad City Mall,108,51,5.8,7,199
MX-0324,Jaipur City Mall,8,0,0.5,14,199
MX-0324,Lucknow City Mall,3,0,0.3,7,199
MX-0324,Surat City Mall,0.5,0,0.3,7,199
MX-0324,Indore City Mall,3,0,0.3,21,199
MX-0324,Nagpur City Mall,50,0,1.9,14,199
MX-0324,Kochi City Mall,50,96,7.0,10,199
MX-0324,Chandigarh City Mall,94,0,5.6,7,N/A
MX-0324,Bhopal City Mall,13,0,4.9,7,199
MX-0324,Patna City Mall,108,17,5.2,7,199
MX-0324,Vadodara City Mall,9,0,0.2,14,199
MX-0324,Ludhiana City Mall,9,0,0.5,10,199
MX-0324,Agra City Mall,73,32,2.6,14,199
MX-0325,Mumbai,19,0,1.1,10,499
MX-0325,Delhi,121,0,7.2,7,499
MX-0325,Bengaluru,35,21,6.1,5,499
MX-0325,Hyderabad,86,0,4.4,7,499
MX-0325,Chennai,39,0,5.5,7,499
MX-0325,Kolkata,21,0,0.9,10,499
MX-0325,Pune,21,32,3.0,10,499
MX-0325,Ahmedabad,26,0,4.7,10,499
MX-0325,Jaipur,15,0,6.1,5,499
,Lucknow,319,68,5.3,21,499
MX-0325,Surat,65,25,4.1,10,499
MX-0325,Indore,149,0,5.6,10,499
MX-0325,Nagpur,16,0,1.0,5,499
MX-0325,Kochi,179,81,7.1,10,499
MX-0325,Chandigarh,331,0,4.8,21,499
MX-0325,Bhopal,27,0,3.0,5,499
MX-0325,Patna,42,0,1.8,7,499
MX-0325,Vadodara,14,0,7.1,5,499
MX-0325,Ludhiana,45,24,4.9,5,499
MX-0325,Agra,75,0,7.4,10,499
MX-0325,Nashik,97,0,5.8,10,499
MX-0325,Meerut,59,0,5.2,5,499
MX-0325,Rajkot,160,-8,7.0,7,499
MX-0325,Varanasi,15,0,2.7,7,499
MX-0325,Amritsar,48,0,2.4,7,499
MX-0325,Noida,9,0,,14,499
MX-0325,Gurugram,14,0,1.6,7,499
MX-0325,Coimbatore,12,0,6.8,7,499
MX-0325,Madurai,61,0,3.5,7,499
MX-0325,Guwahati,41, 64 ,4.6,10,499
MX-0325,Mumbai City Mall,36,0,1.8,7,499
MX-0325,Delhi City Mall,12,0,3.1,7,499
MX-0325,Bengaluru City Mall,21,0,1.5,10,499
MX-0325,Hyderabad City Mall,55,0,3.9,7 days,499
MX-0325,Chennai City Mall,419,0,7.3,21,499
MX-0325,Kolkata City Mall,40,0,5.5,21,499
MX-0325,Pune City Mall,16,0,1.4,21,499
MX-0325,Ahmedabad City Mall,97,0,4.6,14,499
MX-0325,Jaipur City Mall,47,0,4.8,14,499
MX-0325,Lucknow City Mall,22,0,0.7,21,499
MX-0325,Surat City Mall,83,0,2.7,10,499
MX-0325,Indore City Mall,(3),2,0.3,,499
MX-0325,Nagpur City Mall,40,0,0.8,21,499
MX-0325,Kochi City Mall,37.5,0,4.0,5,499
MX-0325,Chandigarh City Mall,380,0,7.2,21,499
MX-0325,Bhopal City Mall,10,29,1.6,14,499
MX-0325,Patna City Mall,48,71,5.0,21,499
MX-0325,Patna City Mall,48,71,5.0,21,499
MX-0325,Vadodara City Mall,112,0,2.7,14,499
MX-0325,Ludhiana City Mall, 74 ,0,8.0,5,499
MX-0325,Agra City Mall,24,0,1.3,10,499
MX-0326,Mumbai,8,7,0.7,10,1999
MX-0326,Delhi,8,0,0.9,5,1999
MX-0326,Bengaluru, 89 ,61,4.9,14,1999
MX-0326,Hyderabad,178,0,7.8,7,N/A
MX-0326,Chennai, 133 ,62,5.1,14,1999
MX-0326,Kolkata,0,0,2.8,5,1999
MX-0326,Pune,90,30,3.5,10,1999
MX-0326,Ahmedabad,18,0,4.8,5,1999
MX-0326,Jaipur,6,0,1.3,21,1999
MX-0326,Lucknow,140,0,7.4,14,1999
MX-0326,Surat,61,0,7.6,7,1999
MX-0326,Indore,77,0,1.7,21,1999
MX-0326,Nagpur,32,0,7.2,7,1999
MX-0326,Kochi,22, 24 ,4.1,5,1999
MX-0326,Chandigarh,51,0,4.0,7,1999
MX-0326,Bhopal,126,0,5.7,14,1999
MX-0326,Patna,99,0,1.6,21,1999
MX-0326,Vadodara,18,0,0.9,10,1999
MX-0326,Ludhiana,16,0,0.4,21,1999
MX-0326,Agra,11,0,1.2,7,1999
MX-0326,Nashik, 39 ,13,3.9,7,1999
MX-0326,Meerut,21,0,0.5,14,1999
MX-0326,Rajkot,108,0,4.8,10,1999
MX-0326,Varanasi,72,0,2.4,10,1999
MX-0326,Amritsar,56,32,2.6,10,1999
MX-0326,Noida,34,0,2.5,7,1999
MX-0326,Gurugram,17,0,7.5,5,1999
MX-0326,Coimbatore,39,0,2.4,10,1999
MX-0326,Madurai,12,0,3.1,5,1999
MX-0326,Guwahati,57,0,2.8,14,1999
MX-0326,Mumbai City Mall,2,0,4.6,21,1999
MX-0326,Delhi City Mall,44,0,4.1,10,1999
MX-0326,Bengaluru City Mall, 331 ,0,5.3,21,1999
MX-0326,Hyderabad City Mall,168,0,7.2,10,1999
MX-0326,Chennai City Mall,23,43,1.7,21,1999
MX-0326,Kolkata City Mall,64,0,2.1,14,1999
MX-0326,Pune City Mall, 2 ,0,0.2,5,1999
MX-0326,Ahmedabad City Mall,37,0,4.5,5,1999
MX-0326,Jaipur City Mall,135,0,5.3,14,1999
MX-0326,Lucknow City Mall,4,0,1.3,5,1999
MX-0326,Surat City Mall,24,11,1.3,21,1999
MX-0326,Indore City Mall,18,17,5.6,7,1999
MX-0326,Nagpur City Mall,88,0,3.5,21,1999
MX-0326,Kochi City Mall,70,-11,7.3,7,1999
MX-0326,Chandigarh City Mall,1,5,0.4,10,1999
MX-0326,Bhopal City Mall,61,36,2.3,21,1999
MX-0326,Patna City Mall,17.5,0,3.5,7,1999
MX-0326,Vadodara City Mall,46,0,1.6,14,1999
MX-0326,Ludhiana City Mall,5,0,1.1,10,1999
MX-0326,Agra City Mall,35,0,0.6,21,1999
MX-0327,Mumbai,231,64,6.2,21,199
MX-0327,Delhi,31,0,1.6,21,199
MX-0327,Bengaluru,169,0,3.6,14,199
MX-0327,Hyderabad,1,0,0.3,5,199
MX-0327,Chennai,73,0,1.3,21,199
MX-0327,Kolkata,75,0,4.9,21,199
MX-0327,Pune,29,0,3.9,5,199
MX-0327,Ahmedabad,35,0,4.2,5,199
MX-0327,Jaipur,117,0,,14,199
MX-0327,Lucknow,51,0,7.0,10,199
,Surat,33,40,5.7,10,199
MX-0327,Indore,1,0,5.2,5,199
MX-0327,Nagpur,167,0,7.9,7 days,N/A
MX-0327,Kochi,7,4,0.2,21,199
MX-0327,Chandigarh,130,0,5.3,,199
MX-0327,Bhopal,275,0,7.0,14,199
MX-0327,Patna,9,0,3.0,5,199
MX-0327,Vadodara,8,0,0.6,7,199
MX-0327,Ludhiana,213,143,7.7,14,199
MX-0327,Agra,47,114,7.0,14,199
MX-0327,Nashik,416,98,6.8,21,199
MX-0327,Meerut,6,0,0.3,14,199
MX-0327,Rajkot,7,0,2.2,5,199
MX-0327,Varanasi,76,0,2.4,14,199
MX-0327,Amritsar,60,0,5.8,7,199
MX-0327,Noida,5,0,0.4,10,199
MX-0327,Gurugram,60,118,5.4,21,199
MX-0327,Coimbatore,5,0,0.5,10,199
MX-0327,Madurai,100,0,4.5,7,199
MX-0327,Guwahati,29,0,5.6,21,199
MX-0327,Mumbai City Mall,-2,0,1.1,21,199
MX-0327,Delhi City Mall,110,0,7.7,5,199
MX-0327,Bengaluru City Mall, 93 ,0,6.6,14,199
MX-0327,Hyderabad City Mall,104,0,6.3,5,199
MX-0327,Chennai City Mall,158,0,6.3,14,199
MX-0327,Kolkata City Mall,69,0,2.2,14,199
MX-0327,Pune City Mall,63,0,6.1,5,199
MX-0327,Ahmedabad City Mall,53,43,3.4,14,199
MX-0327,Jaipur City Mall,8,3,0.3,14,199
MX-0327,Lucknow City Mall,26,0,5.7,7,199
MX-0327,Surat City Mall,5,0,0.9,5,199
MX-0327,Indore City Mall,6,0,0.8,5,199
MX-0327,Nagpur City Mall,15,0,4.3,10,199
MX-0327,Kochi City Mall,351,119,7.6,21,199
MX-0327,Kochi City Mall,351,119,7.6,21,199
MX-0327,Chandigarh City Mall,12, 8 ,0.8,10,199
MX-0327,Bhopal City Mall,5,0,6.3,5,199
MX-0327,Patna City Mall,2,0,4.2,5,199
MX-0327,Vadodara City Mall,59,0,5.5,21,199
MX-0327,Ludhiana City Mall,18,0,2.7,10,199
MX-0327,Agra City Mall,124.5,0,4.1,21,199
MX-0328,Mumbai,229,53,5.2,14,499
MX-0328,Delhi,134,0,7.9,7,499
MX-0328,Bengaluru,47,0,2.7,14,499
MX-0328,Hyderabad,67,22,1.6,14,499
MX-0328,Chennai,106,0,7.9,10,499
MX-0328,Kolkata,31,0,3.1,5,499
MX-0328,Pune,9,0,0.5,21,499
MX-0328,Ahmedabad,33,19,4.2,10,499
MX-0328,Jaipur, 10 ,0,0.8,10,499
MX-0328,Lucknow,247,0,7.3,10,499
MX-0328,Surat,49,0,3.7,5,499
MX-0328,Indore,194,66,6.5,21,499
MX-0328,Nagpur,5,0,0.3,14,499
MX-0328,Kochi,18,29,5.7,5,499
MX-0328,Chandigarh,208,-4,6.8,21,499
MX-0328,Bhopal,31,0,4.1,5,499
MX-0328,Patna,106,0,6.6,21,499
MX-0328,Vadodara,24,11,2.4,5,499
MX-0328,Ludhiana,16,0,3.4,7,499
MX-0328,Agra,22,41,6.6,7,499
MX-0328,Nashik,3,3,0.4,7,499
MX-0328,Meerut,195,0,4.8,21,N/A
MX-0328,Rajkot,6,0,1.0,21,499
MX-0328,Varanasi,90,0,2.4,21,499
MX-0328,Amritsar,257,0,7.6,21,499
MX-0328,Noida,27,0,5.7,21,499
MX-0328,Gurugram,171,76,5.6,10,499
MX-0328,Coimbatore,33,0,1.0,10,499
MX-0328,Madurai,33,0,1.6,14,499
MX-0328,Guwahati,106,0,6.2,14,499
MX-0328,Mumbai City Mall,28,0,4.1,10,499
MX-0328,Delhi City Mall,33,31,6.1,5,499
MX-0328,Bengaluru City Mall,197,111,6.9,14,499
MX-0328,Hyderabad City Mall,37,14,2.1,7,499
MX-0328,Chennai City Mall, 77 ,32,4.7,7,499
MX-0328,Kolkata City Mall,12,28,6.4,7,499
MX-0328,Pune City Mall,103,0,3.1,10,499
MX-0328,Ahmedabad City Mall,33,0,4.7,,499
MX-0328,Jaipur City Mall,104,0,4.0,10,499
MX-0328,Lucknow City Mall,2,0,1.0,7,499
MX-0328,Surat City Mall,132,0,3.3,14,499
MX-0328,Indore City Mall, 2 ,0,,5 days,499
MX-0328,Nagpur City Mall,63,0,6.8,5,499
MX-0328,Kochi City Mall,35,0,3.9,7,499
MX-0328,Chandigarh City Mall,35,0,4.9,21,499
MX-0328,Bhopal City Mall,8,1,0.6,5,499
MX-0328,Patna City Mall,48,0,0.8,21,499
MX-0328,Vadodara City Mall,58,0,4.1,5,499
MX-0328,Ludhiana City Mall,68,79,6.6,10,499
MX-0328,Agra City Mall,25,0,4.4,21,499
MX-0329,Mumbai,49,0,2.3,10,3999
MX-0329,Delhi,124,0,4.6,14,3999
MX-0329,Bengaluru,14.5,0,1.9,10,3999
MX-0329,Hyderabad,11,4,0.8,7,3999
MX-0329,Chennai,146,0,5.7,14,3999
MX-0329,Kolkata,38,0,2.6,10,3999
MX-0329,Pune,0,0,1.0,14,3999
MX-0329,Ahmedabad,57,0,7.2,7,3999
MX-0329,Jaipur,99,0,4.8,7,3999
MX-0329,Lucknow,4,0,0.7,7,3999
MX-0329,Surat,33,5,1.0,10,3999
,Indore,274,0,4.6,21,3999
MX-0329,Nagpur,26,0,0.8,21,3999
MX-0329,Kochi,2,0,0.7,21,3999
MX-0329,Chandigarh,66,0,4.3,14,3999
MX-0329,Bhopal,10,46,6.7,7,3999
MX-0329,Patna,176,0,4.3,14,3999
MX-0329,Vadodara,116,0,2.5,14,3999
MX-0329,Ludhiana,290,0,6.8,14,3999
MX-0329,Agra,(3),0,4.4,14,3999
MX-0329,Nashik,34,0,2.2,21,3999
MX-0329,Meerut,126,51,2.9,14,3999
MX-0329,Rajkot,20,0,3.7,10,3999
MX-0329,Varanasi,9,0,3.6,5,3999
MX-0329,Amritsar,3,0,1.3,14,3999
MX-0329,Noida,228,0,6.3,14,3999
MX-0329,Gurugram,286,0,6.7,14,3999
MX-0329,Coimbatore,24,29,6.2,5,3999
MX-0329,Madurai,78,0,5.5,21,3999
MX-0329,Guwahati,92,41,7.8,5,3999
MX-0329,Mumbai City Mall,136,0,2.5,21,N/A
MX-0329,Delhi City Mall,28,0,1.9,5,3999
MX-0329,Bengaluru City Mall,19,0,3.6,7,3999
MX-0329,Hyderabad City Mall,145,0,6.9,21,3999
MX-0329,Chennai City Mall,49,0,1.1,21,3999
MX-0329,Kolkata City Mall, 17 ,-8,3.9,21,3999
MX-0329,Pune City Mall,64,0,6.9,5,3999
MX-0329,Ahmedabad City Mall,14,0,3.0,14,3999
MX-0329,Jaipur City Mall,23,0,3.2,5,3999
MX-0329,Lucknow City Mall,250,132,7.4,14,3999
MX-0329,Surat City Mall,52,48,7.3,5,3999
MX-0329,Surat City Mall,52,48,7.3,5,3999
MX-0329,Indore City Mall,136,43,3.9,14,3999
MX-0329,Nagpur City Mall,11, 18 ,2.9,5,3999
MX-0329,Kochi City Mall,485,68,7.9,21,3999
MX-0329,Chandigarh City Mall,45,0,3.7,7,3999
MX-0329,Bhopal City Mall,232,0,3.3,21,3999
MX-0329,Patna City Mall,45,0,1.0,14,3999
MX-0329,Vadodara City Mall,11,0,0.3,14,3999
MX-0329,Ludhiana City Mall,131,0,4.7,14,3999
MX-0329,Agra City Mall,58,27,4.6,5,3999
MX-0330,Mumbai,187,0,3.2,21,1999
MX-0330,Delhi,32,0,1.5,14,1999
MX-0330,Bengaluru,90,74,3.4,21,1999
MX-0330,Hyderabad,12,0,4.9,21,1999
MX-0330,Chennai,14,25,2.3,14,1999
MX-0330,Kolkata,139.5,0,3.2,21,1999
MX-0330,Pune,191,87,4.7,21,1999
MX-0330,Ahmedabad,207,102,5.1,21,1999
MX-0330,Jaipur,7,0,4.2,7,1999
MX-0330,Lucknow,78,0,3.7,7,1999
MX-0330,Surat,1,0,0.4,,1999
MX-0330,Indore,7,80,5.8,14,1999
MX-0330,Nagpur,242,102,5.7,14,1999
MX-0330,Kochi, 47 ,0,4.0,7,1999
MX-0330,Chandigarh,73,0,4.4,7,1999
MX-0330,Bhopal,28,0,4.7,10,1999
MX-0330,Patna,90,0,4.6,7,1999
MX-0330,Vadodara,23,0,3.7,5,1999
MX-0330,Ludhiana,244,67,5.1,21,1999
MX-0330,Agra,228,0,5.0,14,1999
MX-0330,Nashik,51,23,1.1,21 days,1999
MX-0330,Meerut,9,0,5.8,7,1999
MX-0330,Rajkot,556,0,7.9,21,1999
MX-0330,Varanasi, 66 ,0,1.2,21,1999
MX-0330,Amritsar, 264 ,156,,21,1999
MX-0330,Noida,55,35,1.8,14,1999
MX-0330,Gurugram,190,0,5.0,14,1999
MX-0330,Coimbatore,435,77,6.6,21,1999
MX-0330,Madurai,82,0,4.9,10,1999
MX-0330,Guwahati,55,0,5.7,5,1999
MX-0330,Mumbai City Mall,165,0,6.1,10,1999
MX-0330,Delhi City Mall,126,127,4.6,21,1999
MX-0330,Bengaluru City Mall,57,41,4.1,10,1999
MX-0330,Hyderabad City Mall,4,0,4.8,5,1999
MX-0330,Chennai City Mall,83,0,4.5,14,1999
MX-0330,Kolkata City Mall,41,0,2.9,10,1999
MX-0330,Pune City Mall,68,35,3.2,10,1999
MX-0330,Ahmedabad City Mall,31,27,4.2,7,1999
MX-0330,Jaipur City Mall,25,9,1.0,10,1999
MX-0330,Lucknow City Mall,12,5,2.1,5,N/A
MX-0330,Surat City Mall,21,0,0.5,14,1999
MX-0330,Indore City Mall,137,0,6.6,7,1999
MX-0330,Nagpur City Mall,63,30,5.7,5,1999
MX-0330,Kochi City Mall,80,0,3.9,10,1999
MX-0330,Chandigarh City Mall,71,0,6.5,5,1999
MX-0330,Bhopal City Mall,95,0,4.6,7,1999
MX-0330,Patna City Mall,91,0,4.5,7,1999
MX-0330,Vadodara City Mall,26,0,1.2,10,1999
MX-0330,Ludhiana City Mall,74,21,4.0,7,1999
MX-0330,Agra City Mall,21,8,1.1,7,1999
MX-0331,Mumbai,27,0,1.7,7,3999
MX-0331,Delhi,8,0,6.2,5,3999
MX-0331,Bengaluru,0,0,5.6,5,3999
MX-0331,Hyderabad,42,0,2.0,7,3999
MX-0331,Chennai,240,0,4.7,21,3999
MX-0331,Kolkata,12,0,1.9,14,3999
MX-0331,Pune,64,-11,3.4,10,3999
MX-0331,Ahmedabad,69,0,3.2,7,3999
MX-0331,Jaipur,45.5,0,3.3,7,3999
MX-0331,Lucknow,7,0,1.0,10,3999
MX-0331,Surat,115,63,2.2,21,3999
MX-0331,Indore,55,0,3.4,5,3999
,Nagpur,84,0,2.7,10,3999
MX-0331,Kochi,10,4,1.1,7,3999
MX-0331,Chandigarh,70,0,1.8,21,3999
MX-0331,Bhopal,11,3,1.1,5,3999
MX-0331,Patna,57,41,3.4,10,3999
MX-0331,Vadodara,93,30,3.3,10,3999
MX-0331,Ludhiana,23,59,6.9,10,3999
MX-0331,Agra,3,0,0.6,7,3999
MX-0331,Nashik,68,33,3.4,14,3999
MX-0331,Meerut,41,17,3.9,5,3999
MX-0331,Rajkot,44,26,5.8,10,3999
MX-0331,Varanasi,25,0,0.7,14,3999
MX-0331,Amritsar,44,0,2.6,21,3999
MX-0331,Noida,28,0,1.0,10,3999
MX-0331,Gurugram,24,0,1.2,21,3999
MX-0331,Coimbatore,76,0,6.9,14,3999
MX-0331,Madurai,67,0,3.5,14,3999
MX-0331,Guwahati,114,76,7.2,10,3999
MX-0331,Mumbai City Mall,116,0,5.7,14,3999
MX-0331,Delhi City Mall,98,0,6.0,5,3999
MX-0331,Bengaluru City Mall,131,0,3.5,14,3999
MX-0331,Hyderabad City Mall,48,0,7.3,,3999
MX-0331,Chennai City Mall,145,0,4.2,21,3999
MX-0331,Kolkata City Mall,3,0,1.1,5,3999
MX-0331,Pune City Mall, 199 ,0,5.0,14,3999
MX-0331,Ahmedabad City Mall,108,0,4.9,21,3999
MX-0331,Ahmedabad City Mall,108,0,4.9,21,3999
MX-0331,Jaipur City Mall, 4 ,0,0.5,7,3999
MX-0331,Lucknow City Mall,113,0,6.2,14,3999
MX-0331,Surat City Mall,27,0,6.0,21,3999
MX-0331,Indore City Mall,147,74,6.3,10,3999
MX-0331,Nagpur City Mall,125,0,3.3,14,3999
MX-0331,Kochi City Mall,127,0,3.7,14,3999
MX-0331,Chandigarh City Mall,71,0,1.0,21,3999
MX-0331,Bhopal City Mall,4,0,6.4,7,3999
MX-0331,Patna City Mall,2,0,2.0,7,3999
MX-0331,Vadodara City Mall,78,0,4.2,7,3999
MX-0331,Ludhiana City Mall,127,0,7.0,7,N/A
MX-0331,Agra City Mall,12,0,7.7,5 days,3999
MX-0332,Mumbai,4,6,0.5,10,199
MX-0332,Delhi,59,15,3.6,7,199
MX-0332,Bengaluru,64,0,3.4,10,199
MX-0332,Hyderabad,137,0,5.0,14,199
MX-0332,Chennai,19,0,4.7,7,199
MX-0332,Kolkata,15,0,1.6,14,199
MX-0332,Pune,101,0,3.6,14,199
MX-0332,Ahmedabad,75,67,,7,199
MX-0332,Jaipur,85,0,2.6,14,199
MX-0332,Lucknow,22,0,0.6,14,199
MX-0332,Surat,19,0,5.3,5,199
MX-0332,Indore,65.5,0,3.7,7,199
MX-0332,Nagpur,72,0,6.0,10,199
MX-0332,Kochi,52,0,7.5,10,199
MX-0332,Chandigarh,0,4,0.9,5,199
MX-0332,Bhopal,125,0,6.6,7,199
MX-0332,Patna,203,0,6.7,14,199
MX-0332,Vadodara,35,0,2.2,14,199
MX-0332,Ludhiana,62,0,4.6,7,199
MX-0332,Agra,57,0,4.9,7,199
MX-0332,Nashik,15,5,0.7,14,199
MX-0332,Meerut,8,0,7.7,10,199
MX-0332,Rajkot,72,0,4.3,10,199
MX-0332,Varanasi,261,0,4.4,21,199
MX-0332,Amritsar,20,12,1.3,21,199
MX-0332,Noida,37,0,4.3,7,199
MX-0332,Gurugram,145,0,3.5,21,199
MX-0332,Coimbatore,34,-12,6.2,10,199
MX-0332,Madurai,39,20,5.5,5,199
MX-0332,Guwahati,51,0,3.8,14,199
MX-0332,Mumbai City Mall,32,27,6.8,5,199
MX-0332,Delhi City Mall,219,130,7.9,21,199
MX-0332,Bengaluru City Mall,55,0,7.8,21,199
MX-0332,Hyderabad City Mall, 20 ,0,5.1,5,199
MX-0332,Chennai City Mall,8,0,1.3,10,199
MX-0332,Kolkata City Mall,137,0,6.3,7,199
MX-0332,Pune City Mall, 133 ,0,5.2,10,199
MX-0332,Ahmedabad City Mall,135,0,6.8,14,199
MX-0332,Jaipur City Mall, 88 ,0,4.4,7,199
MX-0332,Lucknow City Mall, 56 ,0,5.2,10,199
MX-0332,Surat City Mall,89,0,6.4,21,199
MX-0332,Indore City Mall,233,0,7.6,21,199
MX-0332,Nagpur City Mall,11,40,6.5,5,199
MX-0332,Kochi City Mall,4,2,0.5,5,199
MX-0332,Chandigarh City Mall,2,0,0.6,7,199
MX-0332,Bhopal City Mall,39,0,2.4,14,199
MX-0332,Patna City Mall,87,0,2.8,14,199
MX-0332,Vadodara City Mall,-1,0,5.3,10,199
MX-0332,Ludhiana City Mall,24,0,4.6,5,199
MX-0332,Agra City Mall,35,0,2.1,7,199
MX-0333,Mumbai,81,107,5.8,14,499
MX-0333,Delhi, 131 ,38,4.9,10,499
MX-0333,Bengaluru,28,13,0.8,14,499
MX-0333,Hyderabad, 249 ,0,5.4,21,499
MX-0333,Chennai,82,0,6.9,5,499
MX-0333,Kolkata,180,0,7.9,7,499
MX-0333,Pune,234,114,7.7,,499
MX-0333,Ahmedabad,3,0,4.1,21,N/A
MX-0333,Jaipur,13,0,2.4,5,499
MX-0333,Lucknow,20,0,2.9,10,499
MX-0333,Surat,44,0,2.8,21,499
MX-0333,Indore,18,0,2.6,5,499
MX-0333,Nagpur,48,13,1.1,14,499
,Kochi,39,0,6.8,5,499
MX-0333,Chandigarh,8.5,27,2.1,10,499
MX-0333,Bhopal,0,2,0.2,10,499
MX-0333,Patna,31,0,0.7,14,499
MX-0333,Vadodara,148,0,6.0,10,499
MX-0333,Ludhiana,3,0,0.5,7,499
MX-0333,Agra,41,0,4.9,5,499
MX-0333,Nashik,39,0,1.1,14,499
MX-0333,Meerut,37,0,7.4,14,499
MX-0333,Rajkot,124,0,7.7,5,499
MX-0333,Varanasi, 282 ,0,4.1,21,499
MX-0333,Amritsar,91,0,1.3,21,499
MX-0333,Noida,159,109,6.4,14,499
MX-0333,Gurugram,141,0,3.0,21,499
MX-0333,Coimbatore,69,0,6.6,14,499
MX-0333,Madurai,23,0,4.9,5 days,499
MX-0333,Guwahati,33,0,2.2,21,499
MX-0333,Mumbai City Mall,81,25,3.9,7,499
MX-0333,Delhi City Mall,92,0,7.5,5,499
MX-0333,Bengaluru City Mall,78,101,4.4,21,499
MX-0333,Hyderabad City Mall, 9 ,0,2.5,10,499
MX-0333,Chennai City Mall,46,34,4.9,7,499
MX-0333,Chennai City Mall,46,34,4.9,7,499
MX-0333,Kolkata City Mall,78,0,2.9,10,499
MX-0333,Pune City Mall,57,0,7.7,7,499
MX-0333,Ahmedabad City Mall,27,0,6.9,10,499
MX-0333,Jaipur City Mall,164,82,4.4,14,499
MX-0333,Lucknow City Mall,114,0,3.6,14,499
MX-0333,Surat City Mall,319,0,,21,499
MX-0333,Indore City Mall,11,35,5.6,14,499
MX-0333,Nagpur City Mall,208,68,7.6,10,499
MX-0333,Kochi City Mall,1,0,1.1,5,499
MX-0333,Chandigarh City Mall,15,0,2.6,5,499
MX-0333,Bhopal City Mall,11,110,5.9,21,499
MX-0333,Patna City Mall,58,0,3.2,7,499
MX-0333,Vadodara City Mall,99,33,3.8,10,499
MX-0333,Ludhiana City Mall,276,-18,4.2,21,499
MX-0333,Agra City Mall,84,75,4.9,21,499
MX-0334,Mumbai,310,0,7.4,14,499
MX-0334,Delhi,62,38,4.9,7,499
MX-0334,Bengaluru,118,0,5.7,21,499
MX-0334,Hyderabad,43,0,3.4,10,499
MX-0334,Chennai,117,0,2.8,14,499
MX-0334,Kolkata,53,0,2.0,14,499
MX-0334,Pune,7,0,3.3,5,499
MX-0334,Ahmedabad,1,0,0.3,7,499
MX-0334,Jaipur,43,0,2.4,10,499
MX-0334,Lucknow,66,0,7.7,10,499
MX-0334,Surat,10,0,4.4,14,499
MX-0334,Indore,148,60,2.5,21,499
MX-0334,Nagpur,87,0,5.3,7,499
MX-0334,Kochi,118,0,5.5,7,499
MX-0334,Chandigarh,18,0,3.9,10,499
MX-0334,Bhopal,27,0,7.5,21,499
MX-0334,Patna,75,0,7.2,5,N/A
MX-0334,Vadodara,73.5,0,4.5,14,499
MX-0334,Ludhiana,42,0,1.5,14,499
MX-0334,Agra,8,25,2.9,10,499
MX-0334,Nashik,73,0,2.3,14,499
MX-0334,Meerut,281,0,5.5,21,499
MX-0334,Rajkot,67,15,1.2,21,499
MX-0334,Varanasi,0,0,1.5,7,499
MX-0334,Amritsar,182,0,7.5,10,499
MX-0334,Noida,32,0,5.7,7,499
MX-0334,Gurugram,129,0,6.7,10,499
MX-0334,Coimbatore, 140 ,0,7.9,10,499
MX-0334,Madurai,86,38,6.4,5,499
MX-0334,Guwahati,59,0,1.9,,499
MX-0334,Mumbai City Mall,17,0,7.9,14,499
MX-0334,Delhi City Mall,291,0,4.8,21,499
MX-0334,Bengaluru City Mall,58,0,2.4,14,499
MX-0334,Hyderabad City Mall,129,39,7.0,7,499
MX-0334,Chennai City Mall,7,0,1.7,5,499
MX-0334,Kolkata City Mall,62,0,3.9,21,499
MX-0334,Pune City Mall,(6),0,4.4,7,499
MX-0334,Ahmedabad City Mall,2,0,5.0,5,499
MX-0334,Jaipur City Mall,6,0,1.4,5,499
MX-0334,Lucknow City Mall,144,0,4.8,10,499
MX-0334,Surat City Mall,9,0,5.0,21,499
MX-0334,Indore City Mall,21,0,1.2,14,499
MX-0334,Nagpur City Mall,39,14,3.9,7,499
MX-0334,Kochi City Mall,50,0,3.4,10,499
MX-0334,Chandigarh City Mall,48,0,2.1,21,499
MX-0334,Bhopal City Mall,141,79,6.6,14,499
MX-0334,Patna City Mall,23,0,4.5,5,499
MX-0334,Vadodara City Mall,1,0,3.8,7,499
MX-0334,Ludhiana City Mall,219,114,7.4,14,499
MX-0334,Agra City Mall,32,0,8.0,14,499
MX-0335,Mumbai,4,0,0.3,5,1999
MX-0335,Delhi,0,0,0.2,5,1999
MX-0335,Bengaluru, 272 ,66,4.1,21,1999
MX-0335,Hyderabad,172,0,2.7,21,1999
MX-0335,Chennai,293,0,7.4,14,1999
MX-0335,Kolkata,68,0,5.6,5,1999
MX-0335,Pune,173,0,3.6,21,1999
MX-0335,Ahmedabad,3,0,0.7,14 days,1999
MX-0335,Jaipur,55,0,3.4,5,1999
MX-0335,Lucknow,13,0,6.3,7,1999
MX-0335,Surat,104,0,3.1,10,1999
MX-0335,Indore,41,28,2.1,10,1999
MX-0335,Nagpur,244,0,6.7,14,1999
MX-0335,Kochi,5,14,3.4,5,1999
,Chandigarh,60,0,4.7,10,1999
MX-0335,Bhopal, 6 ,3,0.6,5,1999
MX-0335,Patna,123,0,5.9,21,1999
MX-0335,Vadodara,112,0,4.1,21,1999
MX-0335,Ludhiana,92,0,3.4,10,1999
MX-0335,Agra,16,-6,0.3,21,1999
MX-0335,Nashik,15.5,46,4.1,10,1999
MX-0335,Meerut,13,0,7.0,7,1999
MX-0335,Rajkot,287,0,7.0,14,1999
MX-0335,Varanasi,6,0,,7,1999
MX-0335,Amritsar,1,0,3.9,5,1999
MX-0335,Noida,19,0,1.4,10,N/A
MX-0335,Gurugram,108,29,5.9,7,1999
MX-0335,Coimbatore,7,0,1.5,7,1999
MX-0335,Madurai,29,0,6.2,5,1999
MX-0335,Guwahati,152,0,3.6,14,1999
MX-0335,Mumbai City Mall,87,0,7.6,5,1999
MX-0335,Delhi City Mall,206,0,7.3,14,1999
MX-0335,Delhi City Mall,206,0,7.3,14,1999
MX-0335,Bengaluru City Mall,20,0,1.4,14,1999
MX-0335,Hyderabad City Mall,313, 151 ,6.2,21,1999
MX-0335,Chennai City Mall,66,0,7.9,7,1999
MX-0335,Kolkata City Mall,73,39,6.9,5,1999
MX-0335,Pune City Mall,257,0,7.4,21,1999
MX-0335,Ahmedabad City Mall,327,0,7.6,14,1999
MX-0335,Jaipur City Mall,173,0,6.1,21,1999
MX-0335,Lucknow City Mall,58,0,6.1,10,1999
MX-0335,Surat City Mall,13,0,5.6,21,1999
MX-0335,Indore City Mall,8,27,2.6,10,1999
MX-0335,Nagpur City Mall,143,0,6.4,10,1999
MX-0335,Kochi City Mall,30,9,1.0,14,1999
MX-0335,Chandigarh City Mall,232,93,5.0,14,1999
MX-0335,Bhopal City Mall,125,0,4.5,14,1999
MX-0335,Patna City Mall,92,22,4.0,7,1999
MX-0335,Vadodara City Mall,12,0,3.0,14,1999
MX-0335,Ludhiana City Mall,21,0,8.0,7,1999
MX-0335,Agra City Mall,184,0,5.9,14,1999
MX-0336,Mumbai,103,0,3.1,10,999
MX-0336,Delhi,156,0,4.5,21,999
MX-0336,Bengaluru,6,0,0.7,,999
MX-0336,Hyderabad,10,0,1.9,10,999
MX-0336,Chennai,271,0,4.1,21,999
MX-0336,Kolkata,277,151,5.5,21,999
MX-0336,Pune,7,0,0.5,14,999
MX-0336,Ahmedabad,92,0,6.1,10,999
MX-0336,Jaipur,28,21,1.0,21,999
MX-0336,Lucknow,38,0,2.2,10,999
MX-0336,Surat,17,0,2.3,10,999
MX-0336,Indore,363,0,7.6,21,999
MX-0336,Nagpur, 191 ,0,6.8,10,999
MX-0336,Kochi,5,0,3.2,5,999
MX-0336,Chandigarh,101,0,6.1,7,999
MX-0336,Bhopal,14,0,2.3,7,999
MX-0336,Patna,0,0,0.5,7,999
MX-0336,Vadodara,27,0,1.9,5,999
MX-0336,Ludhiana,8,8,1.4,10,999
MX-0336,Agra,18,5,1.1,7,999
MX-0336,Nashik,5,4,0.5,7,999
MX-0336,Meerut,103,0,4.9,10,999
MX-0336,Rajkot, 44 ,0,2.9,5,999
MX-0336,Varanasi,32.5,0,2.0,5,999
MX-0336,Amritsar,1,1,0.2,7,999
MX-0336,Noida,-7,0,0.5,21,999
MX-0336,Gurugram, 157 ,0,7.3,14,999
MX-0336,Coimbatore,141,17,6.1,7,999
MX-0336,Madurai,97,40,5.8,10,999
MX-0336,Guwahati,125,42,4.2,10,999
MX-0336,Mumbai City Mall,73,30,2.3,14,999
MX-0336,Delhi City Mall,12,0,3.0,10,999
MX-0336,Bengaluru City Mall, 23 ,6,2.7,5,999
MX-0336,Hyderabad City Mall,17,0,3.7,10,999
MX-0336,Chennai City Mall,113,0,7.1,14,N/A
MX-0336,Kolkata City Mall,79,0,2.1,14,999
MX-0336,Pune City Mall,42,0,4.4,7 days,999
MX-0336,Ahmedabad City Mall,24,24,4.2,10,999
MX-0336,Jaipur City Mall,6,0,4.4,10,999
MX-0336,Lucknow City Mall,20,0,3.6,5,999
MX-0336,Surat City Mall,32,-20,1.2,14,999
MX-0336,Indore City Mall,6,0,1.9,7,999
MX-0336,Nagpur City Mall,1,0,0.3,21,999
MX-0336,Kochi City Mall,77,0,7.3,5,999
MX-0336,Chandigarh City Mall,5,4,0.6,7,999
MX-0336,Bhopal City Mall,62,60,7.0,7,999
MX-0336,Patna City Mall,23,0,5.4,5,999
MX-0336,Vadodara City Mall,129,0,7.6,14,999
MX-0336,Ludhiana City Mall,4,15,2.9,10,999
MX-0336,Agra City Mall,34,0,5.5,7,999
MX-0337,Mumbai,35,0,2.3,10,999
MX-0337,Delhi,7,40,5.3,7,999
MX-0337,Bengaluru,50,0,7.4,10,999
MX-0337,Hyderabad,119,0,3.6,10,999
MX-0337,Chennai,24,0,1.6,10,999
MX-0337,Kolkata,59,0,0.9,21,999
MX-0337,Pune,0,0,,5,999
MX-0337,Ahmedabad,71,0,5.2,7,999
MX-0337,Jaipur,126,0,6.9,14,999
MX-0337,Lucknow,11,0,0.3,21,999
MX-0337,Surat,0,0,5.5,5,999
MX-0337,Indore,21,0,3.4,5,999
MX-0337,Nagpur,21,0,5.2,7,999
MX-0337,Kochi,11,0,3.7,5,999
MX-0337,Chandigarh,2,0,7.7,7,999
,Bhopal,164, 39 ,5.1,10,999
MX-0337,Patna,56,30,4.1,10,999
MX-0337,Vadodara,132,96,7.2,14,999
MX-0337,Ludhiana,298,0,6.4,14,999
MX-0337,Agra,22,0,0.5,14,999
MX-0337,Nashik,9,0,1.7,14,999
MX-0337,Meerut,107,0,4.9,10,999
MX-0337,Rajkot,122,0,2.1,21,999
MX-0337,Varanasi,72,0,1.5,21,999
MX-0337,Amritsar,28,8,2.9,5,999
MX-0337,Noida,14,0,1.9,,999
MX-0337,Gurugram,20.5,111,4.8,21,999
MX-0337,Coimbatore,23,0,1.2,10,999
MX-0337,Madurai,45,0,3.0,5,999
MX-0337,Madurai,45,0,3.0,5,999
MX-0337,Guwahati,8,0,1.2,10,999
MX-0337,Mumbai City Mall,50,0,2.3,14,999
MX-0337,Delhi City Mall,26,0,5.2,5,999
MX-0337,Bengaluru City Mall,2,0,0.4,21,999
MX-0337,Hyderabad City Mall,57,0,3.9,7,999
MX-0337,Chennai City Mall,13,0,2.4,5,999
MX-0337,Kolkata City Mall,194,51,4.2,21,999
MX-0337,Pune City Mall,54,54,6.3,7,999
MX-0337,Ahmedabad City Mall,19,0,1.8,5,999
MX-0337,Jaipur City Mall,1,0,0.3,7,999
MX-0337,Lucknow City Mall,31,11,1.8,10,999
MX-0337,Surat City Mall,117,0,4.9,14,999
MX-0337,Indore City Mall,50,33,5.6,5,999
MX-0337,Nagpur City Mall,55,0,7.6,5,999
MX-0337,Kochi City Mall,2,0,1.9,10,N/A
MX-0337,Chandigarh City Mall,9,0,0.3,14,999
MX-0337,Bhopal City Mall,79,0,2.5,10,999
MX-0337,Patna City Mall,89,0,6.7,14,999
MX-0337,Vadodara City Mall,160,0,6.1,10,999
MX-0337,Ludhiana City Mall,95,0,3.8,21,999
MX-0337,Agra City Mall,8,0,0.3,10,999
MX-0338,Mumbai,202,0,7.6,10,999
MX-0338,Delhi,350,0,5.9,21,999
MX-0338,Bengaluru,52,10,2.7,7,999
MX-0338,Hyderabad,150,0,7.8,14,999
MX-0338,Chennai,123,46,4.5,21,999
MX-0338,Kolkata, 10 ,0,2.4,5,999
MX-0338,Pune,27,0,1.7,21,999
MX-0338,Ahmedabad,47,0,1.0,14,999
MX-0338,Jaipur,20,0,4.6,7,999
MX-0338,Lucknow,43,0,7.8,7,999
MX-0338,Surat,68,0,3.0,21,999
MX-0338,Indore,12,-2,0.6,7,999
MX-0338,Nagpur,5,4,0.6,5,999
MX-0338,Kochi,280,0,5.9,14,999
MX-0338,Chandigarh,-6,0,3.5,10,999
MX-0338,Bhopal,18,0,1.2,7 days,999
MX-0338,Patna,91,0,3.7,14,999
MX-0338,Vadodara,86,0,6.5,10,999
MX-0338,Ludhiana,23,26,5.4,10,999
MX-0338,Agra,19,0,1.8,5,999
MX-0338,Nashik,5,0,4.2,7,999
MX-0338,Meerut,7,0,0.8,21,999
MX-0338,Rajkot,215,43,3.8,21,999
MX-0338,Varanasi,134,0,6.1,7,999
MX-0338,Amritsar,2,0,0.3,10,999
MX-0338,Noida,8,1,0.3,10,999
MX-0338,Gurugram,123,0,6.2,10,999
MX-0338,Coimbatore,339,127,5.8,21,999
MX-0338,Madurai,4,0,0.6,10,999
MX-0338,Guwahati,99.5,0,5.6,7,999
MX-0338,Mumbai City Mall,20,0,1.3,5,999
MX-0338,Delhi City Mall,83,0,7.6,21,999
MX-0338,Bengaluru City Mall,208,137,4.9,21,999
MX-0338,Hyderabad City Mall,0,0,0.7,5,999
MX-0338,Chennai City Mall, 110 ,0,5.0,14,999
MX-0338,Kolkata City Mall,97,0,2.2,21,999
MX-0338,Pune City Mall,6,0,0.3,7,999
MX-0338,Ahmedabad City Mall,109,0,7.8,7,999
MX-0338,Jaipur City Mall,64,0,3.4,14,999
MX-0338,Lucknow City Mall,9,2,,10,999
MX-0338,Surat City Mall,8,76,7.5,10,999
MX-0338,Indore City Mall, 54 ,24,2.1,10,999
MX-0338,Nagpur City Mall,20,0,2.1,5,999
MX-0338,Kochi City Mall,51,0,2.5,10,999
MX-0338,Chandigarh City Mall,33,17,4.0,5,999
MX-0338,Bhopal City Mall,174,0,5.2,21,999
MX-0338,Patna City Mall,108,0,3.5,14,999
MX-0338,Vadodara City Mall,30,0,2.5,5,999
MX-0338,Ludhiana City Mall,6,0,0.8,,999
MX-0338,Agra City Mall,4,0,0.5,5,999
MX-0339,Mumbai,28,0,5.2,14,3999
MX-0339,Delhi,8,14,2.4,5,3999
MX-0339,Bengaluru,185,92,6.7,14,N/A
MX-0339,Hyderabad,74,0,5.0,21,3999
MX-0339,Chennai,65,0,3.9,7,3999
MX-0339,Kolkata,28,0,3.9,10,3999
MX-0339,Pune,30,6,1.8,5,3999
MX-0339,Ahmedabad,4,2,0.6,7,3999
MX-0339,Jaipur,282,0,4.2,21,3999
MX-0339,Lucknow,19,0,1.0,7,3999
MX-0339,Surat,304,0,4.9,21,3999
MX-0339,Indore, 67 ,0,5.4,5,3999
MX-0339,Nagpur,61,44,2.9,14,3999
MX-0339,Kochi,30,0,1.6,14,3999
MX-0339,Chandigarh,73,0,1.4,21,3999
MX-0339,Bhopal,63,0,7.0,14,3999
,Patna,178,0,6.8,21,3999
MX-0339,Vadodara,60,0,1.5,21,3999
MX-0339,Ludhiana,93,80,6.1,10,3999
MX-0339,Agra,3,0,0.2,5,3999
MX-0339,Nashik,347,0,5.2,21,3999
MX-0339,Meerut,9,138,5.9,21,3999
MX-0339,Rajkot,78,0,6.2,5,3999
MX-0339,Varanasi,22,0,1.2,10,3999
MX-0339,Amritsar,8,0,1.5,10,3999
MX-0339,Noida,25,16,3.5,5,3999
MX-0339,Noida,25,16,3.5,5,3999
MX-0339,Gurugram,295,84,7.4,14,3999
MX-0339,Coimbatore,87,0,4.1,10,3999
MX-0339,Madurai,2,14,1.5,7,3999
MX-0339,Guwahati,90,0,3.1,21,3999
MX-0339,Mumbai City Mall,151,0,5.5,14,3999
MX-0339,Delhi City Mall,4,8,0.8,10,3999
MX-0339,Bengaluru City Mall,1.5,-8,0.5,7,3999
MX-0339,Hyderabad City Mall,41,0,6.1,10,3999
MX-0339,Chennai City Mall,29,0,6.5,21,3999
MX-0339,Kolkata City Mall,53,0,4.0,10,3999
MX-0339,Pune City Mall,18,0,0.9,7,3999
MX-0339,Ahmedabad City Mall,2,0,1.5,5,3999
MX-0339,Jaipur City Mall,251,0,7.0,14,3999
MX-0339,Lucknow City Mall,31,23,3.4,5,3999
MX-0339,Surat City Mall,109,0,7.2,10,3999
MX-0339,Indore City Mall,56,0,5.3,5,3999
MX-0339,Nagpur City Mall,48,33,7.0,5,3999
MX-0339,Kochi City Mall,77,0,3.4,7,3999
MX-0339,Chandigarh City Mall,8,0,6.1,7 days,3999
MX-0339,Bhopal City Mall,10,34,6.8,10,3999
MX-0339,Patna City Mall,39,0,3.1,5,3999
MX-0339,Vadodara City Mall,83,0,5.5,5,3999
MX-0339,Ludhiana City Mall,44,0,4.3,14,3999
MX-0339,Agra City Mall,8,0,1.6,21,3999
MX-0340,Mumbai,19,0,3.4,7,199
MX-0340,Delhi,162,0,7.9,10,199
MX-0340,Bengaluru,17,0,4.1,5,199
MX-0340,Hyderabad,-9,0,0.7,7,199
MX-0340,Chennai,110,0,2.0,21,199
MX-0340,Kolkata, 190 ,0,7.7,10,199
MX-0340,Pune,8,0,2.3,10,199
MX-0340,Ahmedabad,18,0,0.9,10,199
MX-0340,Jaipur,34,0,1.4,10,199
MX-0340,Lucknow,110,0,5.1,7,199
MX-0340,Surat,21,0,1.6,7,199
MX-0340,Indore,96,29,6.7,7,N/A
MX-0340,Nagpur, 15 ,0,2.9,7,199
MX-0340,Kochi,10,0,0.6,10,199
MX-0340,Chandigarh,237,0,3.6,21,199
MX-0340,Bhopal,46,0,5.5,10,199
MX-0340,Patna,171,67,2.5,21,199
MX-0340,Vadodara,33,0,5.6,5,199
MX-0340,Ludhiana,88,41,3.9,10,199
MX-0340,Agra,287,47,6.2,14,199
MX-0340,Nashik,3,0,6.7,21,199
MX-0340,Meerut,89,40,3.1,,199
MX-0340,Rajkot,25,19,,7,199
MX-0340,Varanasi,26,0,7.8,7,199
MX-0340,Amritsar,69,46,4.6,10,199
MX-0340,Noida,14,0,4.3,10,199
MX-0340,Gurugram,6,0,2.4,5,199
MX-0340,Coimbatore,33,0,3.8,14,199
MX-0340,Madurai,20,0,7.3,5,199
MX-0340,Guwahati,482,0,7.3,21,199
MX-0340,Mumbai City Mall,72,0,1.6,21,199
MX-0340,Delhi City Mall,50,0,2.5,7,199
MX-0340,Bengaluru City Mall,19,0,0.9,14,199
MX-0340,Hyderabad City Mall,104,0,3.4,21,199
MX-0340,Chennai City Mall,5,0,0.8,10,199
MX-0340,Kolkata City Mall,275.5,0,6.0,14,199
MX-0340,Pune City Mall,403,0,6.9,21,199
MX-0340,Ahmedabad City Mall,57,0,1.9,14,199
MX-0340,Jaipur City Mall,6,0,6.2,5,199
MX-0340,Lucknow City Mall,11,0,2.9,5,199
MX-0340,Surat City Mall,17,0,5.3,21,199
MX-0340,Indore City Mall, 230 ,0,7.8,10,199
MX-0340,Nagpur City Mall,29,20,1.8,10,199
MX-0340,Kochi City Mall,91,45,7.4,5,199
MX-0340,Chandigarh City Mall,58,0,4.5,7,199
MX-0340,Bhopal City Mall,417,0,6.2,21,199
MX-0340,Patna City Mall,24,0,1.9,7,199
MX-0340,Vadodara City Mall,1,28,4.1,5,199
MX-0340,Ludhiana City Mall,126,0,6.1,10,199
MX-0340,Agra City Mall,14,0,7.9,5,199
MX-0341,Mumbai,12,6,1.5,5,3999
MX-0341,Delhi,20,10,1.8,7,3999
MX-0341,Bengaluru,7,0,3.5,14,3999
MX-0341,Hyderabad,10,-17,6.1,14,3999
MX-0341,Chennai,257,0,7.7,10,3999
MX-0341,Kolkata,334,0,5.6,21,3999
MX-0341,Pune,48,0,3.8,5,3999
MX-0341,Ahmedabad,5,20,2.5,10,3999
MX-0341,Jaipur,5,0,2.7,7,3999
MX-0341,Lucknow,222,58,4.8,14,3999
MX-0341,Surat,27,0,2.7,21,3999
MX-0341,Indore,71,0,5.3,10,3999
MX-0341,Nagpur,23,40,6.0,7,3999
MX-0341,Kochi,285,0,4.9,21,3999
MX-0341,Chandigarh,6,0,2.6,7,3999
MX-0341,Bhopal,72,0,3.1,14,3999
MX-0341,Patna,168,125,5.0,21,3999
,Vadodara,4,0,0.2,7,3999
MX-0341,Ludhiana,9,0,7.1,5,3999
MX-0341,Agra,0,3,1.0,5,3999
MX-0341,Nashik,71,0,7.9,5,N/A
MX-0341,Meerut, 31 ,0,2.4,21,3999
MX-0341,Rajkot,4,0,0.3,7,3999
MX-0341,Rajkot,4,0,0.3,7,3999
MX-0341,Varanasi,240,0,7.7,10 days,3999
MX-0341,Amritsar,56,0,3.6,10,3999
MX-0341,Noida,56,0,7.7,14,3999
MX-0341,Gurugram,6,0,5.9,5,3999
MX-0341,Coimbatore,330,0,7.7,14,3999
MX-0341,Madurai,12,0,0.2,21,3999
MX-0341,Guwahati,161,0,7.8,7,3999
MX-0341,Mumbai City Mall,195,0,3.4,21,3999
MX-0341,Delhi City Mall,135,0,6.4,21,3999
MX-0341,Bengaluru City Mall,31,0,1.1,21,3999
MX-0341,Hyderabad City Mall,46,0,4.9,5,3999
MX-0341,Chennai City Mall,58,0,8.0,5,3999
MX-0341,Kolkata City Mall,456,0,6.5,21,3999
MX-0341,Pune City Mall, 79 ,26,4.7,7,3999
MX-0341,Ahmedabad City Mall,34,0,3.0,7,3999
MX-0341,Jaipur City Mall,16.5,15,3.7,5,3999
MX-0341,Lucknow City Mall,69,0,6.2,10,3999
MX-0341,Surat City Mall,82,0,5.3,14,3999
MX-0341,Indore City Mall,8,27,2.4,10,3999
MX-0341,Nagpur City Mall,-2,0,1.9,14,3999
MX-0341,Kochi City Mall,8,0,1.6,7,3999
MX-0341,Chandigarh City Mall,197,0,5.9,,3999
MX-0341,Bhopal City Mall,30,0,6.9,10,3999
MX-0341,Patna City Mall,54,0,3.3,5,3999
MX-0341,Vadodara City Mall,333,0,5.4,21,3999
MX-0341,Ludhiana City Mall,206,77,6.2,10,3999
MX-0341,Agra City Mall,168,0,6.2,14,3999
MX-0342,Mumbai,51,0,5.0,21,1999
MX-0342,Delhi,70,0,7.3,21,1999
MX-0342,Bengaluru,86,0,6.4,5,1999
MX-0342,Hyderabad,65,0,3.1,10,1999
MX-0342,Chennai,161,0,4.5,21,1999
MX-0342,Kolkata,197,45,,10,1999
MX-0342,Pune,23,0,1.2,10,1999
MX-0342,Ahmedabad,91,0,4.0,14,1999
MX-0342,Jaipur,112,0,6.9,14,1999
MX-0342,Lucknow,50,12,4.7,5,1999
MX-0342,Surat,31,0,2.8,5,1999
MX-0342,Indore,16,0,1.4,7,1999
MX-0342,Nagpur,20,0,1.6,7,1999
MX-0342,Kochi,226,0,7.7,21,1999
MX-0342,Chandigarh,81,0,7.2,5,1999
MX-0342,Bhopal,85,33,3.7,10,1999
MX-0342,Patna,66,0,4.6,14,1999
MX-0342,Vadodara,66,49,7.0,7,1999
MX-0342,Ludhiana,19,13,3.1,5,1999
MX-0342,Agra,37,0,3.9,5,1999
MX-0342,Nashik,94,0,6.4,14,1999
MX-0342,Meerut,1,0,4.7,5,1999
MX-0342,Rajkot,115,27,7.0,7,1999
MX-0342,Varanasi,78,46,7.9,14,1999
MX-0342,Amritsar,94,-1,7.6,10,1999
MX-0342,Noida,24,0,2.2,5,1999
MX-0342,Gurugram,10,0,3.2,10,1999
MX-0342,Coimbatore,5,0,1.1,14,1999
MX-0342,Madurai,68,0,5.0,10,1999
MX-0342,Guwahati,36,22,4.3,5,N/A
MX-0342,Mumbai City Mall,50,30,4.6,5,1999
MX-0342,Delhi City Mall,14,0,2.5,10,1999
MX-0342,Bengaluru City Mall,70,0,1.2,21,1999
MX-0342,Hyderabad City Mall,13,0,1.1,10,1999
MX-0342,Chennai City Mall,23,0,5.7,5,1999
MX-0342,Kolkata City Mall,177,0,5.5,10,1999
MX-0342,Pune City Mall,49,15,6.1,5,1999
MX-0342,Ahmedabad City Mall,456,86,7.3,21,1999
MX-0342,Jaipur City Mall,12,0,1.5,21,1999
MX-0342,Lucknow City Mall,136,0,8.0,7,1999
MX-0342,Surat City Mall,319,0,7.7,21,1999
MX-0342,Indore City Mall,22.5,0,2.6,5,1999
MX-0342,Nagpur City Mall,144,0,5.6,10,1999
MX-0342,Kochi City Mall,59,0,4.8,21,1999
MX-0342,Chandigarh City Mall,72,0,2.9,10,1999
MX-0342,Bhopal City Mall,16,18,2.0,10,1999
MX-0342,Patna City Mall,463,0,7.4,21,1999
MX-0342,Vadodara City Mall,80,26,2.5,10,1999
MX-0342,Ludhiana City Mall,0,0,0.2,7,1999
MX-0342,Agra City Mall,66,0,4.5,5,1999
MX-0343,Mumbai,10,0,1.1,10,199
MX-0343,Delhi,80,0,5.4,10,199
MX-0343,Bengaluru,159,38,5.6,10 days,199
MX-0343,Hyderabad,2,0,0.2,10,199
MX-0343,Chennai,35,0,2.2,10,199
MX-0343,Kolkata,10,0,5.7,7,199
MX-0343,Pune,49,0,5.8,21,199
MX-0343,Ahmedabad,54,0,7.5,5,199
MX-0343,Jaipur,95,0,5.7,21,199
MX-0343,Lucknow,0,0,0.8,5,199
MX-0343,Surat,6,0,0.3,21,199
MX-0343,Indore,36,6,2.6,5,199
MX-0343,Nagpur,39,0,4.8,5,199
MX-0343,Kochi,33,0,2.1,21,199
MX-0343,Chandigarh,90,0,2.5,14,199
MX-0343,Bhopal,238,0,3.4,21,199
MX-0343,Patna,12,0,1.9,7,199
MX-0343,Vadodara,242,0,5.5,,199
,Ludhiana,183,58,6.8,21,199
MX-0343,Agra,115,0,4.0,10,199
MX-0343,Agra,115,0,4.0,10,199
MX-0343,Nashik,118,35,3.5,10,199
MX-0343,Meerut,34,10,3.5,5,199
MX-0343,Rajkot,55,0,2.8,14,199
MX-0343,Varanasi,63,0,3.1,10,199
MX-0343,Amritsar,82,45,6.2,7,199
MX-0343,Noida,3,0,4.1,10,199
MX-0343,Gurugram,69,0,3.1,7,199
MX-0343,Coimbatore,50,0,3.6,7,199
MX-0343,Madurai,44,0,3.6,10,199
MX-0343,Guwahati,475,0,7.4,21,199
MX-0343,Mumbai City Mall, 41 ,0,4.9,5,199
MX-0343,Delhi City Mall,-2,0,6.1,5,199
MX-0343,Bengaluru City Mall, 51 ,0,6.8,10,199
MX-0343,Hyderabad City Mall, 213 ,115,5.0,21,199
MX-0343,Chennai City Mall,137,0,2.6,21,199
MX-0343,Kolkata City Mall,104,0,7.6,14,199
MX-0343,Pune City Mall, 5 ,2,0.3,10,199
MX-0343,Ahmedabad City Mall,155,0,7.3,7,199
MX-0343,Jaipur City Mall,135,0,,7,N/A
MX-0343,Lucknow City Mall,4,0,0.9,5,199
MX-0343,Surat City Mall,15, 20 ,1.6,10,199
MX-0343,Indore City Mall,107,0,6.3,7,199
MX-0343,Nagpur City Mall,3,1,0.2,10,199
MX-0343,Kochi City Mall,28,12,2.0,7,199
MX-0343,Chandigarh City Mall,86.5,0,7.9,7,199
MX-0343,Bhopal City Mall,80,-15,6.1,5,199
MX-0343,Patna City Mall,9,0,1.1,5,199
MX-0343,Vadodara City Mall,161,0,3.5,14,199
MX-0343,Ludhiana City Mall,257,0,6.8,14,199
MX-0343,Agra City Mall,108,0,3.2,10,199
MX-0344,Mumbai,23,0,7.7,14,999
MX-0344,Delhi,207,0,6.3,10,999
MX-0344,Bengaluru,45,0,2.6,7,999
MX-0344,Hyderabad,22,0,2.9,7,999
MX-0344,Chennai,59,0,1.9,10,999
MX-0344,Kolkata,112,60,4.6,10,999
MX-0344,Pune,138,36,2.8,21,999
MX-0344,Ahmedabad,11,3,0.5,7,999
MX-0344,Jaipur,5,0,0.9,10,999
MX-0344,Lucknow,65,0,3.1,7,999
MX-0344,Surat,26,0,4.4,5,999
MX-0344,Indore,17,16,2.7,14,999
MX-0344,Nagpur,107,71,4.7,14,999
MX-0344,Kochi,108,0,5.0,7,999
MX-0344,Chandigarh,345,0,4.9,21,999
MX-0344,Bhopal,5,0,0.9,21,999
MX-0344,Patna,12,0,3.5,5,999
MX-0344,Vadodara,95,41,3.0,14,999
MX-0344,Ludhiana,88,0,3.8,7,999
MX-0344,Agra,38,0,5.9,5,999
MX-0344,Nashik,87,0,5.3,10,999
MX-0344,Meerut,54,0,5.3,21,999
MX-0344,Rajkot,52,0,5.7,21,999
MX-0344,Varanasi,45,0,4.8,5,999
MX-0344,Amritsar,1,22,2.9,10,999
MX-0344,Noida,219,58,7.2,14,999
MX-0344,Gurugram,17, 12 ,4.5,5,999
MX-0344,Coimbatore,15,14,0.8,14,999
MX-0344,Madurai,27,0,4.8,7,999
MX-0344,Guwahati,157,68,8.0,14,999
MX-0344,Mumbai City Mall,186,0,4.3,14,999
MX-0344,Delhi City Mall,64,0,1.1,21 days,999
MX-0344,Bengaluru City Mall,163,0,3.9,21,999
MX-0344,Hyderabad City Mall,24,13,0.7,21,999
MX-0344,Chennai City Mall,79,0,6.5,5,999
MX-0344,Kolkata City Mall,103,0,5.2,21,999
MX-0344,Pune City Mall,34,0,5.4,7,999
MX-0344,Ahmedabad City Mall,1,9,1.5,7,999
MX-0344,Jaipur City Mall,87,41,1.9,21,999
MX-0344,Lucknow City Mall,118,81,7.0,10,999
MX-0344,Surat City Mall,73,0,1.7,,999
MX-0344,Indore City Mall, 63 ,0,3.0,10,999
MX-0344,Nagpur City Mall,18,0,3.1,5,999
MX-0344,Kochi City Mall,109,0,5.6,10,999
MX-0344,Chandigarh City Mall,16,0,1.1,5,999
MX-0344,Bhopal City Mall,51,0,5.0,14,999
MX-0344,Patna City Mall,88,0,7.7,21,999
MX-0344,Vadodara City Mall,424.5,185,7.5,21,N/A
MX-0344,Ludhiana City Mall,40,36,7.3,5,999
MX-0344,Agra City Mall,32,16,3.3,5,999
MX-0345,Mumbai,141,76,5.6,14,499
MX-0345,Delhi,4,0,4.7,7,499
MX-0345,Bengaluru,4,0,2.1,21,499
MX-0345,Hyderabad, 21 ,20,7.1,5,499
MX-0345,Chennai,138,0,4.1,14,499
MX-0345,Kolkata,0,0,0.2,5,499
MX-0345,Pune,202,0,6.9,10,499
MX-0345,Ahmedabad,450,0,8.0,21,499
MX-0345,Jaipur,18,0,3.1,7,499
MX-0345,Lucknow,53,0,7.9,7,499
MX-0345,Surat,5,0,4.3,7,499
MX-0345,Indore,34,0,4.2,5,499
MX-0345,Nagpur,16,0,6.8,5,499
MX-0345,Kochi,3,0,1.2,14,499
MX-0345,Chandigarh,19,0,7.5,10,499
MX-0345,Bhopal,6,0,1.3,7,499
MX-0345,Patna,5,-1,1.0,10,499
MX-0345,Patna,5,-1,1.0,10,499
MX-0345,Vadodara,5,0,0.4,7,499
MX-0345,Ludhiana,10,0,0.9,5,499
,Agra,93,0,2.9,14,499
MX-0345,Nashik,-5,0,4.8,21,499
MX-0345,Meerut,83,0,,7,499
MX-0345,Rajkot,274,0,4.7,21,499
MX-0345,Varanasi,61,0,7.0,7,499
MX-0345,Amritsar, 144 ,0,6.2,14,499
MX-0345,Noida,34,0,4.6,5,499
MX-0345,Gurugram,16,13,2.9,7,499
MX-0345,Coimbatore,32,0,5.8,5,499
MX-0345,Madurai,130,0,4.3,14,499
MX-0345,Guwahati,67,126,6.7,14,499
MX-0345,Mumbai City Mall,192,0,5.3,14,499
MX-0345,Delhi City Mall,441,169,6.8,21,499
MX-0345,Bengaluru City Mall,21,18,2.3,7,499
MX-0345,Hyderabad City Mall,101,0,7.7,5,499
MX-0345,Chennai City Mall,180,0,6.4,10,499
MX-0345,Kolkata City Mall,64, 24 ,3.3,14,499
MX-0345,Pune City Mall,203,0,4.8,14,499
MX-0345,Ahmedabad City Mall,64,0,4.1,10,499
MX-0345,Jaipur City Mall,32,0,4.5,14,499
MX-0345,Lucknow City Mall,25,0,0.4,21,499
MX-0345,Surat City Mall,73,103,7.6,10,499
MX-0345,Indore City Mall,22,19,4.5,7,499
MX-0345,Nagpur City Mall,89,23,3.0,10,499
MX-0345,Kochi City Mall,86,0,6.7,7,499
MX-0345,Chandigarh City Mall,129,0,4.9,14,499
MX-0345,Bhopal City Mall,54,0,1.7,21,499
MX-0345,Patna City Mall,184,32,5.5,14,499
MX-0345,Vadodara City Mall,126,44,6.5,7,499
MX-0345,Ludhiana City Mall,30,0,2.3,21,499
MX-0345,Agra City Mall,5,0,0.9,5,499
MX-0346,Mumbai,18.5,0,1.7,5,499
MX-0346,Delhi,136,0,3.1,14,499
MX-0346,Bengaluru,31,0,6.2,5,499
MX-0346,Hyderabad,205,198,7.3,21,499
MX-0346,Chennai,87,64,3.7,14,499
MX-0346,Kolkata,160,41,7.5,7,499
MX-0346,Pune,39,0,6.0,14,N/A
MX-0346,Ahmedabad,9,30,3.4,7,499
MX-0346,Jaipur,3, 5 ,1.6,5,499
MX-0346,Lucknow, 142 ,0,6.9,7,499
MX-0346,Surat,5,0,0.9,10 days,499
MX-0346,Indore,1,0,3.3,5,499
MX-0346,Nagpur,130,27,2.8,14,499
MX-0346,Kochi,56,36,1.9,,499
MX-0346,Chandigarh,0,0,6.5,7,499
MX-0346,Bhopal,71,0,4.2,10,499
MX-0346,Patna,0,0,6.0,5,499
MX-0346,Vadodara,27,0,2.7,7,499
MX-0346,Ludhiana,251,84,7.0,14,499
MX-0346,Agra,110,31,5.3,7,499
MX-0346,Nashik,120,0,3.4,14,499
MX-0346,Meerut,87,0,3.2,14,499
MX-0346,Rajkot,332,0,5.3,21,499
MX-0346,Varanasi,63,0,5.2,5,499
MX-0346,Amritsar,18,0,0.4,14,499
MX-0346,Noida,77,80,7.2,10,499
MX-0346,Gurugram,62,15,5.6,5,499
MX-0346,Coimbatore,67,0,3.1,7,499
MX-0346,Madurai,6,0,1.2,21,499
MX-0346,Guwahati,15,35,2.2,14,499
MX-0346,Mumbai City Mall,119,68,5.4,14,499
MX-0346,Delhi City Mall,18,51,5.9,7,499
MX-0346,Bengaluru City Mall,79,0,4.5,21,499
MX-0346,Hyderabad City Mall,2,4,0.6,10,499
MX-0346,Chennai City Mall, 0 ,0,0.2,14,499
MX-0346,Kolkata City Mall,91,0,1.4,21,499
MX-0346,Pune City Mall,1,0,0.3,10,499
MX-0346,Ahmedabad City Mall,95,-2,4.8,10,499
MX-0346,Jaipur City Mall,203,0,7.7,21,499
MX-0346,Lucknow City Mall,150,0,6.9,7,499
MX-0346,Surat City Mall,124,0,7.1,7,499
MX-0346,Indore City Mall,109,0,5.4,7,499
MX-0346,Nagpur City Mall,66,0,8.0,14,499
MX-0346,Kochi City Mall,24,0,3.9,5,499
MX-0346,Chandigarh City Mall,141,35,5.6,10,499
MX-0346,Bhopal City Mall, 46 ,14,4.2,5,499
MX-0346,Patna City Mall,451,0,6.8,21,499
MX-0346,Vadodara City Mall,156,0,5.3,10,499
MX-0346,Ludhiana City Mall,98,0,3.0,10,499
MX-0346,Agra City Mall,56,0,4.5,21,499
MX-0347,Mumbai,5,0,0.9,5,199
MX-0347,Delhi,90,0,3.4,10,199
MX-0347,Bengaluru,141,0,5.6,10,199
MX-0347,Hyderabad,10.5,18,1.6,10,199
MX-0347,Chennai,42,0,,5,199
MX-0347,Kolkata,140,0,3.1,14,199
MX-0347,Pune,247,0,7.7,14,199
MX-0347,Ahmedabad,46,0,1.5,21,199
MX-0347,Jaipur,76,0,6.1,7,199
MX-0347,Lucknow,-4,62,3.6,21,199
MX-0347,Surat,11,17,2.2,10,199
MX-0347,Indore,197,0,3.6,21,199
MX-0347,Nagpur,173,62,3.2,21,199
MX-0347,Kochi,10,0,0.8,10,199
MX-0347,Kochi,10,0,0.8,10,199
MX-0347,Chandigarh,20,10,0.5,21,199
MX-0347,Bhopal,129,0,5.7,7,N/A
MX-0347,Patna,5,0,0.6,10,199
MX-0347,Vadodara,53,0,3.6,7,199
MX-0347,Ludhiana,5,0,5.7,21,199
MX-0347,Agra,46,0,1.1,14,199
,Nashik,21,0,6.5,5,199
MX-0347,Meerut,241,0,7.5,10,199
MX-0347,Rajkot,9,8,1.4,7,199
MX-0347,Varanasi,63,0,2.5,21,199
MX-0347,Amritsar,114,70,6.0,10,199
MX-0347,Noida,8,0,2.1,7,199
MX-0347,Gurugram,38,0,6.6,7,199
MX-0347,Coimbatore,85,0,6.2,21,199
MX-0347,Madurai,88,0,7.4,7,199
MX-0347,Guwahati,238,0,7.9,10,199
MX-0347,Mumbai City Mall,43,0,2.1,7,199
MX-0347,Delhi City Mall, 46 ,0,4.9,21,199
MX-0347,Bengaluru City Mall,339,87,7.3,14,199
MX-0347,Hyderabad City Mall,106,0,5.5,7,199
MX-0347,Chennai City Mall,1,2,1.1,5,199
MX-0347,Kolkata City Mall,5,4,1.3,5,199
MX-0347,Pune City Mall,3,7,1.8,,199
MX-0347,Ahmedabad City Mall,12,0,2.8,21,199
MX-0347,Jaipur City Mall,4,0,0.4,5,199
MX-0347,Lucknow City Mall,92,0,5.9,7 days,199
MX-0347,Surat City Mall,68,0,2.2,10,199
MX-0347,Indore City Mall,166,70,7.1,10,199
MX-0347,Nagpur City Mall,31,25,0.9,21,199
MX-0347,Kochi City Mall,23,0,2.9,7,199
MX-0347,Chandigarh City Mall,74,0,4.6,5,199
MX-0347,Bhopal City Mall,25,0,7.2,5,199
MX-0347,Patna City Mall,167,0,4.4,14,199
MX-0347,Vadodara City Mall,58,127,5.6,21,199
MX-0347,Ludhiana City Mall,273,0,6.0,14,199
MX-0347,Agra City Mall,48,0,1.4,14,199
MX-0348,Mumbai,58,0,6.6,14,999
MX-0348,Delhi,83,0,4.8,21,999
MX-0348,Bengaluru,156,29,4.6,10,999
MX-0348,Hyderabad,2,0,0.2,5,999
MX-0348,Chennai,44,0,3.3,7,999
MX-0348,Kolkata,34,0,2.5,10,999
MX-0348,Pune,230.5,0,4.2,21,999
MX-0348,Ahmedabad,161, 68 ,6.9,14,999
MX-0348,Jaipur,75,-4,2.5,10,999
MX-0348,Lucknow,103,62,3.8,21,999
MX-0348,Surat,3,0,0.5,5,999
MX-0348,Indore,16,0,3.1,5,999
MX-0348,Nagpur,26,0,2.9,10,999
MX-0348,Kochi, 5 ,0,1.7,10,999
MX-0348,Chandigarh,51,0,6.2,7,999
MX-0348,Bhopal,14,17,7.9,5,999
MX-0348,Patna, 19 ,0,3.7,21,999
MX-0348,Vadodara,31,10,1.6,14,999
MX-0348,Ludhiana, 50 ,0,6.8,7,999
MX-0348,Agra,121,0,3.7,21,999
MX-0348,Nashik,171,0,7.6,14,999
MX-0348,Meerut, 208 ,0,4.8,21,999
MX-0348,Rajkot,86,0,3.9,7,999
MX-0348,Varanasi,14,0,1.5,5,999
MX-0348,Amritsar,38,0,6.6,14,N/A
MX-0348,Noida,31,7,2.1,7,999
MX-0348,Gurugram,7,0,0.6,5,999
MX-0348,Coimbatore,65,75,5.0,14,999
MX-0348,Madurai, 33 ,0,2.2,5,999
MX-0348,Guwahati,75,0,7.4,10,999
MX-0348,Mumbai City Mall,112,0,8.0,5,999
MX-0348,Delhi City Mall,58,42,2.8,14,999
MX-0348,Bengaluru City Mall,18,13,3.8,7,999
MX-0348,Hyderabad City Mall,5,0,2.6,10,999
MX-0348,Chennai City Mall,246,55,4.3,21,999
MX-0348,Kolkata City Mall,287,145,5.3,21,999
MX-0348,Pune City Mall,51,0,7.3,5,999
MX-0348,Ahmedabad City Mall,8,0,,7,999
MX-0348,Jaipur City Mall,47,0,6.8,5,999
MX-0348,Lucknow City Mall,16,0,1.4,7,999
MX-0348,Surat City Mall,159,58,5.8,10,999
MX-0348,Indore City Mall,19,0,1.6,5,999
MX-0348,Nagpur City Mall,161,0,5.2,21,999
MX-0348,Kochi City Mall,3,0,1.4,5,999
MX-0348,Chandigarh City Mall,7,5,0.8,5,999
MX-0348,Bhopal City Mall,225,0,7.8,21,999
MX-0348,Patna City Mall,63,0,4.1,5,999
MX-0348,Vadodara City Mall,30,0,0.9,21,999
MX-0348,Ludhiana City Mall,-8,0,0.9,14,999
MX-0348,Agra City Mall,27,0,7.7,7,999
MX-0349,Mumbai,81,24,2.1,14,3999
MX-0349,Delhi,61,0,5.1,7,3999
MX-0349,Bengaluru,107,37,6.3,7,3999
MX-0349,Hyderabad,47,0,2.9,7,3999
MX-0349,Chennai,208,0,5.8,21,3999
MX-0349,Kolkata,50,24,1.1,21,3999
MX-0349,Pune,357,0,8.0,14,3999
MX-0349,Ahmedabad,212,32,6.3,10,3999
MX-0349,Jaipur,28,43,2.6,14,3999
MX-0349,Lucknow,141.5,33,6.8,,3999
MX-0349,Surat,163,0,5.6,10,3999
MX-0349,Surat,163,0,5.6,10,3999
MX-0349,Indore,0,0,0.4,7,3999
MX-0349,Nagpur, 149 ,0,3.6,21,3999
MX-0349,Kochi,53,97,3.5,21,3999
MX-0349,Chandigarh,60,0,2.1,14,3999
MX-0349,Bhopal,228,72,4.5,21,3999
MX-0349,Patna,38,17,2.7,5,3999
MX-0349,Vadodara,108,0,6.0,14,3999
MX-0349,Ludhiana,2,0,6.1,5 days,3999
MX-0349,Agra,103,0,4.9,7,3999
MX-0349,Nashik,5,0,5.9,10,3999
,Meerut,45,55,3.3,14,3999
MX-0349,Rajkot,40,0,3.3,7,3999
MX-0349,Varanasi,208,84,6.4,21,3999
MX-0349,Amritsar,11,6,0.3,21,3999
MX-0349,Noida,10,0,0.8,5,3999
MX-0349,Gurugram,240,146,6.7,21,3999
MX-0349,Coimbatore, 142 ,0,7.5,14,3999
MX-0349,Madurai,102,0,3.1,10,3999
MX-0349,Guwahati,52,-18,0.8,21,3999
MX-0349,Mumbai City Mall,3,28,7.5,7,3999
MX-0349,Delhi City Mall,88,0,5.5,10,3999
MX-0349,Bengaluru City Mall,370,81,7.9,14,3999
MX-0349,Hyderabad City Mall,70,0,7.2,7,N/A
MX-0349,Chennai City Mall,106,0,7.5,5,3999
MX-0349,Kolkata City Mall,36,0,0.9,14,3999
MX-0349,Pune City Mall,328,0,7.1,21,3999
MX-0349,Ahmedabad City Mall,6,0,0.4,5,3999
MX-0349,Jaipur City Mall,4,0,1.4,14,3999
MX-0349,Lucknow City Mall,71,0,7.2,5,3999
MX-0349,Surat City Mall,62,0,3.5,7,3999
MX-0349,Indore City Mall,23,0,0.5,21,3999
MX-0349,Nagpur City Mall,12,0,3.0,21,3999
MX-0349,Kochi City Mall,39,9,1.8,10,3999
MX-0349,Chandigarh City Mall,85,0,6.0,10,3999
MX-0349,Bhopal City Mall,43,0,1.3,14,3999
MX-0349,Patna City Mall,14,0,1.7,5,3999
MX-0349,Vadodara City Mall,11,0,4.0,5,3999
MX-0349,Ludhiana City Mall,31,0,1.1,10,3999
MX-0349,Agra City Mall,341,0,7.0,21,3999
MX-0350,Mumbai,37,0,0.9,14,999
MX-0350,Delhi,1,0,1.9,5,999
MX-0350,Bengaluru,103,0,6.7,14,999
MX-0350,Hyderabad,116,0,6.2,21,999
MX-0350,Chennai,20,0,6.9,5,999
MX-0350,Kolkata,148,22,7.3,7,999
MX-0350,Pune,52,0,3.8,5,999
MX-0350,Ahmedabad,91,0,6.1,21,999
MX-0350,Jaipur,15,0,0.4,14,999
MX-0350,Lucknow,174,88,4.0,21,999
MX-0350,Surat,32,0,3.5,5,999
MX-0350,Indore,75,0,7.2,10,999
MX-0350,Nagpur,10.5,0,0.4,10,999
MX-0350,Kochi,7,0,7.5,7,999
MX-0350,Chandigarh,55,0,7.0,7,999
MX-0350,Bhopal,2,0,0.3,10,999
MX-0350,Patna,27,0,1.5,14,999
MX-0350,Vadodara,271,0,6.2,14,999
MX-0350,Ludhiana,97,0,3.7,14,999
MX-0350,Agra,9,12,1.5,7,999
MX-0350,Nashik,19,0,,10,999
MX-0350,Meerut,54,31,1.3,21,999
MX-0350,Rajkot,7,0,1.6,5,999
MX-0350,Varanasi,89,0,5.7,14,999
MX-0350,Amritsar,277,0,5.2,21,999
MX-0350,Noida,4,0,3.8,21,999
MX-0350,Gurugram,53,0,7.6,5,999
MX-0350,Coimbatore,166,0,2.7,21,999
MX-0350,Madurai,60,0,4.8,5,999
MX-0350,Guwahati,13, 8 ,0.5,14,999
MX-0350,Mumbai City Mall,77,0,5.2,5,999
MX-0350,Delhi City Mall,168,0,4.2,14,999
MX-0350,Bengaluru City Mall,398,0,6.7,,999
MX-0350,Hyderabad City Mall,103,65,2.4,21,999
MX-0350,Chennai City Mall, 25 ,11,1.9,7,999
MX-0350,Kolkata City Mall,80,0,7.1,14,999
MX-0350,Pune City Mall,182,50,4.8,21,999
MX-0350,Ahmedabad City Mall,(4),5,2.0,5,999
MX-0350,Jaipur City Mall, 33 ,3,1.4,7,999
MX-0350,Lucknow City Mall,25,0,3.9,7,999
MX-0350,Surat City Mall,51,0,3.6,7,999
MX-0350,Indore City Mall,134,0,4.9,10,999
MX-0350,Nagpur City Mall,9,0,0.8,14,N/A
MX-0350,Kochi City Mall,16,0,3.7,5,999
MX-0350,Chandigarh City Mall,248,0,5.3,21,999
MX-0350,Bhopal City Mall,51,35,5.3,10,999
MX-0350,Patna City Mall,51,0,7.4,5,999
MX-0350,Vadodara City Mall,73,0,5.4,5 days,999
MX-0350,Ludhiana City Mall,13,0,1.7,7,999
MX-0350,Agra City Mall,86,0,7.8,10,999
MX-0351,Mumbai,27,-1,4.2,5,999
MX-0351,Delhi,183,0,5.5,10,999
MX-0351,Bengaluru,137,0,6.8,7,999
MX-0351,Hyderabad,225,0,6.3,14,999
MX-0351,Chennai,60,0,4.4,5,999
MX-0351,Kolkata, 16 ,0,6.8,5,999
MX-0351,Pune,108,0,4.0,10,999
MX-0351,Ahmedabad,19,16,2.5,5,999
MX-0351,Ahmedabad,19,16,2.5,5,999
MX-0351,Jaipur,3,0,0.2,7,999
MX-0351,Lucknow,151,0,5.2,21,999
MX-0351,Surat,22,0,3.2,7,999
MX-0351,Indore,93,0,7.2,7,999
MX-0351,Nagpur,49, 62 ,7.0,10,999
MX-0351,Kochi,100,0,7.9,10,999
MX-0351,Chandigarh,153,0,3.1,21,999
MX-0351,Bhopal,23.5,0,1.3,7,999
MX-0351,Patna,146,0,5.4,14,999
MX-0351,Vadodara, 118 ,52,7.9,7,999
MX-0351,Ludhiana,10,135,5.4,21,999
MX-0351,Agra,117,0,5.9,10,999
MX-0351,Nashik,1,0,3.0,5,999
MX-0351,Meerut,81,62,6.3,10,999
,Rajkot,7,39,5.4,7,999
MX-0351,Varanasi,51,0,1.3,14,999
MX-0351,Amritsar,204,0,2.9,21,999
MX-0351,Noida,488,167,7.7,21,999
MX-0351,Gurugram,48,0,7.1,21,999
MX-0351,Coimbatore,83,0,5.2,7,999
MX-0351,Madurai,89,41,5.9,10,999
MX-0351,Guwahati,108,0,5.3,10,999
MX-0351,Mumbai City Mall,187,0,6.8,14,999
MX-0351,Delhi City Mall,98,0,6.5,5,999
MX-0351,Bengaluru City Mall,135,0,5.8,21,999
MX-0351,Hyderabad City Mall,28,8,1.3,7,999
MX-0351,Chennai City Mall,0,0,2.3,7,999
MX-0351,Kolkata City Mall,138,0,5.4,10,999
MX-0351,Pune City Mall,356,0,5.8,21,999
MX-0351,Ahmedabad City Mall,11,5,1.7,5,999
MX-0351,Jaipur City Mall,68,0,5.3,14,999
MX-0351,Lucknow City Mall,38,0,3.9,5,999
MX-0351,Surat City Mall,34,15,1.6,10,999
MX-0351,Indore City Mall,351,0,5.4,21,999
MX-0351,Nagpur City Mall,49,0,0.7,21,999
MX-0351,Kochi City Mall,111,24,4.9,7,999
MX-0351,Chandigarh City Mall, 62 ,58,4.1,21,999
MX-0351,Bhopal City Mall,87,0,7.9,21,999
MX-0351,Patna City Mall,38,0,4.2,5,999
MX-0351,Vadodara City Mall,18,0,0.9,10,999
MX-0351,Ludhiana City Mall,2,0,0.8,7,999
MX-0351,Agra City Mall, 164 ,0,5.3,14,999
MX-0352,Mumbai,72,23,7.1,5,199
MX-0352,Delhi,5,0,4.2,5,N/A
MX-0352,Bengaluru,0,0,3.6,7,199
MX-0352,Hyderabad,18,13,,5,199
MX-0352,Chennai, 33 ,0,3.8,5,199
MX-0352,Kolkata,50,0,1.3,,199
MX-0352,Pune,54,0,3.1,21,199
MX-0352,Ahmedabad,0,0,6.2,10,199
MX-0352,Jaipur,8,11,0.6,14,199
MX-0352,Lucknow,2,0,4.8,10,199
MX-0352,Surat,18,0,3.3,14,199
MX-0352,Indore,10,2,0.8,5,199
MX-0352,Nagpur,25,0,3.9,5,199
MX-0352,Kochi,23,0,1.0,14,199
MX-0352,Chandigarh,9,0,1.3,21,199
MX-0352,Bhopal,0,0,0.4,5,199
MX-0352,Patna,68,0,5.6,14,199
MX-0352,Vadodara,80,0,4.7,7,199
MX-0352,Ludhiana,73.5,49,8.0,7,199
MX-0352,Agra,61,0,6.5,5,199
MX-0352,Nashik,257,0,5.6,14,199
MX-0352,Meerut,21,-7,1.0,10,199
MX-0352,Rajkot,56,0,1.0,21,199
MX-0352,Varanasi,34,0,2.9,10,199
MX-0352,Amritsar,79,0,3.5,14,199
MX-0352,Noida,12,0,2.1,14,199
MX-0352,Gurugram,(5),0,7.0,7 days,199
MX-0352,Coimbatore,36,0,4.8,5,199
MX-0352,Madurai,15,22,1.8,21,199
MX-0352,Guwahati,1,0,0.2,7,199
MX-0352,Mumbai City Mall,7,0,1.1,14,199
MX-0352,Delhi City Mall,43,9,2.1,7,199
MX-0352,Bengaluru City Mall,25,0,3.5,5,199
MX-0352,Hyderabad City Mall,37,0,3.1,7,199
MX-0352,Chennai City Mall, 132 ,0,2.9,14,199
MX-0352,Kolkata City Mall,2,0,1.0,14,199
MX-0352,Pune City Mall,42,0,7.8,5,199
MX-0352,Ahmedabad City Mall,59,0,5.9,10,199
MX-0352,Jaipur City Mall,55,0,4.5,14,199
MX-0352,Lucknow City Mall,310,0,7.4,14,199
MX-0352,Surat City Mall,72,0,1.7,14,199
MX-0352,Indore City Mall,20,0,2.5,5,199
MX-0352,Nagpur City Mall,125,0,5.4,10,199
MX-0352,Kochi City Mall,41,0,4.9,21,199
MX-0352,Chandigarh City Mall,6,0,2.3,21,199
MX-0352,Bhopal City Mall,47,0,3.5,5,199
MX-0352,Patna City Mall,113,0,6.6,21,199
MX-0352,Vadodara City Mall,91,134,7.1,14,199
MX-0352,Ludhiana City Mall,4,1,0.5,5,199
MX-0352,Agra City Mall,74,0,6.7,7,199
MX-0353,Mumbai,2,0,0.4,10,1999
MX-0353,Delhi,168,0,6.7,10,1999
MX-0353,Bengaluru,130,0,3.1,14,1999
MX-0353,Hyderabad,108,34,2.3,21,1999
MX-0353,Chennai, 125 ,0,5.1,10,1999
MX-0353,Chennai, 125 ,0,5.1,10,1999
MX-0353,Kolkata,14,0,0.6,14,1999
MX-0353,Pune, 19 ,0,1.5,10,1999
MX-0353,Ahmedabad,103,0,6.4,5,1999
MX-0353,Jaipur,44,0,3.5,7,1999
MX-0353,Lucknow,371,0,6.4,21,1999
MX-0353,Surat, 23 ,0,2.1,7,N/A
MX-0353,Indore,83,0,1.8,21,1999
MX-0353,Nagpur,16,0,5.3,5,1999
MX-0353,Kochi,360,106,7.9,14,1999
MX-0353,Chandigarh,148,0,7.7,21,1999
MX-0353,Bhopal,28,0,5.0,7,1999
MX-0353,Patna,83,0,4.7,10,1999
MX-0353,Vadodara,287,101,5.4,21,1999
MX-0353,Ludhiana,49,0,6.3,5,1999
MX-0353,Agra,11,0,4.5,7,1999
MX-0353,Nashik,145,0,5.4,14,1999
MX-0353,Meerut,13.5,0,6.2,7,1999
MX-0353,Rajkot,140,0,6.4,7,1999
,Varanasi,116,0,2.9,21,1999
MX-0353,Amritsar,15,0,2.3,14,1999
MX-0353,Noida,73,0,4.7,5,1999
MX-0353,Gurugram,76,54,2.9,14,1999
MX-0353,Coimbatore,69,0,6.4,14,1999
MX-0353,Madurai,144,0,2.3,,1999
MX-0353,Guwahati,76,32,3.8,7,1999
MX-0353,Mumbai City Mall,121,48,8.0,7,1999
MX-0353,Delhi City Mall,74,0,6.8,5,1999
MX-0353,Bengaluru City Mall,126,26,3.0,14,1999
MX-0353,Hyderabad City Mall,29,0,1.9,14,1999
MX-0353,Chennai City Mall,5,6,1.0,7,1999
MX-0353,Kolkata City Mall,17,0,1.0,7,1999
MX-0353,Pune City Mall,6,0,,21,1999
MX-0353,Ahmedabad City Mall,97,0,5.3,7,1999
MX-0353,Jaipur City Mall,30,0,1.1,10,1999
MX-0353,Lucknow City Mall,5,0,2.3,10,1999
MX-0353,Surat City Mall,48,16,1.7,10,1999
MX-0353,Indore City Mall, 47 ,0,5.9,5,1999
MX-0353,Nagpur City Mall,53,-1,7.6,10,1999
MX-0353,Kochi City Mall,153,48,6.1,10,1999
MX-0353,Chandigarh City Mall,0,24,3.0,10,1999
MX-0353,Bhopal City Mall,84,0,5.0,7,1999
MX-0353,Patna City Mall,28,0,1.9,14,1999
MX-0353,Vadodara City Mall,14,0,4.7,10,1999
MX-0353,Ludhiana City Mall,260,54,6.6,14,1999
MX-0353,Agra City Mall,4,6,2.2,5,1999
MX-0354,Mumbai,10,100,6.3,14,1999
MX-0354,Delhi,127,0,5.8,10,1999
MX-0354,Bengaluru,525,0,8.0,21,1999
MX-0354,Hyderabad,6,0,2.1,7,1999
MX-0354,Chennai,18,4,1.9,5,1999
MX-0354,Kolkata,153,35,2.4,21 days,1999
MX-0354,Pune,31,0,1.1,21,1999
MX-0354,Ahmedabad,148,0,3.2,21,1999
MX-0354,Jaipur,110,0,3.6,10,1999
MX-0354,Lucknow,43,0,4.7,14,1999
MX-0354,Surat,16,0,0.7,7,1999
MX-0354,Indore,177,0,8.0,14,1999
MX-0354,Nagpur,26,9,2.5,5,1999
MX-0354,Kochi,42,22,6.3,5,1999
MX-0354,Chandigarh,116,0,5.4,7,1999
MX-0354,Bhopal,-7,0,4.6,21,1999
MX-0354,Patna,22,0,5.9,5,1999
MX-0354,Vadodara,270,0,4.9,21,1999
MX-0354,Ludhiana,177,0,4.4,21,1999
MX-0354,Agra,157,53,7.8,7,N/A
MX-0354,Nashik,117,0,5.6,21,1999
MX-0354,Meerut,64,0,3.7,7,1999
MX-0354,Rajkot,33,0,7.4,5,1999
MX-0354,Varanasi,75,0,3.5,14,1999
MX-0354,Amritsar,60.5,0,3.7,10,1999
MX-0354,Noida,172,0,2.9,21,1999
MX-0354,Gurugram,93,63,6.6,10,1999
MX-0354,Coimbatore,66,0,7.4,5,1999
MX-0354,Madurai,153, 64 ,5.0,10,1999
MX-0354,Guwahati, 132 ,0,7.5,7,1999
MX-0354,Mumbai City Mall,54,0,3.1,21,1999
MX-0354,Delhi City Mall, 14 ,0,4.5,14,1999
MX-0354,Bengaluru City Mall,3,0,1.3,5,1999
MX-0354,Hyderabad City Mall,135,0,5.0,10,1999
MX-0354,Chennai City Mall,69,23,2.7,10,1999
MX-0354,Kolkata City Mall,30,0,7.5,7,1999
MX-0354,Pune City Mall,371,0,6.6,21,1999
MX-0354,Ahmedabad City Mall,78,0,2.4,14,1999
MX-0354,Jaipur City Mall,22,24,2.9,14,1999
MX-0354,Lucknow City Mall,47,0,2.3,7,1999
MX-0354,Surat City Mall,229,0,6.7,14,1999
MX-0354,Indore City Mall,51,0,1.1,14,1999
MX-0354,Nagpur City Mall,33,0,2.4,10,1999
MX-0354,Kochi City Mall,321,117,6.6,21,1999
MX-0354,Chandigarh City Mall,53,0,1.5,14,1999
MX-0354,Bhopal City Mall, 26 ,0,5.2,10,1999
MX-0354,Patna City Mall,3,0,0.3,7,1999
MX-0354,Vadodara City Mall,55,0,1.8,10,1999
MX-0354,Ludhiana City Mall,34,47,3.5,21,1999
MX-0354,Agra City Mall,60,0,5.5,5,1999
MX-0355,Mumbai,33, 5 ,2.2,5,199
MX-0355,Delhi,37,0,1.2,,199
MX-0355,Delhi,37,0,1.2,,199
MX-0355,Bengaluru,11,11,4.2,5,199
MX-0355,Hyderabad,3,0,0.3,10,199
MX-0355,Chennai,85,0,7.5,10,199
MX-0355,Kolkata,2,82,4.0,21,199
MX-0355,Pune,46,35,5.9,10,199
MX-0355,Ahmedabad,23,0,7.6,7,199
MX-0355,Jaipur,40,0,4.7,10,199
MX-0355,Lucknow,10,0,7.6,5,199
MX-0355,Surat,2,0,2.9,14,199
MX-0355,Indore,176,0,2.7,21,199
MX-0355,Nagpur,23,0,1.2,14,199
MX-0355,Kochi,28,-12,1.7,5,199
MX-0355,Chandigarh,54,0,3.5,14,199
MX-0355,Bhopal,44,14,2.3,7,199
MX-0355,Patna,58,0,3.6,5,199
MX-0355,Vadodara,363,0,6.9,21,199
MX-0355,Ludhiana,169,0,6.4,14,199
MX-0355,Agra,36,22,,10,199
MX-0355,Nashik,73,0,6.6,5,199
MX-0355,Meerut,54,0,1.7,21,199
MX-0355,Rajkot,8,1,0.4,7,199
MX-0355,Varanasi,33,0,1.5,10,199
,Amritsar,78,37,4.8,14,199
MX-0355,Noida,43,7,2.7,7,199
MX-0355,Gurugram,11,0,7.4,5,199
MX-0355,Coimbatore,25.5,0,0.9,14,199
MX-0355,Madurai,8,0,2.1,10,N/A
MX-0355,Guwahati,148,0,6.4,7,199
MX-0355,Mumbai City Mall,70,0,2.7,10,199
MX-0355,Delhi City Mall,53,164,6.2,21,199
MX-0355,Bengaluru City Mall,50,0,3.9,7,199
MX-0355,Hyderabad City Mall,312,0,7.3,14,199
MX-0355,Chennai City Mall,84,0,4.7,14 days,199
MX-0355,Kolkata City Mall,27,0,6.4,5,199
MX-0355,Pune City Mall,67,0,7.3,5,199
MX-0355,Ahmedabad City Mall,14,0,6.9,5,199
MX-0355,Jaipur City Mall, 440 ,0,7.5,21,199
MX-0355,Lucknow City Mall,6,0,1.1,5,199
MX-0355,Surat City Mall,88,0,2.1,14,199
MX-0355,Indore City Mall,40,0,4.1,14,199
MX-0355,Nagpur City Mall,49,22,2.4,21,199
MX-0355,Kochi City Mall,10,18,2.7,5,199
MX-0355,Chandigarh City Mall,154,0,7.3,7,199
MX-0355,Bhopal City Mall,21,0,3.9,10,199
MX-0355,Patna City Mall,323,0,5.0,21,199
MX-0355,Vadodara City Mall,317,56,7.7,14,199
MX-0355,Ludhiana City Mall,17,0,2.6,7,199
MX-0355,Agra City Mall,60,0,6.1,5,199
MX-0356,Mumbai,6,0,0.6,7,199
MX-0356,Delhi,58,0,2.5,14,199
MX-0356,Bengaluru,10,0,1.9,10,199
MX-0356,Hyderabad,298, 139 ,6.2,21,199
MX-0356,Chennai,(5),0,6.4,7,199
MX-0356,Kolkata,5,14,1.3,10,199
MX-0356,Pune,110,0,3.0,14,199
MX-0356,Ahmedabad,262,0,5.2,21,199
MX-0356,Jaipur,5,0,1.2,5,199
MX-0356,Lucknow,39,11,2.5,5,199
MX-0356,Surat,309,103,5.1,21,199
MX-0356,Indore,40,0,2.0,7,199
MX-0356,Nagpur,48,0,0.7,21,199
MX-0356,Kochi,25,0,6.9,10,199
MX-0356,Chandigarh, 12 ,9,1.4,5,199
MX-0356,Bhopal,16,0,1.3,10,199
MX-0356,Patna,228,0,7.3,10,199
MX-0356,Vadodara,16,0,2.9,5,199
MX-0356,Ludhiana,223,0,3.5,21,199
MX-0356,Agra,163,0,4.6,14,199
MX-0356,Nashik,77,27,3.3,7,199
MX-0356,Meerut, 7 ,0,5.6,5,199
MX-0356,Rajkot,77,0,6.0,10,199
MX-0356,Varanasi,126,0,6.8,7,199
MX-0356,Amritsar,1,0,0.2,,199
MX-0356,Noida,0,0,6.8,10,199
MX-0356,Gurugram,61,27,2.7,10,199
MX-0356,Coimbatore,6,0,4.6,5,199
MX-0356,Madurai,101,0,2.2,14,199
MX-0356,Guwahati,90,0,4.5,21,199
MX-0356,Mumbai City Mall,16.5,0,8.0,5,199
MX-0356,Delhi City Mall,327,0,7.4,21,199
MX-0356,Bengaluru City Mall, 33 ,31,6.2,10,199
MX-0356,Hyderabad City Mall,204,0,6.2,14,199
MX-0356,Chennai City Mall,0,-9,6.2,5,199
MX-0356,Kolkata City Mall,16,24,2.9,7,199
MX-0356,Pune City Mall,36,0,2.0,10,199
MX-0356,Ahmedabad City Mall,13,0,1.9,7,N/A
MX-0356,Jaipur City Mall,91,0,6.4,5,199
MX-0356,Lucknow City Mall,153,95,3.9,21,199
MX-0356,Surat City Mall,36,0,3.8,5,199
MX-0356,Indore City Mall,214,0,4.0,21,199
MX-0356,Nagpur City Mall,18,0,0.8,14,199
MX-0356,Kochi City Mall,102,0,7.9,14,199
MX-0356,Chandigarh City Mall,119,0,7.4,5,199
MX-0356,Bhopal City Mall,123,0,4.8,14,199
MX-0356,Patna City Mall,14,7,0.9,10,199
MX-0356,Vadodara City Mall,64,0,7.6,7,199
MX-0356,Ludhiana City Mall,4,0,0.5,5,199
MX-0356,Ludhiana City Mall,4,0,0.5,5,199
MX-0356,Agra City Mall,74,0,3.4,21,199
MX-0357,Mumbai,63,0,2.8,10,999
MX-0357,Delhi,49,0,4.7,5,999
MX-0357,Bengaluru,17,6,,5,999
MX-0357,Hyderabad,59,0,5.1,10,999
MX-0357,Chennai,2,4,0.4,10,999
MX-0357,Kolkata,283,63,4.9,21,999
MX-0357,Pune,304,0,6.2,21,999
MX-0357,Ahmedabad,29,0,3.6,7,999
MX-0357,Jaipur,20,38,6.6,5,999
MX-0357,Lucknow,1,3,1.2,5,999
MX-0357,Surat,15,2,1.2,5,999
MX-0357,Indore,2,16,2.3,10,999
MX-0357,Nagpur,106,0,5.3,10,999
MX-0357,Kochi,58,0,6.8,21 days,999
MX-0357,Chandigarh,77,0,2.8,14,999
MX-0357,Bhopal,8,0,2.0,10,999
MX-0357,Patna,15,0,0.9,5,999
MX-0357,Vadodara,246,0,5.4,14,999
MX-0357,Ludhiana,26,0,4.9,7,999
MX-0357,Agra, 98 ,28,6.0,5,999
MX-0357,Nashik,36,0,3.6,21,999
MX-0357,Meerut,1,0,1.9,5,999
MX-0357,Rajkot,10,0,0.5,10,999
MX-0357,Varanasi,56,0,6.9,10,999
MX-0357,Amritsar,61,0,7.8,21,999
,Noida,176,0,7.0,14,999
MX-0357,Gurugram,16,0,4.6,7,999
MX-0357,Coimbatore,45,0,1.3,21,999
MX-0357,Madurai, 151 ,0,4.0,14,999
MX-0357,Guwahati,50,0,6.3,5,999
MX-0357,Mumbai City Mall,0,0,2.3,7,999
MX-0357,Delhi City Mall, 4 ,74,5.1,14,999
MX-0357,Bengaluru City Mall,154,0,3.4,21,999
MX-0357,Hyderabad City Mall,22.5,0,1.3,10,999
MX-0357,Chennai City Mall,172,0,7.3,14,999
MX-0357,Kolkata City Mall,2,0,1.7,7,999
MX-0357,Pune City Mall, 28 ,11,2.8,5,999
MX-0357,Ahmedabad City Mall,94,31,7.6,7,999
MX-0357,Jaipur City Mall,6,0,2.6,5,999
MX-0357,Lucknow City Mall,3,0,0.3,5,999
MX-0357,Surat City Mall,63,0,2.7,14,999
MX-0357,Indore City Mall,86,37,7.8,7,999
MX-0357,Nagpur City Mall,127,0,3.9,21,999
MX-0357,Kochi City Mall,-7,0,3.5,5,999
MX-0357,Chandigarh City Mall,89,0,6.2,7,999
MX-0357,Bhopal City Mall, 97 ,0,6.2,10,999
MX-0357,Patna City Mall,84,0,5.7,5,N/A
MX-0357,Vadodara City Mall,12,0,2.1,,999
MX-0357,Ludhiana City Mall,57,0,2.5,7,999
MX-0357,Agra City Mall,136,29,4.6,10,999
MX-0358,Mumbai,7,0,1.2,7,499
MX-0358,Delhi,22,0,0.7,21,499
MX-0358,Bengaluru,132, 32 ,5.3,10,499
MX-0358,Hyderabad,99,0,2.1,14,499
MX-0358,Chennai, 40 ,0,1.9,10,499
MX-0358,Kolkata,2,-2,0.2,5,499
MX-0358,Pune,119,0,3.1,14,499
MX-0358,Ahmedabad,20,0,5.3,5,499
MX-0358,Jaipur,132,0,4.7,21,499
MX-0358,Lucknow, 23 ,0,4.6,5,499
MX-0358,Surat,106,37,3.4,10,499
MX-0358,Indore,116,0,3.7,21,499
MX-0358,Nagpur,117,0,7.6,5,499
MX-0358,Kochi,9,0,2.6,10,499
MX-0358,Chandigarh,45,0,2.3,21,499
MX-0358,Bhopal,82,72,2.9,21,499
MX-0358,Patna,138,0,7.6,14,499
MX-0358,Vadodara,64,104,4.3,21,499
MX-0358,Ludhiana,155,0,3.3,14,499
MX-0358,Agra,37,0,7.6,5,499
MX-0358,Nashik,160,0,3.6,14,499
MX-0358,Meerut,26,0,2.2,7,499
MX-0358,Rajkot,138,0,6.6,14,499
MX-0358,Varanasi,44,22,1.2,14,499
MX-0358,Amritsar,188,0,6.6,14,499
MX-0358,Noida,26,0,6.7,5,499
MX-0358,Gurugram,106,0,5.5,7,499
MX-0358,Coimbatore,21,0,7.1,5,499
MX-0358,Madurai,286,76,4.9,21,499
MX-0358,Guwahati,27,8,0.9,10,499
MX-0358,Mumbai City Mall,54,0,2.5,14,499
MX-0358,Delhi City Mall,44,0,6.3,7,499
MX-0358,Bengaluru City Mall,48,0,1.7,14,499
MX-0358,Hyderabad City Mall,5,0,3.3,5,499
MX-0358,Chennai City Mall,276,0,4.1,21,499
MX-0358,Kolkata City Mall, 115 ,0,,21,499
MX-0358,Pune City Mall,5.5,0,2.1,5,499
MX-0358,Ahmedabad City Mall,15,0,1.3,7,499
MX-0358,Jaipur City Mall,16,0,0.6,10,499
MX-0358,Lucknow City Mall, 69 ,25,3.6,10,499
MX-0358,Surat City Mall,6,0,5.0,5,499
MX-0358,Indore City Mall,4,0,1.6,5,499
MX-0358,Nagpur City Mall,32,27,4.8,10 days,499
MX-0358,Kochi City Mall,48,0,4.0,7,499
MX-0358,Chandigarh City Mall,43,0,1.1,14,499
MX-0358,Bhopal City Mall,36,0,1.4,14,499
MX-0358,Bhopal City Mall,36,0,1.4,14,499
MX-0358,Patna City Mall,83,0,6.5,7,499
MX-0358,Vadodara City Mall,18,6,0.4,14,499
MX-0358,Ludhiana City Mall,196,65,7.7,21,499
MX-0358,Agra City Mall,6,0,4.1,5,499
MX-0359,Mumbai,70,53,7.5,7,3999
MX-0359,Delhi,23,0,1.7,5,3999
MX-0359,Bengaluru,25,14,6.7,5,3999
MX-0359,Hyderabad,60,34,7.8,5,3999
MX-0359,Chennai,20,0,3.7,7,3999
MX-0359,Kolkata,126,0,5.8,14,N/A
MX-0359,Pune,168,65,3.7,14,3999
MX-0359,Ahmedabad,3,0,2.9,10,3999
MX-0359,Jaipur,66,0,1.1,21,3999
MX-0359,Lucknow,85,0,6.4,5,3999
MX-0359,Surat,54,0,5.6,7,3999
MX-0359,Indore,44,0,6.5,5,3999
MX-0359,Nagpur,40,0,7.8,21,3999
MX-0359,Kochi,139,0,6.3,21,3999
MX-0359,Chandigarh,133,0,4.7,10,3999
MX-0359,Bhopal,341,144,5.0,21,3999
MX-0359,Patna, 58 ,0,6.6,10,3999
MX-0359,Vadodara,21,12,1.9,5,3999
MX-0359,Ludhiana,111,0,8.0,14,3999
MX-0359,Agra,44,0,7.4,5,3999
MX-0359,Nashik,110,0,3.7,,3999
MX-0359,Meerut,8,0,6.7,5,3999
MX-0359,Rajkot,208,0,7.4,10,3999
MX-0359,Varanasi,89,75,6.5,10,3999
MX-0359,Amritsar,8,0,0.8,5,3999
MX-0359,Noida,19,0,1.9,7,3999
,Gurugram,15,-1,6.9,7,3999
MX-0359,Coimbatore,41,0,2.5,21,3999
MX-0359,Madurai, 182 ,0,4.9,21,3999
MX-0359,Guwahati,22, 14 ,3.4,10,3999
MX-0359,Mumbai City Mall,58,54,2.1,21,3999
MX-0359,Delhi City Mall,31,0,4.2,7,3999
MX-0359,Bengaluru City Mall,(7),0,7.9,7,3999
MX-0359,Hyderabad City Mall,230,0,3.9,21,3999
MX-0359,Chennai City Mall,22,0,3.9,5,3999
MX-0359,Kolkata City Mall,59,64,7.1,7,3999
MX-0359,Pune City Mall,52,0,2.8,14,3999
MX-0359,Ahmedabad City Mall,320,75,7.1,21,3999
MX-0359,Jaipur City Mall,32,0,8.0,5,3999
MX-0359,Lucknow City Mall,19.5,0,4.0,7,3999
MX-0359,Surat City Mall,21,5,2.4,5,3999
MX-0359,Indore City Mall,22,0,6.1,7,3999
MX-0359,Nagpur City Mall,12,0,0.7,7,3999
MX-0359,Kochi City Mall,37,0,2.7,5,3999
MX-0359,Chandigarh City Mall,24,0,1.7,21,3999
MX-0359,Bhopal City Mall,60,30,7.3,5,3999
MX-0359,Patna City Mall,72,0,2.4,14,3999
MX-0359,Vadodara City Mall,190,0,6.1,10,3999
MX-0359,Ludhiana City Mall,2,0,0.4,14,3999
MX-0359,Agra City Mall,132,63,6.3,21,3999
MX-0360,Mumbai,9,0,2.9,10,999
MX-0360,Delhi,116,0,5.1,21,999
MX-0360,Bengaluru,40,0,2.6,5,999
MX-0360,Hyderabad,89,0,6.5,10,999
MX-0360,Chennai,31,0,5.0,7,999
MX-0360,Kolkata, 5 ,0,2.1,10,999
MX-0360,Pune,90,0,4.5,7,999
MX-0360,Ahmedabad,64,34,5.4,5,999
MX-0360,Jaipur,138,29,3.0,14,999
MX-0360,Lucknow,16,0,2.8,5,999
MX-0360,Surat, 83 ,0,5.0,5,999
MX-0360,Indore,156,76,3.4,21,999
MX-0360,Nagpur,43,0,2.6,14,999
MX-0360,Kochi,109,38,1.7,21,999
MX-0360,Chandigarh,103,60,7.3,7,N/A
MX-0360,Bhopal,94,98,6.7,14,999
MX-0360,Patna, 87 ,0,5.2,5,999
MX-0360,Vadodara,164,0,5.2,21,999
MX-0360,Ludhiana,6,51,,10,999
MX-0360,Agra,58,0,5.4,7,999
MX-0360,Nashik,119,0,5.6,10,999
MX-0360,Meerut,133,0,4.0,14 days,999
MX-0360,Rajkot,19,6,1.3,7,999
MX-0360,Varanasi,9,0,0.9,21,999
MX-0360,Amritsar,104,0,7.3,7,999
MX-0360,Noida,94,0,5.8,7,999
MX-0360,Gurugram,48,0,3.4,10,999
MX-0360,Coimbatore, 56 ,0,3.5,21,999
MX-0360,Madurai,157,0,5.1,21,999
MX-0360,Guwahati,5,0,2.2,5,999
MX-0360,Mumbai City Mall,148,39,3.6,14,999
MX-0360,Delhi City Mall,80,0,3.5,7,999
MX-0360,Bengaluru City Mall,2,0,1.8,14,999
MX-0360,Hyderabad City Mall,51,0,1.3,14,999
MX-0360,Chennai City Mall,44,24,3.7,5,999
MX-0360,Kolkata City Mall,318,115,4.7,21,999
MX-0360,Pune City Mall,87,0,7.4,14,999
MX-0360,Ahmedabad City Mall,15,0,1.1,5,999
MX-0360,Jaipur City Mall,112,0,4.8,14,999
MX-0360,Lucknow City Mall,245,87,7.9,10,999
MX-0360,Surat City Mall,95,0,5.5,10,999
MX-0360,Indore City Mall,103,0,6.8,7,999
MX-0360,Nagpur City Mall,4.5,0,1.8,5,999
MX-0360,Nagpur City Mall,4.5,0,1.8,5,999
MX-0360,Kochi City Mall,6,0,6.3,,999
MX-0360,Chandigarh City Mall,10,0,4.4,7,999
MX-0360,Bhopal City Mall,53,15,3.4,7,999
MX-0360,Patna City Mall,1,0,1.5,7,999
MX-0360,Vadodara City Mall,57,-12,4.4,7,999
MX-0360,Ludhiana City Mall,25,0,1.1,7,999
MX-0360,Agra City Mall,14,16,2.3,7,999
MX-0361,Mumbai,41,0,2.1,10,999
MX-0361,Delhi,72,0,3.6,7,999
MX-0361,Bengaluru,7,7,0.6,14,999
MX-0361,Hyderabad,55,58,3.1,14,999
MX-0361,Chennai,32,0,7.9,5,999
MX-0361,Kolkata,288,133,6.8,21,999
MX-0361,Pune,93,30,5.7,5,999
MX-0361,Ahmedabad,88,0,6.5,10,999
MX-0361,Jaipur, 36 ,0,6.3,7,999
MX-0361,Lucknow,7,0,0.4,7,999
MX-0361,Surat,20,0,1.6,7,999
MX-0361,Indore,40,85,6.2,10,999
MX-0361,Nagpur,1,0,5.6,5,999
MX-0361,Kochi,21,0,1.5,5,999
MX-0361,Chandigarh,86,0,7.1,10,999
MX-0361,Bhopal,101,0,6.0,7,999
MX-0361,Patna,8,0,0.7,21,999
MX-0361,Vadodara,30,0,1.6,10,999
MX-0361,Ludhiana,73,0,2.0,14,999
MX-0361,Agra,43,0,2.3,7,999
MX-0361,Nashik,211,0,6.8,14,999
MX-0361,Meerut,-1,0,3.5,21,999
MX-0361,Rajkot,53,9,3.3,5,999
MX-0361,Varanasi,60,0,8.0,5,N/A
MX-0361,Amritsar,121,36,4.3,21,999
MX-0361,Noida,46,0,1.9,21,999
MX-0361,Gurugram,59,0,5.1,5,999
,Coimbatore,190,0,4.3,14,999
MX-0361,Madurai,120,0,6.4,7,999
MX-0361,Guwahati,4,0,1.1,7,999
MX-0361,Mumbai City Mall,29,0,2.6,5,999
MX-0361,Delhi City Mall,135,0,7.6,14,999
MX-0361,Bengaluru City Mall,3,0,3.1,14,999
MX-0361,Hyderabad City Mall,1,0,4.8,5,999
MX-0361,Chennai City Mall,303,110,7.9,14,999
MX-0361,Kolkata City Mall,84,0,3.5,10,999
MX-0361,Pune City Mall,92,0,7.3,7,999
MX-0361,Ahmedabad City Mall,29,0,2.2,10,999
MX-0361,Jaipur City Mall,28,0,0.7,21,999
MX-0361,Lucknow City Mall,3,0,1.6,21,999
MX-0361,Surat City Mall,13,0,2.4,5,999
MX-0361,Indore City Mall,3,0,1.5,7,999
MX-0361,Nagpur City Mall, 61 ,86,6.9,10,999
MX-0361,Kochi City Mall,69,18,6.0,5,999
MX-0361,Chandigarh City Mall,252,0,6.8,21,999
MX-0361,Bhopal City Mall,51.5,0,4.2,21,999
MX-0361,Patna City Mall,3,0,0.3,7,999
MX-0361,Vadodara City Mall,51,0,3.6,10,999
MX-0361,Ludhiana City Mall,4,26,3.7,7,999
MX-0361,Agra City Mall,61,0,2.7,10,999
MX-0362,Mumbai,36,0,4.1,5 days,999
MX-0362,Delhi,17,0,,14,999
MX-0362,Bengaluru,62,0,7.4,7,999
MX-0362,Hyderabad, 220 ,0,7.3,14,999
MX-0362,Chennai,300,0,7.6,14,999
MX-0362,Kolkata, 284 ,0,4.9,21,999
MX-0362,Pune,146,0,6.3,21,999
MX-0362,Ahmedabad,324,0,7.7,14,999
MX-0362,Jaipur,133,122,6.8,14,999
MX-0362,Lucknow,130,0,5.6,7,999
MX-0362,Surat,45,0,6.9,5,999
MX-0362,Indore,101,0,6.1,7,999
MX-0362,Nagpur,37,0,3.4,14,999
MX-0362,Kochi,0,0,2.0,21,999
MX-0362,Chandigarh,43,0,4.3,5,999
MX-0362,Bhopal,33,0,1.9,10,999
MX-0362,Patna,195,0,5.8,,999
MX-0362,Vadodara,36,0,0.9,21,999
MX-0362,Ludhiana,16,-11,1.8,5,999
MX-0362,Agra,6,29,4.6,7,999
MX-0362,Nashik,99,0,5.9,5,999
MX-0362,Meerut,131,0,5.7,21,999
MX-0362,Rajkot,25,12,1.5,7,999
MX-0362,Varanasi,56,0,6.4,5,999
MX-0362,Amritsar,23,0,0.9,14,999
MX-0362,Noida,141,0,4.8,14,999
MX-0362,Gurugram, 19 ,0,0.5,14,999
MX-0362,Coimbatore,109,78,4.8,21,999
MX-0362,Madurai,13,0,1.2,5,999
MX-0362,Guwahati,46,0,2.2,10,999
MX-0362,Mumbai City Mall,33,14,0.9,14,999
MX-0362,Delhi City Mall,12,0,1.1,5,999
MX-0362,Bengaluru City Mall,14,7,1.4,10,N/A
MX-0362,Hyderabad City Mall,11,7,1.3,5,999
MX-0362,Chennai City Mall,53,0,3.0,14,999
MX-0362,Kolkata City Mall,6,0,7.6,5,999
MX-0362,Pune City Mall,366,0,5.3,21,999
MX-0362,Ahmedabad City Mall,106,0,6.3,5,999
MX-0362,Jaipur City Mall,53,0,4.1,7,999
MX-0362,Lucknow City Mall,36,0,3.9,10,999
MX-0362,Lucknow City Mall,36,0,3.9,10,999
MX-0362,Surat City Mall,89,0,2.5,14,999
MX-0362,Indore City Mall,153,0,5.7,21,999
MX-0362,Nagpur City Mall,76,0,6.3,5,999
MX-0362,Kochi City Mall,210,0,5.8,14,999
MX-0362,Chandigarh City Mall,59,0,3.3,21,999
MX-0362,Bhopal City Mall,84,0,2.6,10,999
MX-0362,Patna City Mall,15,0,6.8,5,999
MX-0362,Vadodara City Mall,106,0,7.3,10,999
MX-0362,Ludhiana City Mall,324.5,0,7.5,21,999
MX-0362,Agra City Mall,26,0,2.4,14,999
MX-0363,Mumbai,205,0,6.5,21,199
MX-0363,Delhi,19,6,0.7,10,199
MX-0363,Bengaluru,99,0,3.3,21,199
MX-0363,Hyderabad,18,0,5.2,7,199
MX-0363,Chennai,26,0,5.7,5,199
MX-0363,Kolkata,13,0,6.3,5,199
MX-0363,Pune,31,11,2.4,5,199
MX-0363,Ahmedabad,67,0,3.9,10,199
MX-0363,Jaipur,63,0,2.6,10,199
MX-0363,Lucknow,51,30,4.1,7,199
MX-0363,Surat,(9),0,4.6,14,199
MX-0363,Indore,15,0,3.9,21,199
MX-0363,Nagpur,77,0,3.3,10,199
MX-0363,Kochi,9,0,2.5,5,199
MX-0363,Chandigarh,158,0,3.8,21,199
MX-0363,Bhopal,338,0,5.1,21,199
MX-0363,Patna,24,7,0.7,14,199
MX-0363,Vadodara, 3 ,0,1.4,5,199
MX-0363,Ludhiana,96,0,2.9,14,199
MX-0363,Agra,115,24,5.8,7,199
MX-0363,Nashik,11,0,0.8,7,199
MX-0363,Meerut,65,0,7.1,10,199
MX-0363,Rajkot,62,0,3.4,10,199
MX-0363,Varanasi,42,0,3.9,7,199
MX-0363,Amritsar,63,0,4.7,7,199
MX-0363,Noida, 93 ,0,5.0,7,199
MX-0363,Gurugram,2,0,1.9,5,199
MX-0363,Coimbatore,25,0,2.0,5,199
,Madurai, 207 ,200,7.8,21,199
MX-0363,Guwahati,8,0,0.7,7 days,199
MX-0363,Mumbai City Mall,27,0,1.5,10,199
MX-0363,Delhi City Mall,13,0,8.0,7,199
MX-0363,Bengaluru City Mall,1,0,4.6,7,199
MX-0363,Hyderabad City Mall,103,0,5.9,10,199
MX-0363,Chennai City Mall,15,0,,5,199
MX-0363,Kolkata City Mall,70,0,5.3,10,199
MX-0363,Pune City Mall,150,0,2.3,21,199
MX-0363,Ahmedabad City Mall,244,0,5.3,21,199
MX-0363,Jaipur City Mall,329,169,6.7,21,199
MX-0363,Lucknow City Mall,8,-11,1.5,,199
MX-0363,Surat City Mall,15,0,1.7,5,199
MX-0363,Indore City Mall,7,0,5.5,7,N/A
MX-0363,Nagpur City Mall,9,0,2.5,7,199
MX-0363,Kochi City Mall,44,0,4.8,7,199
MX-0363,Chandigarh City Mall,203,0,4.4,21,199
MX-0363,Bhopal City Mall,8,0,3.6,7,199
MX-0363,Patna City Mall,15,7,3.5,5,199
MX-0363,Vadodara City Mall,13,0,5.3,5,199
MX-0363,Ludhiana City Mall,38,0,2.2,10,199
MX-0363,Agra City Mall,10,0,5.6,21,199
MX-0364,Mumbai,50,35,4.5,7,1999
MX-0364,Delhi,157.5,104,4.8,21,1999
MX-0364,Bengaluru,47,20,3.3,10,1999
MX-0364,Hyderabad,334,0,7.6,21,1999
MX-0364,Chennai,23,0,4.1,10,1999
MX-0364,Kolkata,33,7,2.4,5,1999
MX-0364,Pune,116,43,4.2,21,1999
MX-0364,Ahmedabad,61,64,3.3,14,1999
MX-0364,Jaipur,29,29,5.3,5,1999
MX-0364,Lucknow,3,0,0.2,7,1999
MX-0364,Surat,12,0,0.7,10,1999
MX-0364,Indore,46,0,3.7,21,1999
MX-0364,Nagpur,1,0,0.7,21,1999
MX-0364,Kochi,86,0,3.3,21,1999
MX-0364,Chandigarh,411,0,7.9,21,1999
MX-0364,Bhopal,21,0,3.4,10,1999
MX-0364,Patna,316,122,7.4,14,1999
MX-0364,Vadodara,119,0,2.9,14,1999
MX-0364,Ludhiana,93,0,1.9,21,1999
MX-0364,Agra, 88 ,0,4.9,14,1999
MX-0364,Nashik, 113 ,32,7.4,5,1999
MX-0364,Meerut,63,0,5.8,7,1999
MX-0364,Rajkot,6,0,3.0,5,1999
MX-0364,Varanasi,104,0,5.3,21,1999
MX-0364,Amritsar,89,30,2.8,10,1999
MX-0364,Noida,254,0,6.6,14,1999
MX-0364,Gurugram,41,0,2.3,7,1999
MX-0364,Coimbatore,22,0,1.9,5,1999
MX-0364,Madurai,204,28,4.7,14,1999
MX-0364,Guwahati,8,16,1.9,7,1999
MX-0364,Mumbai City Mall,41,0,2.9,14,1999
MX-0364,Delhi City Mall,11,0,1.3,7,1999
MX-0364,Bengaluru City Mall, 8 ,0,0.8,10,1999
MX-0364,Hyderabad City Mall, 100 ,0,5.2,7,1999
MX-0364,Chennai City Mall,119,0,5.1,14,1999
MX-0364,Kolkata City Mall,4,1,0.4,7,1999
MX-0364,Pune City Mall,213,36,6.9,10,1999
MX-0364,Pune City Mall,213,36,6.9,10,1999
MX-0364,Ahmedabad City Mall,6,0,0.4,10,1999
MX-0364,Jaipur City Mall,38,0,4.7,7,1999
MX-0364,Lucknow City Mall,13,5,1.9,7,1999
MX-0364,Surat City Mall,139,0,5.0,14,1999
MX-0364,Indore City Mall,61,0,6.8,5,1999
MX-0364,Nagpur City Mall,50,0,2.3,10,1999
MX-0364,Kochi City Mall,21,0,6.0,7,1999
MX-0364,Chandigarh City Mall,30,0,0.5,21,1999
MX-0364,Bhopal City Mall,83,0,5.4,21,1999
MX-0364,Patna City Mall,8,0,4.1,14,1999
MX-0364,Vadodara City Mall,16,0,0.6,10,1999
MX-0364,Ludhiana City Mall,77,0,4.9,5,1999
MX-0364,Agra City Mall,-3,60,3.3,14,1999
MX-0365,Mumbai,93,25,7.9,5,N/A
MX-0365,Delhi,1,25,4.5,7,999
MX-0365,Bengaluru,190,0,5.9,21,999
MX-0365,Hyderabad,3,0,3.7,21,999
MX-0365,Chennai,28.5,0,0.9,14,999
MX-0365,Kolkata,239,78,7.6,10,999
MX-0365,Pune,122,0,4.8,21,999
MX-0365,Ahmedabad,3,47,4.3,10,999
MX-0365,Jaipur,446,0,7.7,21 days,999
MX-0365,Lucknow,33,0,8.0,7,999
MX-0365,Surat,28,-14,4.0,5,999
MX-0365,Indore,70,40,1.5,21,999
MX-0365,Nagpur,209,0,7.3,,999
MX-0365,Kochi,247,0,7.0,14,999
MX-0365,Chandigarh,235,0,8.0,10,999
MX-0365,Bhopal,23,0,1.5,21,999
MX-0365,Patna,143,0,4.1,21,999
MX-0365,Vadodara,78,0,,14,999
MX-0365,Ludhiana,33,17,4.2,5,999
MX-0365,Agra,21,0,5.0,5,999
MX-0365,Nashik,13,0,3.6,5,999
MX-0365,Meerut,189,122,6.3,14,999
MX-0365,Rajkot,3,2,1.2,5,999
MX-0365,Varanasi, 87 ,0,7.1,7,999
MX-0365,Amritsar,3,0,0.3,5,999
MX-0365,Noida,141,161,6.9,21,999
MX-0365,Gurugram,126,0,7.5,21,999
MX-0365,Coimbatore,104,0,7.1,7,999
MX-0365,Madurai,141,0,6.0,7,999
,Guwahati,266,0,6.4,14,999
MX-0365,Mumbai City Mall,29, 23 ,1.4,14,999
MX-0365,Delhi City Mall,9,0,7.9,14,999
MX-0365,Bengaluru City Mall,76,0,6.1,7,999
MX-0365,Hyderabad City Mall,7,0,1.4,7,999
MX-0365,Chennai City Mall,60,0,3.6,5,999
MX-0365,Kolkata City Mall,22,14,1.3,10,999
MX-0365,Pune City Mall,0,0,0.9,14,999
MX-0365,Ahmedabad City Mall,47,0,6.7,5,999
MX-0365,Jaipur City Mall,27,0,5.7,14,999
MX-0365,Lucknow City Mall,46,0,6.0,10,999
MX-0365,Surat City Mall,47,0,4.2,14,999
MX-0365,Indore City Mall,40,0,1.1,14,999
MX-0365,Nagpur City Mall,26,0,4.0,5,999
MX-0365,Kochi City Mall,48,0,3.6,5,999
MX-0365,Chandigarh City Mall,168,32,5.5,14,999
MX-0365,Bhopal City Mall,20,0,7.7,7,999
MX-0365,Patna City Mall,19,0,3.5,14,999
MX-0365,Vadodara City Mall,58,0,2.4,10,999
MX-0365,Ludhiana City Mall,17,0,4.7,5,999
MX-0365,Agra City Mall,318,84,6.4,21,999
MX-0366,Mumbai,16,25,1.9,14,3999
MX-0366,Delhi,18,0,1.0,10,3999
MX-0366,Bengaluru,26,0,7.9,5,3999
MX-0366,Hyderabad,13,8,0.8,10,3999
MX-0366,Chennai,18,0,5.9,5,3999
MX-0366,Kolkata,98,0,7.1,5,3999
MX-0366,Pune,3,0,6.0,5,3999
MX-0366,Ahmedabad,82.5,0,6.9,5,3999
MX-0366,Jaipur,38,0,4.4,14,3999
MX-0366,Lucknow,348,0,5.3,21,N/A
MX-0366,Surat, 89 ,14,5.0,7,3999
MX-0366,Indore,18,7,2.2,5,3999
MX-0366,Nagpur,57,0,4.1,7,3999
MX-0366,Kochi,22,0,3.6,5,3999
MX-0366,Chandigarh,71,21,3.9,10,3999
MX-0366,Bhopal,32,0,4.9,7,3999
MX-0366,Patna,136,86,4.5,14,3999
MX-0366,Vadodara,22,0,1.8,7,3999
MX-0366,Ludhiana,198,0,4.3,14,3999
MX-0366,Agra,447,0,7.6,21,3999
MX-0366,Nashik,5,0,0.5,5,3999
MX-0366,Meerut,7,0,0.8,7,3999
MX-0366,Rajkot,10,0,1.3,14,3999
MX-0366,Varanasi,215,0,4.7,21,3999
MX-0366,Amritsar,36,0,2.7,10,3999
MX-0366,Noida,23,0,6.2,10,3999
MX-0366,Gurugram,30,0,2.0,14,3999
MX-0366,Coimbatore,34,0,2.2,10,3999
MX-0366,Madurai,176,46,5.0,14,3999
MX-0366,Guwahati,162,58,5.3,10,3999
MX-0366,Mumbai City Mall,87,76,5.8,14,3999
MX-0366,Delhi City Mall,50,-15,3.0,5,3999
MX-0366,Bengaluru City Mall,70,0,5.1,10,3999
MX-0366,Hyderabad City Mall, 155 ,0,2.9,21,3999
MX-0366,Hyderabad City Mall, 155 ,0,2.9,21,3999
MX-0366,Chennai City Mall,28,0,4.7,7,3999
MX-0366,Kolkata City Mall,22,0,2.5,,3999
MX-0366,Pune City Mall,83,0,7.2,7,3999
MX-0366,Ahmedabad City Mall,131,44,5.8,14 days,3999
MX-0366,Jaipur City Mall,-9,0,3.3,21,3999
MX-0366,Lucknow City Mall,22,19,0.9,21,3999
MX-0366,Surat City Mall,21,0,5.7,5,3999
MX-0366,Indore City Mall,6,0,1.0,5,3999
MX-0366,Nagpur City Mall,19,0,1.2,21,3999
MX-0366,Kochi City Mall,39,0,2.6,14,3999
MX-0366,Chandigarh City Mall,27,6,1.2,10,3999
MX-0366,Bhopal City Mall,3,0,0.3,10,3999
MX-0366,Patna City Mall,2,0,0.3,5,3999
MX-0366,Vadodara City Mall,71,0,7.3,5,3999
MX-0366,Ludhiana City Mall,44,9,3.3,7,3999
MX-0366,Agra City Mall,92,0,4.1,14,3999
MX-0367,Mumbai,64,0,,5,499
MX-0367,Delhi,8,0,3.9,10,499
MX-0367,Bengaluru,77,23,6.4,5,499
MX-0367,Hyderabad, 51 ,27,4.9,5,499
MX-0367,Chennai,120,0,3.2,14,499
MX-0367,Kolkata,18,44,5.2,10,499
MX-0367,Pune,52,0,0.8,21,499
MX-0367,Ahmedabad,47,0,6.3,5,499
MX-0367,Jaipur, 241 ,0,7.4,14,499
MX-0367,Lucknow,154,0,4.6,10,499
MX-0367,Surat,173.5,0,2.7,21,499
MX-0367,Indore,96,0,3.6,21,499
MX-0367,Nagpur,235,0,7.2,21,499
MX-0367,Kochi,49,68,5.6,14,499
MX-0367,Chandigarh,3,0,0.5,7,499
MX-0367,Bhopal,3,0,2.2,14,499
MX-0367,Patna,119,55,5.4,21,499
MX-0367,Vadodara,5,3,0.2,21,499
MX-0367,Ludhiana,64,49,5.0,10,N/A
MX-0367,Agra,17,0,1.3,5,499
MX-0367,Nashik,367,0,6.6,21,499
MX-0367,Meerut,5,0,3.1,7,499
MX-0367,Rajkot,107,0,4.5,10,499
MX-0367,Varanasi,5,41,7.9,5,499
MX-0367,Amritsar,63,0,5.9,7,499
MX-0367,Noida,11,0,1.2,7,499
MX-0367,Gurugram,533,0,7.7,21,499
MX-0367,Coimbatore,4,0,0.8,5,499
MX-0367,Madurai,364,0,5.9,21,499
MX-0367,Guwahati,43,0,4.4,21,499
,Mumbai City Mall,46,0,5.5,5,499
MX-0367,Delhi City Mall,8,0,0.8,7,499
MX-0367,Bengaluru City Mall,1,13,1.7,7,499
MX-0367,Hyderabad City Mall,53,0,4.5,10,499
MX-0367,Chennai City Mall,13,0,2.2,7,499
MX-0367,Kolkata City Mall,296,0,7.0,14,499
MX-0367,Pune City Mall,53,31,2.5,10,499
MX-0367,Ahmedabad City Mall,53,0,3.3,7,499
MX-0367,Jaipur City Mall,3,0,0.6,14,499
MX-0367,Lucknow City Mall,135,0,2.1,21,499
MX-0367,Surat City Mall,81,0,6.0,5,499
MX-0367,Indore City Mall,0,0,0.4,14,499
MX-0367,Nagpur City Mall,72,0,3.3,21,499
MX-0367,Kochi City Mall,120,0,4.3,10,499
MX-0367,Chandigarh City Mall,72,0,2.3,21,499
MX-0367,Bhopal City Mall,141,99,7.3,10,499
MX-0367,Patna City Mall,118,0,2.9,14,499
MX-0367,Vadodara City Mall,24,0,1.1,10,499
MX-0367,Ludhiana City Mall,85,0,6.0,14,499
MX-0367,Agra City Mall,22,39,6.1,5,499
MX-0368,Mumbai,35,0,2.2,5,3999
MX-0368,Delhi,357,0,7.4,21,3999
MX-0368,Bengaluru,24,-7,0.7,14,3999
MX-0368,Hyderabad,6,0,4.1,5,3999
MX-0368,Chennai,301,0,4.8,21,3999
MX-0368,Kolkata,125,0,5.2,14,3999
MX-0368,Pune,240,0,6.0,14,3999
MX-0368,Ahmedabad,10,4,0.2,21,3999
MX-0368,Jaipur,11,0,0.5,,3999
MX-0368,Lucknow,60,0,4.0,10,3999
MX-0368,Surat,30,0,1.2,14,3999
MX-0368,Indore,10,12,1.0,10,3999
MX-0368,Nagpur,5,0,0.7,5,3999
MX-0368,Kochi,189.5,0,4.5,21,3999
MX-0368,Chandigarh,21,0,6.0,14,3999
MX-0368,Bhopal,273,0,6.3,14,3999
MX-0368,Patna,5,0,0.4,7 days,3999
MX-0368,Vadodara, 90 ,18,7.6,5,3999
MX-0368,Ludhiana,155,0,6.5,14,3999
MX-0368,Agra,130,0,5.0,10,3999
MX-0368,Nashik,37,0,4.2,7,3999
MX-0368,Meerut,21,0,5.3,21,3999
MX-0368,Rajkot,7,0,0.9,5,3999
MX-0368,Varanasi,1,75,5.8,14,3999
MX-0368,Amritsar,71,0,6.1,5,3999
MX-0368,Noida,55,0,7.9,5,3999
MX-0368,Gurugram,1,0,0.2,7,3999
MX-0368,Coimbatore,-1,0,3.0,5,N/A
MX-0368,Madurai,30,34,8.0,5,3999
MX-0368,Guwahati,107,0,4.9,7,3999
MX-0368,Mumbai City Mall,90,0,3.6,14,3999
MX-0368,Mumbai City Mall,90,0,3.6,14,3999
MX-0368,Delhi City Mall,106,18,4.5,7,3999
MX-0368,Bengaluru City Mall,216,0,6.5,21,3999
MX-0368,Hyderabad City Mall,2,0,,7,3999
MX-0368,Chennai City Mall,65,0,1.0,21,3999
MX-0368,Kolkata City Mall,41,0,4.8,5,3999
MX-0368,Pune City Mall,16,0,3.8,10,3999
MX-0368,Ahmedabad City Mall,11,0,2.3,7,3999
MX-0368,Jaipur City Mall,49,0,2.2,14,3999
MX-0368,Lucknow City Mall, 166 ,0,6.4,21,3999
MX-0368,Surat City Mall,178,44,3.3,21,3999
MX-0368,Indore City Mall,79,0,7.6,14,3999
MX-0368,Nagpur City Mall,18,14,1.1,10,3999
MX-0368,Kochi City Mall,103,0,3.6,10,3999
MX-0368,Chandigarh City Mall,238,70,6.6,14,3999
MX-0368,Bhopal City Mall,217,0,4.7,14,3999
MX-0368,Patna City Mall,220,0,7.5,10,3999
MX-0368,Vadodara City Mall,5,0,3.9,5,3999
MX-0368,Ludhiana City Mall,39,0,5.3,5,3999
MX-0368,Agra City Mall,28,0,2.0,7,3999
MX-0369,Mumbai,57,17,2.5,10,499
MX-0369,Delhi,141,0,7.2,14,499
MX-0369,Bengaluru,59,0,3.5,5,499
MX-0369,Hyderabad,11,21,3.2,10,499
MX-0369,Chennai,89,0,2.0,14,499
MX-0369,Kolkata,18,13,0.8,14,499
MX-0369,Pune,218,63,5.8,14,499
MX-0369,Ahmedabad,75,0,1.7,14,499
MX-0369,Jaipur,38,0,1.9,21,499
MX-0369,Lucknow,140,0,6.8,14,499
MX-0369,Surat,82,0,4.3,21,499
MX-0369,Indore,17,0,1.6,5,499
MX-0369,Nagpur,155,36,6.6,7,499
MX-0369,Kochi,247,108,7.5,14,499
MX-0369,Chandigarh,3,0,3.6,5,499
MX-0369,Bhopal,188,0,3.3,21,499
MX-0369,Patna,17.5,11,3.0,7,499
MX-0369,Vadodara,27,0,4.4,5,499
MX-0369,Ludhiana,174,56,5.1,14,499
MX-0369,Agra,23,0,6.0,21,499
MX-0369,Nashik,43,104,7.7,10,499
MX-0369,Meerut,180,47,7.3,14,499
MX-0369,Rajkot,98,0,7.5,5,499
MX-0369,Varanasi,11,-17,0.5,14,499
MX-0369,Amritsar,2,0,2.5,5,499
MX-0369,Noida,88,0,4.6,14,499
MX-0369,Gurugram,17,12,3.3,5,499
MX-0369,Coimbatore, 155 ,0,3.5,14,499
MX-0369,Madurai,45,46,6.5,10,499
MX-0369,Guwahati,115,36,5.1,7,499
MX-0369,Mumbai City Mall,15,53,2.3,21,499
,Delhi City Mall,390,0,6.2,,499
MX-0369,Bengaluru City Mall,47,0,4.0,5,499
MX-0369,Hyderabad City Mall,4,3,0.6,5,499
MX-0369,Chennai City Mall,6,28,7.0,5,499
MX-0369,Kolkata City Mall,399,0,6.3,21,499
MX-0369,Pune City Mall, 8 ,0,1.2,5,N/A
MX-0369,Ahmedabad City Mall,92,0,3.1,10,499
MX-0369,Jaipur City Mall,463,180,7.0,21,499
MX-0369,Lucknow City Mall,9,14,3.1,10,499
MX-0369,Surat City Mall,16,0,2.6,5,499
MX-0369,Indore City Mall,58,0,3.2,14,499
MX-0369,Nagpur City Mall,13,0,3.4,10,499
MX-0369,Kochi City Mall,82,0,6.9,14,499
MX-0369,Chandigarh City Mall,42,0,6.7,5,499
MX-0369,Bhopal City Mall,39, 23 ,7.7,5 days,499
MX-0369,Patna City Mall,2,0,0.4,7,499
MX-0369,Vadodara City Mall,23,0,6.8,14,499
MX-0369,Ludhiana City Mall,21,28,3.0,10,499
MX-0369,Agra City Mall, 234 ,93,7.8,10,499
MX-0370,Mumbai,21,0,3.6,10,199
MX-0370,Delhi,5,0,0.8,14,199
MX-0370,Bengaluru,193, 54 ,4.3,14,199
MX-0370,Hyderabad,6,2,0.3,10,199
MX-0370,Chennai,222,0,7.3,21,199
MX-0370,Kolkata,111,0,3.7,14,199
MX-0370,Pune,417,0,6.2,21,199
MX-0370,Ahmedabad,6,29,2.8,14,199
MX-0370,Jaipur,2,0,0.5,5,199
MX-0370,Lucknow,184,0,5.6,14,199
MX-0370,Surat,137,0,6.6,10,199
MX-0370,Indore,3,0,0.3,21,199
MX-0370,Nagpur,23,15,3.8,5,199
MX-0370,Kochi,5,0,4.3,10,199
MX-0370,Chandigarh,68,29,3.0,7,199
MX-0370,Bhopal,17,0,1.9,10,199
MX-0370,Patna,-8,0,,21,199
MX-0370,Vadodara,13,33,2.5,14,199
MX-0370,Ludhiana,41,0,5.7,21,199
MX-0370,Agra,9.5,0,4.8,5,199
MX-0370,Nashik,109,28,7.6,7,199
MX-0370,Meerut,10,0,1.4,21,199
MX-0370,Rajkot,39,0,5.4,14,199
MX-0370,Varanasi,17,0,5.8,5,199
MX-0370,Amritsar,41,0,5.2,7,199
MX-0370,Noida,73,0,4.7,14,199
MX-0370,Gurugram, 68 ,0,5.7,7,199
MX-0370,Coimbatore,49,0,1.3,14,199
MX-0370,Coimbatore,49,0,1.3,14,199
MX-0370,Madurai,47,0,4.9,10,199
MX-0370,Guwahati,126,156,6.5,21,199
MX-0370,Mumbai City Mall, 60 ,0,5.9,5,199
MX-0370,Delhi City Mall,79,0,1.9,21,199
MX-0370,Bengaluru City Mall,247,0,7.7,10,199
MX-0370,Hyderabad City Mall,50,0,2.9,7,199
MX-0370,Chennai City Mall,103,0,7.1,7,199
MX-0370,Kolkata City Mall,40,0,4.3,7,199
MX-0370,Pune City Mall,24, 60 ,7.1,21,199
MX-0370,Ahmedabad City Mall,5,0,0.3,7,199
MX-0370,Jaipur City Mall,27,0,2.6,7,199
MX-0370,Lucknow City Mall,161,0,4.0,21,199
MX-0370,Surat City Mall,83,0,2.7,10,199
MX-0370,Indore City Mall,71,0,4.2,5,199
MX-0370,Nagpur City Mall,12,0,1.1,5,199
MX-0370,Kochi City Mall,78,0,4.8,7,199
MX-0370,Chandigarh City Mall,0,-18,3.0,7,199
MX-0370,Bhopal City Mall,234,0,7.8,21,N/A
MX-0370,Patna City Mall,44,0,1.1,14,199
MX-0370,Vadodara City Mall,104,41,7.8,7,199
MX-0370,Ludhiana City Mall,117,91,4.7,14,199
MX-0370,Agra City Mall,57,0,2.6,21,199
MX-0371,Mumbai,130,0,7.0,21,999
MX-0371,Delhi,24,0,1.9,10,999
MX-0371,Bengaluru,230,0,6.2,14,999
MX-0371,Hyderabad,39,0,7.4,5,999
MX-0371,Chennai,54,0,5.6,,999
MX-0371,Kolkata,16,0,2.1,21,999
MX-0371,Pune, 21 ,0,2.4,5,999
MX-0371,Ahmedabad,1,0,3.5,7,999
MX-0371,Jaipur,65,27,3.1,7,999
MX-0371,Lucknow,14,13,3.1,10,999
MX-0371,Surat,3,0,0.9,14,999
MX-0371,Indore,10,0,3.1,7,999
MX-0371,Nagpur,5,0,0.4,10,999
MX-0371,Kochi,20,25,2.2,10,999
MX-0371,Chandigarh,29,0,4.4,5,999
MX-0371,Bhopal,28,12,1.9,5,999
MX-0371,Patna,22,0,0.8,10,999
MX-0371,Vadodara,280,0,6.0,14,999
MX-0371,Ludhiana, 10 ,0,3.4,7,999
MX-0371,Agra,18,9,1.7,5,999
MX-0371,Nashik,172,0,6.7,14,999
MX-0371,Meerut,25,0,7.6,14,999
MX-0371,Rajkot,55.5,0,4.1,7,999
MX-0371,Varanasi,23,10,0.4,21,999
MX-0371,Amritsar,33,35,6.1,14 days,999
MX-0371,Noida, 32 ,0,3.7,10,999
MX-0371,Gurugram,162,0,5.4,10,999
MX-0371,Coimbatore,3,0,0.4,5,999
MX-0371,Madurai,94,55,7.2,7,999
MX-0371,Guwahati,78,0,2.0,14,999
MX-0371,Mumbai City Mall,71,0,6.9,7,999
MX-0371,Delhi City Mall,38,20,2.5,10,999
,Bengaluru City Mall,47,0,5.6,21,999
MX-0371,Hyderabad City Mall,109,35,3.0,21,999
MX-0371,Chennai City Mall,51,14,5.0,7,999
MX-0371,Kolkata City Mall,96,0,4.7,7,999
MX-0371,Pune City Mall,41,0,3.0,21,999
MX-0371,Ahmedabad City Mall,60,0,2.8,10,999
MX-0371,Jaipur City Mall,1,0,0.3,10,999
MX-0371,Lucknow City Mall,32,0,3.3,10,999
MX-0371,Surat City Mall,44,38,4.1,7,999
MX-0371,Indore City Mall,37,14,2.4,5,999
MX-0371,Nagpur City Mall,27,6,1.8,7,999
MX-0371,Kochi City Mall,37,0,4.4,7,999
MX-0371,Chandigarh City Mall,65,0,5.3,14,999
MX-0371,Bhopal City Mall,19,18,4.2,5,999
MX-0371,Patna City Mall,73,0,4.6,7,999
MX-0371,Vadodara City Mall, 49 ,0,3.3,21,999
MX-0371,Ludhiana City Mall,57,30,3.2,14,999
MX-0371,Agra City Mall,78,50,,21,999
MX-0372,Mumbai,7,5,0.6,14,1999
MX-0372,Delhi,11,0,3.7,10,1999
MX-0372,Bengaluru,69,0,5.3,5,1999
MX-0372,Hyderabad,39,44,5.6,14,1999
MX-0372,Chennai, 55 ,0,4.7,21,N/A
MX-0372,Kolkata,(6),39,4.3,7,1999
MX-0372,Pune,55,0,5.4,7,1999
MX-0372,Ahmedabad,8,0,3.7,10,1999
MX-0372,Jaipur,41,44,6.6,7,1999
MX-0372,Lucknow,111,0,6.7,10,1999
MX-0372,Surat,94,0,7.6,5,1999
MX-0372,Indore,10,25,1.4,14,1999
MX-0372,Nagpur,5,0,0.3,7,1999
MX-0372,Kochi,4,0,1.0,5,1999
MX-0372,Chandigarh, 83 ,0,3.7,7,1999
MX-0372,Bhopal,23,-10,1.1,7,1999
MX-0372,Patna,6,0,4.9,7,1999
MX-0372,Vadodara,22,0,1.2,10,1999
MX-0372,Ludhiana,173,0,7.8,14,1999
MX-0372,Agra,33,0,2.2,5,1999
MX-0372,Nashik,94,0,2.8,10,1999
MX-0372,Meerut,271,111,6.6,21,1999
MX-0372,Rajkot,24,0,3.4,7,1999
MX-0372,Varanasi,6,24,4.1,7,1999
MX-0372,Amritsar, 17 ,0,3.3,5,1999
MX-0372,Amritsar, 17 ,0,3.3,5,1999
MX-0372,Noida,5.5,0,1.7,10,1999
MX-0372,Gurugram,72,0,5.5,5,1999
MX-0372,Coimbatore,49,0,6.0,,1999
MX-0372,Madurai,87,40,4.8,7,1999
MX-0372,Guwahati,201,38,6.2,14,1999
MX-0372,Mumbai City Mall,24,0,1.6,7,1999
MX-0372,Delhi City Mall,140,0,4.2,21,1999
MX-0372,Bengaluru City Mall,62,0,2.5,14,1999
MX-0372,Hyderabad City Mall,36,0,2.9,14,1999
MX-0372,Chennai City Mall,101,0,7.2,21,1999
MX-0372,Kolkata City Mall,0,5,1.2,5,1999
MX-0372,Pune City Mall,14,0,0.3,21,1999
MX-0372,Ahmedabad City Mall,51,0,2.2,7,1999
MX-0372,Jaipur City Mall,62,0,5.5,10,1999
MX-0372,Lucknow City Mall,152,68,7.1,7,1999
MX-0372,Surat City Mall,15,108,4.2,21,1999
MX-0372,Indore City Mall,323,0,5.2,21,1999
MX-0372,Nagpur City Mall,2,0,3.7,14,1999
MX-0372,Kochi City Mall,32,0,0.8,21,1999
MX-0372,Chandigarh City Mall,133,0,6.0,21,1999
MX-0372,Bhopal City Mall,29,0,2.6,14,1999
MX-0372,Patna City Mall,9,0,6.5,5,1999
MX-0372,Vadodara City Mall, 83 ,0,5.6,5,1999
MX-0372,Ludhiana City Mall,60,0,1.4,14,1999
MX-0372,Agra City Mall,128,0,7.8,21,1999
MX-0373,Mumbai,40,0,1.7,7,1999
MX-0373,Delhi,1,0,1.8,7,1999
MX-0373,Bengaluru,6,0,4.6,21,1999
MX-0373,Hyderabad,190,0,4.1,14 days,1999
MX-0373,Chennai,2,1,0.3,7,1999
MX-0373,Kolkata,81,23,5.4,7,1999
MX-0373,Pune,3,0,0.5,10,1999
MX-0373,Ahmedabad,124,69,2.5,21,1999
MX-0373,Jaipur, 82 ,0,5.0,10,1999
MX-0373,Lucknow,19,31,3.7,7,1999
MX-0373,Surat,2,0,2.8,5,1999
MX-0373,Indore, 0 ,0,2.2,10,1999
MX-0373,Nagpur,34,10,2.2,5,1999
MX-0373,Kochi,196,59,6.2,21,N/A
MX-0373,Chandigarh,508,0,7.6,21,1999
MX-0373,Bhopal,7,0,0.4,10,1999
MX-0373,Patna,79,0,4.8,5,1999
MX-0373,Vadodara,52,33,1.8,21,1999
MX-0373,Ludhiana,351,0,7.8,14,1999
MX-0373,Agra,107,0,5.8,10,1999
MX-0373,Nashik,49, 10 ,2.9,5,1999
MX-0373,Meerut,18,0,1.3,7,1999
MX-0373,Rajkot,80,0,5.7,10,1999
MX-0373,Varanasi,207,71,6.6,10,1999
MX-0373,Amritsar,35,0,4.2,7,1999
MX-0373,Noida,89,0,4.8,7,1999
MX-0373,Gurugram,7,0,1.6,5,1999
MX-0373,Coimbatore,207,0,4.8,14,1999
MX-0373,Madurai,9.5,0,1.1,10,1999
MX-0373,Guwahati,45,0,2.2,7,1999
MX-0373,Mumbai City Mall,140,0,7.2,7,1999
MX-0373,Delhi City Mall,28,0,0.5,21,1999
MX-0373,Bengaluru City Mall,125,0,,14,1999
,Hyderabad City Mall,95,0,7.5,7,1999
MX-0373,Chennai City Mall,88,94,5.6,21,1999
MX-0373,Kolkata City Mall,66,19,3.3,14,1999
MX-0373,Pune City Mall,79,-5,3.5,10,1999
MX-0373,Ahmedabad City Mall,22,0,4.1,7,1999
MX-0373,Jaipur City Mall,5,47,3.7,14,1999
MX-0373,Lucknow City Mall,176,0,6.7,14,1999
MX-0373,Surat City Mall,1,0,1.9,7,1999
MX-0373,Indore City Mall,37,0,1.1,21,1999
MX-0373,Nagpur City Mall,4,0,1.0,5,1999
MX-0373,Kochi City Mall, 176 ,0,7.0,21,1999
MX-0373,Chandigarh City Mall,-8,0,7.1,21,1999
MX-0373,Bhopal City Mall,81,24,2.7,10,1999
MX-0373,Patna City Mall,46,46,2.5,14,1999
MX-0373,Vadodara City Mall,110,0,7.8,7,1999
MX-0373,Ludhiana City Mall,52,0,0.9,21,1999
MX-0373,Agra City Mall,9,0,6.4,5,1999
MX-0374,Mumbai,63,0,4.7,,3999
MX-0374,Delhi,78,21,1.7,21,3999
MX-0374,Bengaluru, 49 ,0,4.3,21,3999
MX-0374,Hyderabad,2,14,2.8,7,3999
MX-0374,Chennai,48,0,2.1,10,3999
MX-0374,Kolkata,70,0,8.0,7,3999
MX-0374,Pune,35,0,3.8,10,3999
MX-0374,Ahmedabad,115,0,4.6,10,3999
MX-0374,Jaipur, 37 ,0,4.5,10,3999
MX-0374,Lucknow,77,47,4.7,21,3999
MX-0374,Surat,12,0,3.6,5,3999
MX-0374,Indore,55,0,3.7,5,3999
MX-0374,Nagpur,7,5,0.9,7,3999
MX-0374,Kochi,54,0,7.0,10,3999
MX-0374,Chandigarh,256,0,4.5,21,3999
MX-0374,Bhopal,6,0,3.0,14,3999
MX-0374,Patna,50,9,4.3,5,3999
MX-0374,Vadodara,46,0,1.2,14,3999
MX-0374,Ludhiana,46,0,4.1,21,3999
MX-0374,Agra,5,0,1.3,10,3999
MX-0374,Nashik,27,0,1.2,7,3999
MX-0374,Meerut,54,39,7.3,10,3999
MX-0374,Meerut,54,39,7.3,10,3999
MX-0374,Rajkot,334,0,7.8,21,N/A
MX-0374,Varanasi,52,0,3.8,14,3999
MX-0374,Amritsar,62,0,3.2,7,3999
MX-0374,Noida,105,0,7.5,5,3999
MX-0374,Gurugram, 87 ,0,7.2,7,3999
MX-0374,Coimbatore,46,0,5.2,10,3999
MX-0374,Madurai, 96 ,0,7.3,10,3999
MX-0374,Guwahati,306,89,7.9,14,3999
MX-0374,Mumbai City Mall,93,0,3.3,21,3999
MX-0374,Delhi City Mall,107.5,0,6.9,14,3999
MX-0374,Bengaluru City Mall,121,0,8.0,21 days,3999
MX-0374,Hyderabad City Mall,8,0,2.8,7,3999
MX-0374,Chennai City Mall,6,0,4.4,5,3999
MX-0374,Kolkata City Mall,325,0,7.0,14,3999
MX-0374,Pune City Mall,6,0,0.7,21,3999
MX-0374,Ahmedabad City Mall,38,14,4.9,7,3999
MX-0374,Jaipur City Mall,13,0,0.9,7,3999
MX-0374,Lucknow City Mall,19,0,2.6,5,3999
MX-0374,Surat City Mall,11, 17 ,4.5,5,3999
MX-0374,Indore City Mall,118,0,2.6,14,3999
MX-0374,Nagpur City Mall,8,0,1.2,5,3999
MX-0374,Kochi City Mall,29,0,2.7,5,3999
MX-0374,Chandigarh City Mall,280,0,7.6,21,3999
MX-0374,Bhopal City Mall, 15 ,0,2.5,5,3999
MX-0374,Patna City Mall,46,0,3.1,5,3999
MX-0374,Vadodara City Mall,6,0,4.9,5,3999
MX-0374,Ludhiana City Mall,22, 46 ,5.9,7,3999
MX-0374,Agra City Mall,5,0,5.1,7,3999
MX-0375,Mumbai,4,0,1.8,5,499
MX-0375,Delhi,31,0,2.7,7,499
MX-0375,Bengaluru,106, 124 ,6.9,21,499
MX-0375,Hyderabad,189,0,4.7,21,499
MX-0375,Chennai,54,0,4.3,7,499
MX-0375,Kolkata,164,105,5.6,14,499
MX-0375,Pune,9,0,0.7,10,499
MX-0375,Ahmedabad,43,-18,6.7,14,499
MX-0375,Jaipur,190,0,4.5,14,499
MX-0375,Lucknow,61,0,6.7,5,499
MX-0375,Surat,24,0,0.8,14,499
MX-0375,Indore,223,0,7.3,10,499
MX-0375,Nagpur,241,0,6.4,21,499
MX-0375,Kochi,331,139,7.4,14,499
MX-0375,Chandigarh,488, 125 ,7.1,21,499
MX-0375,Bhopal,168,72,,10,499
MX-0375,Patna,75,0,7.0,5,499
MX-0375,Vadodara,38,0,7.8,5,499
MX-0375,Ludhiana,227,0,6.8,14,499
MX-0375,Agra,16,0,2.7,21,499
MX-0375,Nashik,2,0,0.5,10,499
MX-0375,Meerut,94,0,4.9,7,499
MX-0375,Rajkot,4,0,0.6,21,499
MX-0375,Varanasi,30,0,2.8,,499
MX-0375,Amritsar,52,0,2.0,21,499
MX-0375,Noida,27,0,4.0,14,499
MX-0375,Gurugram,9,0,0.6,5,499
MX-0375,Coimbatore,99,18,6.0,5,499
MX-0375,Madurai,17,0,4.9,10,499
MX-0375,Guwahati,207,62,6.4,14,499
MX-0375,Mumbai City Mall,39,153,6.5,21,499
MX-0375,Delhi City Mall,92,0,6.1,5,N/A
MX-0375,Bengaluru City Mall,44,0,1.3,14,499
MX-0375,Hyderabad City Mall,-5,0,0.9,10,499
,Chennai City Mall,28.5,22,5.3,5,499
MX-0375,Kolkata City Mall,112,0,3.7,14,499
MX-0375,Pune City Mall,2,0,0.3,7,499
MX-0375,Ahmedabad City Mall,81,0,6.2,21,499
MX-0375,Jaipur City Mall,154,0,4.2,14,499
MX-0375,Lucknow City Mall,280,0,7.0,21,499
MX-0375,Surat City Mall,82,0,6.9,21,499
MX-0375,Indore City Mall,15,0,3.7,5,499
MX-0375,Nagpur City Mall,3,19,1.2,14,499
MX-0375,Kochi City Mall,67,76,7.7,10,499
MX-0375,Chandigarh City Mall,6,0,1.4,10,499
MX-0375,Bhopal City Mall,27,49,2.6,14,499
MX-0375,Patna City Mall,71,0,6.1,14,499
MX-0375,Vadodara City Mall,253,0,5.7,14,499
MX-0375,Ludhiana City Mall,106,0,2.7,14,499
MX-0375,Agra City Mall,3,4,1.1,5,499
MX-0376,Mumbai,45,0,2.6,14,499
MX-0376,Delhi,229,0,4.7,21,499
MX-0376,Bengaluru,152,0,3.0,21,499
MX-0376,Hyderabad, 55 ,0,2.3,21,499
MX-0376,Chennai,12,0,4.5,7,499
MX-0376,Kolkata,48,0,1.9,14,499
MX-0376,Pune,2,0,0.5,21,499
MX-0376,Ahmedabad,378,166,6.1,21,499
MX-0376,Jaipur,19,0,0.7,10,499
MX-0376,Lucknow,434,160,7.0,21,499
MX-0376,Surat,61,0,5.1,5,499
MX-0376,Indore,12,0,0.6,7 days,499
MX-0376,Nagpur,37,25,4.6,5,499
MX-0376,Kochi,21,0,4.1,7,499
MX-0376,Chandigarh,136,0,4.2,10,499
MX-0376,Bhopal,33,0,1.7,7,499
MX-0376,Patna,22,24,3.4,7,499
MX-0376,Vadodara,5,0,1.9,7,499
MX-0376,Ludhiana,2,0,2.4,10,499
MX-0376,Ludhiana,2,0,2.4,10,499
MX-0376,Agra,11,0,0.7,21,499
MX-0376,Nashik,188,0,6.5,14,499
MX-0376,Meerut,59,0,6.5,5,499
MX-0376,Rajkot,159,0,5.8,10,499
MX-0376,Varanasi, 27 ,14,1.8,7,499
MX-0376,Amritsar,98,0,4.1,21,499
MX-0376,Noida,41,0,2.5,7,499
MX-0376,Gurugram,176,86,5.7,14,499
MX-0376,Coimbatore,231,0,7.2,21,499
MX-0376,Madurai,27,-14,3.0,5,499
MX-0376,Guwahati,64,67,6.8,10,499
MX-0376,Mumbai City Mall,47,0,5.4,5,499
MX-0376,Delhi City Mall,59,0,5.3,10,499
MX-0376,Bengaluru City Mall,245,0,7.7,10,499
MX-0376,Hyderabad City Mall,32,0,7.2,5,499
MX-0376,Chennai City Mall,52,51,4.2,14,499
MX-0376,Kolkata City Mall,49,0,6.3,7,499
MX-0376,Pune City Mall,23,4,1.5,5,499
MX-0376,Ahmedabad City Mall,50.5,0,5.9,21,499
MX-0376,Jaipur City Mall,71,199,7.5,21,499
MX-0376,Lucknow City Mall,11,0,2.5,10,499
MX-0376,Surat City Mall,83,38,3.0,10,N/A
MX-0376,Indore City Mall,83,16,7.0,5,499
MX-0376,Nagpur City Mall,7,0,0.5,7,499
MX-0376,Kochi City Mall,277,0,5.9,14,499
MX-0376,Chandigarh City Mall,98,46,4.0,14,499
MX-0376,Bhopal City Mall,29,0,4.8,7,499
MX-0376,Patna City Mall,24,0,6.7,,499
MX-0376,Vadodara City Mall,303,0,6.6,14,499
MX-0376,Ludhiana City Mall,56,0,,14,499
MX-0376,Agra City Mall,268,0,6.6,21,499
MX-0377,Mumbai,37,13,2.5,5,3999
MX-0377,Delhi,25,0,5.3,5,3999
MX-0377,Bengaluru,44,19,1.0,14,3999
MX-0377,Hyderabad,140,0,3.9,14,3999
MX-0377,Chennai,6,0,0.7,5,3999
MX-0377,Kolkata,2,0,1.7,10,3999
MX-0377,Pune,40,41,4.6,7,3999
MX-0377,Ahmedabad,78,0,4.8,5,3999
MX-0377,Jaipur,135,0,5.8,7,3999
MX-0377,Lucknow,290,0,4.3,21,3999
MX-0377,Surat,143, 118 ,5.9,21,3999
MX-0377,Indore,31,0,6.3,5,3999
MX-0377,Nagpur,94,0,5.1,7,3999
MX-0377,Kochi,63,0,6.0,14,3999
MX-0377,Chandigarh, 54 ,0,1.4,14,3999
MX-0377,Bhopal,13,0,5.9,7,3999
MX-0377,Patna,9,0,3.0,5,3999
MX-0377,Vadodara,16,0,0.7,14,3999
MX-0377,Ludhiana,109,0,4.6,21,3999
MX-0377,Agra,186,31,7.9,7,3999
MX-0377,Nashik,218,0,6.8,14,3999
MX-0377,Meerut,14,0,6.4,10,3999
MX-0377,Rajkot,-8,0,1.7,7,3999
MX-0377,Varanasi,24,18,0.8,21,3999
MX-0377,Amritsar,7,0,0.8,10,3999
MX-0377,Noida,8,0,2.8,21,3999
MX-0377,Gurugram,183,0,4.3,14,3999
MX-0377,Coimbatore,264,0,4.4,21,3999
MX-0377,Madurai,170,0,7.3,7,3999
MX-0377,Guwahati,33,0,2.8,10,3999
MX-0377,Mumbai City Mall, 74 ,0,5.8,5,3999
MX-0377,Delhi City Mall,3,0,0.5,5,3999
MX-0377,Bengaluru City Mall,74,0,2.1,21,3999
MX-0377,Hyderabad City Mall,156,70,5.7,10,3999
MX-0377,Chennai City Mall,0,0,1.2,7,3999
,Kolkata City Mall,298,0,7.2,14,3999
MX-0377,Pune City Mall,71,0,4.5,21,3999
MX-0377,Ahmedabad City Mall,18,0,0.8,7,3999
MX-0377,Jaipur City Mall,5,0,2.1,5,3999
MX-0377,Lucknow City Mall,40,0,1.7,14,3999
MX-0377,Surat City Mall,101.5,0,3.0,10 days,3999
MX-0377,Indore City Mall,116,43,7.7,7,3999
MX-0377,Nagpur City Mall,244,0,7.2,21,3999
MX-0377,Kochi City Mall,77,41,7.7,5,3999
MX-0377,Chandigarh City Mall,95,0,6.6,7,3999
MX-0377,Bhopal City Mall, 22 ,0,2.0,7,3999
MX-0377,Patna City Mall,140,0,7.9,10,3999
MX-0377,Vadodara City Mall,29,0,1.2,10,3999
MX-0377,Ludhiana City Mall,20,37,5.3,5,3999
MX-0377,Agra City Mall,21,-3,2.4,5,N/A
MX-0378,Mumbai,133,0,6.9,7,1999
MX-0378,Delhi,72,0,5.1,10,1999
MX-0378,Bengaluru,9,0,0.8,21,1999
MX-0378,Hyderabad, 15 ,0,4.6,5,1999
MX-0378,Chennai,148,0,7.9,21,1999
MX-0378,Kolkata,9,0,1.0,7,1999
MX-0378,Pune,105,0,3.2,10,1999
MX-0378,Ahmedabad,27,0,0.9,21,1999
MX-0378,Jaipur,91,0,2.9,10,1999
MX-0378,Lucknow,107,0,2.9,21,1999
MX-0378,Surat,125,45,6.7,7,1999
MX-0378,Indore,40,21,0.8,21,1999
MX-0378,Nagpur,11, 2 ,0.3,14,1999
MX-0378,Kochi,44,0,1.5,14,1999
MX-0378,Chandigarh,37,5,1.8,7,1999
MX-0378,Bhopal,199,94,5.6,14,1999
MX-0378,Bhopal,199,94,5.6,14,1999
MX-0378,Patna, 13 ,29,5.9,7,1999
MX-0378,Vadodara,1,0,2.4,21,1999
MX-0378,Ludhiana,84,23,6.8,7,1999
MX-0378,Agra,137,40,5.0,,1999
MX-0378,Nashik,16,0,3.0,21,1999
MX-0378,Meerut, 219 ,0,7.5,10,1999
MX-0378,Rajkot,2,0,4.9,10,1999
MX-0378,Varanasi,304,0,7.6,14,1999
MX-0378,Amritsar,61,0,3.8,10,1999
MX-0378,Noida,33,27,3.6,14,1999
MX-0378,Gurugram,34,12,0.6,21,1999
MX-0378,Coimbatore,94,37,5.1,7,1999
MX-0378,Madurai,39,20,4.6,5,1999
MX-0378,Guwahati, 88 ,0,1.9,14,1999
MX-0378,Mumbai City Mall,422,0,7.5,21,1999
MX-0378,Delhi City Mall,127,0,,14,1999
MX-0378,Bengaluru City Mall,289,0,5.7,21,1999
MX-0378,Hyderabad City Mall,400,0,7.9,21,1999
MX-0378,Chennai City Mall,77,0,4.3,10,1999
MX-0378,Kolkata City Mall,149,0,4.0,14,1999
MX-0378,Pune City Mall,19,0,6.0,10,1999
MX-0378,Ahmedabad City Mall,21,0,2.7,5,1999
MX-0378,Jaipur City Mall,11,0,4.8,5,1999
MX-0378,Lucknow City Mall,57,0,6.2,5,1999
MX-0378,Surat City Mall,85,41,5.1,7,1999
MX-0378,Indore City Mall,89,17,6.1,5,1999
MX-0378,Nagpur City Mall,38,0,3.4,10,1999
MX-0378,Kochi City Mall,195.5,37,5.1,14,1999
MX-0378,Chandigarh City Mall, 71 ,0,5.3,10,1999
MX-0378,Bhopal City Mall,7,0,2.2,10,1999
MX-0378,Patna City Mall, 236 ,0,7.6,21,1999
MX-0378,Vadodara City Mall,18,0,1.6,5,1999
MX-0378,Ludhiana City Mall,170,0,7.3,10,1999
MX-0378,Agra City Mall,28,0,3.5,21,1999
MX-0379,Mumbai,134,0,6.2,14,199
MX-0379,Delhi,214, 64 ,7.3,10,199
MX-0379,Bengaluru, 156 ,40,5.2,10,199
MX-0379,Hyderabad,63,0,7.0,21,199
MX-0379,Chennai,87,33,3.7,14,199
MX-0379,Kolkata,84,0,3.3,10,199
MX-0379,Pune,163,0,7.9,10,199
MX-0379,Ahmedabad,66,0,5.3,14,199
MX-0379,Jaipur,81,0,7.9,7,N/A
MX-0379,Lucknow,39,0,6.4,10,199
MX-0379,Surat,63,0,2.7,14,199
MX-0379,Indore,-9,0,1.9,21,199
MX-0379,Nagpur,74,0,3.2,10,199
MX-0379,Kochi,17,0,4.7,7,199
MX-0379,Chandigarh,10,6,0.7,7,199
MX-0379,Bhopal,190,0,6.1,10,199
MX-0379,Patna,3,0,1.6,5,199
MX-0379,Vadodara,12,0,2.5,5,199
MX-0379,Ludhiana,67,0,4.2,5,199
MX-0379,Agra,314,0,7.2,14 days,199
MX-0379,Nashik,62,-6,3.8,21,199
MX-0379,Meerut,199,0,3.6,21,199
MX-0379,Rajkot,75,0,3.6,21,199
MX-0379,Varanasi,18,0,7.8,21,199
MX-0379,Amritsar,142,0,6.2,7,199
MX-0379,Noida,39,0,2.1,10,199
MX-0379,Gurugram, 38 ,0,7.9,7,199
MX-0379,Coimbatore,113,128,6.3,21,199
MX-0379,Madurai,164,35,4.8,14,199
MX-0379,Guwahati,13, 12 ,0.9,14,199
MX-0379,Mumbai City Mall,12,23,1.5,21,199
MX-0379,Delhi City Mall,42,0,1.3,21,199
MX-0379,Bengaluru City Mall,242,73,5.6,21,199
MX-0379,Hyderabad City Mall,19,0,1.3,7,199
MX-0379,Chennai City Mall,5,0,2.6,14,199
MX-0379,Kolkata City Mall,258,0,4.3,21,199
,Pune City Mall,39,22,7.1,5,199
MX-0379,Ahmedabad City Mall,41,0,4.8,10,199
MX-0379,Jaipur City Mall,140,0,7.0,10,199
MX-0379,Lucknow City Mall,9,13,6.3,5,199
MX-0379,Surat City Mall, 129 ,0,4.5,14,199
MX-0379,Indore City Mall,26,0,4.8,7,199
MX-0379,Nagpur City Mall,20,0,4.0,,199
MX-0379,Kochi City Mall,79,0,4.7,14,199
MX-0379,Chandigarh City Mall, 82 ,0,4.9,5,199
MX-0379,Bhopal City Mall,8,5,0.9,5,199
MX-0379,Patna City Mall,38.5,0,6.1,5,199
MX-0379,Vadodara City Mall,24,0,4.3,10,199
MX-0379,Ludhiana City Mall,178,0,6.2,10,199
MX-0379,Agra City Mall,91,0,2.2,21,199
MX-0380,Mumbai,16,0,5.6,14,499
MX-0380,Delhi,102,0,3.8,21,499
MX-0380,Bengaluru,56,0,4.0,7,499
MX-0380,Hyderabad, 64 ,68,5.2,21,499
MX-0380,Chennai,42,0,1.8,21,499
MX-0380,Kolkata,47,74,6.3,21,499
MX-0380,Pune, 68 ,0,6.0,7,499
MX-0380,Ahmedabad,32,7,2.1,5,499
MX-0380,Jaipur,42,0,2.6,5,499
MX-0380,Lucknow,138,58,4.3,10,499
MX-0380,Surat,29,0,4.5,14,499
MX-0380,Indore, 35 ,0,2.3,10,499
MX-0380,Nagpur,23,0,1.7,5,499
MX-0380,Nagpur,23,0,1.7,5,499
MX-0380,Kochi,82,0,7.3,5,499
MX-0380,Chandigarh,206,0,,21,499
MX-0380,Bhopal,16,0,0.8,7,499
MX-0380,Patna,61,0,1.8,21,499
MX-0380,Vadodara,67,0,2.0,14,N/A
MX-0380,Ludhiana,308,0,6.9,14,499
MX-0380,Agra,54,0,4.2,21,499
MX-0380,Nashik,13,0,1.2,21,499
MX-0380,Meerut,59,31,6.5,5,499
MX-0380,Rajkot,23,12,3.0,7,499
MX-0380,Varanasi, 2 ,21,5.1,5,499
MX-0380,Amritsar,8,0,5.4,21,499
MX-0380,Noida,140,0,4.6,10,499
MX-0380,Gurugram,88,0,6.1,5,499
MX-0380,Coimbatore,103,0,5.3,10,499
MX-0380,Madurai,2, 35 ,4.3,7,499
MX-0380,Guwahati,93,0,4.7,10,499
MX-0380,Mumbai City Mall,72,0,2.4,14,499
MX-0380,Delhi City Mall,93,0,4.0,7,499
MX-0380,Bengaluru City Mall,3,0,1.7,10,499
MX-0380,Hyderabad City Mall,2,1,0.2,7,499
MX-0380,Chennai City Mall,61,19,4.5,5,499
MX-0380,Kolkata City Mall,6,0,2.3,5,499
MX-0380,Pune City Mall,3,0,0.7,10,499
MX-0380,Ahmedabad City Mall,21,8,2.8,5,499
MX-0380,Jaipur City Mall, 86 ,49,8.0,5,499
MX-0380,Lucknow City Mall,29,49,5.6,21,499
MX-0380,Surat City Mall,3,0,1.4,21,499
MX-0380,Indore City Mall,42,-14,1.9,14,499
MX-0380,Nagpur City Mall,89,0,7.6,10,499
MX-0380,Kochi City Mall,13,25,4.5,7,499
MX-0380,Chandigarh City Mall,36,43,7.4,7,499
MX-0380,Bhopal City Mall,31, 9 ,1.5,10,499
MX-0380,Patna City Mall,44,0,7.3,10,499
MX-0380,Vadodara City Mall,69,0,4.6,5,499
MX-0380,Ludhiana City Mall,32,0,5.8,7 days,499
MX-0380,Agra City Mall,29.5, 113 ,6.7,21,499
MX-0381,Mumbai,(1),0,7.7,7,499
MX-0381,Delhi,23,15,1.3,10,499
MX-0381,Bengaluru,12,2,0.4,14,499
MX-0381,Hyderabad,176,0,7.1,14,499
MX-0381,Chennai,6,0,1.6,7,499
MX-0381,Kolkata,34,0,7.6,7,499
MX-0381,Pune,113,0,3.8,10,499
MX-0381,Ahmedabad,3,0,1.7,7,499
MX-0381,Jaipur,67,0,4.2,21,499
MX-0381,Lucknow,68,0,1.7,21,499
MX-0381,Surat,15,0,4.7,7,499
MX-0381,Indore,9,0,7.1,10,499
MX-0381,Nagpur,25,0,3.0,5,499
MX-0381,Kochi,60,0,4.8,7,499
MX-0381,Chandigarh,64,0,2.9,7,499
MX-0381,Bhopal,61,0,4.8,,499
MX-0381,Patna,19,58,6.5,7,499
MX-0381,Vadodara,70,0,2.1,10,499
MX-0381,Ludhiana,48,26,4.2,5,499
MX-0381,Agra, 113 ,44,5.3,7,499
MX-0381,Nashik,179,0,6.0,21,499
MX-0381,Meerut,400,0,7.6,21,499
MX-0381,Rajkot,32,12,0.9,14,499
MX-0381,Varanasi,47,0,7.3,7,499
MX-0381,Amritsar,4,15,0.9,14,499
MX-0381,Noida,57,0,2.5,10,499
MX-0381,Gurugram, 217 ,0,5.2,14,N/A
MX-0381,Coimbatore,55,36,6.6,5,499
MX-0381,Madurai,211,0,4.0,21,499
MX-0381,Guwahati,38,0,2.6,5,499
MX-0381,Mumbai City Mall,11,0,0.4,10,499
MX-0381,Delhi City Mall,29,0,3.1,5,499
MX-0381,Bengaluru City Mall,19,0,1.0,21,499
MX-0381,Hyderabad City Mall,3,0,2.6,7,499
MX-0381,Chennai City Mall,185, 55 ,8.0,7,499
MX-0381,Kolkata City Mall,75,0,4.8,10,499
MX-0381,Pune City Mall,78,0,5.5,7,499
,Ahmedabad City Mall,47,0,4.6,10,499
MX-0381,Jaipur City Mall,56,0,5.5,14,499
MX-0381,Lucknow City Mall,26,0,3.2,5,499
MX-0381,Surat City Mall,46,0,1.8,14,499
MX-0381,Indore City Mall,124,25,7.1,7,499
MX-0381,Nagpur City Mall,1,0,0.7,7,499
MX-0381,Kochi City Mall,20,28,3.3,7,499
MX-0381,Chandigarh City Mall,80,0,6.5,21,499
MX-0381,Bhopal City Mall,87,0,5.5,5,499
MX-0381,Patna City Mall,3,0,2.2,5,499
MX-0381,Vadodara City Mall,8,0,,21,499
MX-0381,Ludhiana City Mall,40,0,1.3,10,499
MX-0381,Agra City Mall,79,0,6.2,5,499
MX-0382,Mumbai,35,0,1.6,14,999
MX-0382,Delhi,20,0,2.3,7,999
MX-0382,Bengaluru,130.5,0,5.6,10,999
MX-0382,Hyderabad,52,0,2.7,14,999
MX-0382,Chennai,5,0,0.7,5,999
MX-0382,Kolkata,59,27,6.9,5,999
MX-0382,Pune,6,0,1.1,10,999
MX-0382,Ahmedabad,176,0,4.0,14,999
MX-0382,Jaipur,39,0,4.8,5,999
MX-0382,Lucknow,17,0,7.9,7,999
MX-0382,Lucknow,17,0,7.9,7,999
MX-0382,Surat,11,38,3.0,10,999
MX-0382,Indore,105,0,7.3,10,999
MX-0382,Nagpur,115,-13,5.4,21,999
MX-0382,Kochi,84,0,7.2,5,999
MX-0382,Chandigarh,58,0,1.9,10,999
MX-0382,Bhopal,50,0,5.8,5,999
MX-0382,Patna,56,130,6.8,14,999
MX-0382,Vadodara,74,0,3.2,7,999
MX-0382,Ludhiana,204,0,7.5,14,999
MX-0382,Agra,124,0,5.8,7,999
MX-0382,Nashik,52,0,2.6,7,999
MX-0382,Meerut,14,0,0.8,10,999
MX-0382,Rajkot,122,0,3.6,10,999
MX-0382,Varanasi,98,0,3.5,10,999
MX-0382,Amritsar,25,0,2.2,10,999
MX-0382,Noida,29,0,0.7,21,999
MX-0382,Gurugram,118,0,4.1,10,999
MX-0382,Coimbatore,5,3,0.4,10 days,999
MX-0382,Madurai,183,126,7.5,14,999
MX-0382,Guwahati,90,0,5.9,5,999
MX-0382,Mumbai City Mall, 57 ,46,4.4,14,999
MX-0382,Delhi City Mall,146,0,7.0,10,999
MX-0382,Bengaluru City Mall,48,12,1.4,21,999
MX-0382,Hyderabad City Mall,46,0,2.5,7,999
MX-0382,Chennai City Mall,7,0,0.4,14,999
MX-0382,Kolkata City Mall,14,14,4.2,7,N/A
MX-0382,Pune City Mall,6,1,0.9,5,999
MX-0382,Ahmedabad City Mall,179, 90 ,4.7,14,999
MX-0382,Jaipur City Mall,75,73,7.3,,999
MX-0382,Lucknow City Mall,(2),0,4.1,14,999
MX-0382,Surat City Mall,34,0,5.2,7,999
MX-0382,Indore City Mall,214,0,7.2,14,999
MX-0382,Nagpur City Mall,277,0,7.2,21,999
MX-0382,Kochi City Mall,115,0,7.8,21,999
MX-0382,Chandigarh City Mall,78,0,6.2,5,999
MX-0382,Bhopal City Mall,44,0,3.5,21,999
MX-0382,Patna City Mall,87,45,3.6,10,999
MX-0382,Vadodara City Mall,48,0,1.6,14,999
MX-0382,Ludhiana City Mall,79,19,5.5,5,999
MX-0382,Agra City Mall,14,0,0.6,7,999
MX-0383,Mumbai,5,0,3.0,7,499
MX-0383,Delhi,15,0,1.8,7,499
MX-0383,Bengaluru,0,0,6.0,10,499
MX-0383,Hyderabad,14,0,3.4,5,499
MX-0383,Chennai,17,0,1.0,7,499
MX-0383,Kolkata,30.5,0,1.2,10,499
MX-0383,Pune,43,0,3.9,10,499
MX-0383,Ahmedabad,154,0,7.1,7,499
MX-0383,Jaipur,425,0,7.4,21,499
MX-0383,Lucknow,288,0,5.0,21,499
MX-0383,Surat,0,0,3.3,7,499
MX-0383,Indore,43,0,7.6,10,499
MX-0383,Nagpur,34,0,0.8,21,499
MX-0383,Kochi,88,0,4.8,14,499
MX-0383,Chandigarh,141,0,7.6,21,499
MX-0383,Bhopal,6,0,1.1,10,499
MX-0383,Patna,64,0,5.5,21,499
MX-0383,Vadodara,21,0,2.5,10,499
MX-0383,Ludhiana,3,14,5.6,5,499
MX-0383,Agra,240,0,7.3,21,499
MX-0383,Nashik,38,0,2.3,10,499
MX-0383,Meerut, 266 ,149,5.8,21,499
MX-0383,Rajkot,413,0,5.9,21,499
MX-0383,Varanasi,396,0,7.8,21,499
MX-0383,Amritsar,1,0,0.7,5,499
MX-0383,Noida,126,0,6.0,10,499
MX-0383,Gurugram, 32 ,0,5.0,7,499
MX-0383,Coimbatore,28,4,1.4,7,499
MX-0383,Madurai,132,0,7.2,7,499
MX-0383,Guwahati,2,30,3.7,7,499
MX-0383,Mumbai City Mall,2,99,,14,499
MX-0383,Delhi City Mall,483,112,7.1,21,499
MX-0383,Bengaluru City Mall,86,0,7.6,5,499
MX-0383,Hyderabad City Mall,148,-9,7.3,7,499
MX-0383,Chennai City Mall,56,28,4.2,7,499
MX-0383,Kolkata City Mall,7,0,5.9,10,499
MX-0383,Pune City Mall,154,0,7.8,21,499
MX-0383,Ahmedabad City Mall,173,83,3.7,21,499
,Jaipur City Mall, 49 ,15,3.4,5,499
MX-0383,Lucknow City Mall,118,0,7.7,7,499
MX-0383,Surat City Mall,128,0,5.9,7,499
MX-0383,Indore City Mall,2,0,0.2,7,499
MX-0383,Nagpur City Mall,178,0,5.6,21,499
MX-0383,Kochi City Mall,157,0,5.4,10,499
MX-0383,Chandigarh City Mall,3,0,0.5,14,N/A
MX-0383,Bhopal City Mall,131,0,6.3,7,499
MX-0383,Patna City Mall,103,65,2.7,21,499
MX-0383,Vadodara City Mall,41,17,5.0,5,499
MX-0383,Ludhiana City Mall,8,0,0.4,7,499
MX-0383,Agra City Mall,144,22,4.8,10,499
MX-0384,Mumbai,250,0,7.0,21,3999
MX-0384,Delhi,73,0,7.9,14,3999
MX-0384,Bengaluru,15,0,1.5,10,3999
MX-0384,Hyderabad,191,42,3.3,21,3999
MX-0384,Chennai,7,0,4.1,7,3999
MX-0384,Kolkata,8,0,3.2,5,3999
MX-0384,Pune,69,20,4.3,7 days,3999
MX-0384,Pune,69,20,4.3,7 days,3999
MX-0384,Ahmedabad,25,0,3.0,5,3999
MX-0384,Jaipur,97.5,0,2.9,14,3999
MX-0384,Lucknow,38,0,4.4,10,3999
MX-0384,Surat,79,0,5.9,7,3999
MX-0384,Indore,8,0,0.8,,3999
MX-0384,Nagpur,83,0,7.8,5,3999
MX-0384,Kochi, 63 ,0,5.4,7,3999
MX-0384,Chandigarh,23,0,7.6,5,3999
MX-0384,Bhopal,0,10,0.4,21,3999
MX-0384,Patna,36,0,5.7,7,3999
MX-0384,Vadodara,448,162,7.5,21,3999
MX-0384,Ludhiana,3,0,5.9,10,3999
MX-0384,Agra,10,0,1.2,10,3999
MX-0384,Nashik,8, 48 ,6.3,7,3999
MX-0384,Meerut,33,0,7.6,14,3999
MX-0384,Rajkot,22,22,7.9,7,3999
MX-0384,Varanasi,18,17,0.6,21,3999
MX-0384,Amritsar,23,0,6.8,10,3999
MX-0384,Noida,129, 93 ,7.6,10,3999
MX-0384,Gurugram,6,0,0.4,5,3999
MX-0384,Coimbatore,15,19,1.6,10,3999
MX-0384,Madurai,(5),0,2.8,10,3999
MX-0384,Guwahati,38,0,3.8,14,3999
MX-0384,Mumbai City Mall,104,0,1.9,21,3999
MX-0384,Delhi City Mall,94,44,2.6,14,3999
MX-0384,Bengaluru City Mall,2,0,0.4,5,3999
MX-0384,Hyderabad City Mall, 15 ,57,3.9,21,3999
MX-0384,Chennai City Mall,54,0,3.8,5,3999
MX-0384,Kolkata City Mall,23,13,0.7,14,3999
MX-0384,Pune City Mall,310,0,4.8,21,3999
MX-0384,Ahmedabad City Mall,121,0,4.2,14,3999
MX-0384,Jaipur City Mall,5,0,0.5,10,3999
MX-0384,Lucknow City Mall,109,0,5.9,14,3999
MX-0384,Surat City Mall,26,0,4.7,10,3999
MX-0384,Indore City Mall,113,0,3.9,14,3999
MX-0384,Nagpur City Mall,40,0,3.0,5,3999
MX-0384,Kochi City Mall,94,0,5.8,21,3999
MX-0384,Chandigarh City Mall,9,0,0.9,5,3999
MX-0384,Bhopal City Mall,47,0,3.7,7,3999
MX-0384,Patna City Mall,0,0,0.3,5,3999
MX-0384,Vadodara City Mall,62,0,6.6,5,3999
MX-0384,Ludhiana City Mall,27,0,1.1,10,3999
MX-0384,Agra City Mall,66,0,1.0,21,3999
MX-0385,Mumbai,2,0,5.9,7,199
MX-0385,Delhi,37,0,2.5,21,199
MX-0385,Bengaluru,191,0,2.7,21,199
MX-0385,Hyderabad, 117 ,0,2.5,21,N/A
MX-0385,Chennai,465,-16,6.7,21,199
MX-0385,Kolkata,467,0,6.6,21,199
MX-0385,Pune,44,0,2.2,10,199
MX-0385,Ahmedabad,228,0,3.7,21,199
MX-0385,Jaipur,2,0,2.5,10,199
MX-0385,Lucknow,30,0,7.9,7,199
MX-0385,Surat,14,0,1.0,5,199
MX-0385,Indore,302.5,0,4.6,21,199
MX-0385,Nagpur,107,0,6.9,10,199
MX-0385,Kochi,213,0,,21,199
MX-0385,Chandigarh,68,0,6.2,7,199
MX-0385,Bhopal,87,0,6.5,14,199
MX-0385,Patna,34,0,3.7,21,199
MX-0385,Vadodara,27,0,2.3,10,199
MX-0385,Ludhiana,203,0,4.5,14,199
MX-0385,Agra,11,50,6.5,7,199
MX-0385,Nashik,1,1,0.2,7,199
MX-0385,Meerut,287,54,6.1,14,199
MX-0385,Rajkot,48,0,6.2,14,199
MX-0385,Varanasi,84,0,6.2,14,199
MX-0385,Amritsar,57,0,6.4,7,199
MX-0385,Noida,9,37,1.9,21,199
MX-0385,Gurugram,99,0,4.7,7,199
MX-0385,Coimbatore,8,0,1.0,10,199
MX-0385,Madurai,56,0,3.4,7,199
MX-0385,Guwahati,76,42,5.3,7,199
MX-0385,Mumbai City Mall, 21 ,0,1.6,14,199
MX-0385,Delhi City Mall,139,0,4.6,14,199
MX-0385,Bengaluru City Mall, 19 ,0,5.8,7,199
MX-0385,Hyderabad City Mall,63,0,4.9,14,199
MX-0385,Chennai City Mall,92,0,4.2,,199
MX-0385,Kolkata City Mall,121,0,4.4,10 days,199
MX-0385,Pune City Mall,164,0,4.0,14,199
MX-0385,Ahmedabad City Mall,213,0,6.9,10,199
MX-0385,Jaipur City Mall,138,0,7.2,7,199
,Lucknow City Mall,86,0,6.5,7,199
MX-0385,Surat City Mall,61,0,1.4,14,199
MX-0385,Indore City Mall,61,0,4.4,14,199
MX-0385,Nagpur City Mall,90,0,4.3,7,199
MX-0385,Kochi City Mall,47,57,3.8,21,199
MX-0385,Chandigarh City Mall,224,0,5.7,14,199
MX-0385,Bhopal City Mall, 23 ,4,1.4,5,199
MX-0385,Patna City Mall,62,0,6.6,10,199
MX-0385,Vadodara City Mall,119,0,7.2,10,199
MX-0385,Ludhiana City Mall,42,45,5.4,7,199
MX-0385,Agra City Mall,65,0,2.2,10,199
MX-0386,Mumbai, 8 ,38,7.9,5,1999
MX-0386,Delhi, 136 ,0,3.2,14,1999
MX-0386,Bengaluru,28,30,4.6,5,1999
MX-0386,Hyderabad,161,0,3.0,21,1999
MX-0386,Hyderabad,161,0,3.0,21,1999
MX-0386,Chennai,16,0,6.1,7,1999
MX-0386,Kolkata,107,0,7.3,7,1999
MX-0386,Pune,73,0,5.5,5,1999
MX-0386,Ahmedabad,73,0,5.3,14,1999
MX-0386,Jaipur,1,0,2.4,14,1999
MX-0386,Lucknow,43,0,5.5,5,1999
MX-0386,Surat,91,35,2.1,14,1999
MX-0386,Indore,5,0,4.7,14,1999
MX-0386,Nagpur,14,0,3.4,10,N/A
MX-0386,Kochi,4,0,1.1,7,1999
MX-0386,Chandigarh,104.5,0,5.0,7,1999
MX-0386,Bhopal,62,0,4.4,5,1999
MX-0386,Patna,42,0,3.7,5,1999
MX-0386,Vadodara,-8,0,5.4,10,1999
MX-0386,Ludhiana,133,63,6.3,10,1999
MX-0386,Agra,52,0,4.5,21,1999
MX-0386,Nashik,31,15,1.8,7,1999
MX-0386,Meerut,61,0,3.0,21,1999
MX-0386,Rajkot,5,8,0.6,10,1999
MX-0386,Varanasi,273,0,7.6,14,1999
MX-0386,Amritsar,17,29,4.9,10,1999
MX-0386,Noida,12,-2,1.3,7,1999
MX-0386,Gurugram,85,0,5.4,5,1999
MX-0386,Coimbatore,39,24,3.2,10,1999
MX-0386,Madurai,36,0,2.2,14,1999
MX-0386,Guwahati,5,0,6.1,21,1999
MX-0386,Mumbai City Mall,114,90,8.0,14,1999
MX-0386,Delhi City Mall,95,0,4.8,21,1999
MX-0386,Bengaluru City Mall,0, 11 ,0.9,14,1999
MX-0386,Hyderabad City Mall,206,0,7.6,10,1999
MX-0386,Chennai City Mall,47,0,5.2,21,1999
MX-0386,Kolkata City Mall,24,0,6.4,5,1999
MX-0386,Pune City Mall,2,0,0.5,10,1999
MX-0386,Ahmedabad City Mall,9,0,3.1,5,1999
MX-0386,Jaipur City Mall,26,0,5.3,10,1999
MX-0386,Lucknow City Mall,34,0,2.5,10,1999
MX-0386,Surat City Mall, 176 ,88,4.9,14,1999
MX-0386,Indore City Mall,65,0,4.6,5,1999
MX-0386,Nagpur City Mall,19,0,1.5,10,1999
MX-0386,Kochi City Mall,64,0,5.2,7,1999
MX-0386,Chandigarh City Mall,230,0,5.5,14,1999
MX-0386,Bhopal City Mall,15,0,2.1,10,1999
MX-0386,Patna City Mall,32,43,,14,1999
MX-0386,Vadodara City Mall,107,0,4.3,14,1999
MX-0386,Ludhiana City Mall,56,0,6.7,7,1999
MX-0386,Agra City Mall,13,0,2.2,5,1999
MX-0387,Mumbai,38,0,1.0,14,199
MX-0387,Delhi,185,0,3.8,21,199
MX-0387,Bengaluru,10,0,0.4,10,199
MX-0387,Hyderabad,135,0,5.0,21,199
MX-0387,Chennai,18,0,4.4,10,199
MX-0387,Kolkata,6,0,0.7,7,199
MX-0387,Pune,0,0,6.7,5,199
MX-0387,Ahmedabad,39,73,6.5,,199
MX-0387,Jaipur,51,0,4.8,7,199
MX-0387,Lucknow,50,0,3.2,7,199
MX-0387,Surat, 66 ,21,2.6,14,199
MX-0387,Indore,51,0,6.9,7,199
MX-0387,Nagpur,118,47,7.1,7,199
MX-0387,Kochi,42,0,2.6,5,199
MX-0387,Chandigarh,106,0,2.3,14 days,199
MX-0387,Bhopal,119,0,7.5,7,199
MX-0387,Patna,0,0,0.3,5,199
MX-0387,Vadodara,228.5,0,6.1,21,199
MX-0387,Ludhiana,14,0,6.5,5,199
MX-0387,Agra,58,0,7.4,5,199
MX-0387,Nashik,22,14,0.6,21,199
MX-0387,Meerut,11,0,1.4,7,N/A
MX-0387,Rajkot,71,15,4.5,7,199
MX-0387,Varanasi,23,0,1.3,7,199
MX-0387,Amritsar,0,0,0.6,10,199
MX-0387,Noida,61,0,2.7,14,199
MX-0387,Gurugram,46,25,2.5,21,199
MX-0387,Coimbatore,41,0,2.5,7,199
MX-0387,Madurai,147,0,7.1,21,199
MX-0387,Guwahati,91,0,2.5,21,199
MX-0387,Mumbai City Mall,8,0,4.1,7,199
MX-0387,Delhi City Mall,48,0,4.1,5,199
MX-0387,Bengaluru City Mall,114,0,5.2,21,199
MX-0387,Hyderabad City Mall,260,0,7.2,21,199
MX-0387,Chennai City Mall,3,0,3.3,5,199
MX-0387,Kolkata City Mall,22,0,7.2,7,199
MX-0387,Pune City Mall,7,0,3.7,5,199
MX-0387,Ahmedabad City Mall,49,47,4.8,10,199
MX-0387,Jaipur City Mall,18,0,3.9,14,199
MX-0387,Lucknow City Mall,91,101,4.8,21,199
,Surat City Mall, 13 ,0,2.9,10,199
MX-0387,Indore City Mall,3,0,0.8,14,199
MX-0387,Nagpur City Mall,201,0,6.6,21,199
MX-0387,Kochi City Mall,46,10,1.7,14,199
MX-0387,Chandigarh City Mall,97,0,4.3,14,199
MX-0387,Bhopal City Mall,23,47,6.8,10,199
MX-0387,Patna City Mall,23,-19,4.2,7,199
MX-0387,Vadodara City Mall,15,0,5.3,5,199
MX-0387,Ludhiana City Mall,72,25,6.5,5,199
MX-0387,Agra City Mall,10,0,1.1,5,199
MX-0388,Mumbai,5,12,0.7,14,3999
MX-0388,Mumbai,5,12,0.7,14,3999
MX-0388,Delhi,39,0,1.2,14,3999
MX-0388,Bengaluru,27,0,0.9,21,3999
MX-0388,Hyderabad,12,0,6.2,5,3999
MX-0388,Chennai,41,35,3.4,14,3999
MX-0388,Kolkata,67,0,1.5,14,3999
MX-0388,Pune,(2),0,6.4,10,3999
MX-0388,Ahmedabad,16,25,6.9,5,3999
MX-0388,Jaipur,110,0,6.7,21,3999
MX-0388,Lucknow,15,0,3.4,14,3999
MX-0388,Surat,70,0,1.6,14,3999
MX-0388,Indore, 38 ,0,3.7,10,3999
MX-0388,Nagpur,34,0,1.2,14,3999
MX-0388,Kochi,166,0,7.2,7,3999
MX-0388,Chandigarh,21,15,2.0,7,3999
MX-0388,Bhopal,49,0,1.1,14,3999
MX-0388,Patna,42,0,2.7,21,3999
MX-0388,Vadodara,45,0,1.0,14,3999
MX-0388,Ludhiana,89,0,6.9,5,3999
MX-0388,Agra, 30 ,28,1.0,21,3999
MX-0388,Nashik,15.5,0,2.3,5,3999
MX-0388,Meerut,48,15,1.8,10,3999
MX-0388,Rajkot,18,8,1.5,7,3999
MX-0388,Varanasi,61,66,2.4,21,3999
MX-0388,Amritsar, 34 ,59,4.6,21,3999
MX-0388,Noida,1,0,3.3,7,3999
MX-0388,Gurugram,227,0,7.2,14,3999
MX-0388,Coimbatore,45,0,2.3,10,3999
MX-0388,Madurai,72,21,4.0,7,3999
MX-0388,Guwahati,64,26,,5,3999
MX-0388,Mumbai City Mall, 125 ,0,5.6,,N/A
MX-0388,Delhi City Mall,33,8,4.0,5,3999
MX-0388,Bengaluru City Mall,93,0,4.6,7,3999
MX-0388,Hyderabad City Mall,38,0,5.9,5,3999
MX-0388,Chennai City Mall,16,0,1.1,5,3999
MX-0388,Kolkata City Mall,79,51,7.4,5,3999
MX-0388,Pune City Mall,72,0,5.4,14,3999
MX-0388,Ahmedabad City Mall,55,0,5.7,5,3999
MX-0388,Jaipur City Mall,6,0,1.1,14,3999
MX-0388,Lucknow City Mall,5,0,1.5,5,3999
MX-0388,Surat City Mall,13,0,0.9,10,3999
MX-0388,Indore City Mall,4,0,0.9,5,3999
MX-0388,Nagpur City Mall,7,0,5.5,21,3999
MX-0388,Kochi City Mall,85,31,4.1,7 days,3999
MX-0388,Chandigarh City Mall,330,0,7.2,14,3999
MX-0388,Bhopal City Mall,109,0,6.7,5,3999
MX-0388,Patna City Mall,18,0,5.0,7,3999
MX-0388,Vadodara City Mall,7,0,7.6,7,3999
MX-0388,Ludhiana City Mall,26,0,4.3,10,3999
MX-0388,Agra City Mall,508,0,7.6,21,3999
MX-0389,Mumbai,114,40,7.5,5,199
MX-0389,Delhi,2,0,3.2,5,199
MX-0389,Bengaluru,110,78,4.2,14,199
MX-0389,Hyderabad,68,0,5.4,14,199
MX-0389,Chennai,1,2,0.3,5,199
MX-0389,Kolkata,284,0,5.7,21,199
MX-0389,Pune,130,65,3.8,14,199
MX-0389,Ahmedabad,172,0,7.3,10,199
MX-0389,Jaipur,3,0,0.3,7,199
MX-0389,Lucknow,2,0,0.3,10,199
MX-0389,Surat,16,0,2.0,21,199
MX-0389,Indore,27,0,1.7,5,199
MX-0389,Nagpur,228,0,5.5,14,199
MX-0389,Kochi,80,0,4.9,5,199
MX-0389,Chandigarh,12,0,6.6,21,199
MX-0389,Bhopal,220,0,5.4,14,199
MX-0389,Patna,129,0,7.3,10,199
MX-0389,Vadodara,86,-15,4.7,7,199
MX-0389,Ludhiana,48,0,2.3,7,199
MX-0389,Agra,78,0,4.1,21,199
MX-0389,Nashik,341,0,7.2,21,199
MX-0389,Meerut,31,7,1.5,7,199
MX-0389,Rajkot,157,0,4.7,21,199
MX-0389,Varanasi,273.5,0,7.2,14,199
MX-0389,Amritsar,113,0,5.6,7,199
MX-0389,Noida,35,0,1.0,21,199
MX-0389,Gurugram,303,0,7.7,14,199
MX-0389,Coimbatore,3,0,5.0,7,199
MX-0389,Madurai,212,106,6.4,21,199
MX-0389,Guwahati,0,0,5.9,7,199
MX-0389,Mumbai City Mall,79,0,5.2,14,199
MX-0389,Delhi City Mall,49,0,5.2,21,199
MX-0389,Bengaluru City Mall,123,0,5.1,14,199
MX-0389,Hyderabad City Mall,2,24,3.9,5,199
MX-0389,Chennai City Mall,203,0,7.5,14,199
MX-0389,Kolkata City Mall,23,0,4.8,5,199
MX-0389,Pune City Mall,33,0,0.7,21,199
MX-0389,Ahmedabad City Mall,1, 27 ,6.3,7,199
MX-0389,Jaipur City Mall,133,0,4.7,14,199
MX-0389,Lucknow City Mall, 32 ,0,7.6,10,N/A
MX-0389,Surat City Mall,59,0,2.2,14,199
,Indore City Mall,3,0,1.2,5,199
MX-0389,Nagpur City Mall,2,0,1.5,5,199
MX-0389,Kochi City Mall,2,0,4.4,21,199
MX-0389,Chandigarh City Mall,152,0,3.4,14,199
MX-0389,Bhopal City Mall,(7),0,0.3,14,199
MX-0389,Patna City Mall,3,0,1.3,10,199
MX-0389,Vadodara City Mall,3,7,1.3,5,199
MX-0389,Vadodara City Mall,3,7,1.3,5,199
MX-0389,Ludhiana City Mall,25,0,7.6,5,199
MX-0389,Agra City Mall,71,0,2.9,10,199
MX-0390,Mumbai,0,0,0.3,7,499
MX-0390,Delhi,85,0,3.6,21,499
MX-0390,Bengaluru,471,0,7.2,21,499
MX-0390,Hyderabad,8,0,0.8,,499
MX-0390,Chennai,50,39,6.0,7,499
MX-0390,Kolkata,102, 43 ,6.4,10,499
MX-0390,Pune,78,0,3.5,7,499
MX-0390,Ahmedabad,107,0,3.3,10,499
MX-0390,Jaipur,15,0,0.9,10,499
MX-0390,Lucknow,119,0,7.9,5,499
MX-0390,Surat,65,0,1.5,14,499
MX-0390,Indore, 35 ,0,0.5,21,499
MX-0390,Nagpur,38,0,,7,499
MX-0390,Kochi,7,0,0.8,5,499
MX-0390,Chandigarh,88,25,2.8,10,499
MX-0390,Bhopal,42,0,2.0,14,499
MX-0390,Patna,33,0,2.7,7,499
MX-0390,Vadodara,31,0,2.0,7,499
MX-0390,Ludhiana,115,0,7.4,21,499
MX-0390,Agra,309,168,6.0,21,499
MX-0390,Nashik,56,101,5.3,14,499
MX-0390,Meerut,185,0,4.8,14,499
MX-0390,Rajkot,2,0,1.3,7 days,499
MX-0390,Varanasi,10,0,1.0,14,499
MX-0390,Amritsar,39,0,5.4,7,499
MX-0390,Noida,7,0,1.0,5,499
MX-0390,Gurugram,5.5,0,5.3,14,499
MX-0390,Coimbatore,9,0,3.6,10,499
MX-0390,Madurai,1,0,4.5,14,499
MX-0390,Guwahati,5,3,0.7,5,499
MX-0390,Mumbai City Mall, 71 ,17,7.7,5,499
MX-0390,Delhi City Mall,42,0,1.9,10,499
MX-0390,Bengaluru City Mall,32,0,0.5,21,499
MX-0390,Hyderabad City Mall,35,0,0.8,21,499
MX-0390,Chennai City Mall,27,10,0.6,14,499
MX-0390,Kolkata City Mall,17,0,1.6,14,499
MX-0390,Pune City Mall,156,0,7.2,10,499
MX-0390,Ahmedabad City Mall, 100 ,22,3.0,14,499
MX-0390,Jaipur City Mall,152,-9,7.0,10,499
MX-0390,Lucknow City Mall,292,0,6.8,14,499
MX-0390,Surat City Mall,28,0,3.8,21,499
MX-0390,Indore City Mall,393,0,6.7,21,499
MX-0390,Nagpur City Mall, 241 ,0,5.1,14,499
MX-0390,Kochi City Mall,71,21,5.7,5,499
MX-0390,Chandigarh City Mall,54,0,2.5,7,499
MX-0390,Bhopal City Mall,95,0,4.1,7,499
MX-0390,Patna City Mall,179,0,3.5,21,499
MX-0390,Vadodara City Mall,0,0,1.9,14,499
MX-0390,Ludhiana City Mall,44,0,2.3,14,N/A
MX-0390,Agra City Mall,120,0,1.9,21,499
MX-0391,Mumbai,111,0,2.8,21,499
MX-0391,Delhi, 27 ,0,1.3,21,499
MX-0391,Bengaluru,12,0,1.0,7,499
MX-0391,Hyderabad,75,0,2.4,10,499
MX-0391,Chennai,86,0,4.7,14,499
MX-0391,Kolkata,64,0,1.1,21,499
MX-0391,Pune,91,44,1.9,21,499
MX-0391,Ahmedabad,92,27,3.5,10,499
MX-0391,Jaipur,52,0,3.3,21,499
MX-0391,Lucknow,9,0,5.1,21,499
MX-0391,Surat,2, 12 ,5.9,5,499
MX-0391,Indore,87,0,4.8,21,499
MX-0391,Nagpur,51,23,2.5,7,499
MX-0391,Kochi,70,0,7.2,10,499
MX-0391,Chandigarh,200,0,3.1,21,499
MX-0391,Bhopal,27,0,2.8,5,499
MX-0391,Patna,26,19,5.0,7,499
MX-0391,Vadodara,175,0,4.2,14,499
MX-0391,Ludhiana,22,0,1.5,5,499
MX-0391,Agra,143,0,6.4,21,499
MX-0391,Nashik,29,0,2.0,5,499
MX-0391,Meerut,98,0,6.8,10,499
MX-0391,Rajkot,15,0,3.4,7,499
MX-0391,Varanasi,116,0,6.2,10,499
MX-0391,Amritsar,43,0,3.0,5,499
MX-0391,Noida,146,0,6.1,21,499
MX-0391,Gurugram,19,0,1.1,,499
MX-0391,Coimbatore,15,3,1.3,5,499
MX-0391,Madurai,16,8,0.7,10,499
MX-0391,Guwahati,9.5,0,4.2,10,499
MX-0391,Mumbai City Mall,3,0,1.6,5,499
MX-0391,Delhi City Mall,8,0,0.5,10,499
MX-0391,Bengaluru City Mall,1,0,1.5,5,499
MX-0391,Hyderabad City Mall,171,0,7.4,10,499
MX-0391,Chennai City Mall,-8,0,1.8,5,499
MX-0391,Kolkata City Mall,136,0,4.8,10,499
MX-0391,Pune City Mall,35,0,4.8,7,499
MX-0391,Ahmedabad City Mall,86, 51 ,3.2,14,499
MX-0391,Jaipur City Mall,48,0,3.2,7,499
MX-0391,Lucknow City Mall,170,0,5.6,10,499
MX-0391,Surat City Mall,110,52,4.4,14,499
MX-0391,Indore City Mall,209,0,6.2,21,499
,Nagpur City Mall,21,0,0.8,10,499
MX-0391,Kochi City Mall,52,0,6.9,5,499
MX-0391,Chandigarh City Mall,28,0,1.2,7,499
MX-0391,Chandigarh City Mall,28,0,1.2,7,499
MX-0391,Bhopal City Mall,109,0,,10,499
MX-0391,Patna City Mall,184,0,4.2,14,499
MX-0391,Vadodara City Mall, 42 ,0,5.7,7,499
MX-0391,Ludhiana City Mall, 96 ,0,7.2,7,499
MX-0391,Agra City Mall,61,0,3.1,10,499
MX-0392,Mumbai,288,131,4.5,21,499
MX-0392,Delhi,65,0,2.3,21 days,499
MX-0392,Bengaluru,11,0,4.7,5,499
MX-0392,Hyderabad,98,0,2.8,14,499
MX-0392,Chennai,446,0,7.3,21,499
MX-0392,Kolkata,222,73,4.9,14,499
MX-0392,Pune,373,97,7.9,21,499
MX-0392,Ahmedabad,85,0,7.0,10,N/A
MX-0392,Jaipur,43,0,4.0,21,499
MX-0392,Lucknow,232,-11,5.6,14,499
MX-0392,Surat,44,0,1.9,10,499
MX-0392,Indore,57,10,1.1,21,499
MX-0392,Nagpur,21,0,1.3,14,499
MX-0392,Kochi,11,0,6.2,5,499
MX-0392,Chandigarh,77,0,3.6,7,499
MX-0392,Bhopal,71,0,6.5,10,499
MX-0392,Patna,4,0,5.4,10,499
MX-0392,Vadodara,110,0,5.3,21,499
MX-0392,Ludhiana,55,0,1.2,14,499
MX-0392,Agra,57,33,5.7,5,499
MX-0392,Nashik,23,0,0.8,14,499
MX-0392,Meerut,64,0,2.7,7,499
MX-0392,Rajkot,30,27,3.3,7,499
MX-0392,Varanasi, 7 ,0,2.6,7,499
MX-0392,Amritsar,5,0,0.3,10,499
MX-0392,Noida,32,0,0.7,21,499
MX-0392,Gurugram,67,68,4.2,14,499
MX-0392,Coimbatore,104,0,3.7,10,499
MX-0392,Madurai,37,33,6.0,10,499
MX-0392,Guwahati,47,20,7.3,5,499
MX-0392,Mumbai City Mall,379,0,6.0,21,499
MX-0392,Delhi City Mall,11,0,7.7,7,499
MX-0392,Bengaluru City Mall,38.5,51,5.9,14,499
MX-0392,Hyderabad City Mall,56,0,3.0,14,499
MX-0392,Chennai City Mall,29,0,1.5,10,499
MX-0392,Kolkata City Mall,31,43,2.7,14,499
MX-0392,Pune City Mall,13,0,0.4,21,499
MX-0392,Ahmedabad City Mall,54,11,1.0,21,499
MX-0392,Jaipur City Mall,77,0,4.9,14,499
MX-0392,Lucknow City Mall,112,0,7.2,5,499
MX-0392,Surat City Mall,98,0,1.4,21,499
MX-0392,Indore City Mall,115,28,6.0,7,499
MX-0392,Nagpur City Mall, 91 ,0,4.5,10,499
MX-0392,Kochi City Mall,129,0,7.4,10,499
MX-0392,Chandigarh City Mall,2,0,0.5,7,499
MX-0392,Bhopal City Mall,32,20,3.1,5,499
MX-0392,Patna City Mall,132,0,7.3,21,499
MX-0392,Vadodara City Mall,97,0,4.1,21,499
MX-0392,Ludhiana City Mall,91,0,8.0,10,499
MX-0392,Agra City Mall,62,34,7.5,,499
MX-0393,Mumbai,22,0,2.1,21,999
MX-0393,Delhi,129,57,6.4,7,999
MX-0393,Bengaluru,58,0,2.6,10,999
MX-0393,Hyderabad,79,0,2.7,14,999
MX-0393,Chennai,3,0,2.7,14,999
MX-0393,Kolkata,17,2,1.1,5,999
MX-0393,Pune,134,0,3.2,14,999
MX-0393,Ahmedabad,189,0,6.9,14,999
MX-0393,Jaipur, 57 ,40,6.5,5,999
MX-0393,Lucknow,48,0,6.9,7,999
MX-0393,Surat,57,0,6.9,7,999
MX-0393,Indore,161,0,6.3,10,999
MX-0393,Nagpur,93,0,5.9,7,999
MX-0393,Kochi,213, 36 ,7.1,10,999
MX-0393,Chandigarh,189,0,5.3,14,999
MX-0393,Bhopal,31,0,7.3,7,999
MX-0393,Patna, 91 ,89,8.0,14,N/A
MX-0393,Vadodara,47,0,5.0,7,999
MX-0393,Ludhiana,125,0,4.1,14,999
MX-0393,Agra,80,0,5.7,10,999
MX-0393,Nashik,19,0,1.2,14,999
MX-0393,Meerut,43,0,3.9,14,999
MX-0393,Rajkot,37,17,1.3,10,999
MX-0393,Varanasi,-5,0,6.7,5,999
MX-0393,Amritsar,341,0,4.9,21,999
MX-0393,Noida, 324 ,0,7.9,21,999
MX-0393,Gurugram,43,0,1.8,21,999
MX-0393,Coimbatore,9,0,2.3,7,999
MX-0393,Madurai,2,5,,7,999
MX-0393,Guwahati,10,0,3.1,5,999
MX-0393,Mumbai City Mall,109,-4,3.8,10 days,999
MX-0393,Delhi City Mall,60,14,4.5,7,999
MX-0393,Bengaluru City Mall,55,0,4.6,7,999
MX-0393,Hyderabad City Mall,15,0,1.1,5,999
MX-0393,Chennai City Mall,30,0,6.0,7,999
MX-0393,Kolkata City Mall,236.5,0,7.9,14,999
MX-0393,Pune City Mall,349,0,6.1,21,999
MX-0393,Ahmedabad City Mall, 152 ,0,5.2,10,999
MX-0393,Jaipur City Mall,60,0,5.8,14,999
MX-0393,Lucknow City Mall,4,0,0.6,5,999
MX-0393,Surat City Mall,22,0,2.9,5,999
MX-0393,Indore City Mall,111,0,6.1,7,999
MX-0393,Indore City Mall,111,0,6.1,7,999
MX-0393,Nagpur City Mall,3,0,1.1,7,999
,Kochi City Mall,194,0,5.1,14,999
MX-0393,Chandigarh City Mall,1,0,0.9,10,999
MX-0393,Bhopal City Mall,30,0,5.3,14,999
MX-0393,Patna City Mall,70,0,1.9,14,999
MX-0393,Vadodara City Mall,50,0,5.0,14,999
MX-0393,Ludhiana City Mall,2,0,0.4,5,999
MX-0393,Agra City Mall,16,0,3.5,7,999
MX-0394,Mumbai,35,0,3.0,5,199
MX-0394,Delhi,3,0,4.2,7,199
MX-0394,Bengaluru,83,0,6.2,5,199
MX-0394,Hyderabad,147,0,4.6,21,199
MX-0394,Chennai,64,0,2.0,10,199
MX-0394,Kolkata,50,0,4.1,5,199
MX-0394,Pune, 159 ,0,7.1,10,199
MX-0394,Ahmedabad, 44 ,0,3.7,10,199
MX-0394,Jaipur,36,0,1.8,7,199
MX-0394,Lucknow,67,0,7.5,7,199
MX-0394,Surat,45,0,2.8,5,199
MX-0394,Indore,9,0,0.8,7,199
MX-0394,Nagpur,52,0,6.3,7,199
MX-0394,Kochi,234,0,5.0,14,199
MX-0394,Chandigarh,53,0,5.9,10,199
MX-0394,Bhopal,16,0,6.0,10,199
MX-0394,Patna,41,0,6.1,5,199
MX-0394,Vadodara,95,0,7.3,5,199
MX-0394,Ludhiana,34,0,2.4,10,199
MX-0394,Agra,127,0,2.2,21,199
MX-0394,Nashik,82,0,3.0,21,199
MX-0394,Meerut,147,0,6.8,21,199
MX-0394,Rajkot,65,0,4.3,,199
MX-0394,Varanasi,19,41,3.3,10,199
MX-0394,Amritsar,66,0,2.5,14,199
MX-0394,Noida,4,0,1.4,14,N/A
MX-0394,Gurugram, 63 ,0,3.9,5,199
MX-0394,Coimbatore,80,0,6.5,10,199
MX-0394,Madurai,56,0,7.9,10,199
MX-0394,Guwahati,12,0,2.6,7,199
MX-0394,Mumbai City Mall,78,0,6.3,7,199
MX-0394,Delhi City Mall,213,0,6.5,10,199
MX-0394,Bengaluru City Mall,289,0,6.3,14,199
MX-0394,Hyderabad City Mall,106,0,3.3,10,199
MX-0394,Chennai City Mall,6,0,2.5,14,199
MX-0394,Kolkata City Mall,13,0,3.4,5,199
MX-0394,Pune City Mall, 22 ,12,1.6,7,199
MX-0394,Ahmedabad City Mall, 81 , 80 ,7.4,14,199
MX-0394,Jaipur City Mall,75.5,63,7.5,10,199
MX-0394,Lucknow City Mall,149,0,4.9,10,199
MX-0394,Surat City Mall,17,0,1.5,7,199
MX-0394,Indore City Mall,5,0,0.2,14,199
MX-0394,Nagpur City Mall,129,0,4.7,21,199
MX-0394,Kochi City Mall, 23 ,0,0.9,14,199
MX-0394,Chandigarh City Mall,453,161,7.8,21,199
MX-0394,Bhopal City Mall,94,0,2.9,14,199
MX-0394,Patna City Mall,2,0,0.3,5,199
MX-0394,Vadodara City Mall,10,0,0.9,5,199
MX-0394,Ludhiana City Mall,414,0,7.7,21,199
MX-0394,Agra City Mall,0,0,0.3,7,199
MX-0395,Mumbai,49,0,3.5,7,999
MX-0395,Delhi,17,-3,1.1,14,999
MX-0395,Bengaluru,23,21,2.4,7,999
MX-0395,Hyderabad,123,0,4.1,14,999
MX-0395,Chennai,53,18,2.4,10,999
MX-0395,Kolkata,14,0,4.7,5,999
MX-0395,Pune,30,0,0.9,10,999
MX-0395,Ahmedabad, 21 ,8,1.2,10,999
MX-0395,Jaipur,19,0,2.4,5,999
MX-0395,Lucknow,114,0,6.1,7 days,999
MX-0395,Surat,86,0,6.7,5,999
MX-0395,Indore,171,0,,21,999
MX-0395,Nagpur,-9,0,5.2,10,999
MX-0395,Kochi,129,0,5.6,7,999
MX-0395,Chandigarh,52,0,5.1,5,999
MX-0395,Bhopal,129,0,5.4,10,999
MX-0395,Patna,87,0,4.8,21,999
MX-0395,Vadodara,79,32,6.8,10,999
MX-0395,Ludhiana,115,0,4.0,10,999
MX-0395,Agra,80,0,5.4,14,999
MX-0395,Nashik,275,0,3.9,21,999
MX-0395,Meerut,12,0,1.4,21,999
MX-0395,Rajkot,256,0,7.9,10,999
MX-0395,Varanasi,1,0,1.6,7,999
MX-0395,Amritsar,12,0,1.0,10,999
MX-0395,Noida,88,23,4.0,10,999
MX-0395,Gurugram,257,0,6.2,21,999
MX-0395,Coimbatore,4,0,0.9,5,999
MX-0395,Madurai,45,0,3.7,10,999
MX-0395,Guwahati,102,0,3.2,10,999
MX-0395,Mumbai City Mall,24,0,7.8,10,999
MX-0395,Delhi City Mall,59,0,1.3,14,999
MX-0395,Bengaluru City Mall,109,97,7.3,21,999
MX-0395,Hyderabad City Mall,70,17,3.0,10,999
MX-0395,Chennai City Mall,5,0,5.2,14,N/A
MX-0395,Kolkata City Mall,3,0,2.2,5,999
MX-0395,Pune City Mall,2,0,0.2,5,999
MX-0395,Ahmedabad City Mall,6,0,3.6,5,999
MX-0395,Jaipur City Mall,94,0,4.7,14,999
MX-0395,Jaipur City Mall,94,0,4.7,14,999
MX-0395,Lucknow City Mall,19,0,4.9,5,999
MX-0395,Surat City Mall, 145 ,52,7.9,7,999
MX-0395,Indore City Mall,4.5,0,4.5,7,999
MX-0395,Nagpur City Mall,63,29,1.8,14,999
MX-0395,Kochi City Mall,5,0,0.5,10,999
,Chandigarh City Mall,18,15,1.4,10,999
MX-0395,Bhopal City Mall,152,0,5.6,,999
MX-0395,Patna City Mall,41,0,4.0,21,999
MX-0395,Vadodara City Mall,139,49,5.6,10,999
MX-0395,Ludhiana City Mall,51,0,1.6,14,999
MX-0395,Agra City Mall,16,6,0.9,7,999
MX-0396,Mumbai,8,0,1.1,5,499
MX-0396,Delhi,5,0,7.9,7,499
MX-0396,Bengaluru,32,0,0.8,14,499
MX-0396,Hyderabad,7,0,5.2,7,499
MX-0396,Chennai,84,0,7.9,10,499
MX-0396,Kolkata,260,0,4.7,21,499
MX-0396,Pune,41,0,6.4,5,499
MX-0396,Ahmedabad,73,0,3.7,21,499
MX-0396,Jaipur,28,0,1.4,14,499
MX-0396,Lucknow,82,0,6.0,5,499
MX-0396,Surat,62,14,2.0,10,499
MX-0396,Indore,68,13,5.9,5,499
MX-0396,Nagpur,105,0,4.9,21,499
MX-0396,Kochi,5,0,2.6,5,499
MX-0396,Chandigarh,2,0,2.4,14,499
MX-0396,Bhopal, 69 ,51,7.3,7,499
MX-0396,Patna,324,0,4.9,21,499
MX-0396,Vadodara,0,0,0.9,5,499
MX-0396,Ludhiana,108,0,7.0,5,499
MX-0396,Agra,0,0,0.8,21,499
MX-0396,Nashik,8,30,4.2,7,499
MX-0396,Meerut,267,0,8.0,21,499
MX-0396,Rajkot,414,-19,5.9,21,499
MX-0396,Varanasi,57,0,4.8,7,499
MX-0396,Amritsar,25,0,7.8,21,499
MX-0396,Noida,14,0,7.8,5,499
MX-0396,Gurugram,63,0,1.6,14,499
MX-0396,Coimbatore,118,58,6.5,10,499
MX-0396,Madurai,186,0,5.6,10,499
MX-0396,Guwahati,60,0,5.1,21,499
MX-0396,Mumbai City Mall,100, 24 ,4.5,10,499
MX-0396,Delhi City Mall,92,0,7.4,7,499
MX-0396,Bengaluru City Mall,119,0,1.7,21,499
MX-0396,Hyderabad City Mall,14,0,1.3,7,499
MX-0396,Chennai City Mall,105,28,4.3,14,499
MX-0396,Kolkata City Mall,206,0,4.8,14,499
MX-0396,Pune City Mall,10,0,3.2,5,499
MX-0396,Ahmedabad City Mall,6,0,7.0,5,499
MX-0396,Jaipur City Mall,83,24,3.6,7 days,499
MX-0396,Lucknow City Mall,3,0,1.3,7,499
MX-0396,Surat City Mall,141,0,2.0,21,499
MX-0396,Indore City Mall,12,0,3.0,5,499
MX-0396,Nagpur City Mall,113,0,4.2,21,499
MX-0396,Kochi City Mall,55,11,4.1,5,N/A
MX-0396,Chandigarh City Mall,7.5,0,,5,499
MX-0396,Bhopal City Mall,19,46,2.5,14,499
MX-0396,Patna City Mall,73,0,4.9,10,499
MX-0396,Vadodara City Mall,0,0,2.7,5,499
MX-0396,Ludhiana City Mall,60,0,2.1,14,499
MX-0396,Agra City Mall,60,0,1.7,14,499
MX-0397,Mumbai,84,0,2.4,21,3999
MX-0397,Delhi,-7,0,6.6,5,3999
MX-0397,Bengaluru,97,0,3.4,21,3999
MX-0397,Hyderabad,91,0,6.1,21,3999
MX-0397,Chennai, 151 ,0,2.6,21,3999
MX-0397,Kolkata,99,0,3.1,10,3999
MX-0397,Pune,92,0,2.2,14,3999
MX-0397,Ahmedabad,59,0,2.1,10,3999
MX-0397,Jaipur, 63 ,0,4.3,5,3999
MX-0397,Lucknow,66,0,1.6,14,3999
MX-0397,Surat,78,0,6.6,5,3999
MX-0397,Indore,12,0,1.0,10,3999
MX-0397,Nagpur,7,26,4.3,5,3999
MX-0397,Kochi,185,0,4.1,21,3999
MX-0397,Chandigarh,0,0,0.2,10,3999
MX-0397,Bhopal,86,0,5.3,7,3999
MX-0397,Patna,259,0,6.0,21,3999
MX-0397,Vadodara,13,0,2.1,7,3999
MX-0397,Ludhiana,14,0,5.1,,3999
MX-0397,Agra,36,0,3.9,14,3999
MX-0397,Nashik,67,0,5.9,7,3999
MX-0397,Meerut,4,0,1.2,5,3999
MX-0397,Rajkot,73,0,6.2,7,3999
MX-0397,Varanasi,95,46,3.4,14,3999
MX-0397,Amritsar,58,39,4.0,7,3999
MX-0397,Noida,390,0,5.5,21,3999
MX-0397,Gurugram,1,0,0.6,14,3999
MX-0397,Coimbatore, 62 ,0,7.5,7,3999
MX-0397,Madurai,7,0,0.5,10,3999
MX-0397,Guwahati,0,0,4.2,14,3999
MX-0397,Mumbai City Mall, 67 ,0,1.5,14,3999
MX-0397,Delhi City Mall,10,0,0.8,7,3999
MX-0397,Bengaluru City Mall,40,0,4.8,7,3999
MX-0397,Hyderabad City Mall,38,0,3.3,21,3999
MX-0397,Chennai City Mall,78,0,4.4,7,3999
MX-0397,Kolkata City Mall,91,38,2.0,21,3999
MX-0397,Kolkata City Mall,91,38,2.0,21,3999
MX-0397,Pune City Mall,126,0,5.8,7,3999
MX-0397,Ahmedabad City Mall,10,32,1.9,21,3999
MX-0397,Jaipur City Mall,313,0,7.3,14,3999
MX-0397,Lucknow City Mall,75,0,4.0,7,3999
MX-0397,Surat City Mall,12,44,2.5,21,3999
MX-0397,Indore City Mall,32,0,1.9,7,3999
MX-0397,Nagpur City Mall,48,26,2.0,10,3999
MX-0397,Kochi City Mall,160,-7,7.5,14,3999
MX-0397,Chandigarh City Mall,92,0,6.5,10,3999
,Bhopal City Mall,7,0,3.6,7,3999
MX-0397,Patna City Mall,167,0,6.1,14,3999
MX-0397,Vadodara City Mall,55.5,0,3.6,14,3999
MX-0397,Ludhiana City Mall, 111 ,0,5.3,7,3999
MX-0397,Agra City Mall,252,77,3.7,21,3999
MX-0398,Mumbai,441,0,6.2,21,1999
MX-0398,Delhi,3,6,0.9,7,1999
MX-0398,Bengaluru,92,0,7.9,5,N/A
MX-0398,Hyderabad,121,28,4.9,14,1999
MX-0398,Chennai,164,78,6.1,10,1999
MX-0398,Kolkata,13,0,5.5,5,1999
MX-0398,Pune,4,0,2.3,5,1999
MX-0398,Ahmedabad,41,0,1.3,10,1999
MX-0398,Jaipur, 68 ,0,3.9,10,1999
MX-0398,Lucknow,173,0,4.4,14,1999
MX-0398,Surat,97,80,4.9,14,1999
MX-0398,Indore,69,0,3.6,7,1999
MX-0398,Nagpur,127,0,3.5,21,1999
MX-0398,Kochi,28,5,2.0,5,1999
MX-0398,Chandigarh,45,0,4.6,7,1999
MX-0398,Bhopal,30,30,6.2,10,1999
MX-0398,Patna,194,0,2.8,21,1999
MX-0398,Vadodara,22,0,2.7,7 days,1999
MX-0398,Ludhiana,1,0,2.7,10,1999
MX-0398,Agra,58,0,2.1,21,1999
MX-0398,Nashik,123,39,1.8,21,1999
MX-0398,Meerut,18,0,1.6,5,1999
MX-0398,Rajkot,25,21,7.6,5,1999
MX-0398,Varanasi,431,0,6.2,21,1999
MX-0398,Amritsar,5,0,3.2,5,1999
MX-0398,Noida,144,62,5.0,10,1999
MX-0398,Gurugram,4,2,0.3,14,1999
MX-0398,Coimbatore,248,0,,21,1999
MX-0398,Madurai, 293 ,0,6.6,14,1999
MX-0398,Guwahati,93,20,6.0,5,1999
MX-0398,Mumbai City Mall,36,0,6.3,14,1999
MX-0398,Delhi City Mall,42,0,5.8,5,1999
MX-0398,Bengaluru City Mall,218,0,6.5,10,1999
MX-0398,Hyderabad City Mall,42,0,1.7,10,1999
MX-0398,Chennai City Mall,118,83,4.0,21,1999
MX-0398,Kolkata City Mall,43,28,4.1,7,1999
MX-0398,Pune City Mall,139,0,5.7,10,1999
MX-0398,Ahmedabad City Mall,273,0,7.3,21,1999
MX-0398,Jaipur City Mall,46,0,6.0,5,1999
MX-0398,Lucknow City Mall,90,0,4.0,10,1999
MX-0398,Surat City Mall,(8),16,5.5,5,1999
MX-0398,Indore City Mall,20,0,2.2,,1999
MX-0398,Nagpur City Mall,62,0,5.4,7,1999
MX-0398,Kochi City Mall,13,12,2.9,5,1999
MX-0398,Chandigarh City Mall,116,0,5.2,21,1999
MX-0398,Bhopal City Mall, 25 ,34,2.5,10,1999
MX-0398,Patna City Mall,224,0,7.2,14,1999
MX-0398,Vadodara City Mall,36,38,5.6,7,1999
MX-0398,Ludhiana City Mall,6,0,1.5,7,1999
MX-0398,Agra City Mall,69,57,3.8,14,1999
MX-0399,Mumbai,51.5,0,3.8,10,499
MX-0399,Delhi,24,18,2.3,14,499
MX-0399,Bengaluru,21,13,2.8,5,499
MX-0399,Hyderabad,108,71,7.5,10,499
MX-0399,Chennai,18,46,3.6,10,499
MX-0399,Kolkata,160,84,5.6,14,499
MX-0399,Pune,9,0,0.7,10,499
MX-0399,Ahmedabad,12,0,0.7,10,499
MX-0399,Jaipur,124,0,7.3,7,499
MX-0399,Lucknow,98,0,5.8,21,499
MX-0399,Surat,69,0,6.8,7,499
MX-0399,Indore,75,35,5.0,7,N/A
MX-0399,Nagpur,20,0,2.6,10,499
MX-0399,Kochi,33,0,4.8,10,499
MX-0399,Chandigarh, 90 ,-15,4.8,7,499
MX-0399,Bhopal,73,9,1.1,21,499
MX-0399,Patna, 59 ,21,4.6,7,499
MX-0399,Vadodara,57,0,4.5,5,499
MX-0399,Ludhiana,116,0,5.0,14,499
MX-0399,Agra,49,0,3.5,5,499
MX-0399,Nashik,232,0,3.8,21,499
MX-0399,Meerut,169,0,2.7,21,499
MX-0399,Rajkot,106,0,3.0,14,499
MX-0399,Varanasi,102,0,8.0,10,499
MX-0399,Amritsar,29,0,0.5,21,499
MX-0399,Noida,128,0,7.0,14,499
MX-0399,Gurugram,199,35,4.3,14,499
MX-0399,Coimbatore,21,0,2.3,5,499
MX-0399,Madurai,10,0,0.9,10,499
MX-0399,Guwahati,46,71,2.7,21,499
MX-0399,Mumbai City Mall,62,49,6.0,7,499
MX-0399,Delhi City Mall,55,23,6.2,7,499
MX-0399,Bengaluru City Mall,28,0,6.6,10,499
MX-0399,Bengaluru City Mall,28,0,6.6,10,499
MX-0399,Hyderabad City Mall,11,0,5.6,5,499
MX-0399,Chennai City Mall,71,19,4.3,10,499
MX-0399,Kolkata City Mall,37,0,3.0,7,499
MX-0399,Pune City Mall,19,0,1.4,7,499
MX-0399,Ahmedabad City Mall,230,0,5.1,21,499
MX-0399,Jaipur City Mall,304,0,5.9,21,499
MX-0399,Lucknow City Mall,41,0,2.6,10,499
MX-0399,Surat City Mall,43,0,2.5,21,499
MX-0399,Indore City Mall,23,0,2.3,5,499
MX-0399,Nagpur City Mall, 107 ,0,1.6,21,499
MX-0399,Kochi City Mall,16,21,1.2,14,499
MX-0399,Chandigarh City Mall,58,26,4.7,7,499
MX-0399,Bhopal City Mall,112,0,3.5,10,499
,Patna City Mall,206,0,7.7,14 days,499
MX-0399,Vadodara City Mall,8,0,3.6,5,499
MX-0399,Ludhiana City Mall, 43 ,21,1.8,14,499
MX-0399,Agra City Mall,11,0,0.4,21,499
MX-0400,Mumbai,94,74,4.8,14,199
MX-0400,Delhi,7,0,0.5,7,199
MX-0400,Bengaluru,61,0,0.9,21,199
MX-0400,Hyderabad,41.5,36,2.6,10,199
MX-0400,Chennai,69,0,4.5,21,199
MX-0400,Kolkata,58,0,1.5,14,199
MX-0400,Pune,43,0,1.7,14,199
MX-0400,Ahmedabad,165,0,7.6,10,199
MX-0400,Jaipur,0, 5 ,2.0,5,199
MX-0400,Lucknow,7,0,2.9,7,199
MX-0400,Surat,153,0,,14,199
MX-0400,Indore,2,0,1.2,5,199
MX-0400,Nagpur,50,0,1.0,21,199
MX-0400,Kochi,121,0,6.1,21,199
MX-0400,Chandigarh,35,0,3.3,,199
MX-0400,Bhopal,45,0,3.6,14,199
MX-0400,Patna,7,35,3.0,10,199
MX-0400,Vadodara,25,0,7.9,10,199
MX-0400,Ludhiana,3,0,0.3,5,199
MX-0400,Agra,5,0,0.3,10,199
MX-0400,Nashik,93,0,7.3,5,N/A
MX-0400,Meerut,33,0,7.4,14,199
MX-0400,Rajkot,77,39,4.0,10,199
MX-0400,Varanasi,22, 15 ,5.3,7,199
MX-0400,Amritsar,47,0,6.2,5,199
MX-0400,Noida,306,0,6.6,14,199
MX-0400,Gurugram,119,0,8.0,10,199
MX-0400,Coimbatore,47,0,2.7,21,199
MX-0400,Madurai,6,0,0.6,21,199
MX-0400,Guwahati,-2,0,6.9,14,199
MX-0400,Mumbai City Mall,1,0,5.8,10,199
MX-0400,Delhi City Mall, 52 ,0,1.2,14,199
MX-0400,Bengaluru City Mall,21,19,2.3,10,199
MX-0400,Hyderabad City Mall,276,196,7.0,21,199
MX-0400,Chennai City Mall,33,0,2.0,7,199
MX-0400,Kolkata City Mall, 90 ,-4,5.1,7,199
MX-0400,Pune City Mall,50,0,2.1,10,199
MX-0400,Ahmedabad City Mall,108,21,6.1,7,199
MX-0400,Jaipur City Mall,52,0,1.8,14,199
MX-0400,Lucknow City Mall,50,0,1.7,14,199
MX-0400,Surat City Mall,69,0,4.5,5,199
MX-0400,Indore City Mall,5,0,2.2,10,199
MX-0400,Nagpur City Mall,2,8,0.8,10,199
MX-0400,Kochi City Mall,78,0,3.6,14,199
MX-0400,Chandigarh City Mall,0,0,5.9,21,199
MX-0400,Bhopal City Mall,22,0,4.6,7,199
MX-0400,Patna City Mall, 9 ,20,3.3,5,199
MX-0400,Vadodara City Mall,61,0,6.2,7,199
MX-0400,Ludhiana City Mall,40,0,3.7,10,199
MX-0400,Agra City Mall,181,0,8.0,10,199
MX-0401,Mumbai,7,0,2.6,5,199
MX-0401,Delhi,90,0,7.0,14,199
MX-0401,Bengaluru,37,27,4.2,10,199
MX-0401,Hyderabad, 7 ,0,1.5,14,199
MX-0401,Chennai,48, 74 ,5.5,10,199
MX-0401,Kolkata,97, 36 ,6.1,5,199
MX-0401,Pune,58.5,55,4.2,10,199
MX-0401,Ahmedabad,7,0,0.4,7,199
MX-0401,Jaipur,11,4,1.2,7,199
MX-0401,Lucknow,383,0,7.4,21,199
MX-0401,Surat,223,0,5.0,14,199
MX-0401,Indore,115,0,4.5,21,199
MX-0401,Nagpur, 29 ,0,6.1,5,199
MX-0401,Kochi,3,0,0.9,5,199
MX-0401,Chandigarh,42,17,1.7,14,199
MX-0401,Bhopal,6,0,1.6,5,199
MX-0401,Patna,6,0,1.6,7,199
MX-0401,Vadodara,59,34,4.8,10,199
MX-0401,Ludhiana,6,62,4.1,14,199
MX-0401,Agra,48,28,4.5,5,199
MX-0401,Nashik,26,0,6.1,5,199
MX-0401,Meerut,24,0,2.2,5,199
MX-0401,Rajkot,56,23,3.9,7,199
MX-0401,Varanasi,60,0,5.2,5,199
MX-0401,Amritsar,25,0,5.6,21,199
MX-0401,Noida,43,0,4.1,5 days,199
MX-0401,Gurugram,294,0,6.5,21,199
MX-0401,Coimbatore,204,0,5.1,14,199
MX-0401,Madurai,75,0,3.7,14,199
MX-0401,Guwahati,294,0,6.7,21,N/A
MX-0401,Guwahati,294,0,6.7,21,N/A
MX-0401,Mumbai City Mall,260,159,7.6,21,199
MX-0401,Delhi City Mall,23,0,6.9,5,199
MX-0401,Bengaluru City Mall,6,0,2.3,7,199
MX-0401,Hyderabad City Mall,74,0,3.1,10,199
MX-0401,Chennai City Mall,41,31,1.5,21,199
MX-0401,Kolkata City Mall,0,0,1.3,7,199
MX-0401,Pune City Mall,207,61,4.7,14,199
MX-0401,Ahmedabad City Mall, 53 ,29,5.9,,199
MX-0401,Jaipur City Mall,71,0,3.9,7,199
MX-0401,Lucknow City Mall,39,27,2.0,10,199
MX-0401,Surat City Mall,8,0,0.6,5,199
MX-0401,Indore City Mall,19,0,1.7,5,199
MX-0401,Nagpur City Mall,239,0,7.4,10,199
MX-0401,Kochi City Mall,72,0,,10,199
MX-0401,Chandigarh City Mall,41,0,1.9,21,199
MX-0401,Bhopal City Mall,106,0,7.9,7,199
MX-0401,Patna City Mall,204,78,4.2,21,199
,Vadodara City Mall,9,46,4.8,21,199
MX-0401,Ludhiana City Mall,52,0,7.4,7,199
MX-0401,Agra City Mall,67,0,4.1,7,199
MX-0402,Mumbai,4,3,0.6,5,3999
MX-0402,Delhi,149,0,4.7,14,3999
MX-0402,Bengaluru,137,0,6.1,10,3999
MX-0402,Hyderabad,45,0,2.6,7,3999
MX-0402,Chennai,62,0,6.2,5,3999
MX-0402,Kolkata,147,0,7.4,10,3999
MX-0402,Pune, 194 ,-8,5.2,14,3999
MX-0402,Ahmedabad,90,0,2.0,21,3999
MX-0402,Jaipur,90,0,6.9,7,3999
MX-0402,Lucknow,15.5,0,2.1,10,3999
MX-0402,Surat,0,0,2.7,5,3999
MX-0402,Indore,311,72,4.7,21,3999
MX-0402,Nagpur,1,0,0.2,7,3999
MX-0402,Kochi,9,58,4.3,21,3999
MX-0402,Chandigarh,168,0,3.8,14,3999
MX-0402,Bhopal,39,0,6.7,10,3999
MX-0402,Patna,54,43,6.5,5,3999
MX-0402,Vadodara,40,31,5.9,5,3999
MX-0402,Ludhiana,(5),28,3.8,7,3999
MX-0402,Agra,223,62,7.4,10,3999
MX-0402,Nashik,176,0,7.6,7,3999
MX-0402,Meerut,71,0,1.5,21,3999
MX-0402,Rajkot,13,0,3.7,7,3999
MX-0402,Varanasi,62,0,7.9,5,3999
MX-0402,Amritsar,84,0,2.8,10,3999
MX-0402,Noida,165,0,6.0,14,3999
MX-0402,Gurugram,164,51,7.1,10,3999
MX-0402,Coimbatore,91,0,2.2,21,3999
MX-0402,Madurai,8,0,1.6,5,3999
MX-0402,Guwahati,217,165,6.8,21,3999
MX-0402,Mumbai City Mall,1,0,1.0,5,3999
MX-0402,Delhi City Mall,72,0,6.8,7,3999
MX-0402,Bengaluru City Mall,117,0,2.7,14,3999
MX-0402,Hyderabad City Mall,157,26,7.9,7,3999
MX-0402,Chennai City Mall,4,0,0.4,7,3999
MX-0402,Kolkata City Mall,3,0,2.9,10,3999
MX-0402,Pune City Mall,83,0,6.5,14,3999
MX-0402,Ahmedabad City Mall,84,38,1.5,21,3999
MX-0402,Jaipur City Mall,209,0,5.5,21,N/A
MX-0402,Lucknow City Mall,159,0,5.0,21,3999
MX-0402,Surat City Mall,10,9,1.1,7,3999
MX-0402,Indore City Mall,36,0,2.3,7,3999
MX-0402,Nagpur City Mall,39,0,5.9,10,3999
MX-0402,Kochi City Mall, 33 ,0,1.8,10,3999
MX-0402,Chandigarh City Mall,1,31,6.2,5,3999
MX-0402,Bhopal City Mall,0,26,1.0,21,3999
MX-0402,Patna City Mall,52,0,4.1,10,3999
MX-0402,Vadodara City Mall,46,0,5.8,7,3999
MX-0402,Ludhiana City Mall,25,0,0.8,14,3999
MX-0402,Agra City Mall,82,36,6.7,10,3999
MX-0403,Mumbai, 10 ,0,1.1,21,1999
MX-0403,Delhi, 147 ,0,6.6,7,1999
MX-0403,Bengaluru,53,0,6.3,10,1999
MX-0403,Hyderabad,74,0,2.5,10,1999
MX-0403,Chennai,3,0,3.7,5 days,1999
MX-0403,Kolkata,67,92,6.4,14,1999
MX-0403,Pune,41,0,2.1,7,1999
MX-0403,Ahmedabad,82,0,3.5,10,1999
MX-0403,Jaipur,8,0,1.5,7,1999
MX-0403,Lucknow,8,0,2.2,5,1999
MX-0403,Surat,56,0,6.2,,1999
MX-0403,Indore,2,0,2.4,7,1999
MX-0403,Nagpur,7.5,0,1.5,21,1999
MX-0403,Kochi,99,25,2.7,14,1999
MX-0403,Chandigarh,9,0,2.0,21,1999
MX-0403,Bhopal,62,17,4.3,7,1999
MX-0403,Patna,96,27,6.6,5,1999
MX-0403,Vadodara,85,0,2.6,14,1999
MX-0403,Ludhiana,17,0,6.7,10,1999
MX-0403,Agra,42,0,6.2,5,1999
MX-0403,Nashik,26,88,6.9,10,1999
MX-0403,Meerut,119,0,4.8,21,1999
MX-0403,Rajkot,31,0,4.9,21,1999
MX-0403,Varanasi,61,9,4.1,5,1999
MX-0403,Amritsar,62,0,7.0,7,1999
MX-0403,Noida,365,0,6.3,21,1999
MX-0403,Gurugram,38,0,,7,1999
MX-0403,Gurugram,38,0,,7,1999
MX-0403,Coimbatore,34,-15,3.6,14,1999
MX-0403,Madurai,262,0,6.2,21,1999
MX-0403,Guwahati,7,20,5.1,10,1999
MX-0403,Mumbai City Mall, 68 ,0,1.4,21,1999
MX-0403,Delhi City Mall,51,0,4.2,5,1999
MX-0403,Bengaluru City Mall,41,0,4.4,14,1999
MX-0403,Hyderabad City Mall,1,5,0.8,7,1999
MX-0403,Chennai City Mall,0,1,0.5,7,1999
MX-0403,Kolkata City Mall,85,0,6.1,5,1999
MX-0403,Pune City Mall,59,127,5.4,21,1999
MX-0403,Ahmedabad City Mall, 38 ,0,3.8,14,1999
MX-0403,Jaipur City Mall,252,0,6.5,14,1999
MX-0403,Lucknow City Mall,142,0,4.3,10,1999
MX-0403,Surat City Mall,92,35,2.8,10,1999
MX-0403,Indore City Mall,28,0,7.2,10,1999
MX-0403,Nagpur City Mall,192,0,6.5,14,1999
MX-0403,Kochi City Mall,38,0,5.1,10,1999
MX-0403,Chandigarh City Mall,3,0,1.1,5,1999
MX-0403,Bhopal City Mall,16,0,0.7,21,1999
MX-0403,Patna City Mall,47,47,3.8,10,1999
MX-0403,Vadodara City Mall,62,0,7.4,5,N/A
,Ludhiana City Mall, 12 ,0,0.2,21,1999
MX-0403,Agra City Mall,59,30,3.7,7,1999
MX-0404,Mumbai,13,0,3.0,5,1999
MX-0404,Delhi,16,19,3.0,14,1999
MX-0404,Bengaluru,97,0,4.5,14,1999
MX-0404,Hyderabad,107,23,5.2,7,1999
MX-0404,Chennai,172,0,2.6,21,1999
MX-0404,Kolkata,285,111,8.0,14,1999
MX-0404,Pune,143,0,5.2,10,1999
MX-0404,Ahmedabad,(2),0,1.8,5,1999
MX-0404,Jaipur,5,0,2.2,5,1999
MX-0404,Lucknow,22,0,1.8,7,1999
MX-0404,Surat,22,0,3.4,5,1999
MX-0404,Indore,277,124,7.0,14,1999
MX-0404,Nagpur,44,0,2.9,14,1999
MX-0404,Kochi,126,0,7.1,7,1999
MX-0404,Chandigarh,1,0,1.8,5,1999
MX-0404,Bhopal,2.5,0,5.8,5,1999
MX-0404,Patna,305,49,6.6,14,1999
MX-0404,Vadodara,140,94,4.9,21,1999
MX-0404,Ludhiana,187,29,4.3,14,1999
MX-0404,Agra,9,10,4.2,5,1999
MX-0404,Nashik,6,0,1.1,5,1999
MX-0404,Meerut, 39 ,0,1.6,10,1999
MX-0404,Rajkot,143,0,5.4,14,1999
MX-0404,Varanasi,123,0,5.7,14,1999
MX-0404,Amritsar,46,0,3.5,5,1999
MX-0404,Noida,53,0,4.8,7,1999
MX-0404,Gurugram,183,0,2.6,21,1999
MX-0404,Coimbatore,74,0,7.1,7,1999
MX-0404,Madurai,81,0,5.0,10,1999
MX-0404,Guwahati,36,0,4.1,10,1999
MX-0404,Mumbai City Mall,36,0,5.9,10,1999
MX-0404,Delhi City Mall,391,0,5.8,21,1999
MX-0404,Bengaluru City Mall,60,0,6.6,7,1999
MX-0404,Hyderabad City Mall,18,0,4.9,,1999
MX-0404,Chennai City Mall,45,0,2.7,5,1999
MX-0404,Kolkata City Mall,57,0,3.6,5,1999
MX-0404,Pune City Mall,219,0,7.4,14,1999
MX-0404,Ahmedabad City Mall,66,0,3.5,10,1999
MX-0404,Jaipur City Mall,14,6,1.9,7,1999
MX-0404,Lucknow City Mall,444,119,7.2,21,1999
MX-0404,Surat City Mall, 151 ,0,5.6,14,1999
MX-0404,Indore City Mall,25,0,1.2,14,1999
MX-0404,Nagpur City Mall,89,0,7.9,5,1999
MX-0404,Kochi City Mall,128,0,2.9,21,1999
MX-0404,Chandigarh City Mall,207,77,3.5,21,1999
MX-0404,Bhopal City Mall,15,12,4.1,7,1999
MX-0404,Patna City Mall,44,0,7.6,21,1999
MX-0404,Vadodara City Mall,27, 50 ,5.4,7,1999
MX-0404,Ludhiana City Mall,140,-19,6.4,10,1999
MX-0404,Agra City Mall,66,0,3.0,10,1999
MX-0405,Mumbai,125,0,3.1,21,199
MX-0405,Delhi,14,0,0.9,7,199
MX-0405,Bengaluru,143,0,6.1,10,199
MX-0405,Hyderabad,2,0,1.0,5,199
MX-0405,Chennai,11,43,4.4,10,199
MX-0405,Kolkata,495,0,7.1,21,199
MX-0405,Pune,37,0,2.2,7,N/A
MX-0405,Ahmedabad,72,0,8.0,7,199
MX-0405,Jaipur,270,0,6.3,14,199
MX-0405,Lucknow,150,0,,10,199
MX-0405,Surat,57,0,2.1,10,199
MX-0405,Indore,10,0,0.7,7,199
MX-0405,Nagpur,37,10,0.8,14,199
MX-0405,Kochi,6,0,7.8,10,199
MX-0405,Chandigarh,53,0,2.0,21,199
MX-0405,Bhopal,0,0,0.9,5,199
MX-0405,Patna,377,99,7.9,21,199
MX-0405,Vadodara, 117 ,0,5.6,21,199
MX-0405,Ludhiana,100.5,0,5.5,14,199
MX-0405,Agra,120,0,6.9,14,199
MX-0405,Nashik,19,11,2.1,5,199
MX-0405,Meerut,123,0,6.5,14,199
MX-0405,Rajkot,271,0,6.4,14,199
MX-0405,Varanasi,27,0,1.8,7,199
MX-0405,Varanasi,27,0,1.8,7,199
MX-0405,Amritsar,30,0,1.8,7,199
MX-0405,Noida,293,0,7.4,14,199
MX-0405,Gurugram,39,0,0.6,21,199
MX-0405,Coimbatore,2,0,3.2,5,199
MX-0405,Madurai,25,0,6.6,10,199
MX-0405,Guwahati,56,0,6.3,14,199
MX-0405,Mumbai City Mall,10,0,3.0,7,199
MX-0405,Delhi City Mall,124,0,6.8,7,199
MX-0405,Bengaluru City Mall,9,0,1.7,5,199
MX-0405,Hyderabad City Mall,52,0,2.2,10,199
MX-0405,Chennai City Mall,30,43,3.0,14,199
MX-0405,Kolkata City Mall,3,0,1.8,10,199
MX-0405,Pune City Mall,14,0,1.1,7,199
MX-0405,Ahmedabad City Mall,88,0,6.0,7,199
MX-0405,Jaipur City Mall,82,0,6.5,5,199
MX-0405,Lucknow City Mall,17,0,1.1,5,199
MX-0405,Surat City Mall,62,0,6.9,10,199
MX-0405,Indore City Mall,22,0,5.7,7,199
MX-0405,Nagpur City Mall,352,0,7.9,21,199
MX-0405,Kochi City Mall,7,0,1.0,14,199
MX-0405,Chandigarh City Mall,168,119,5.9,21,199
MX-0405,Bhopal City Mall,100,29,5.5,7,199
MX-0405,Patna City Mall,(9),130,7.4,14,199
MX-0405,Vadodara City Mall,111,0,4.4,10,199
MX-0405,Ludhiana City Mall,25,0,3.0,21,199
,Agra City Mall,21,0,3.4,5,199
MX-0406,Mumbai,94,0,4.4,14,499
MX-0406,Delhi,43,0,2.3,21,499
MX-0406,Bengaluru,6,0,2.8,21,499
MX-0406,Hyderabad,89,0,6.9,10,499
MX-0406,Chennai,82,0,3.1,21,499
MX-0406,Kolkata,351,0,7.0,21,499
MX-0406,Pune,29,0,1.3,,499
MX-0406,Ahmedabad,29,7,1.3,7,499
MX-0406,Jaipur,11,0,0.8,21,499
MX-0406,Lucknow,14,0,0.5,10,499
MX-0406,Surat,286,57,5.3,21,499
MX-0406,Indore,2,0,4.9,10,499
MX-0406,Nagpur,25,0,3.3,14 days,499
MX-0406,Kochi, 170 ,0,6.1,10,499
MX-0406,Chandigarh,7,0,0.6,5,499
MX-0406,Bhopal, 111 ,0,4.8,7,N/A
MX-0406,Patna,179,0,6.2,10,499
MX-0406,Vadodara,20,0,5.3,14,499
MX-0406,Ludhiana,3, 7 ,0.8,7,499
MX-0406,Agra,6,-8,5.2,5,499
MX-0406,Nashik,58,0,3.7,10,499
MX-0406,Meerut,51.5,29,5.8,5,499
MX-0406,Rajkot,156,0,6.1,14,499
MX-0406,Varanasi,506,0,7.4,21,499
MX-0406,Amritsar,10,6,1.6,5,499
MX-0406,Noida,106,0,4.2,14,499
MX-0406,Gurugram,65,0,3.5,7,499
MX-0406,Coimbatore,25,0,2.1,5,499
MX-0406,Madurai,19,0,0.8,21,499
MX-0406,Guwahati,30,0,6.1,7,499
MX-0406,Mumbai City Mall,45,36,4.9,14,499
MX-0406,Delhi City Mall,283,0,6.3,14,499
MX-0406,Bengaluru City Mall,70,0,7.2,5,499
MX-0406,Hyderabad City Mall,42,0,5.4,5,499
MX-0406,Chennai City Mall,18,0,4.7,5,499
MX-0406,Kolkata City Mall,45,0,1.1,21,499
MX-0406,Pune City Mall,36,0,1.7,7,499
MX-0406,Ahmedabad City Mall,9,8,2.0,5,499
MX-0406,Jaipur City Mall,324,172,7.1,21,499
MX-0406,Lucknow City Mall,32,0,2.2,5,499
MX-0406,Surat City Mall,22,0,0.9,10,499
MX-0406,Indore City Mall,265,0,4.3,21,499
MX-0406,Nagpur City Mall,59,33,,7,499
MX-0406,Kochi City Mall,38,0,6.5,21,499
MX-0406,Chandigarh City Mall,235,0,6.3,21,499
MX-0406,Bhopal City Mall,31,0,3.4,7,499
MX-0406,Patna City Mall,38,0,1.6,21,499
MX-0406,Vadodara City Mall,45,0,4.0,7,499
MX-0406,Ludhiana City Mall,35,14,3.1,7,499
MX-0406,Agra City Mall,191,163,6.5,21,499
MX-0407,Mumbai,227,85,6.9,21,3999
MX-0407,Delhi,26,14,1.7,10,3999
MX-0407,Bengaluru,7,2,0.2,14,3999
MX-0407,Hyderabad,196,0,7.1,10,3999
MX-0407,Chennai,48,16,3.6,10,3999
MX-0407,Kolkata,99,0,6.8,7,3999
MX-0407,Pune, 360 ,0,5.5,21,3999
MX-0407,Ahmedabad,14,0,0.4,14,3999
MX-0407,Jaipur,237,0,6.6,14,3999
MX-0407,Lucknow,112,0,3.4,10,3999
MX-0407,Surat,207,0,3.3,21,3999
MX-0407,Indore,44,8,2.1,10,3999
MX-0407,Nagpur,64,74,5.9,10,3999
MX-0407,Kochi,26,0,5.6,14,3999
MX-0407,Chandigarh,54,7,3.9,5,3999
MX-0407,Bhopal,57,32,5.2,5,3999
MX-0407,Patna,13,0,7.6,21,3999
MX-0407,Vadodara,512,0,7.9,21,3999
MX-0407,Ludhiana,7,0,3.8,10,3999
MX-0407,Agra,116,0,5.2,10,3999
MX-0407,Nashik,108,0,7.2,7,3999
MX-0407,Nashik,108,0,7.2,7,3999
MX-0407,Meerut,6,15,3.4,10,3999
MX-0407,Rajkot,61,0,1.9,21,3999
MX-0407,Varanasi,90,0,5.4,5,3999
MX-0407,Amritsar,15.5,0,1.3,5,N/A
MX-0407,Noida,48,0,7.7,7,3999
MX-0407,Gurugram,71,0,4.9,5,3999
MX-0407,Coimbatore,5,2,0.2,10,3999
MX-0407,Madurai, 427 ,0,6.7,21,3999
MX-0407,Guwahati,30,0,4.9,,3999
MX-0407,Mumbai City Mall,47,0,4.3,10,3999
MX-0407,Delhi City Mall,111,0,3.0,21,3999
MX-0407,Bengaluru City Mall,76,0,6.0,5,3999
MX-0407,Hyderabad City Mall,196,0,7.3,21,3999
MX-0407,Chennai City Mall,202,0,5.4,14,3999
MX-0407,Kolkata City Mall,-5,0,2.8,7,3999
MX-0407,Pune City Mall,114,53,2.8,21,3999
MX-0407,Ahmedabad City Mall,37,8,1.7,10,3999
MX-0407,Jaipur City Mall,38,14,1.0,14,3999
MX-0407,Lucknow City Mall,37,0,1.0,21,3999
MX-0407,Surat City Mall,38,-8,2.0,10,3999
MX-0407,Indore City Mall,11,0,1.5,10 days,3999
MX-0407,Nagpur City Mall,88,0,7.7,7,3999
MX-0407,Kochi City Mall,82,18,2.0,14,3999
MX-0407,Chandigarh City Mall,19,35,6.7,5,3999
MX-0407,Bhopal City Mall,50,0,4.6,10,3999
MX-0407,Patna City Mall,126,0,4.5,21,3999
MX-0407,Vadodara City Mall,28,0,5.9,5,3999
MX-0407,Ludhiana City Mall,6,0,1.3,5,3999
MX-0407,Agra City Mall,55,0,2.4,7,3999
,Mumbai,133,0,7.6,21,499
MX-0408,Delhi,75,61,7.2,7,499
MX-0408,Bengaluru,21,20,6.0,5,499
MX-0408,Hyderabad,73,0,4.5,5,499
MX-0408,Chennai,11,0,0.9,5,499
MX-0408,Kolkata,198,0,4.7,14,499
MX-0408,Pune,17,0,0.4,14,499
MX-0408,Ahmedabad,49,0,4.1,5,499
MX-0408,Jaipur,46,0,4.7,7,499
MX-0408,Lucknow,330,97,6.6,21,499
MX-0408,Surat,163,0,4.8,14,499
MX-0408,Indore,43,0,5.5,7,499
MX-0408,Nagpur,4,0,1.5,10,499
MX-0408,Kochi,40,0,5.3,14,499
MX-0408,Chandigarh,170,66,7.2,14,499
MX-0408,Bhopal,48,0,3.8,5,499
MX-0408,Patna,31,0,7.0,5,499
MX-0408,Vadodara,94,0,5.8,5,499
MX-0408,Ludhiana,91,0,3.0,21,499
MX-0408,Agra,0,0,2.4,5,499
MX-0408,Nashik,117, 100 ,6.4,14,499
MX-0408,Meerut,32,0,3.8,5,499
MX-0408,Rajkot,61,0,1.3,14,499
MX-0408,Varanasi,315,0,5.3,21,499
MX-0408,Amritsar,65,0,4.5,5,499
MX-0408,Noida,55,29,,14,499
MX-0408,Gurugram,281,112,4.1,21,499
MX-0408,Coimbatore,77.5,0,1.4,21,499
MX-0408,Madurai,69,0,2.9,21,499
MX-0408,Guwahati,12,22,2.4,21,499
MX-0408,Mumbai City Mall,49,0,5.2,21,499
MX-0408,Delhi City Mall,28,14,3.3,5,499
MX-0408,Bengaluru City Mall,105,0,4.7,7,499
MX-0408,Hyderabad City Mall,201,0,6.1,10,N/A
MX-0408,Chennai City Mall,59,0,6.4,5,499
MX-0408,Kolkata City Mall,5,0,2.9,5,499
MX-0408,Pune City Mall,21,0,1.0,14,499
MX-0408,Ahmedabad City Mall,22,0,8.0,5,499
MX-0408,Jaipur City Mall,1,0,0.4,14,499
MX-0408,Lucknow City Mall,0,0,0.2,14,499
MX-0408,Surat City Mall,73,0,6.7,10,499
MX-0408,Indore City Mall, 19 ,0,3.2,10,499
MX-0408,Nagpur City Mall,139,0,6.5,10,499
MX-0408,Kochi City Mall,155,52,4.6,10,499
MX-0408,Chandigarh City Mall,8,0,1.0,5,499
MX-0408,Bhopal City Mall,18,0,6.2,14,499
MX-0408,Patna City Mall, 30 , 9 ,1.1,10,499
MX-0408,Vadodara City Mall,134,0,7.0,21,499
MX-0408,Ludhiana City Mall,117,0,4.7,21,499
MX-0408,Agra City Mall,29,0,5.3,7,499
MX-0409,Mumbai,48,8,4.2,5,999
MX-0409,Delhi,180,0,4.2,14,999
MX-0409,Bengaluru,35,0,4.0,,999
MX-0409,Hyderabad,23,0,1.4,5,999
MX-0409,Chennai,1,8,0.8,14,999
MX-0409,Kolkata,93,0,6.0,10,999
MX-0409,Pune,93,0,6.2,7,999
MX-0409,Ahmedabad,11,11,2.5,10,999
MX-0409,Jaipur,3,0,6.0,7,999
MX-0409,Lucknow,108,0,3.8,21,999
MX-0409,Surat,15,0,3.3,14,999
MX-0409,Indore,44,-17,2.2,10,999
MX-0409,Nagpur,23,0,2.5,7,999
MX-0409,Kochi,37,0,8.0,7,999
MX-0409,Chandigarh,79,0,1.3,21,999
MX-0409,Bhopal,155,0,6.4,10,999
MX-0409,Patna,41,0,3.7,10,999
MX-0409,Vadodara,135,0,6.2,21,999
MX-0409,Vadodara,135,0,6.2,21,999
MX-0409,Ludhiana,50, 16 ,5.4,5,999
MX-0409,Agra, 25 ,0,0.7,14,999
MX-0409,Nashik,143,0,6.0,21 days,999
MX-0409,Meerut,95,0,7.4,10,999
MX-0409,Rajkot,14,0,1.1,14,999
MX-0409,Varanasi,50,0,3.7,21,999
MX-0409,Amritsar,(8),0,4.5,7,999
MX-0409,Noida,4,0,1.5,14,999
MX-0409,Gurugram,208,84,5.5,14,999
MX-0409,Coimbatore,0,0,2.0,7,999
MX-0409,Madurai,30,0,3.5,5,999
MX-0409,Guwahati,12,0,7.1,10,999
MX-0409,Mumbai City Mall,89.5,0,4.9,14,999
MX-0409,Delhi City Mall,43,0,7.0,5,999
MX-0409,Bengaluru City Mall,162,0,4.3,14,999
MX-0409,Hyderabad City Mall,201,0,7.1,14,999
MX-0409,Chennai City Mall,51,0,7.9,10,999
MX-0409,Kolkata City Mall,1,0,6.6,5,999
MX-0409,Pune City Mall,215,64,5.7,14,999
MX-0409,Ahmedabad City Mall,5,0,2.8,5,999
MX-0409,Jaipur City Mall,56,0,2.8,7,999
MX-0409,Lucknow City Mall,93,0,5.1,14,999
MX-0409,Surat City Mall,15,0,1.2,7,999
MX-0409,Indore City Mall,82,0,5.5,5,999
MX-0409,Nagpur City Mall,41,29,2.4,10,N/A
MX-0409,Kochi City Mall,156,0,5.7,10,999
MX-0409,Chandigarh City Mall,241,55,5.7,14,999
MX-0409,Bhopal City Mall,139,79,5.3,14,999
MX-0409,Patna City Mall,50,10,2.2,7,999
MX-0409,Vadodara City Mall,281,0,4.1,21,999
MX-0409,Ludhiana City Mall,158,52,4.6,21,999
MX-0409,Agra City Mall,149,0,6.3,14,999
MX-0410,Mumbai,280,0,6.9,21,1999
,Delhi,161,0,5.5,10,1999
MX-0410,Bengaluru,6,0,1.2,10,1999
MX-0410,Hyderabad,7,0,0.8,14,1999
MX-0410,Chennai,32,0,5.0,7,1999
MX-0410,Kolkata,59,17,1.6,21,1999
MX-0410,Pune,148,49,3.8,14,1999
MX-0410,Ahmedabad,37,0,3.3,5,1999
MX-0410,Jaipur,145,0,,10,1999
MX-0410,Lucknow, 108 ,0,7.5,7,1999
MX-0410,Surat,45,0,1.8,10,1999
MX-0410,Indore,9,1,0.4,10,1999
MX-0410,Nagpur,27,0,3.0,14,1999
MX-0410,Kochi, 271 ,108,5.0,21,1999
MX-0410,Chandigarh,153,0,4.9,10,1999
MX-0410,Bhopal,71,0,4.4,5,1999
MX-0410,Patna,334,0,6.0,21,1999
MX-0410,Vadodara,181,0,4.3,21,1999
MX-0410,Ludhiana,17,0,1.6,7,1999
MX-0410,Agra,61,0,6.9,14,1999
MX-0410,Nashik,154,0,3.4,14,1999
MX-0410,Meerut,58,0,5.9,5,1999
MX-0410,Rajkot,54,0,3.2,21,1999
MX-0410,Varanasi,6,0,0.7,5,1999
MX-0410,Amritsar,43,0,2.9,7,1999
MX-0410,Noida,40,54,3.6,,1999
MX-0410,Gurugram,74,0,6.9,7,1999
MX-0410,Coimbatore, 274 ,0,5.8,14,1999
MX-0410,Madurai,27,0,6.3,14,1999
MX-0410,Guwahati,37,0,4.7,7,1999
MX-0410,Mumbai City Mall,167,0,4.3,14,1999
MX-0410,Delhi City Mall,85,0,5.7,21,1999
MX-0410,Bengaluru City Mall,46,-2,4.0,7,1999
MX-0410,Hyderabad City Mall,82.5,98,5.3,14,1999
MX-0410,Chennai City Mall,20,0,0.6,10,1999
MX-0410,Kolkata City Mall,102,0,5.8,7,1999
MX-0410,Pune City Mall,263,0,5.8,14,1999
MX-0410,Ahmedabad City Mall,67,0,7.7,14,1999
MX-0410,Jaipur City Mall,151,0,4.5,14,1999
MX-0410,Lucknow City Mall,111,0,7.6,7,1999
MX-0410,Surat City Mall,51,56,3.2,14,1999
MX-0410,Indore City Mall,31,5,2.7,5,1999
MX-0410,Nagpur City Mall,49,0,5.0,5,1999
MX-0410,Kochi City Mall,52,0,6.4,10,1999
MX-0410,Chandigarh City Mall,3,9,1.6,5,1999
MX-0410,Bhopal City Mall,1,5,1.3,5,1999
MX-0410,Patna City Mall,48,0,6.9,5,1999
MX-0410,Vadodara City Mall,292,0,7.4,21,1999
MX-0410,Ludhiana City Mall,224,0,6.8,10,1999
MX-0410,Agra City Mall,72,0,5.8,10 days,1999
MX-0411,Mumbai,110,0,5.4,7,499
MX-0411,Delhi,19,0,2.4,14,N/A
MX-0411,Bengaluru,72,0,1.6,21,499
MX-0411,Hyderabad,133,0,5.6,10,499
MX-0411,Chennai,4,0,0.7,21,499
MX-0411,Kolkata,12,4,1.0,7,499
MX-0411,Pune, 28 ,0,1.7,21,499
MX-0411,Ahmedabad,48,38,2.8,14,499
MX-0411,Jaipur,111,0,5.6,10,499
MX-0411,Lucknow,19,41,2.4,21,499
MX-0411,Surat,218,0,5.5,14,499
MX-0411,Indore,68,0,3.3,7,499
MX-0411,Nagpur,287,0,5.8,21,499
MX-0411,Kochi,-8,0,6.4,5,499
MX-0411,Chandigarh,139,0,3.0,14,499
MX-0411,Chandigarh,139,0,3.0,14,499
MX-0411,Bhopal,106,43,4.2,14,499
MX-0411,Patna,66,0,4.1,10,499
MX-0411,Vadodara,93,0,6.7,14,499
MX-0411,Ludhiana,175,46,4.3,21,499
MX-0411,Agra, 7 ,0,2.5,5,499
MX-0411,Nashik,5,36,5.5,5,499
MX-0411,Meerut,25,0,1.3,21,499
MX-0411,Rajkot,67,0,5.1,21,499
MX-0411,Varanasi,80,0,4.7,10,499
MX-0411,Amritsar, 155 ,0,7.8,7,499
MX-0411,Noida,6,0,1.1,5,499
MX-0411,Gurugram,57,0,3.4,14,499
MX-0411,Coimbatore,30,0,1.7,7,499
MX-0411,Madurai,23,11,3.8,5,499
MX-0411,Guwahati,8,0,0.5,10,499
MX-0411,Mumbai City Mall,332,0,6.4,21,499
MX-0411,Delhi City Mall,61, 20 ,1.0,21,499
MX-0411,Bengaluru City Mall,0,0,0.7,7,499
MX-0411,Hyderabad City Mall,97,0,3.3,10,499
MX-0411,Chennai City Mall,46,39,6.6,7,499
MX-0411,Kolkata City Mall,131,0,6.3,10,499
MX-0411,Pune City Mall,55.5, 28 ,6.0,5,499
MX-0411,Ahmedabad City Mall,20,11,1.1,10,499
MX-0411,Jaipur City Mall,39,0,5.3,5,499
MX-0411,Lucknow City Mall,12,0,1.2,10,499
MX-0411,Surat City Mall,232,106,4.6,21,499
MX-0411,Indore City Mall,37,0,,7,499
MX-0411,Nagpur City Mall,75,28,2.4,14,499
MX-0411,Kochi City Mall,65,0,3.9,5,499
MX-0411,Chandigarh City Mall,106,0,5.8,14,499
MX-0411,Bhopal City Mall,51,167,5.9,21,499
MX-0411,Patna City Mall,109,60,6.0,10,499
MX-0411,Vadodara City Mall,116,0,5.6,10,499
MX-0411,Ludhiana City Mall, 19 ,0,6.7,,499
MX-0411,Agra City Mall,96,36,6.5,5,499
MX-0412,Mumbai,34,14,0.6,21,1999
MX-0412,Delhi,190,0,7.3,10,1999
,Bengaluru,73,35,3.5,10,1999
MX-0412,Hyderabad,69,-9,3.8,21,1999
MX-0412,Chennai,4,0,7.0,14,1999
MX-0412,Kolkata,15,0,1.8,7,1999
MX-0412,Pune,71,0,6.5,10,1999
MX-0412,Ahmedabad, 1 ,0,1.2,7,1999
MX-0412,Jaipur,14,0,0.4,14,1999
MX-0412,Lucknow,26,0,6.0,21,1999
MX-0412,Surat,45,0,0.7,21,N/A
MX-0412,Indore,74,0,1.8,21,1999
MX-0412,Nagpur,69,27,2.9,10,1999
MX-0412,Kochi,30,12,1.3,10,1999
MX-0412,Chandigarh,37,0,7.3,14,1999
MX-0412,Bhopal,19,5,0.9,7,1999
MX-0412,Patna,71,0,4.6,21,1999
MX-0412,Vadodara,39,0,7.3,7,1999
MX-0412,Ludhiana,125,0,7.4,21,1999
MX-0412,Agra,186,91,6.7,14,1999
MX-0412,Nashik,94,96,7.4,10,1999
MX-0412,Meerut,84,0,4.4,21,1999
MX-0412,Rajkot,35,0,5.2,5,1999
MX-0412,Varanasi,59,0,4.5,10,1999
MX-0412,Amritsar,59,0,3.0,14,1999
MX-0412,Noida,58,0,4.8,5,1999
MX-0412,Gurugram,45,0,6.1,10,1999
MX-0412,Coimbatore,47,0,3.1,10,1999
MX-0412,Madurai,162,0,6.9,21 days,1999
MX-0412,Guwahati,162,0,6.7,14,1999
MX-0412,Mumbai City Mall,109,53,3.9,10,1999
MX-0412,Delhi City Mall,100,0,4.9,10,1999
MX-0412,Bengaluru City Mall,84,0,2.7,14,1999
MX-0412,Hyderabad City Mall,223,0,5.4,21,1999
MX-0412,Chennai City Mall,27,0,6.0,10,1999
MX-0412,Kolkata City Mall,162,0,6.0,14,1999
MX-0412,Pune City Mall,34,17,3.0,5,1999
MX-0412,Ahmedabad City Mall,113,58,3.6,14,1999
MX-0412,Jaipur City Mall,205,0,4.5,14,1999
MX-0412,Lucknow City Mall,36.5,0,3.8,14,1999
MX-0412,Surat City Mall,109,0,7.5,14,1999
MX-0412,Indore City Mall,53,0,3.9,5,1999
MX-0412,Nagpur City Mall,51,36,2.6,14,1999
MX-0412,Kochi City Mall,5,0,6.8,7,1999
MX-0412,Chandigarh City Mall,63,0,7.4,7,1999
MX-0412,Bhopal City Mall,31,9,1.7,7,1999
MX-0412,Patna City Mall,5,0,2.6,7,1999
MX-0412,Vadodara City Mall,74,0,1.1,21,1999
MX-0412,Ludhiana City Mall,27,0,6.2,14,1999
MX-0412,Agra City Mall,14,0,6.3,7,1999
MX-0413,Mumbai,28,0,3.2,7,3999
MX-0413,Delhi,19,0,4.4,5,3999
MX-0413,Bengaluru,-7,0,4.4,14,3999
MX-0413,Hyderabad,2,0,0.2,21,3999
MX-0413,Chennai,73,31,3.1,14,3999
MX-0413,Kolkata,1,11,1.7,7,3999
MX-0413,Pune,3,1,0.4,7,3999
MX-0413,Ahmedabad,59,0,7.3,5,3999
MX-0413,Jaipur,28,0,7.2,7,3999
MX-0413,Lucknow,16,0,4.9,5,3999
MX-0413,Surat,60,52,2.8,14,3999
MX-0413,Indore,26,0,2.2,10,3999
MX-0413,Indore,26,0,2.2,10,3999
MX-0413,Nagpur, 6 ,0,2.8,7,3999
MX-0413,Kochi,4,0,7.1,7,3999
MX-0413,Chandigarh,49,0,2.8,21,3999
MX-0413,Bhopal,226,0,5.2,21,3999
MX-0413,Patna,42,0,3.7,5,3999
MX-0413,Vadodara,61,0,4.9,10,3999
MX-0413,Ludhiana,414,0,7.1,21,3999
MX-0413,Agra,73,0,7.6,10,N/A
MX-0413,Nashik,141,0,7.4,10,3999
MX-0413,Meerut,43,0,1.5,,3999
MX-0413,Rajkot,103,0,2.8,14,3999
MX-0413,Varanasi,106,0,2.3,14,3999
MX-0413,Amritsar,4,-3,,21,3999
MX-0413,Noida,78,69,3.9,14,3999
MX-0413,Gurugram,84,45,6.2,10,3999
MX-0413,Coimbatore,71,0,3.2,7,3999
MX-0413,Madurai,46,0,3.0,5,3999
MX-0413,Guwahati,21,0,2.1,7,3999
MX-0413,Mumbai City Mall,28,0,4.4,14,3999
MX-0413,Delhi City Mall,57,8,2.7,7,3999
MX-0413,Bengaluru City Mall,15,0,0.7,14,3999
MX-0413,Hyderabad City Mall,40,0,4.9,7,3999
MX-0413,Chennai City Mall,62,0,6.9,10,3999
MX-0413,Kolkata City Mall,7,0,3.7,7,3999
MX-0413,Pune City Mall,23,0,1.4,5,3999
MX-0413,Ahmedabad City Mall,43,17,2.6,5,3999
MX-0413,Jaipur City Mall,143,0,7.7,10,3999
MX-0413,Lucknow City Mall,198,0,4.2,14,3999
MX-0413,Surat City Mall,65,0,1.2,21,3999
MX-0413,Indore City Mall,6,0,1.9,14,3999
MX-0413,Nagpur City Mall,88.5,0,5.7,5,3999
MX-0413,Kochi City Mall, 53 ,20,3.3,5,3999
MX-0413,Chandigarh City Mall,114,0,3.0,14,3999
MX-0413,Bhopal City Mall,125,0,2.4,21,3999
MX-0413,Patna City Mall,11,0,6.2,5,3999
MX-0413,Vadodara City Mall,31,0,7.0,21,3999
MX-0413,Ludhiana City Mall,25,11,0.4,21,3999
MX-0413,Agra City Mall,171,0,5.4,10,3999
MX-0414,Mumbai,100,0,6.2,21,199
MX-0414,Delhi,18,0,1.9,14,199
MX-0414,Bengaluru,76,0,5.0,5,199
,Hyderabad,4,0,1.3,14,199
MX-0414,Chennai,17,34,5.7,7,199
MX-0414,Kolkata,176,0,3.4,21,199
MX-0414,Pune,9,0,7.9,10,199
MX-0414,Ahmedabad,18,0,7.4,14 days,199
MX-0414,Jaipur,1,0,1.2,7,199
MX-0414,Lucknow,56,23,3.7,5,199
MX-0414,Surat,14,2,0.3,21,199
MX-0414,Indore,270,0,4.6,21,199
MX-0414,Nagpur,36,0,4.8,21,199
MX-0414,Kochi,3,2,0.6,7,199
MX-0414,Chandigarh,50,0,2.4,21,199
MX-0414,Bhopal,10,0,6.8,5,199
MX-0414,Patna,19,15,6.6,5,199
MX-0414,Vadodara,61,32,1.7,14,199
MX-0414,Ludhiana,137,22,7.4,7,199
MX-0414,Agra,9,0,7.4,21,199
MX-0414,Nashik,39,0,2.8,5,199
MX-0414,Meerut,11,0,5.7,21,199
MX-0414,Rajkot,63,0,5.1,7,199
MX-0414,Varanasi,130,0,3.1,14,199
MX-0414,Amritsar,26,107,3.9,21,199
MX-0414,Noida,182,125,4.8,21,199
MX-0414,Gurugram,134,0,6.9,21,199
MX-0414,Coimbatore,30,0,4.1,7,199
MX-0414,Madurai, 25 ,0,1.6,21,N/A
MX-0414,Guwahati,27,0,0.7,14,199
MX-0414,Mumbai City Mall,35,0,6.5,5,199
MX-0414,Delhi City Mall,104,0,3.4,10,199
MX-0414,Bengaluru City Mall, 47 ,0,5.0,10,199
MX-0414,Hyderabad City Mall,47,44,5.7,7,199
MX-0414,Chennai City Mall,76,16,3.3,7,199
MX-0414,Kolkata City Mall,121,0,7.8,5,199
MX-0414,Pune City Mall,5,0,2.9,10,199
MX-0414,Ahmedabad City Mall,26,0,3.3,5,199
MX-0414,Jaipur City Mall,321,0,5.6,21,199
MX-0414,Lucknow City Mall,62,0,4.1,5,199
MX-0414,Surat City Mall,5,0,0.4,7,199
MX-0414,Indore City Mall,(7),0,7.0,14,199
MX-0414,Nagpur City Mall,56,26,7.5,5,199
MX-0414,Kochi City Mall,29,17,0.7,21,199
MX-0414,Chandigarh City Mall,71,0,6.0,,199
MX-0414,Bhopal City Mall,36.5,-11,2.6,5,199
MX-0414,Patna City Mall,50,0,5.7,21,199
MX-0414,Vadodara City Mall,36,0,3.1,5,199
MX-0414,Ludhiana City Mall,0,0,1.3,14,199
MX-0414,Agra City Mall,53,18,5.8,7,199
MX-0415,Mumbai,156,71,5.9,14,999
MX-0415,Delhi, 73 ,0,4.0,10,999
MX-0415,Bengaluru,44,0,3.8,7,999
MX-0415,Hyderabad,168, 115 ,6.6,14,999
MX-0415,Chennai,16,0,0.3,21,999
MX-0415,Kolkata,21,0,1.1,14,999
MX-0415,Pune,0,1,0.2,7,999
MX-0415,Ahmedabad,34,0,,14,999
MX-0415,Jaipur,69,0,2.3,10,999
MX-0415,Jaipur,69,0,2.3,10,999
MX-0415,Lucknow,24,8,1.2,7,999
MX-0415,Surat,268,0,6.6,21,999
MX-0415,Indore,67,26,2.7,10,999
MX-0415,Nagpur,166,0,7.0,14,999
MX-0415,Kochi,74,0,3.0,14,999
MX-0415,Chandigarh,78,0,7.7,5,999
MX-0415,Bhopal,123,35,3.0,21,999
MX-0415,Patna,6,0,0.6,7,999
MX-0415,Vadodara,74,0,3.4,7,999
MX-0415,Ludhiana,202,89,6.2,14,999
MX-0415,Agra,427,0,6.4,21,999
MX-0415,Nashik,98,0,5.8,5,999
MX-0415,Meerut,34,61,5.0,14,999
MX-0415,Rajkot,186,164,7.9,21,999
MX-0415,Varanasi,91,0,3.7,10,999
MX-0415,Amritsar,81,50,5.5,7,999
MX-0415,Noida,4,24,2.9,14,999
MX-0415,Gurugram,25,10,1.1,7,999
MX-0415,Coimbatore,37,0,4.1,5,999
MX-0415,Madurai,41,0,1.9,7,999
MX-0415,Guwahati,7,0,5.1,5,999
MX-0415,Mumbai City Mall,19,0,1.4,10,999
MX-0415,Delhi City Mall,11,0,2.6,21,999
MX-0415,Bengaluru City Mall,43,56,6.5,10,999
MX-0415,Hyderabad City Mall,50,37,5.9,5,999
MX-0415,Chennai City Mall,81,0,6.5,5,999
MX-0415,Kolkata City Mall,88,0,7.0,7,999
MX-0415,Pune City Mall, 100 ,0,3.0,10 days,999
MX-0415,Ahmedabad City Mall,254,0,4.5,21,N/A
MX-0415,Jaipur City Mall,19,4,0.7,10,999
MX-0415,Lucknow City Mall,46,0,3.4,10,999
MX-0415,Surat City Mall,23,0,1.2,10,999
MX-0415,Indore City Mall,81,0,5.8,5,999
MX-0415,Nagpur City Mall,25,0,7.2,14,999
MX-0415,Kochi City Mall,30,0,3.6,5,999
MX-0415,Chandigarh City Mall,19,0,2.2,5,999
MX-0415,Bhopal City Mall,272,0,6.1,14,999
MX-0415,Patna City Mall,104,0,6.1,7,999
MX-0415,Vadodara City Mall, 95 ,0,3.6,14,999
MX-0415,Ludhiana City Mall,10.5,0,1.1,21,999
MX-0415,Agra City Mall,356,0,6.1,21,999
MX-0416,Mumbai,173,0,6.9,10,3999
MX-0416,Delhi,21,0,1.5,10,3999
MX-0416,Bengaluru,158,46,4.2,14,3999
MX-0416,Hyderabad,11, 2 ,0.8,5,3999
,Chennai,72,0,2.2,21,3999
MX-0416,Kolkata,64,0,3.5,10,3999
MX-0416,Pune,73,0,4.8,5,3999
MX-0416,Ahmedabad,92,56,6.1,10,3999
MX-0416,Jaipur, 222 ,0,7.5,14,3999
MX-0416,Lucknow,117,0,4.3,14,3999
MX-0416,Surat,14,9,0.8,10,3999
MX-0416,Indore,2,0,0.5,10,3999
MX-0416,Nagpur,30,0,2.9,14,3999
MX-0416,Kochi,338,0,7.1,21,3999
MX-0416,Chandigarh,96,0,6.7,7,3999
MX-0416,Bhopal,3,0,0.5,14,3999
MX-0416,Patna, 127 ,-6,6.3,21,3999
MX-0416,Vadodara,1,0,4.5,,3999
MX-0416,Ludhiana,8,0,1.6,7,3999
MX-0416,Agra,168, 62 ,7.0,10,3999
MX-0416,Nashik,107,0,4.2,14,3999
MX-0416,Meerut, 149 ,0,7.7,10,3999
MX-0416,Rajkot,272,0,6.1,21,3999
MX-0416,Varanasi,19,22,3.3,5,3999
MX-0416,Amritsar,52,0,4.5,14,3999
MX-0416,Noida,159,0,5.1,10,3999
MX-0416,Gurugram,38,0,5.9,5,3999
MX-0416,Coimbatore,49,0,7.9,5,3999
MX-0416,Madurai,102,0,7.5,5,3999
MX-0416,Guwahati,164,55,6.3,10,3999
MX-0416,Mumbai City Mall,-3,167,7.1,21,3999
MX-0416,Delhi City Mall,122, 143 ,6.9,21,3999
MX-0416,Bengaluru City Mall,17,0,7.2,14,3999
MX-0416,Hyderabad City Mall,42,0,6.9,10,3999
MX-0416,Chennai City Mall,70,0,4.0,7,3999
MX-0416,Kolkata City Mall,475,0,7.1,21,3999
MX-0416,Pune City Mall,27,0,2.0,14,3999
MX-0416,Ahmedabad City Mall,160,0,8.0,21,3999
MX-0416,Jaipur City Mall,59,0,6.9,5,3999
MX-0416,Lucknow City Mall,60, 37 ,5.2,7,3999
MX-0416,Surat City Mall,5,0,,10,3999
MX-0416,Indore City Mall,56,0,7.3,7,3999
MX-0416,Nagpur City Mall, 12 ,0,5.3,5,3999
MX-0416,Kochi City Mall,20,0,3.1,5,3999
MX-0416,Chandigarh City Mall,44,0,4.0,7,3999
MX-0416,Bhopal City Mall,53, 24 ,7.0,5,3999
MX-0416,Patna City Mall,388,0,5.7,21,N/A
MX-0416,Vadodara City Mall,57,0,5.0,5,3999
MX-0416,Ludhiana City Mall,106,0,7.5,10,3999
MX-0416,Agra City Mall,204,0,7.3,10,3999
MX-0417,Mumbai,19,0,4.1,14,499
MX-0417,Delhi,2.5,0,4.2,10,499
MX-0417,Bengaluru,12,0,2.2,7,499
MX-0417,Hyderabad,27,0,5.2,5,499
MX-0417,Chennai,76,24,5.9,7,499
MX-0417,Kolkata,120,39,3.5,14,499
MX-0417,Kolkata,120,39,3.5,14,499
MX-0417,Pune,87,0,5.6,7,499
MX-0417,Ahmedabad,20,56,3.2,14,499
MX-0417,Jaipur,22,31,6.5,5,499
MX-0417,Lucknow,60,22,1.9,21,499
MX-0417,Surat,200,0,6.8,21,499
MX-0417,Indore,73,0,4.7,5,499
MX-0417,Nagpur,35,0,6.2,5,499
MX-0417,Kochi,81,0,7.2,5,499
MX-0417,Chandigarh,72,0,4.0,10,499
MX-0417,Bhopal,331,0,4.9,21 days,499
MX-0417,Patna,3,0,2.4,21,499
MX-0417,Vadodara,16,0,3.5,7,499
MX-0417,Ludhiana,5,0,4.8,10,499
MX-0417,Agra,62,0,1.0,21,499
MX-0417,Nashik,97,0,7.8,7,499
MX-0417,Meerut, 65 ,0,5.7,7,499
MX-0417,Rajkot,121,76,2.6,21,499
MX-0417,Varanasi,25,0,1.6,7,499
MX-0417,Amritsar,3,2,0.5,10,499
MX-0417,Noida,142,0,7.9,7,499
MX-0417,Gurugram,164,0,6.1,10,499
MX-0417,Coimbatore,69,0,4.8,5,499
MX-0417,Madurai,24,17,0.8,21,499
MX-0417,Guwahati,2,0,0.2,5,499
MX-0417,Mumbai City Mall,36,0,5.4,21,499
MX-0417,Delhi City Mall,22,0,1.8,10,499
MX-0417,Bengaluru City Mall,1,0,6.6,10,499
MX-0417,Hyderabad City Mall,14,0,5.2,10,499
MX-0417,Chennai City Mall, 4 ,19,1.9,10,499
MX-0417,Kolkata City Mall,57,0,6.0,5,499
MX-0417,Pune City Mall,121,0,3.4,14,499
MX-0417,Ahmedabad City Mall,129,-19,2.4,21,499
MX-0417,Jaipur City Mall,10,0,0.4,10,499
MX-0417,Lucknow City Mall,18,0,5.8,14,499
MX-0417,Surat City Mall,117,39,6.9,,499
MX-0417,Indore City Mall,13,7,1.0,7,499
MX-0417,Nagpur City Mall,28,0,6.1,10,499
MX-0417,Kochi City Mall,63,0,7.6,10,499
MX-0417,Chandigarh City Mall,0,0,2.0,5,499
MX-0417,Bhopal City Mall,149,0,5.5,10,499
MX-0417,Patna City Mall,53,10,4.8,5,499
MX-0417,Vadodara City Mall, 1 ,0,1.5,5,499
MX-0417,Ludhiana City Mall,36,0,5.8,7,499
MX-0417,Agra City Mall,37,0,2.9,5,499
MX-0418,Mumbai,200,0,6.6,10,499
MX-0418,Delhi,14,0,2.6,10,499
MX-0418,Bengaluru,24,0,2.1,5,499
MX-0418,Hyderabad,18,0,3.8,5,499
MX-0418,Chennai,65.5,0,5.3,5,499
,Kolkata,68,0,4.4,5,N/A
MX-0418,Pune, 103 ,0,6.5,10,499
MX-0418,Ahmedabad,163,30,3.7,14,499
MX-0418,Jaipur, 65 ,0,4.0,10,499
MX-0418,Lucknow,79,0,7.8,21,499
MX-0418,Surat,3,0,2.7,5,499
MX-0418,Indore,67,0,4.3,7,499
MX-0418,Nagpur,51,0,1.8,14,499
MX-0418,Kochi,1,0,2.2,5,499
MX-0418,Chandigarh,341, 61 ,7.2,21,499
MX-0418,Bhopal,199,49,5.4,21,499
MX-0418,Patna,18,0,0.9,7,499
MX-0418,Vadodara, 116 ,24,1.9,21,499
MX-0418,Ludhiana,5,0,0.5,5,499
MX-0418,Agra,-9,0,6.7,21,499
MX-0418,Nashik, 233 ,0,4.1,21,499
MX-0418,Meerut,83,0,6.6,10,499
MX-0418,Rajkot,106,0,2.5,14,499
MX-0418,Varanasi,238,0,,21,499
MX-0418,Amritsar,178,39,6.9,14,499
MX-0418,Noida,54,0,3.3,5,499
MX-0418,Gurugram,0,3,0.6,5,499
MX-0418,Coimbatore,25,0,1.7,14,499
MX-0418,Madurai,52,0,4.6,5,499
MX-0418,Guwahati,51,0,7.0,5,499
MX-0418,Mumbai City Mall,128,0,6.9,14,499
MX-0418,Delhi City Mall,3,0,4.4,5,499
MX-0418,Bengaluru City Mall,56,0,4.0,5,499
MX-0418,Hyderabad City Mall,233,57,5.6,14,499
MX-0418,Chennai City Mall,58,0,7.2,10,499
MX-0418,Kolkata City Mall,23,0,5.0,5,499
MX-0418,Pune City Mall,1,0,1.5,7,499
MX-0418,Ahmedabad City Mall,348,0,6.4,21,499
MX-0418,Jaipur City Mall,34,0,1.6,21,499
MX-0418,Lucknow City Mall,61,20,6.0,5,499
MX-0418,Surat City Mall,25,39,4.8,10,499
MX-0418,Indore City Mall,34,25,3.1,7,499
MX-0418,Nagpur City Mall,24,0,5.3,10,499
MX-0418,Kochi City Mall,208,0,5.7,21,499
MX-0418,Chandigarh City Mall,41,0,6.6,21 days,499
MX-0418,Bhopal City Mall,117,0,6.7,7,499
MX-0418,Patna City Mall,81,13,6.6,5,499
MX-0418,Vadodara City Mall,178,0,6.0,21,499
MX-0418,Ludhiana City Mall,16,0,1.8,7,499
MX-0418,Agra City Mall,222,0,4.2,21,499
MX-0419,Mumbai, 4 ,0,6.7,5,3999
MX-0419,Delhi,41,0,2.8,7,3999
MX-0419,Bengaluru,23,0,4.7,5,3999
MX-0419,Bengaluru,23,0,4.7,5,3999
MX-0419,Hyderabad,0,0,3.5,5,3999
MX-0419,Chennai,24,86,4.5,14,3999
MX-0419,Kolkata,257,0,6.7,21,3999
MX-0419,Pune,12,0,7.4,10,3999
MX-0419,Ahmedabad,23.5,11,1.3,7,3999
MX-0419,Jaipur,37,-6,2.7,5,3999
MX-0419,Lucknow,179,0,2.8,21,3999
MX-0419,Surat,50,0,8.0,21,3999
MX-0419,Indore,136,0,3.2,14,3999
MX-0419,Nagpur,57,0,2.5,14,3999
MX-0419,Kochi,38,0,5.8,,3999
MX-0419,Chandigarh,7,0,1.9,5,N/A
MX-0419,Bhopal,33,0,0.6,21,3999
MX-0419,Patna,32,0,3.6,10,3999
MX-0419,Vadodara,6,5,0.7,7,3999
MX-0419,Ludhiana,49,0,3.7,5,3999
MX-0419,Agra,34,0,1.8,10,3999
MX-0419,Nashik,44,0,1.0,14,3999
MX-0419,Meerut,6,0,0.7,7,3999
MX-0419,Rajkot,67,0,5.1,7,3999
MX-0419,Varanasi,17,0,2.1,10,3999
MX-0419,Amritsar,2, 47 ,2.5,14,3999
MX-0419,Noida,227,38,8.0,10,3999
MX-0419,Gurugram,16,0,1.2,10,3999
MX-0419,Coimbatore,161,0,3.7,21,3999
MX-0419,Madurai,127,0,6.4,7,3999
MX-0419,Guwahati,166,0,7.9,14,3999
MX-0419,Mumbai City Mall,129,0,5.1,21,3999
MX-0419,Delhi City Mall,335,0,5.4,21,3999
MX-0419,Bengaluru City Mall,9,1,0.5,7,3999
MX-0419,Hyderabad City Mall,4,0,1.8,7,3999
MX-0419,Chennai City Mall,76,30,5.3,7,3999
MX-0419,Kolkata City Mall,12,0,4.5,10,3999
MX-0419,Pune City Mall,215,42,6.5,10,3999
MX-0419,Ahmedabad City Mall,69,0,4.7,21,3999
MX-0419,Jaipur City Mall,64,20,2.1,10,3999
MX-0419,Lucknow City Mall,5,8,1.0,7,3999
MX-0419,Surat City Mall,19,7,1.7,5,3999
MX-0419,Indore City Mall,14,19,3.3,7,3999
MX-0419,Nagpur City Mall,13,0,3.0,5,3999
MX-0419,Kochi City Mall,211,0,4.2,21,3999
MX-0419,Chandigarh City Mall,5,0,0.4,10,3999
MX-0419,Bhopal City Mall,125,0,3.5,21,3999
MX-0419,Patna City Mall,148,0,6.4,14,3999
MX-0419,Vadodara City Mall,183,0,5.5,21,3999
MX-0419,Ludhiana City Mall,50,0,1.5,14,3999
MX-0419,Agra City Mall,36,0,1.7,7,3999
MX-0420,Mumbai,358,0,8.0,14,1999
MX-0420,Delhi,322,0,7.6,21,1999
MX-0420,Bengaluru,45,0,2.8,5,1999
MX-0420,Hyderabad,35,12,1.7,10,1999
MX-0420,Chennai,45,0,2.5,10,1999
MX-0420,Kolkata,144,0,5.2,21,1999
,Pune,5,0,,14,1999
MX-0420,Ahmedabad,213,0,7.4,10,1999
MX-0420,Jaipur,(4),0,0.7,21,1999
MX-0420,Lucknow,50,0,4.9,7,1999
MX-0420,Surat,78.5,0,6.5,7,1999
MX-0420,Indore, 15 ,0,7.2,5,1999
MX-0420,Nagpur,15,0,3.8,21,1999
MX-0420,Kochi,27,16,2.8,7,1999
MX-0420,Chandigarh,48,33,7.9,5,1999
MX-0420,Bhopal,28,0,5.3,21,1999
MX-0420,Patna,0,0,0.7,14,1999
MX-0420,Vadodara,144,0,7.8,10,1999
MX-0420,Ludhiana,408,0,7.0,21,1999
MX-0420,Agra,48,0,3.2,21,1999
MX-0420,Nashik,17,18,3.0,5,1999
MX-0420,Meerut,195,0,6.4,10,1999
MX-0420,Rajkot,11,9,1.8,7,1999
MX-0420,Varanasi, 41 ,0,2.8,10 days,N/A
MX-0420,Amritsar,89,0,2.0,14,1999
MX-0420,Noida,150,0,6.7,14,1999
MX-0420,Gurugram,14,10,0.4,21,1999
MX-0420,Coimbatore,1,0,1.8,5,1999
MX-0420,Madurai,29,34,5.6,5,1999
MX-0420,Guwahati,8,-4,7.9,7,1999
MX-0420,Mumbai City Mall,16,0,1.3,10,1999
MX-0420,Delhi City Mall,129,0,7.2,7,1999
MX-0420,Bengaluru City Mall,23,16,4.5,7,1999
MX-0420,Hyderabad City Mall,0,7,2.0,7,1999
MX-0420,Chennai City Mall,42,0,2.9,7,1999
MX-0420,Kolkata City Mall,25,20,1.6,10,1999
MX-0420,Pune City Mall, 151 ,0,7.5,,1999
MX-0420,Ahmedabad City Mall,130,0,7.2,10,1999
MX-0420,Jaipur City Mall,43,0,7.0,21,1999
MX-0420,Lucknow City Mall,83,0,2.7,10,1999
MX-0420,Surat City Mall,110,32,2.7,14,1999
MX-0420,Indore City Mall,125,0,6.3,7,1999
MX-0420,Nagpur City Mall,47,0,3.0,21,1999
MX-0420,Kochi City Mall,1,7,1.1,10,1999
MX-0420,Chandigarh City Mall,55,0,6.9,21,1999
MX-0420,Bhopal City Mall,87,0,5.7,10,1999
MX-0420,Patna City Mall,93,0,7.1,5,1999
MX-0420,Vadodara City Mall,120,0,7.9,21,1999
MX-0420,Ludhiana City Mall,91,42,4.4,7,1999
MX-0420,Agra City Mall,184,112,6.8,14,1999
MX-0420,Agra City Mall,184,112,6.8,14,1999
MX-0421,Mumbai,62,0,3.0,10,499
MX-0421,Delhi,123,0,3.3,21,499
MX-0421,Bengaluru,8,0,4.6,5,499
MX-0421,Hyderabad,129,0,4.7,14,499
MX-0421,Chennai,50,9,0.8,21,499
MX-0421,Kolkata,209,0,7.2,14,499
MX-0421,Pune,35,30,4.4,5,499
MX-0421,Ahmedabad,42,0,3.4,5,499
MX-0421,Jaipur,102,0,3.1,14,499
MX-0421,Lucknow,11,0,0.3,14,499
MX-0421,Surat,387,0,6.6,21,499
MX-0421,Indore,24,23,4.4,7,499
MX-0421,Nagpur,198,0,5.8,21,499
MX-0421,Kochi,28.5,18,4.6,5,499
MX-0421,Chandigarh,11,0,0.9,7,499
MX-0421,Bhopal,134,0,3.9,14,499
MX-0421,Patna,68,0,2.9,14,499
MX-0421,Vadodara,105,0,6.8,10,499
MX-0421,Ludhiana,1,0,0.3,5,499
MX-0421,Agra,65,33,2.7,10,499
MX-0421,Nashik,11,0,7.2,21,499
MX-0421,Meerut,87,0,6.7,5,499
MX-0421,Rajkot,10,5,0.9,10,499
MX-0421,Varanasi,22,0,6.5,14,499
MX-0421,Amritsar,15,0,1.4,5,499
MX-0421,Noida, 131 ,0,7.7,10,499
MX-0421,Gurugram, 87 ,40,7.1,5,499
MX-0421,Coimbatore,3,0,1.1,5,499
MX-0421,Madurai,280,0,6.5,21,499
MX-0421,Guwahati,75,0,2.8,14,499
MX-0421,Mumbai City Mall,8,0,4.2,7,499
MX-0421,Delhi City Mall,15,2,0.5,10,499
MX-0421,Bengaluru City Mall, 13 ,0,4.5,10,N/A
MX-0421,Hyderabad City Mall,92,0,6.4,5,499
MX-0421,Chennai City Mall,51,0,1.3,14,499
MX-0421,Kolkata City Mall,81,0,5.5,7,499
MX-0421,Pune City Mall,157,0,2.9,21,499
MX-0421,Ahmedabad City Mall,33,0,2.0,14,499
MX-0421,Jaipur City Mall,66,0,6.9,10,499
MX-0421,Lucknow City Mall,47,0,,7,499
MX-0421,Surat City Mall,62,0,6.3,5,499
MX-0421,Indore City Mall,311,0,5.9,21,499
MX-0421,Nagpur City Mall,140,0,4.5,10,499
MX-0421,Kochi City Mall,9,0,0.3,21,499
MX-0421,Chandigarh City Mall,260,0,5.8,21,499
MX-0421,Bhopal City Mall,5,0,5.0,5,499
MX-0421,Patna City Mall,425,0,7.4,21,499
MX-0421,Vadodara City Mall,-3,24,1.3,14,499
MX-0421,Ludhiana City Mall,45,0,6.7,5,499
MX-0421,Agra City Mall,41,0,4.3,7,499
MX-0422,Mumbai,10,-20,0.9,5,199
MX-0422,Delhi, 89 ,0,7.3,14,199
MX-0422,Bengaluru,36,54,7.0,7 days,199
MX-0422,Hyderabad,48,42,3.5,10,199
MX-0422,Chennai,4,0,1.3,5,199
MX-0422,Kolkata,12,30,6.0,5,199
MX-0422,Pune,35,0,2.3,7,199
,Ahmedabad,45,0,1.3,14,199
MX-0422,Jaipur,37,11,5.2,5,199
MX-0422,Lucknow,107,0,4.4,,199
MX-0422,Surat,28,0,0.6,21,199
MX-0422,Indore, 1 ,0,2.5,10,199
MX-0422,Nagpur,254,0,5.9,14,199
MX-0422,Kochi,55,9,2.6,7,199
MX-0422,Chandigarh,87,0,4.1,7,199
MX-0422,Bhopal,70,0,1.8,21,199
MX-0422,Patna,5.5,3,0.8,10,199
MX-0422,Vadodara,80,0,3.8,7,199
MX-0422,Ludhiana,55,68,4.1,21,199
MX-0422,Agra,370,0,7.6,21,199
MX-0422,Nashik,2,0,2.5,10,199
MX-0422,Meerut,14,0,1.0,7,199
MX-0422,Rajkot, 121 ,0,3.5,14,199
MX-0422,Varanasi,233,74,8.0,21,199
MX-0422,Amritsar, 192 ,150,8.0,21,199
MX-0422,Noida,115,0,7.8,7,199
MX-0422,Gurugram,102,0,4.2,10,199
MX-0422,Coimbatore,90,0,2.1,14,199
MX-0422,Madurai,248,0,8.0,10,199
MX-0422,Guwahati,88,0,5.5,5,199
MX-0422,Mumbai City Mall,34,0,2.0,10,199
MX-0422,Delhi City Mall,31,28,7.7,7,199
MX-0422,Bengaluru City Mall,88,0,3.7,10,199
MX-0422,Hyderabad City Mall,28,0,2.4,7,199
MX-0422,Chennai City Mall,20,0,1.7,5,199
MX-0422,Kolkata City Mall,75,0,3.4,7,199
MX-0422,Pune City Mall,110,0,3.3,21,199
MX-0422,Ahmedabad City Mall,104,38,4.1,10,199
MX-0422,Jaipur City Mall,29,0,3.6,5,199
MX-0422,Lucknow City Mall,12,0,3.7,10,199
MX-0422,Surat City Mall, 64 ,0,7.4,7,199
MX-0422,Indore City Mall,171,0,3.5,21,N/A
MX-0422,Nagpur City Mall,339,0,5.0,21,199
MX-0422,Kochi City Mall,1,0,0.8,21,199
MX-0422,Chandigarh City Mall,2,0,1.5,14,199
MX-0422,Bhopal City Mall,48,16,1.4,14,199
MX-0422,Patna City Mall,21,0,1.6,5,199
MX-0422,Patna City Mall,21,0,1.6,5,199
MX-0422,Vadodara City Mall,26,0,0.9,10,199
MX-0422,Ludhiana City Mall,30,0,4.9,21,199
MX-0422,Agra City Mall,1,0,1.4,7,199
MX-0423,Mumbai,8,0,1.0,7,1999
MX-0423,Delhi,19,0,0.5,21,1999
MX-0423,Bengaluru,50,0,2.9,10,1999
MX-0423,Hyderabad,17,0,1.0,7,1999
MX-0423,Chennai,12,0,1.4,5,1999
MX-0423,Kolkata,143,224,7.8,21,1999
MX-0423,Pune,386,0,5.8,21,1999
MX-0423,Ahmedabad,0,0,3.8,5,1999
MX-0423,Jaipur,209,0,5.4,21,1999
MX-0423,Lucknow,45,17,3.6,5,1999
MX-0423,Surat,103,0,5.8,21,1999
MX-0423,Indore,8,9,2.8,5,1999
MX-0423,Nagpur,45,0,1.2,14,1999
MX-0423,Kochi,299,0,7.6,21,1999
MX-0423,Chandigarh,24,30,7.6,7,1999
MX-0423,Bhopal,28,10,1.4,7,1999
MX-0423,Patna,20,7,0.6,14,1999
MX-0423,Vadodara,100,92,6.2,14,1999
MX-0423,Ludhiana,38,0,6.8,10,1999
MX-0423,Agra,214.5,0,4.5,21,1999
MX-0423,Nashik,62,0,1.9,14,1999
MX-0423,Meerut,186,-13,7.0,21,1999
MX-0423,Rajkot,2,0,,7,1999
MX-0423,Varanasi,123,45,7.8,7,1999
MX-0423,Amritsar,88,0,1.3,21,1999
MX-0423,Noida,29,0,2.4,10,1999
MX-0423,Gurugram,0,0,1.0,14,1999
MX-0423,Coimbatore,38,0,2.9,5,1999
MX-0423,Madurai,32,0,4.8,5,1999
MX-0423,Guwahati,29,0,5.9,14,1999
MX-0423,Mumbai City Mall,12,9,1.5,10,1999
MX-0423,Delhi City Mall,81,0,4.4,21 days,1999
MX-0423,Bengaluru City Mall,120,65,7.7,,1999
MX-0423,Hyderabad City Mall,11,0,0.6,21,1999
MX-0423,Chennai City Mall,43,0,3.3,5,1999
MX-0423,Kolkata City Mall,49,0,7.3,10,1999
MX-0423,Pune City Mall,(1),0,3.1,21,1999
MX-0423,Ahmedabad City Mall,17,0,2.0,5,1999
MX-0423,Jaipur City Mall,203,0,5.7,14,1999
MX-0423,Lucknow City Mall,146,0,7.7,10,1999
MX-0423,Surat City Mall, 14 ,0,2.6,5,1999
MX-0423,Indore City Mall,124,115,6.3,14,1999
MX-0423,Nagpur City Mall,25,70,6.1,10,1999
MX-0423,Kochi City Mall,20,8,1.2,14,1999
MX-0423,Chandigarh City Mall,219,0,8.0,14,1999
MX-0423,Bhopal City Mall,32,0,3.3,10,1999
MX-0423,Patna City Mall,197,0,7.8,10,1999
MX-0423,Vadodara City Mall, 252 ,0,5.9,14,1999
MX-0423,Ludhiana City Mall,3,0,2.2,5,1999
MX-0423,Agra City Mall,2,0,1.0,5,1999
MX-0424,Mumbai,13,0,5.9,5,N/A
MX-0424,Delhi,102,32,4.2,10,3999
MX-0424,Bengaluru,78,0,6.3,7,3999
MX-0424,Hyderabad,58,0,2.8,14,3999
MX-0424,Chennai,41,0,4.7,7,3999
MX-0424,Kolkata,93,0,5.8,5,3999
MX-0424,Pune, 128 ,26,3.0,14,3999
MX-0424,Ahmedabad,4,0,4.0,5,3999
,Jaipur,44,0,3.9,7,3999
MX-0424,Lucknow,1,0,2.7,5,3999
MX-0424,Surat,296,49,5.1,21,3999
MX-0424,Indore,17,0,7.8,5,3999
MX-0424,Nagpur,14,0,1.9,5,3999
MX-0424,Kochi,87,0,6.3,7,3999
MX-0424,Chandigarh,8,0,1.8,5,3999
MX-0424,Bhopal,2,0,5.0,5,3999
MX-0424,Patna,373,0,7.5,21,3999
MX-0424,Vadodara,248,0,7.9,10,3999
MX-0424,Ludhiana,80,0,6.9,10,3999
MX-0424,Agra,11,0,4.8,21,3999
MX-0424,Nashik,164,0,7.8,10,3999
MX-0424,Meerut,40,0,6.0,5,3999
MX-0424,Rajkot,14.5,0,1.1,10,3999
MX-0424,Varanasi,122, 42 ,5.5,10,3999
MX-0424,Amritsar,7,0,0.8,10,3999
MX-0424,Noida,83,0,4.5,21,3999
MX-0424,Gurugram,27,0,6.5,14,3999
MX-0424,Coimbatore,64,0,7.2,5,3999
MX-0424,Madurai,50,19,3.3,5,3999
MX-0424,Guwahati,26,0,3.3,5,3999
MX-0424,Mumbai City Mall,1,0,0.2,5,3999
MX-0424,Delhi City Mall,29,0,4.8,5,3999
MX-0424,Bengaluru City Mall,181,33,5.9,10,3999
MX-0424,Hyderabad City Mall,70,0,4.8,5,3999
MX-0424,Chennai City Mall,25,0,2.1,5,3999
MX-0424,Kolkata City Mall,22,0,0.8,10,3999
MX-0424,Pune City Mall,30,0,2.1,5,3999
MX-0424,Ahmedabad City Mall,3,0,0.4,5,3999
MX-0424,Jaipur City Mall,37,0,3.5,14,3999
MX-0424,Lucknow City Mall,14, 17 ,3.3,10,3999
MX-0424,Surat City Mall,14,0,4.1,5,3999
MX-0424,Indore City Mall,3,0,0.9,5,3999
MX-0424,Nagpur City Mall,5,-11,0.7,7,3999
MX-0424,Kochi City Mall,87,0,4.6,10,3999
MX-0424,Kochi City Mall,87,0,4.6,10,3999
MX-0424,Chandigarh City Mall,45,0,3.6,7,3999
MX-0424,Bhopal City Mall,64,0,8.0,5,3999
MX-0424,Patna City Mall,13,0,1.8,7,3999
MX-0424,Vadodara City Mall,176,0,4.0,21,3999
MX-0424,Ludhiana City Mall,236,0,5.9,21,3999
MX-0424,Agra City Mall,70,30,4.5,5,3999
MX-0425,Mumbai,14,0,2.9,14,499
MX-0425,Delhi,24,0,3.1,5,499
MX-0425,Bengaluru,67,0,2.2,10,499
MX-0425,Hyderabad,1,0,1.1,7,499
MX-0425,Chennai,4,0,0.7,5,499
MX-0425,Kolkata,78,0,,,499
MX-0425,Pune,51,0,7.9,10,499
MX-0425,Ahmedabad,64,0,5.2,5,499
MX-0425,Jaipur,124,72,3.8,21,499
MX-0425,Lucknow,0,0,2.6,5,N/A
MX-0425,Surat, 346 ,0,7.6,14 days,499
MX-0425,Indore,118,0,8.0,5,499
MX-0425,Nagpur,133,0,7.7,14,499
MX-0425,Kochi,31,0,5.0,10,499
MX-0425,Chandigarh,9,0,0.4,7,499
MX-0425,Bhopal,26,0,6.8,7,499
MX-0425,Patna,42,0,1.7,21,499
MX-0425,Vadodara,31,0,2.2,14,499
MX-0425,Ludhiana, 281 ,0,6.2,14,499
MX-0425,Agra, 3 ,0,5.9,5,499
MX-0425,Nashik,129,0,7.9,5,499
MX-0425,Meerut,14,0,5.6,10,499
MX-0425,Rajkot,1,0,1.8,14,499
MX-0425,Varanasi,28,0,4.4,21,499
MX-0425,Amritsar,70,0,4.3,10,499
MX-0425,Noida,125.5,0,6.8,14,499
MX-0425,Gurugram,13,0,1.9,7,499
MX-0425,Coimbatore,1,0,1.3,5,499
MX-0425,Madurai,42,0,4.5,7,499
MX-0425,Guwahati,242,0,4.1,21,499
MX-0425,Mumbai City Mall,214,0,4.5,21,499
MX-0425,Delhi City Mall,72,0,5.4,5,499
MX-0425,Bengaluru City Mall,343,111,6.7,21,499
MX-0425,Hyderabad City Mall, 168 ,0,6.3,21,499
MX-0425,Chennai City Mall,81,26,5.3,5,499
MX-0425,Kolkata City Mall,21,0,1.2,21,499
MX-0425,Pune City Mall,33,13,1.9,7,499
MX-0425,Ahmedabad City Mall,142, 41 ,6.3,10,499
MX-0425,Jaipur City Mall,49,0,0.9,21,499
MX-0425,Lucknow City Mall,47,44,6.5,7,499
MX-0425,Surat City Mall,204,99,4.9,21,499
MX-0425,Indore City Mall,7,4,0.4,14,499
MX-0425,Nagpur City Mall,64,0,3.5,10,499
MX-0425,Kochi City Mall, 11 ,0,0.7,21,499
MX-0425,Chandigarh City Mall,75,34,1.8,21,499
MX-0425,Bhopal City Mall, 51 ,0,3.9,7,499
MX-0425,Patna City Mall,116,0,7.2,10,499
MX-0425,Vadodara City Mall,7,17,1.8,10,499
MX-0425,Ludhiana City Mall,4,7,1.2,5,499
MX-0425,Agra City Mall,131,0,7.2,14,499
MX-0426,Mumbai,253,0,6.0,21,499
MX-0426,Delhi,7,0,3.7,14,499
MX-0426,Bengaluru,11,0,1.5,10,499
MX-0426,Hyderabad, 75 ,101,7.9,10,499
MX-0426,Chennai,98,48,4.4,14,499
MX-0426,Kolkata,224,57,7.5,10,499
MX-0426,Pune,52,0,3.0,14,499
MX-0426,Ahmedabad,22,7,2.1,5,499
MX-0426,Jaipur,105,0,2.7,21,499
,Lucknow,87,150,6.0,21,499
MX-0426,Surat,198,0,7.9,10,499
MX-0426,Indore,5,0,7.2,7,499
MX-0426,Nagpur,5,0,2.7,7,499
MX-0426,Kochi,11,-19,1.2,5,499
MX-0426,Chandigarh,15,0,0.5,14,499
MX-0426,Bhopal,93,73,7.3,10,499
MX-0426,Patna,55,0,1.6,14,499
MX-0426,Vadodara, 19 ,0,0.3,21,499
MX-0426,Ludhiana,47,0,3.6,5,N/A
MX-0426,Agra,121,0,3.8,21,499
MX-0426,Nashik,297,0,7.2,21,499
MX-0426,Meerut,85,0,6.2,5,499
MX-0426,Rajkot,75,0,7.5,5,499
MX-0426,Varanasi,430,0,7.7,21,499
MX-0426,Amritsar,7,0,2.9,7,499
MX-0426,Noida,115,0,5.8,10,499
MX-0426,Gurugram,5,0,0.7,10,499
MX-0426,Coimbatore,31,0,7.3,7,499
MX-0426,Madurai,24.5,0,1.6,,499
MX-0426,Guwahati,59,0,1.9,21,499
MX-0426,Mumbai City Mall,5,0,6.7,10,499
MX-0426,Delhi City Mall,97,45,3.7,10,499
MX-0426,Bengaluru City Mall,132,0,6.6,10,499
MX-0426,Hyderabad City Mall,0,0,1.1,7,499
MX-0426,Chennai City Mall,67,0,3.3,10,499
MX-0426,Kolkata City Mall,267,0,5.6,21,499
MX-0426,Pune City Mall,149,0,6.3,7,499
MX-0426,Ahmedabad City Mall,186,0,7.7,10,499
MX-0426,Jaipur City Mall,48,0,,14,499
MX-0426,Lucknow City Mall,136,0,2.6,21 days,499
MX-0426,Surat City Mall,89,0,7.7,7,499
MX-0426,Surat City Mall,89,0,7.7,7,499
MX-0426,Indore City Mall,3,0,3.4,5,499
MX-0426,Nagpur City Mall,24,0,6.7,5,499
MX-0426,Kochi City Mall,124,0,2.4,21,499
MX-0426,Chandigarh City Mall, 27 ,0,1.8,14,499
MX-0426,Bhopal City Mall,31,0,2.5,14,499
MX-0426,Patna City Mall,55,0,4.8,5,499
MX-0426,Vadodara City Mall,111,0,4.8,21,499
MX-0426,Ludhiana City Mall,3,0,2.6,14,499
MX-0426,Agra City Mall,84,0,6.6,7,499
MX-0427,Mumbai,3,5,0.6,7,499
MX-0427,Delhi,78,24,3.8,7,499
MX-0427,Bengaluru,16,16,2.4,10,499
MX-0427,Hyderabad,162,0,7.0,10,499
MX-0427,Chennai,108,34,5.7,7,499
MX-0427,Kolkata,9,0,0.8,14,499
MX-0427,Pune,41,0,2.8,7,499
MX-0427,Ahmedabad,20,0,0.9,14,499
MX-0427,Jaipur,8,6,0.9,5,499
MX-0427,Lucknow,6,0,2.3,7,499
MX-0427,Surat,118,0,6.2,7,499
MX-0427,Indore,9,0,0.9,5,499
MX-0427,Nagpur,101,0,7.2,7,499
MX-0427,Kochi,171,0,7.4,7,499
MX-0427,Chandigarh,(2),0,4.6,7,499
MX-0427,Bhopal,15,0,0.9,21,499
MX-0427,Patna,255,0,8.0,21,499
MX-0427,Vadodara,128,0,2.8,14,499
MX-0427,Ludhiana,2,0,2.7,5,499
MX-0427,Agra,265,0,7.5,21,499
MX-0427,Nashik,34,0,4.3,7,499
MX-0427,Meerut,3,0,0.9,5,499
MX-0427,Rajkot, 54 ,0,3.8,5,499
MX-0427,Varanasi,7,0,0.8,14,499
MX-0427,Amritsar,76,0,2.9,10,499
MX-0427,Noida,3,34,7.0,5,499
MX-0427,Gurugram,50,41,6.8,5,499
MX-0427,Coimbatore,23,62,7.6,7,N/A
MX-0427,Madurai,15,0,2.6,5,499
MX-0427,Guwahati,29,0,0.6,21,499
MX-0427,Mumbai City Mall,19,0,3.2,21,499
MX-0427,Delhi City Mall,42.5,0,1.3,21,499
MX-0427,Bengaluru City Mall,81,0,6.8,14,499
MX-0427,Hyderabad City Mall,73,0,5.9,10,499
MX-0427,Chennai City Mall,54,-19,2.1,10,499
MX-0427,Kolkata City Mall,29,14,2.6,7,499
MX-0427,Pune City Mall,378,0,6.8,21,499
MX-0427,Ahmedabad City Mall,110,17,5.3,7,499
MX-0427,Jaipur City Mall,80,0,4.4,7,499
MX-0427,Lucknow City Mall,7,0,0.4,14,499
MX-0427,Surat City Mall,224,0,6.6,14,499
MX-0427,Indore City Mall,244,0,4.0,21,499
MX-0427,Nagpur City Mall,16,0,7.1,7,499
MX-0427,Kochi City Mall,165,66,6.1,10,499
MX-0427,Chandigarh City Mall,69,23,4.3,10,499
MX-0427,Bhopal City Mall,262,0,6.1,21,499
MX-0427,Patna City Mall,108,0,7.6,5,499
MX-0427,Vadodara City Mall,242,0,5.6,21,499
MX-0427,Ludhiana City Mall,35,0,1.3,14,499
MX-0427,Agra City Mall,63,13,4.5,5,499
MX-0428,Mumbai,8,0,0.9,10,1999
MX-0428,Delhi,53,0,1.1,,1999
MX-0428,Bengaluru,131,0,7.8,10,1999
MX-0428,Hyderabad,6,0,6.0,5,1999
MX-0428,Chennai,6,0,0.3,10,1999
MX-0428,Kolkata,55,0,5.9,21,1999
MX-0428,Pune,118,0,5.3,21,1999
MX-0428,Ahmedabad,97,0,6.8,10,1999
MX-0428,Jaipur,191,72,7.2,21,1999
MX-0428,Lucknow,48,0,5.1,10,1999
,Surat,99,0,2.9,14,1999
MX-0428,Indore,54,0,7.3,7,1999
MX-0428,Nagpur,143,0,5.6,10,1999
MX-0428,Kochi,57,0,4.5,5,1999
MX-0428,Chandigarh,109,0,2.5,14,1999
MX-0428,Bhopal,37,0,3.3,5,1999
MX-0428,Patna,120,0,7.9,10,1999
MX-0428,Vadodara,14,0,5.8,10,1999
MX-0428,Ludhiana, 0 ,0,1.3,7 days,1999
MX-0428,Agra,254,114,7.6,14,1999
MX-0428,Nashik,78,0,4.1,7,1999
MX-0428,Meerut,61,0,,7,1999
MX-0428,Rajkot, 115 ,42,6.8,7,1999
MX-0428,Varanasi,97,0,5.9,5,1999
MX-0428,Amritsar,41,0,3.5,5,1999
MX-0428,Noida,48,0,2.6,7,1999
MX-0428,Gurugram,14,11,3.4,5,1999
MX-0428,Coimbatore,27,0,0.8,21,1999
MX-0428,Madurai,26,0,6.8,5,1999
MX-0428,Guwahati,1,0,2.0,5,1999
MX-0428,Mumbai City Mall, 156 ,0,3.4,14,1999
MX-0428,Delhi City Mall,37, 25 ,5.4,7,1999
MX-0428,Bengaluru City Mall,22,0,4.7,5,1999
MX-0428,Hyderabad City Mall,10,0,3.9,7,1999
MX-0428,Chennai City Mall,9.5,0,0.4,10,1999
MX-0428,Kolkata City Mall,187,100,4.1,21,1999
MX-0428,Pune City Mall,63,0,7.3,5,N/A
MX-0428,Ahmedabad City Mall,32,16,1.5,14,1999
MX-0428,Ahmedabad City Mall,32,16,1.5,14,1999
MX-0428,Jaipur City Mall,81,0,5.0,10,1999
MX-0428,Lucknow City Mall,16,0,5.4,21,1999
MX-0428,Surat City Mall,20,5,2.4,5,1999
MX-0428,Indore City Mall,125,0,7.7,10,1999
MX-0428,Nagpur City Mall,73,0,5.3,14,1999
MX-0428,Kochi City Mall,81,33,4.7,7,1999
MX-0428,Chandigarh City Mall,98,0,4.2,21,1999
MX-0428,Bhopal City Mall,4,0,1.6,5,1999
MX-0428,Patna City Mall,39,0,1.0,21,1999
MX-0428,Vadodara City Mall,29,0,7.6,5,1999
MX-0428,Ludhiana City Mall,2,0,0.3,10,1999
MX-0428,Agra City Mall,105,0,4.7,7,1999
MX-0429,Mumbai,5,0,1.3,5,499
MX-0429,Delhi,173,0,6.2,10,499
MX-0429,Bengaluru,143,0,7.3,7,499
MX-0429,Hyderabad,-7,0,6.9,14,499
MX-0429,Chennai,8,0,1.3,5,499
MX-0429,Kolkata,411,-11,6.9,21,499
MX-0429,Pune,18,0,2.1,5,499
MX-0429,Ahmedabad,26,8,1.7,7,499
MX-0429,Jaipur,48,0,4.6,7,499
MX-0429,Lucknow,264,174,6.9,21,499
MX-0429,Surat,33,0,6.2,14,499
MX-0429,Indore,56,0,4.5,14,499
MX-0429,Nagpur,10,0,3.1,21,499
MX-0429,Kochi,76,32,2.6,14,499
MX-0429,Chandigarh,9,0,0.6,7,499
MX-0429,Bhopal,63,0,7.2,5,499
MX-0429,Patna,30,0,2.2,14,499
MX-0429,Vadodara,125,0,3.9,14,499
MX-0429,Ludhiana,112,45,5.8,10,499
MX-0429,Agra,29,72,5.4,10,499
MX-0429,Nashik,38,0,0.7,21,499
MX-0429,Meerut,64,0,4.1,10,499
MX-0429,Rajkot,2,0,0.2,5,499
MX-0429,Varanasi,148,0,6.9,7,499
MX-0429,Amritsar,277,0,6.0,,499
MX-0429,Noida,218,0,6.1,21,499
MX-0429,Gurugram, 97 ,0,3.9,21,499
MX-0429,Coimbatore,2,0,4.6,5,499
MX-0429,Madurai,27,0,2.2,10,499
MX-0429,Guwahati,10,0,1.4,10,499
MX-0429,Mumbai City Mall,26,0,0.6,14,499
MX-0429,Delhi City Mall,21,0,5.3,5,499
MX-0429,Bengaluru City Mall, 19 ,0,3.6,5,499
MX-0429,Hyderabad City Mall,217,0,3.9,21,499
MX-0429,Chennai City Mall,109,0,5.6,7,499
MX-0429,Kolkata City Mall,191,0,6.7,10,499
MX-0429,Pune City Mall,32,0,2.0,14,499
MX-0429,Ahmedabad City Mall,66.5,21,7.1,5,499
MX-0429,Jaipur City Mall,7,0,3.9,10,499
MX-0429,Lucknow City Mall,61,0,5.8,7,499
MX-0429,Surat City Mall,0,22,5.0,5,499
MX-0429,Indore City Mall,59,0,6.1,7,499
MX-0429,Nagpur City Mall,7,0,3.8,14,499
MX-0429,Kochi City Mall, 53 ,0,7.2,7,499
MX-0429,Chandigarh City Mall,32,0,4.5,21,499
MX-0429,Bhopal City Mall,219,0,5.0,14,N/A
MX-0429,Patna City Mall,140,0,7.3,21,499
MX-0429,Vadodara City Mall,26,0,5.0,21 days,499
MX-0429,Ludhiana City Mall,61,41,4.9,10,499
MX-0429,Agra City Mall,64,0,4.3,7,499
MX-0430,Mumbai,52,48,4.5,10,499
MX-0430,Delhi,146,0,6.1,21,499
MX-0430,Bengaluru,192,0,5.9,14,499
MX-0430,Hyderabad,113,46,4.2,14,499
MX-0430,Chennai,3,0,,10,499
MX-0430,Kolkata,37,0,7.4,5,499
MX-0430,Pune,105,0,7.5,5,499
MX-0430,Ahmedabad,69,0,4.9,5,499
MX-0430,Jaipur,44,92,4.5,21,499
MX-0430,Lucknow,57,23,5.7,10,499
MX-0430,Surat,56,0,3.0,10,499
,Indore,51,27,3.0,10,499
MX-0430,Nagpur,67,0,5.9,7,499
MX-0430,Kochi,143,0,7.3,7,499
MX-0430,Chandigarh,332,0,7.9,21,499
MX-0430,Bhopal,40,0,4.5,5,499
MX-0430,Patna,54,0,5.2,10,499
MX-0430,Vadodara,24,0,2.6,5,499
MX-0430,Ludhiana,23,4,0.9,10,499
MX-0430,Agra,4,0,3.8,14,499
MX-0430,Nashik,194,0,6.6,14,499
MX-0430,Meerut,17,0,3.2,5,499
MX-0430,Rajkot,101,43,6.6,7,499
MX-0430,Varanasi,166,0,3.3,21,499
MX-0430,Amritsar,241,0,5.8,21,499
MX-0430,Noida, 235 ,0,7.1,21,499
MX-0430,Gurugram,6,-5,2.2,10,499
MX-0430,Coimbatore,39,0,1.9,14,499
MX-0430,Madurai,40,0,4.4,7,499
MX-0430,Guwahati,107,0,4.5,10,499
MX-0430,Mumbai City Mall,83,0,6.8,5,499
MX-0430,Delhi City Mall,21,0,5.7,10,499
MX-0430,Bengaluru City Mall,7,0,6.7,14,499
MX-0430,Hyderabad City Mall,33,0,3.5,7,499
MX-0430,Chennai City Mall,215,0,5.1,14,499
MX-0430,Chennai City Mall,215,0,5.1,14,499
MX-0430,Kolkata City Mall,63,0,1.9,14,499
MX-0430,Pune City Mall,2,0,3.0,5,499
MX-0430,Ahmedabad City Mall,1,0,5.1,7,499
MX-0430,Jaipur City Mall,17,0,6.3,7,499
MX-0430,Lucknow City Mall,238,0,6.8,21,499
MX-0430,Surat City Mall,56.5,8,1.8,10,499
MX-0430,Indore City Mall,112,0,3.7,10,499
MX-0430,Nagpur City Mall,(3),16,5.8,7,499
MX-0430,Kochi City Mall,448,0,6.4,21,499
MX-0430,Chandigarh City Mall,101,76,6.4,10,499
MX-0430,Bhopal City Mall, 61 ,0,6.9,7,499
MX-0430,Patna City Mall,77,0,2.1,14,499
MX-0430,Vadodara City Mall,42,0,2.0,,499
MX-0430,Ludhiana City Mall,133,0,5.1,10,499
MX-0430,Agra City Mall,77,0,7.0,10,499
MX-0431,Mumbai,16,22,4.0,7,999
MX-0431,Delhi,0,0,3.1,7,999
MX-0431,Bengaluru,177,0,5.7,10,999
MX-0431,Hyderabad,116,56,3.6,14,999
MX-0431,Chennai,51,0,0.9,21,N/A
MX-0431,Kolkata,132,0,3.3,21,999
MX-0431,Pune,43,0,3.3,10,999
MX-0431,Ahmedabad, 137 ,0,3.7,21,999
MX-0431,Jaipur,15,67,3.6,14,999
MX-0431,Lucknow,9,0,0.4,7,999
MX-0431,Surat,66,0,3.6,7,999
MX-0431,Indore,8,0,1.5,10,999
MX-0431,Nagpur,23,0,3.2,5,999
MX-0431,Kochi,426,0,6.5,21,999
MX-0431,Chandigarh,233,0,5.6,21,999
MX-0431,Bhopal,25,0,7.2,5,999
MX-0431,Patna,33,86,5.8,14,999
MX-0431,Vadodara,4,0,2.3,5,999
MX-0431,Ludhiana,4,0,5.9,21,999
MX-0431,Agra,311,0,5.3,21,999
MX-0431,Nashik,3,0,0.5,7,999
MX-0431,Meerut,318,0,7.8,14,999
MX-0431,Rajkot,2,0,4.2,5,999
MX-0431,Varanasi,15,0,3.5,5,999
MX-0431,Amritsar,12,10,2.9,7,999
MX-0431,Noida,14,0,5.3,10,999
MX-0431,Gurugram,186,0,5.5,10 days,999
MX-0431,Coimbatore,9,0,5.5,10,999
MX-0431,Madurai,188,0,3.4,21,999
MX-0431,Guwahati,70,0,3.9,7,999
MX-0431,Mumbai City Mall,60,0,6.0,10,999
MX-0431,Delhi City Mall,84,0,5.3,10,999
MX-0431,Bengaluru City Mall,15,0,2.4,10,999
MX-0431,Hyderabad City Mall, 19 ,0,2.4,7,999
MX-0431,Chennai City Mall,462,0,6.8,21,999
MX-0431,Kolkata City Mall, 202 ,0,6.3,10,999
MX-0431,Pune City Mall,40,0,4.8,7,999
MX-0431,Ahmedabad City Mall,1,0,,5,999
MX-0431,Jaipur City Mall,141,0,5.3,10,999
MX-0431,Lucknow City Mall,24,4,1.5,7,999
MX-0431,Surat City Mall,13,0,0.7,7,999
MX-0431,Indore City Mall,16,0,1.1,5,999
MX-0431,Nagpur City Mall,85,62,5.4,10,999
MX-0431,Kochi City Mall,27.5,0,2.7,10,999
MX-0431,Chandigarh City Mall,86,0,4.5,7,999
MX-0431,Bhopal City Mall,17,0,2.6,5,999
MX-0431,Patna City Mall,29,0,2.5,7,999
MX-0431,Vadodara City Mall,15,-18,2.6,10,999
MX-0431,Ludhiana City Mall,11,0,2.2,5,999
MX-0431,Agra City Mall,65,0,4.6,7,999
MX-0432,Mumbai, 138 ,0,3.5,14,499
MX-0432,Delhi, 29 ,0,6.3,5,499
MX-0432,Bengaluru,2,0,0.3,5,499
MX-0432,Hyderabad,87,0,5.9,5,499
MX-0432,Chennai,39,0,2.4,7,499
MX-0432,Kolkata,280,0,5.7,21,499
MX-0432,Pune,5,0,1.1,10,499
MX-0432,Ahmedabad,187,0,5.6,10,499
MX-0432,Jaipur,26,0,1.2,14,499
MX-0432,Lucknow,11,0,0.9,5,499
MX-0432,Surat,82,0,3.5,21,499
MX-0432,Indore,12,23,3.6,10,499
,Nagpur,13,0,1.5,21,499
MX-0432,Kochi,170,0,5.3,14,N/A
MX-0432,Chandigarh,63,13,2.5,10,499
MX-0432,Bhopal,71,81,7.4,21,499
MX-0432,Patna,130,0,5.6,7,499
MX-0432,Vadodara, 5 ,0,1.5,5,499
MX-0432,Ludhiana,164,0,6.2,10,499
MX-0432,Agra,437,0,6.6,21,499
MX-0432,Nashik,85,0,4.4,,499
MX-0432,Meerut,8,6,1.4,10,499
MX-0432,Rajkot,104,0,7.0,21,499
MX-0432,Varanasi,108,0,2.0,21,499
MX-0432,Amritsar,2,30,7.4,5,499
MX-0432,Noida,3,0,3.9,14,499
MX-0432,Gurugram,67,0,5.1,10,499
MX-0432,Coimbatore,27,0,2.0,5,499
MX-0432,Madurai,10,0,2.3,7,499
MX-0432,Guwahati,241,114,4.0,21,499
MX-0432,Mumbai City Mall, 33 ,0,6.8,7,499
MX-0432,Delhi City Mall,(9),0,0.5,21,499
MX-0432,Delhi City Mall,(9),0,0.5,21,499
MX-0432,Bengaluru City Mall,16,0,1.7,10,499
MX-0432,Hyderabad City Mall,522,192,7.8,21,499
MX-0432,Chennai City Mall,74,17,3.9,7,499
MX-0432,Kolkata City Mall, 75 ,0,2.9,10,499
MX-0432,Pune City Mall,62,0,7.3,5,499
MX-0432,Ahmedabad City Mall,109,0,4.1,21,499
MX-0432,Jaipur City Mall,280,0,4.4,21,499
MX-0432,Lucknow City Mall,67,0,2.5,10,499
MX-0432,Surat City Mall,3,9,1.0,7,499
MX-0432,Indore City Mall,152,0,4.3,14,499
MX-0432,Nagpur City Mall,116,0,3.5,10,499
MX-0432,Kochi City Mall,98,0,7.2,14,499
MX-0432,Chandigarh City Mall,187,0,7.3,10,499
MX-0432,Bhopal City Mall,18,0,0.5,21,499
MX-0432,Patna City Mall,20.5,0,1.2,10,499
MX-0432,Vadodara City Mall,54,0,3.7,5,499
MX-0432,Ludhiana City Mall,2,0,0.4,21,499
MX-0432,Agra City Mall,80,0,2.4,10,499
MX-0433,Mumbai,3,3,1.0,5,3999
MX-0433,Delhi,13,13,0.7,14,3999
MX-0433,Bengaluru,21,0,0.6,14,3999
MX-0433,Hyderabad,71,0,7.5,14,3999
MX-0433,Chennai,111,0,1.7,21,3999
MX-0433,Kolkata,510,0,7.5,21 days,3999
MX-0433,Pune,69,0,2.5,10,3999
MX-0433,Ahmedabad,31,0,7.5,7,3999
MX-0433,Jaipur,161,0,4.6,14,3999
MX-0433,Lucknow,113,34,7.7,5,3999
MX-0433,Surat,163,58,4.1,21,3999
MX-0433,Indore,74,0,4.7,7,3999
MX-0433,Nagpur,24,0,6.9,10,3999
MX-0433,Kochi,89,0,1.3,21,3999
MX-0433,Chandigarh,9,5,0.8,14,3999
MX-0433,Bhopal,99,24,5.0,7,3999
MX-0433,Patna,121,0,7.7,5,3999
MX-0433,Vadodara,5,0,0.7,14,3999
MX-0433,Ludhiana,39,-15,2.4,7,3999
MX-0433,Agra,5,0,6.8,5,3999
MX-0433,Nashik,80,0,,5,3999
MX-0433,Meerut,13,0,3.9,21,3999
MX-0433,Rajkot,96,0,6.5,7,N/A
MX-0433,Varanasi,159,0,2.9,21,3999
MX-0433,Amritsar,10,106,6.3,21,3999
MX-0433,Noida,40,0,6.6,10,3999
MX-0433,Gurugram,35,0,2.5,10,3999
MX-0433,Coimbatore,10,15,2.3,7,3999
MX-0433,Madurai, 14 ,0,3.3,5,3999
MX-0433,Guwahati,92,0,2.7,14,3999
MX-0433,Mumbai City Mall,2,0,0.4,7,3999
MX-0433,Delhi City Mall,28,0,3.5,5,3999
MX-0433,Bengaluru City Mall,34,18,5.0,5,3999
MX-0433,Hyderabad City Mall,36,0,5.5,10,3999
MX-0433,Chennai City Mall,133,0,5.6,14,3999
MX-0433,Kolkata City Mall,123,0,5.5,10,3999
MX-0433,Pune City Mall,5,0,1.5,21,3999
MX-0433,Ahmedabad City Mall,105,0,5.9,21,3999
MX-0433,Jaipur City Mall,85,0,6.3,14,3999
MX-0433,Lucknow City Mall,74,0,6.9,10,3999
MX-0433,Surat City Mall,295,0,4.4,21,3999
MX-0433,Indore City Mall,121,83,4.5,21,3999
MX-0433,Nagpur City Mall,459,0,7.7,21,3999
MX-0433,Kochi City Mall,20,15,1.2,,3999
MX-0433,Chandigarh City Mall, 96 ,0,2.8,21,3999
MX-0433,Bhopal City Mall,1,0,1.8,10,3999
MX-0433,Patna City Mall,9,3,0.4,14,3999
MX-0433,Vadodara City Mall, 28 ,0,5.6,10,3999
MX-0433,Ludhiana City Mall,138,0,5.7,10,3999
MX-0433,Agra City Mall,12.5,0,2.2,10,3999
MX-0434,Mumbai,0,0,1.6,21,3999
MX-0434,Delhi, 69 ,0,7.4,5,3999
MX-0434,Bengaluru,29,15,0.6,21,3999
MX-0434,Hyderabad,36,15,2.6,5,3999
MX-0434,Chennai,76,0,2.3,14,3999
MX-0434,Kolkata,9,1,0.7,5,3999
MX-0434,Pune,15,0,3.1,5,3999
MX-0434,Ahmedabad,10,0,1.4,7,3999
MX-0434,Jaipur,53,15,5.3,7,3999
MX-0434,Lucknow,15,0,2.3,5,3999
MX-0434,Surat,11,34,4.3,7,3999
MX-0434,Indore, 53 ,0,1.2,14,3999
MX-0434,Nagpur,145,0,5.7,14,3999
,Kochi,107,0,3.8,10,3999
MX-0434,Chandigarh,0,0,1.7,14,3999
MX-0434,Bhopal,6,0,2.8,10,3999
MX-0434,Patna,77,29,1.9,21,3999
MX-0434,Vadodara,81,125,7.9,21,3999
MX-0434,Ludhiana, 2 ,0,0.3,5,3999
MX-0434,Agra,27,0,3.5,21,3999
MX-0434,Nashik,-5,0,1.5,5,3999
MX-0434,Meerut,4,0,0.4,5,3999
MX-0434,Rajkot,36,0,2.5,5,3999
MX-0434,Varanasi,24,12,2.1,7,3999
MX-0434,Amritsar,123,0,6.6,7,3999
MX-0434,Noida,34,0,1.2,21,3999
MX-0434,Gurugram,61,0,1.3,21,3999
MX-0434,Coimbatore,73,0,2.0,21,3999
MX-0434,Madurai,30,0,1.1,10,3999
MX-0434,Madurai,30,0,1.1,10,3999
MX-0434,Guwahati,2, 24 ,4.1,7,3999
MX-0434,Mumbai City Mall,99,0,7.8,10,3999
MX-0434,Delhi City Mall,52,0,1.4,21,N/A
MX-0434,Bengaluru City Mall,118,0,7.5,14,3999
MX-0434,Hyderabad City Mall, 272 ,0,6.0,14,3999
MX-0434,Chennai City Mall,0,0,1.2,21 days,3999
MX-0434,Kolkata City Mall,21,0,2.1,5,3999
MX-0434,Pune City Mall,119,0,6.6,10,3999
MX-0434,Ahmedabad City Mall,32,0,4.8,14,3999
MX-0434,Jaipur City Mall,43,40,7.4,10,3999
MX-0434,Lucknow City Mall,45,-18,2.7,5,3999
MX-0434,Surat City Mall,59,0,1.9,14,3999
MX-0434,Indore City Mall,6,0,2.3,14,3999
MX-0434,Nagpur City Mall,0,0,0.5,10,3999
MX-0434,Kochi City Mall,16,0,2.8,5,3999
MX-0434,Chandigarh City Mall,18,0,3.8,14,3999
MX-0434,Bhopal City Mall,11,98,7.3,10,3999
MX-0434,Patna City Mall,183,0,7.4,10,3999
MX-0434,Vadodara City Mall,38,0,6.1,5,3999
MX-0434,Ludhiana City Mall,20,5,1.7,5,3999
MX-0434,Agra City Mall,47,0,3.7,5,3999
MX-0435,Mumbai,2,0,0.3,5,3999
MX-0435,Delhi,9,0,3.1,10,3999
MX-0435,Bengaluru,158.5,0,5.9,10,3999
MX-0435,Hyderabad,210,0,,21,3999
MX-0435,Chennai,392,0,6.9,21,3999
MX-0435,Kolkata,12,0,0.4,10,3999
MX-0435,Pune,13,0,4.0,10,3999
MX-0435,Ahmedabad,10,0,2.1,5,3999
MX-0435,Jaipur,110,0,2.9,21,3999
MX-0435,Lucknow,3,26,6.5,5,3999
MX-0435,Surat,86,0,6.6,7,3999
MX-0435,Indore,50,0,1.9,10,3999
MX-0435,Nagpur,245,0,6.2,14,3999
MX-0435,Kochi,67,0,5.2,10,3999
MX-0435,Chandigarh, 184 ,104,3.6,21,3999
MX-0435,Bhopal, 72 ,0,2.8,14,3999
MX-0435,Patna,21,34,2.0,,3999
MX-0435,Vadodara,19,0,2.2,5,3999
MX-0435,Ludhiana,238,0,5.3,21,3999
MX-0435,Agra,30,38,3.9,10,3999
MX-0435,Nashik,68,0,4.1,7,3999
MX-0435,Meerut,3,4,0.5,14,3999
MX-0435,Rajkot,34,0,3.7,5,3999
MX-0435,Varanasi,25,0,7.8,14,3999
MX-0435,Amritsar,15,0,7.2,5,3999
MX-0435,Noida,69,0,7.9,10,3999
MX-0435,Gurugram,78,0,6.7,5,3999
MX-0435,Coimbatore,7,14,6.9,5,3999
MX-0435,Madurai,18,0,5.1,7,3999
MX-0435,Guwahati,124,0,3.7,10,3999
MX-0435,Mumbai City Mall,79,0,6.7,7,3999
MX-0435,Delhi City Mall,348,0,6.3,21,3999
MX-0435,Bengaluru City Mall,99,0,2.3,21,3999
MX-0435,Hyderabad City Mall,32,17,2.4,7,3999
MX-0435,Chennai City Mall,59,0,7.8,10,3999
MX-0435,Kolkata City Mall,110,0,6.1,10,3999
MX-0435,Pune City Mall,118,0,2.5,21,3999
MX-0435,Ahmedabad City Mall,68,0,5.9,5,3999
MX-0435,Jaipur City Mall,392,0,7.0,21,3999
MX-0435,Lucknow City Mall,1,16,1.1,14,3999
MX-0435,Surat City Mall,2,0,1.3,14,N/A
MX-0435,Indore City Mall,63,0,4.2,5,3999
MX-0435,Nagpur City Mall, 91 ,0,5.5,10,3999
MX-0435,Kochi City Mall,66,0,8.0,7,3999
MX-0435,Chandigarh City Mall,4,0,0.8,10,3999
MX-0435,Bhopal City Mall,31, 11 ,3.2,5,3999
MX-0435,Patna City Mall,53,0,3.1,10,3999
MX-0435,Vadodara City Mall, 21 ,0,1.7,5,3999
MX-0435,Ludhiana City Mall,233,42,7.3,14,3999
MX-0435,Agra City Mall,50,0,6.7,5,3999
MX-0436,Mumbai,73,37,2.6,21,199
MX-0436,Delhi,99,0,5.1,10,199
MX-0436,Bengaluru, 176 ,104,6.1,14,199
MX-0436,Hyderabad,19,0,2.3,7,199
MX-0436,Chennai,36,111,4.1,21,199
MX-0436,Kolkata,22.5,39,5.8,5,199
MX-0436,Pune, 92 ,0,3.5,10,199
MX-0436,Ahmedabad,12,0,0.9,5,199
MX-0436,Jaipur,22,23,2.2,14,199
MX-0436,Lucknow,-4,0,3.9,7,199
MX-0436,Surat,161,-8,4.7,21,199
MX-0436,Indore,142,0,2.9,21,199
MX-0436,Nagpur, 120 ,53,5.5,7,199
MX-0436,Kochi,22,0,0.5,14 days,199
,Chandigarh,160,0,5.2,14,199
MX-0436,Bhopal,64,20,2.7,14,199
MX-0436,Patna,23,0,0.9,21,199
MX-0436,Vadodara,114,0,2.8,21,199
MX-0436,Ludhiana,17,0,4.8,5,199
MX-0436,Agra,28,0,6.4,5,199
MX-0436,Nashik,20,0,1.0,21,199
MX-0436,Meerut,25,0,2.3,7,199
MX-0436,Rajkot,128,20,6.4,7,199
MX-0436,Varanasi,25,72,5.6,10,199
MX-0436,Amritsar,51,0,1.7,10,199
MX-0436,Noida,49,45,6.9,7,199
MX-0436,Noida,49,45,6.9,7,199
MX-0436,Gurugram,300,0,6.5,21,199
MX-0436,Coimbatore,22,0,5.5,5,199
MX-0436,Madurai,131,42,5.2,14,199
MX-0436,Guwahati,20,0,2.6,14,199
MX-0436,Mumbai City Mall,216,0,6.9,10,199
MX-0436,Delhi City Mall,180,0,6.2,14,199
MX-0436,Bengaluru City Mall,5,0,6.6,14,199
MX-0436,Hyderabad City Mall,101,0,3.8,10,199
MX-0436,Chennai City Mall,25,0,6.0,7,199
MX-0436,Kolkata City Mall,27,0,8.0,10,199
MX-0436,Pune City Mall,15,0,,5,199
MX-0436,Ahmedabad City Mall,144,0,4.8,10,199
MX-0436,Jaipur City Mall,3,2,0.3,7,199
MX-0436,Lucknow City Mall,0,0,0.5,,199
MX-0436,Surat City Mall,173,0,7.4,7,199
MX-0436,Indore City Mall,37,0,4.0,7,199
MX-0436,Nagpur City Mall,15,0,0.9,7,199
MX-0436,Kochi City Mall,84,0,3.2,21,199
MX-0436,Chandigarh City Mall,6,11,0.5,21,199
MX-0436,Bhopal City Mall,9,11,1.3,10,199
MX-0436,Patna City Mall,13,0,3.2,5,199
MX-0436,Vadodara City Mall,7,0,3.7,5,199
MX-0436,Ludhiana City Mall,6,0,1.3,21,199
MX-0436,Agra City Mall,53,0,6.6,5,N/A
MX-0437,Mumbai,219,0,7.7,10,499
MX-0437,Delhi,60,0,5.5,7,499
MX-0437,Bengaluru,35,14,2.9,5,499
MX-0437,Hyderabad,43,83,5.1,14,499
MX-0437,Chennai,8,5,1.3,5,499
MX-0437,Kolkata,116,0,2.7,21,499
MX-0437,Pune,0,14,1.6,14,499
MX-0437,Ahmedabad,85,0,2.0,14,499
MX-0437,Jaipur,109.5,0,8.0,5,499
MX-0437,Lucknow,177,0,5.3,10,499
MX-0437,Surat,27,20,3.2,5,499
MX-0437,Indore,21,0,2.2,10,499
MX-0437,Nagpur,25,8,1.1,10,499
MX-0437,Kochi,39,7,3.3,5,499
MX-0437,Chandigarh,5,0,4.8,5,499
MX-0437,Bhopal,52,10,3.6,7,499
MX-0437,Patna,113,0,7.9,14,499
MX-0437,Vadodara,3,0,5.7,5,499
MX-0437,Ludhiana,74,16,1.4,21,499
MX-0437,Agra,24,0,5.8,7,499
MX-0437,Nashik,277,158,5.4,21,499
MX-0437,Meerut,26,0,2.2,5,499
MX-0437,Rajkot,47,0,3.3,14,499
MX-0437,Varanasi,59,24,2.3,14,499
MX-0437,Amritsar,9,0,7.9,21,499
MX-0437,Noida,198,0,4.3,21,499
MX-0437,Gurugram,24,0,5.1,5,499
MX-0437,Coimbatore,169,57,3.9,14,499
MX-0437,Madurai,85,0,7.1,5,499
MX-0437,Guwahati,8,0,1.5,14,499
MX-0437,Mumbai City Mall,433,0,7.9,21,499
MX-0437,Delhi City Mall,0,-6,0.3,7,499
MX-0437,Bengaluru City Mall,70,48,4.8,10,499
MX-0437,Hyderabad City Mall,75,0,1.7,14,499
MX-0437,Chennai City Mall, 17 ,0,4.0,21,499
MX-0437,Kolkata City Mall,5,0,3.7,14,499
MX-0437,Pune City Mall,1,2,0.5,5,499
MX-0437,Ahmedabad City Mall,127,0,7.3,7,499
MX-0437,Jaipur City Mall,29,0,1.0,14,499
MX-0437,Lucknow City Mall,7,0,2.2,5,499
MX-0437,Surat City Mall, 382 ,138,7.8,21,499
MX-0437,Indore City Mall,30,0,3.4,14,499
MX-0437,Nagpur City Mall,55,0,5.1,5 days,499
MX-0437,Kochi City Mall, 131 ,0,6.0,7,499
MX-0437,Chandigarh City Mall,97,0,3.0,10,499
MX-0437,Bhopal City Mall,49,0,4.1,5,499
MX-0437,Patna City Mall,130,0,7.6,7,499
MX-0437,Vadodara City Mall,74,53,4.0,14,499
MX-0437,Ludhiana City Mall,-8,0,3.7,10,499
MX-0437,Agra City Mall,16,10,1.9,5,499
MX-0438,Mumbai,35,0,0.9,21,499
MX-0438,Delhi,35,0,4.5,21,499
MX-0438,Bengaluru,20,0,5.9,5,499
MX-0438,Hyderabad,6,6,0.6,10,499
MX-0438,Chennai,26,0,0.7,14,499
MX-0438,Kolkata,3,33,7.9,5,499
MX-0438,Pune,75,0,5.1,5,499
MX-0438,Ahmedabad,143,0,4.6,14,499
MX-0438,Jaipur,38,0,1.9,10,N/A
MX-0438,Lucknow,102,0,2.7,21,499
MX-0438,Surat,4,5,0.5,14,499
MX-0438,Indore,4.5,19,4.1,7,499
MX-0438,Nagpur,20,12,2.1,,499
MX-0438,Kochi,41,0,3.4,7,499
MX-0438,Chandigarh,173,0,6.3,21,499
,Bhopal,50,0,2.3,21,499
MX-0438,Patna,208,0,6.6,14,499
MX-0438,Vadodara,1,0,4.7,5,499
MX-0438,Ludhiana,507,0,7.6,21,499
MX-0438,Agra,141,0,,7,499
MX-0438,Nashik,127,109,4.0,21,499
MX-0438,Meerut,8,0,2.3,10,499
MX-0438,Rajkot,234,0,5.4,21,499
MX-0438,Rajkot,234,0,5.4,21,499
MX-0438,Varanasi,0,0,2.4,10,499
MX-0438,Amritsar,170,0,7.5,14,499
MX-0438,Noida,49,0,2.1,7,499
MX-0438,Gurugram,3,8,1.5,7,499
MX-0438,Coimbatore,51, 81 ,5.2,14,499
MX-0438,Madurai,9,0,1.4,10,499
MX-0438,Guwahati,72,0,5.7,10,499
MX-0438,Mumbai City Mall,10,0,2.9,10,499
MX-0438,Delhi City Mall,66,0,1.8,14,499
MX-0438,Bengaluru City Mall,200,0,6.1,21,499
MX-0438,Hyderabad City Mall,58,0,6.9,14,499
MX-0438,Chennai City Mall,194,0,4.1,14,499
MX-0438,Kolkata City Mall,85,115,7.1,14,499
MX-0438,Pune City Mall,29,0,0.8,21,499
MX-0438,Ahmedabad City Mall,34,0,4.0,5,499
MX-0438,Jaipur City Mall,34,0,6.5,5,499
MX-0438,Lucknow City Mall,15,171,7.3,21,499
MX-0438,Surat City Mall,215,0,3.3,21,499
MX-0438,Indore City Mall, 287 , 103 ,6.8,14,499
MX-0438,Nagpur City Mall,2,0,6.0,14,499
MX-0438,Kochi City Mall,52,0,3.6,10,499
MX-0438,Chandigarh City Mall,346,0,7.8,21,499
MX-0438,Bhopal City Mall,97,0,5.7,7,499
MX-0438,Patna City Mall,39,0,5.0,7,499
MX-0438,Vadodara City Mall,3,0,1.2,21,499
MX-0438,Ludhiana City Mall,37,0,6.9,14,499
MX-0438,Agra City Mall,26,33,4.5,7,499
MX-0439,Mumbai,66,42,2.6,14,3999
MX-0439,Delhi,32,10,2.0,7,3999
MX-0439,Bengaluru,7,-11,4.0,7,3999
MX-0439,Hyderabad,39,0,2.2,10,3999
MX-0439,Chennai,150,0,6.1,10,3999
MX-0439,Kolkata,27,0,2.3,7,3999
MX-0439,Pune,182,0,7.6,10,3999
MX-0439,Ahmedabad,80,34,2.1,21,3999
MX-0439,Jaipur,44,0,6.4,7,3999
MX-0439,Lucknow,363,0,7.3,21,3999
MX-0439,Surat,52,0,3.9,5,3999
MX-0439,Indore,0,0,0.3,14,3999
MX-0439,Nagpur,66,0,1.9,14,3999
MX-0439,Kochi,203,75,7.5,14,3999
MX-0439,Chandigarh,118.5,0,7.5,5,3999
MX-0439,Bhopal,67,0,3.9,21,3999
MX-0439,Patna,113,0,4.0,10,3999
MX-0439,Vadodara,2, 36 ,2.5,14,N/A
MX-0439,Ludhiana,55,69,7.8,7,3999
MX-0439,Agra,18,8,0.7,10,3999
MX-0439,Nashik,30,0,7.4,5,3999
MX-0439,Meerut,102,29,4.4,7 days,3999
MX-0439,Rajkot,126,0,7.8,7,3999
MX-0439,Varanasi,89,0,4.3,7,3999
MX-0439,Amritsar,100,38,7.7,5,3999
MX-0439,Noida,20,0,0.8,10,3999
MX-0439,Gurugram,57,0,1.3,14,3999
MX-0439,Coimbatore, 35 ,0,4.3,5,3999
MX-0439,Madurai,51,36,4.2,10,3999
MX-0439,Guwahati,121,0,4.7,10,3999
MX-0439,Mumbai City Mall,17,0,2.0,14,3999
MX-0439,Delhi City Mall,241,0,5.6,14,3999
MX-0439,Bengaluru City Mall,158,0,6.8,14,3999
MX-0439,Hyderabad City Mall,18,44,4.1,10,3999
MX-0439,Chennai City Mall,72,32,4.7,7,3999
MX-0439,Kolkata City Mall,11,0,2.6,,3999
MX-0439,Pune City Mall,4,0,0.9,14,3999
MX-0439,Ahmedabad City Mall,(8),29,4.9,7,3999
MX-0439,Jaipur City Mall,34,33,3.8,10,3999
MX-0439,Lucknow City Mall,57,0,6.3,14,3999
MX-0439,Surat City Mall,11,0,0.8,7,3999
MX-0439,Indore City Mall,3,0,3.4,7,3999
MX-0439,Nagpur City Mall,40,0,3.3,10,3999
MX-0439,Kochi City Mall,148,0,5.4,10,3999
MX-0439,Chandigarh City Mall,164,0,4.7,14,3999
MX-0439,Bhopal City Mall,172,94,3.5,21,3999
MX-0439,Patna City Mall,22,0,0.7,14,3999
MX-0439,Vadodara City Mall,66,0,5.7,5,3999
MX-0439,Ludhiana City Mall,52,39,6.0,7,3999
MX-0439,Agra City Mall,42,103,6.0,21,3999
MX-0440,Mumbai,67,0,1.0,21,499
MX-0440,Delhi,102,117,7.0,14,499
MX-0440,Bengaluru,52,52,,10,499
MX-0440,Hyderabad,28,41,7.5,10,499
MX-0440,Chennai,4,0,2.0,7,499
MX-0440,Kolkata,162,0,6.9,14,499
MX-0440,Pune,25,0,1.1,7,499
MX-0440,Ahmedabad,34,0,2.6,5,499
MX-0440,Jaipur,96,0,5.9,7,499
MX-0440,Lucknow,188,0,7.0,21,499
MX-0440,Surat,6,0,1.5,5,499
MX-0440,Indore,92,0,4.2,7,499
MX-0440,Nagpur,51,0,2.6,7,499
MX-0440,Kochi,235,89,3.8,21,499
MX-0440,Chandigarh,12,0,5.0,7,499
MX-0440,Bhopal,76,0,5.5,14,499
,Patna,15,7,0.3,21,499
MX-0440,Vadodara,117.5,48,6.1,7,499
MX-0440,Ludhiana,44,8,1.9,7,499
MX-0440,Agra,244,0,7.9,10,499
MX-0440,Agra,244,0,7.9,10,499
MX-0440,Nashik,89,0,2.3,21,499
MX-0440,Meerut,196,82,6.2,10,499
MX-0440,Rajkot,22,12,2.5,5,499
MX-0440,Varanasi, 11 ,-15,0.4,14,499
MX-0440,Amritsar,46,0,2.1,14,499
MX-0440,Noida,54,27,4.8,5,499
MX-0440,Gurugram,39,0,5.1,5,N/A
MX-0440,Coimbatore,441,83,6.7,21,499
MX-0440,Madurai,6,3,1.3,7,499
MX-0440,Guwahati,38,0,2.1,10,499
MX-0440,Mumbai City Mall,147,0,4.7,14,499
MX-0440,Delhi City Mall,517,0,7.7,21,499
MX-0440,Bengaluru City Mall,79,16,2.8,10,499
MX-0440,Hyderabad City Mall,5,1,0.3,7,499
MX-0440,Chennai City Mall,179,0,3.1,21,499
MX-0440,Kolkata City Mall,8,0,6.9,5,499
MX-0440,Pune City Mall,129,0,4.2,10,499
MX-0440,Ahmedabad City Mall,88,0,7.5,5,499
MX-0440,Jaipur City Mall,49,0,2.6,21,499
MX-0440,Lucknow City Mall, 33 ,0,1.8,10,499
MX-0440,Surat City Mall,9,0,1.1,14,499
MX-0440,Indore City Mall,1,14,1.6,7,499
MX-0440,Nagpur City Mall,39,0,4.1,21,499
MX-0440,Kochi City Mall,48,0,7.7,14,499
MX-0440,Chandigarh City Mall,246,0,7.9,21,499
MX-0440,Bhopal City Mall,103,0,7.9,5,499
MX-0440,Patna City Mall,1,0,0.3,14,499
MX-0440,Vadodara City Mall,155,0,7.8,10,499
MX-0440,Ludhiana City Mall,71,0,4.0,7,499
MX-0440,Agra City Mall,106,0,7.9,7,499
MX-0441,Mumbai,52,0,3.8,5 days,1999
MX-0441,Delhi,49,0,2.4,14,1999
MX-0441,Bengaluru,177,0,7.5,21,1999
MX-0441,Hyderabad,84,18,2.5,10,1999
MX-0441,Chennai,3,0,3.5,5,1999
MX-0441,Kolkata, 13 ,0,1.9,7,1999
MX-0441,Pune,53,0,6.2,5,1999
MX-0441,Ahmedabad,2,0,0.4,5,1999
MX-0441,Jaipur,24,31,3.2,,1999
MX-0441,Lucknow,86,53,2.9,14,1999
MX-0441,Surat,38,52,3.9,10,1999
MX-0441,Indore,82,28,4.9,5,1999
MX-0441,Nagpur,16,0,1.4,5,1999
MX-0441,Kochi,46,0,7.6,5,1999
MX-0441,Chandigarh,0,0,0.4,14,1999
MX-0441,Bhopal,77,0,1.9,14,1999
MX-0441,Patna,80,0,5.0,7,1999
MX-0441,Vadodara,24,0,1.7,5,1999
MX-0441,Ludhiana,9,0,3.0,7,1999
MX-0441,Agra,43,0,2.5,7,1999
MX-0441,Nashik,207.5,0,7.4,14,1999
MX-0441,Meerut,93,0,3.0,10,1999
MX-0441,Rajkot,4,2,1.0,5,1999
MX-0441,Varanasi,10,0,0.5,10,1999
MX-0441,Amritsar,3,0,1.6,10,1999
MX-0441,Noida,86,0,8.0,7,1999
MX-0441,Gurugram,(2),0,5.4,7,1999
MX-0441,Coimbatore,189,0,2.9,21,1999
MX-0441,Madurai,0,0,2.5,7,1999
MX-0441,Guwahati,42,96,7.2,21,1999
MX-0441,Mumbai City Mall,20,0,5.9,21,1999
MX-0441,Delhi City Mall,74,0,2.8,14,1999
MX-0441,Bengaluru City Mall,119,46,4.4,10,1999
MX-0441,Hyderabad City Mall,55,0,4.8,5,1999
MX-0441,Chennai City Mall,62,0,2.5,14,1999
MX-0441,Kolkata City Mall,64,0,,21,N/A
MX-0441,Pune City Mall,210,84,3.1,21,1999
MX-0441,Ahmedabad City Mall,11,0,3.6,7,1999
MX-0441,Jaipur City Mall,10,0,0.9,21,1999
MX-0441,Lucknow City Mall,6,0,1.1,10,1999
MX-0441,Surat City Mall,2,2,0.4,5,1999
MX-0441,Indore City Mall,15,0,1.4,5,1999
MX-0441,Nagpur City Mall,131,0,3.8,21,1999
MX-0441,Kochi City Mall,63,0,1.6,14,1999
MX-0441,Chandigarh City Mall,84,-16,5.9,7,1999
MX-0441,Bhopal City Mall,35,107,7.7,14,1999
MX-0441,Patna City Mall,218,0,4.7,14,1999
MX-0441,Vadodara City Mall,70,0,4.4,5,1999
MX-0441,Ludhiana City Mall,180,0,6.0,14,1999
MX-0441,Agra City Mall,498,0,7.6,21,1999
MX-0442,Mumbai,80,0,2.4,14,1999
MX-0442,Delhi,112,0,6.0,7,1999
MX-0442,Bengaluru,9,5,1.6,5,1999
MX-0442,Hyderabad,57,29,1.8,14,1999
MX-0442,Chennai,66,0,7.7,21,1999
MX-0442,Kolkata,144,0,6.5,7,1999
MX-0442,Pune,23,0,1.8,7,1999
MX-0442,Ahmedabad,19,0,1.2,21,1999
MX-0442,Jaipur,49,0,1.7,10,1999
MX-0442,Lucknow,62,26,5.7,7,1999
MX-0442,Surat,40,0,3.3,5,1999
MX-0442,Indore,76,43,4.4,14,1999
MX-0442,Nagpur,185,0,4.0,14,1999
MX-0442,Kochi,45,34,6.0,5,1999
MX-0442,Chandigarh,150,0,5.4,14,1999
MX-0442,Bhopal,262,60,5.7,21,1999
MX-0442,Patna,16,0,2.8,5,1999
MX-0442,Patna,16,0,2.8,5,1999
,Vadodara,43,46,5.7,10,1999
MX-0442,Ludhiana,152,52,7.4,7,1999
MX-0442,Agra, 53 ,0,7.1,10,1999
MX-0442,Nashik,86,0,3.5,14,1999
MX-0442,Meerut,27,0,1.8,5,1999
MX-0442,Rajkot,3,0,7.4,21,1999
MX-0442,Varanasi,113.5,62,6.5,14,1999
MX-0442,Amritsar,39,0,1.8,7,1999
MX-0442,Noida,54,0,4.5,21,1999
MX-0442,Gurugram,162,0,7.4,10,1999
MX-0442,Coimbatore,21,3,0.3,21,1999
MX-0442,Madurai,1,0,1.2,10,1999
MX-0442,Guwahati,123,66,5.1,14 days,1999
MX-0442,Mumbai City Mall,298,94,5.7,21,1999
MX-0442,Delhi City Mall,17,0,2.1,,1999
MX-0442,Bengaluru City Mall,53,34,3.6,7,1999
MX-0442,Hyderabad City Mall,86,0,4.2,14,1999
MX-0442,Chennai City Mall,24,0,1.0,10,1999
MX-0442,Kolkata City Mall,351,62,5.6,21,1999
MX-0442,Pune City Mall,3,0,0.3,7,1999
MX-0442,Ahmedabad City Mall,8,0,1.0,7,1999
MX-0442,Jaipur City Mall,128,0,7.4,7,1999
MX-0442,Lucknow City Mall,56,0,5.1,21,1999
MX-0442,Surat City Mall,301,0,4.5,21,1999
MX-0442,Indore City Mall,10,0,6.2,7,1999
MX-0442,Nagpur City Mall,123,0,4.9,10,1999
MX-0442,Kochi City Mall,23,0,0.7,10,1999
MX-0442,Chandigarh City Mall,58,0,2.3,21,N/A
MX-0442,Bhopal City Mall,88,0,5.2,7,1999
MX-0442,Patna City Mall,1,0,1.1,5,1999
MX-0442,Vadodara City Mall,2,44,5.6,10,1999
MX-0442,Ludhiana City Mall,21,11,1.7,14,1999
MX-0442,Agra City Mall,7,0,0.9,5,1999
MX-0443,Mumbai,147,0,7.8,7,3999
MX-0443,Delhi, 24 ,0,2.5,14,3999
MX-0443,Bengaluru,160, 39 ,7.9,7,3999
MX-0443,Hyderabad, 8 ,0,0.9,5,3999
MX-0443,Chennai,91,0,4.7,10,3999
MX-0443,Kolkata,40,36,7.8,5,3999
MX-0443,Pune,89,0,6.2,7,3999
MX-0443,Ahmedabad,269,0,7.4,21,3999
MX-0443,Jaipur,21,28,7.3,5,3999
MX-0443,Lucknow,28,0,1.2,10,3999
MX-0443,Surat,99,43,6.6,5,3999
MX-0443,Indore,40,0,2.3,7,3999
MX-0443,Nagpur,48,0,3.3,10,3999
MX-0443,Kochi,169,0,3.5,21,3999
MX-0443,Chandigarh,19,2,1.3,5,3999
MX-0443,Bhopal,(8),-8,5.5,10,3999
MX-0443,Patna,17,0,0.5,14,3999
MX-0443,Vadodara,182,0,4.6,14,3999
MX-0443,Ludhiana,27,0,,21,3999
MX-0443,Agra,13,0,4.4,7,3999
MX-0443,Nashik,150,0,3.2,21,3999
MX-0443,Meerut,225,55,4.8,21,3999
MX-0443,Rajkot,5,10,1.0,10,3999
MX-0443,Varanasi,88,57,4.1,14,3999
MX-0443,Amritsar,0,0,0.3,5,3999
MX-0443,Noida,41,0,0.6,21,3999
MX-0443,Gurugram,184.5,40,4.6,14,3999
MX-0443,Coimbatore,136,0,2.1,21,3999
MX-0443,Madurai,13,0,2.3,10,3999
MX-0443,Guwahati,250,0,7.1,14,3999
MX-0443,Mumbai City Mall,458,84,6.6,21,3999
MX-0443,Delhi City Mall,57,0,1.5,21,3999
MX-0443,Bengaluru City Mall,108,38,5.6,7,3999
MX-0443,Hyderabad City Mall,212,0,4.0,21,3999
MX-0443,Chennai City Mall,197,0,7.8,10,3999
MX-0443,Kolkata City Mall,9,0,5.6,10,3999
MX-0443,Pune City Mall,107,0,7.9,7,3999
MX-0443,Ahmedabad City Mall,39,26,5.2,5,3999
MX-0443,Jaipur City Mall,187,0,4.5,14,3999
MX-0443,Lucknow City Mall,60,0,7.2,5,3999
MX-0443,Surat City Mall,111,0,6.1,7,3999
MX-0443,Indore City Mall,59,0,5.4,5,3999
MX-0443,Nagpur City Mall,217,28,7.2,10,3999
MX-0443,Kochi City Mall,45,0,5.8,7,3999
MX-0443,Chandigarh City Mall,16,0,4.8,5,3999
MX-0443,Bhopal City Mall,6,0,0.9,10,3999
MX-0443,Patna City Mall,10,0,0.3,14,3999
MX-0443,Vadodara City Mall,6,0,5.5,5,3999
MX-0443,Ludhiana City Mall,75,0,2.2,21,3999
MX-0443,Agra City Mall,62,0,4.4,21,3999
MX-0444,Mumbai,45,0,3.9,5,3999
MX-0444,Delhi,10,12,2.1,5,3999
MX-0444,Bengaluru,60,0,3.2,21,3999
MX-0444,Hyderabad,25,8,0.4,21,N/A
MX-0444,Chennai,35,0,2.8,,3999
MX-0444,Kolkata,6,0,2.1,14,3999
MX-0444,Pune,0,0,1.0,5,3999
MX-0444,Ahmedabad,6,0,0.8,7,3999
MX-0444,Jaipur,66,38,5.9,14 days,3999
MX-0444,Lucknow,1,3,0.2,21,3999
MX-0444,Surat,73,0,3.5,10,3999
MX-0444,Indore,38,0,2.4,5,3999
MX-0444,Nagpur,271,0,7.4,21,3999
MX-0444,Kochi,130,0,5.8,10,3999
MX-0444,Kochi,130,0,5.8,10,3999
MX-0444,Chandigarh,0,2,0.2,10,3999
MX-0444,Bhopal,0,0,3.1,5,3999
MX-0444,Patna,30,0,6.9,7,3999
MX-0444,Vadodara,30,0,0.6,21,3999
,Ludhiana,17,0,0.9,10,3999
MX-0444,Agra,96,0,4.3,7,3999
MX-0444,Nashik, 11 ,0,0.8,7,3999
MX-0444,Meerut,80,0,4.4,14,3999
MX-0444,Rajkot,185,0,7.0,21,3999
MX-0444,Varanasi,36,0,7.8,7,3999
MX-0444,Amritsar,1,0,3.9,7,3999
MX-0444,Noida,49,28,3.2,14,3999
MX-0444,Gurugram, 324 ,75,4.6,21,3999
MX-0444,Coimbatore,54,0,1.5,14,3999
MX-0444,Madurai,80,0,2.4,10,3999
MX-0444,Guwahati,8.5,0,0.5,7,3999
MX-0444,Mumbai City Mall, 67 ,102,7.8,21,3999
MX-0444,Delhi City Mall,33,23,4.2,7,3999
MX-0444,Bengaluru City Mall,239,0,7.0,21,3999
MX-0444,Hyderabad City Mall,93,0,4.6,10,3999
MX-0444,Chennai City Mall,7,33,3.9,7,3999
MX-0444,Kolkata City Mall,60,9,1.5,14,3999
MX-0444,Pune City Mall,4,-14,1.5,5,3999
MX-0444,Ahmedabad City Mall,65,0,6.1,5,3999
MX-0444,Jaipur City Mall, 7 ,17,2.8,5,3999
MX-0444,Lucknow City Mall,26,0,4.3,5,3999
MX-0444,Surat City Mall,207,0,5.7,21,3999
MX-0444,Indore City Mall,131,0,4.5,21,3999
MX-0444,Nagpur City Mall,37,16,1.2,10,3999
MX-0444,Kochi City Mall,9,0,1.2,7,3999
MX-0444,Chandigarh City Mall,47,0,2.7,21,3999
MX-0444,Bhopal City Mall,86,0,7.4,5,3999
MX-0444,Patna City Mall,7,0,3.8,10,3999
MX-0444,Vadodara City Mall,34,0,7.6,10,3999
MX-0444,Ludhiana City Mall,26,7,1.0,10,3999
MX-0444,Agra City Mall,97,0,7.3,5,3999
MX-0445,Mumbai,77,46,7.7,5,199
MX-0445,Delhi,25,0,,7,199
MX-0445,Bengaluru,146,49,4.6,10,199
MX-0445,Hyderabad,4,0,1.5,10,199
MX-0445,Chennai,(9),0,2.0,5,199
MX-0445,Kolkata,110,0,5.0,7,199
MX-0445,Pune,115,0,5.3,21,199
MX-0445,Ahmedabad,29,0,2.7,14,199
MX-0445,Jaipur,108,30,7.6,10,199
MX-0445,Lucknow, 5 , 40 ,3.1,14,199
MX-0445,Surat,19,0,0.9,10,199
MX-0445,Indore,11,0,4.9,14,199
MX-0445,Nagpur,5,0,0.3,7,N/A
MX-0445,Kochi,88,0,4.1,10,199
MX-0445,Chandigarh,137,0,6.4,21,199
MX-0445,Bhopal,38,0,4.0,5,199
MX-0445,Patna,99, 76 ,6.7,10,199
MX-0445,Vadodara,59,0,5.3,5,199
MX-0445,Ludhiana,290,0,7.0,21,199
MX-0445,Agra, 3 ,6,1.5,10,199
MX-0445,Nashik,194,71,3.6,21,199
MX-0445,Meerut,133,18,6.3,7,199
MX-0445,Rajkot,129,0,7.1,7,199
MX-0445,Varanasi,26,0,3.9,10,199
MX-0445,Amritsar,233,0,6.6,14,199
MX-0445,Noida,86,0,4.2,21,199
MX-0445,Gurugram,61,0,2.0,10,199
MX-0445,Coimbatore,230,0,7.6,,199
MX-0445,Madurai,37,7,1.7,7,199
MX-0445,Guwahati,131,0,6.2,10,199
MX-0445,Mumbai City Mall,203,0,4.9,14,199
MX-0445,Delhi City Mall,89,0,4.3,10,199
MX-0445,Bengaluru City Mall,36.5,20,4.0,7,199
MX-0445,Hyderabad City Mall,22,0,6.5,7,199
MX-0445,Chennai City Mall,20,0,0.9,10,199
MX-0445,Kolkata City Mall,189,0,2.9,21,199
MX-0445,Pune City Mall,120,0,6.9,7,199
MX-0445,Ahmedabad City Mall,75,0,7.9,7 days,199
MX-0445,Jaipur City Mall,6, 11 ,0.9,10,199
MX-0445,Lucknow City Mall,279,0,4.6,21,199
MX-0445,Surat City Mall,25,0,3.2,14,199
MX-0445,Indore City Mall,8,0,0.6,5,199
MX-0445,Nagpur City Mall,126,0,5.8,7,199
MX-0445,Kochi City Mall,55,0,3.4,5,199
MX-0445,Chandigarh City Mall,17,0,5.1,5,199
MX-0445,Bhopal City Mall,45,0,5.2,10,199
MX-0445,Patna City Mall,16,0,0.7,10,199
MX-0445,Vadodara City Mall,71,0,3.3,7,199
MX-0445,Ludhiana City Mall,67,20,1.6,21,199
MX-0445,Agra City Mall,378,0,6.1,21,199
MX-0446,Mumbai,37,13,6.5,5,499
MX-0446,Delhi,154,0,6.6,14,499
MX-0446,Bengaluru,3,0,1.4,14,499
MX-0446,Hyderabad,42,0,4.6,7,499
MX-0446,Chennai,210,0,4.9,14,499
MX-0446,Kolkata,82,0,4.4,10,499
MX-0446,Pune,164,0,7.6,10,499
MX-0446,Ahmedabad,292,-14,6.9,14,499
MX-0446,Jaipur,81,0,3.7,14,499
MX-0446,Lucknow,26,14,1.9,10,499
MX-0446,Surat,219,0,7.7,10,499
MX-0446,Surat,219,0,7.7,10,499
MX-0446,Indore,3,0,1.1,5,499
MX-0446,Nagpur,399,0,7.1,21,499
MX-0446,Kochi,9,3,0.9,5,499
MX-0446,Chandigarh,333,0,6.1,21,499
MX-0446,Bhopal,5,0,0.5,5,499
MX-0446,Patna, 78 ,0,6.6,7,499
MX-0446,Vadodara,89,0,6.5,5,499
MX-0446,Ludhiana,39,0,3.3,5,499
,Agra,12,12,0.5,21,499
MX-0446,Nashik,40,0,6.1,5,499
MX-0446,Meerut,14,17,3.3,7,N/A
MX-0446,Rajkot,254,0,6.9,14,499
MX-0446,Varanasi,90,0,7.9,5,499
MX-0446,Amritsar,310,0,7.1,14,499
MX-0446,Noida,158,39,4.5,14,499
MX-0446,Gurugram,59,0,7.0,10,499
MX-0446,Coimbatore,43,96,7.7,10,499
MX-0446,Madurai,158,24,7.9,7,499
MX-0446,Guwahati,63,102,4.1,21,499
MX-0446,Mumbai City Mall,16,0,2.1,21,499
MX-0446,Delhi City Mall,66,0,2.4,14,499
MX-0446,Bengaluru City Mall,71,0,2.3,14,499
MX-0446,Hyderabad City Mall,15,18,2.1,7,499
MX-0446,Chennai City Mall,26,0,,7,499
MX-0446,Kolkata City Mall,39.5,0,3.0,21,499
MX-0446,Pune City Mall,320,0,7.1,14,499
MX-0446,Ahmedabad City Mall,10,0,1.3,7,499
MX-0446,Jaipur City Mall,25,8,0.8,14,499
MX-0446,Lucknow City Mall,75,13,1.1,21,499
MX-0446,Surat City Mall,50,0,2.8,21,499
MX-0446,Indore City Mall,92,0,2.6,14,499
MX-0446,Nagpur City Mall,65,0,3.4,21,499
MX-0446,Kochi City Mall,(6),0,6.3,10,499
MX-0446,Chandigarh City Mall,2,0,0.8,10,499
MX-0446,Bhopal City Mall,63, 25 ,1.5,14,499
MX-0446,Patna City Mall,91,0,5.8,5,499
MX-0446,Vadodara City Mall,147,0,3.4,21,499
MX-0446,Ludhiana City Mall,54,85,7.4,10,499
MX-0446,Agra City Mall,8,18,3.3,7,499
MX-0447,Mumbai,84,0,5.7,,999
MX-0447,Delhi,81,0,6.8,5,999
MX-0447,Bengaluru,225,0,7.6,10,999
MX-0447,Hyderabad,304,0,6.6,14,999
MX-0447,Chennai,113,0,4.3,10,999
MX-0447,Kolkata,85,24,5.1,5,999
MX-0447,Pune,27,60,7.9,7,999
MX-0447,Ahmedabad,200,49,3.4,21,999
MX-0447,Jaipur,1,0,7.3,5,999
MX-0447,Lucknow,79,0,6.8,5,999
MX-0447,Surat,85,0,4.0,7,999
MX-0447,Indore,16,0,0.7,14,999
MX-0447,Nagpur,163,0,6.3,10,999
MX-0447,Kochi,29,40,4.8,7,999
MX-0447,Chandigarh,36,0,5.6,7,999
MX-0447,Bhopal,36,0,1.7,7,999
MX-0447,Patna,7, 10 ,1.7,7 days,999
MX-0447,Vadodara,68,0,3.6,10,999
MX-0447,Ludhiana,422,0,6.7,21,999
MX-0447,Agra,37,30,4.7,10,999
MX-0447,Nashik, 148 ,0,4.4,21,999
MX-0447,Meerut,33,0,6.9,5,999
MX-0447,Rajkot,58,0,1.4,21,999
MX-0447,Varanasi,66,0,7.6,5,999
MX-0447,Amritsar,8,0,0.8,21,999
MX-0447,Noida,71,0,2.3,10,999
MX-0447,Gurugram,10,0,7.7,10,999
MX-0447,Coimbatore,43,14,1.2,14,999
MX-0447,Madurai,219,-14,7.4,21,999
MX-0447,Guwahati,144, 79 ,4.1,14,999
MX-0447,Mumbai City Mall, 406 ,0,7.3,21,N/A
MX-0447,Delhi City Mall,102,0,7.9,7,999
MX-0447,Bengaluru City Mall,3,0,3.3,5,999
MX-0447,Hyderabad City Mall,14,0,3.2,5,999
MX-0447,Chennai City Mall,1,0,0.9,21,999
MX-0447,Kolkata City Mall,274,0,5.9,14,999
MX-0447,Pune City Mall,5,0,0.4,7,999
MX-0447,Ahmedabad City Mall,1,0,2.2,14,999
MX-0447,Jaipur City Mall,60.5, 30 ,4.3,7,999
MX-0447,Lucknow City Mall,75,32,3.4,14,999
MX-0447,Surat City Mall,4,0,0.3,7,999
MX-0447,Indore City Mall,12,3,1.0,7,999
MX-0447,Nagpur City Mall,20,0,3.1,5,999
MX-0447,Kochi City Mall,36,0,4.8,10,999
MX-0447,Chandigarh City Mall,201,0,7.0,21,999
MX-0447,Bhopal City Mall,47,0,5.7,5,999
MX-0447,Patna City Mall,5,10,1.2,21,999
MX-0447,Vadodara City Mall,45,43,4.9,7,999
MX-0447,Ludhiana City Mall,3,0,0.9,14,999
MX-0447,Agra City Mall,55,0,4.5,5,999
MX-0448,Mumbai,3,46,4.8,7,999
MX-0448,Delhi,12,0,1.9,10,999
MX-0448,Bengaluru,2, 5 ,1.9,5,999
MX-0448,Hyderabad,176,37,3.8,21,999
MX-0448,Chennai,24,0,1.8,5,999
MX-0448,Kolkata,111,34,7.4,10,999
MX-0448,Pune,37,0,2.3,10,999
MX-0448,Ahmedabad,178,0,3.0,21,999
MX-0448,Ahmedabad,178,0,3.0,21,999
MX-0448,Jaipur,6,0,2.9,7,999
MX-0448,Lucknow,26,0,2.3,5,999
MX-0448,Surat,44, 45 ,4.9,14,999
MX-0448,Indore,0,0,1.2,7,999
MX-0448,Nagpur, 233 ,0,4.9,21,999
MX-0448,Kochi,188,0,4.2,21,999
MX-0448,Chandigarh,18,0,3.7,7,999
MX-0448,Bhopal, 13 , 10 ,2.7,5,999
MX-0448,Patna,202,62,5.0,14,999
MX-0448,Vadodara,69, 22 ,,14,999
MX-0448,Ludhiana, 25 ,0,1.2,10,999
MX-0448,Agra,36,0,5.1,7,999
,Nashik,74,0,6.0,14,999
MX-0448,Meerut,143,0,6.6,7,999
MX-0448,Rajkot,28,0,2.8,14,999
MX-0448,Varanasi,26,0,4.0,,999
MX-0448,Amritsar,16,40,3.4,10,999
MX-0448,Noida, 20 ,0,3.8,5,999
MX-0448,Gurugram,37,0,4.6,7,999
MX-0448,Coimbatore,109,0,6.6,5,999
MX-0448,Madurai,109,0,6.6,21,999
MX-0448,Guwahati,25,7,1.4,7,999
MX-0448,Mumbai City Mall,94,0,6.0,7,999
MX-0448,Delhi City Mall,225,0,7.0,14,999
MX-0448,Bengaluru City Mall,(8),0,3.9,7,999
MX-0448,Hyderabad City Mall, 143 ,0,3.6,21,999
MX-0448,Chennai City Mall,6,0,4.4,21,999
MX-0448,Kolkata City Mall,113,0,4.8,7,999
MX-0448,Pune City Mall,24,19,1.4,14,999
MX-0448,Ahmedabad City Mall,21,0,1.0,7,999
MX-0448,Jaipur City Mall,227,0,7.9,10,999
MX-0448,Lucknow City Mall, 59 ,0,4.1,21,N/A
MX-0448,Surat City Mall,199,0,5.9,10,999
MX-0448,Indore City Mall,53.5,0,5.5,7,999
MX-0448,Nagpur City Mall,48,0,5.3,7,999
MX-0448,Kochi City Mall,115,0,7.0,7,999
MX-0448,Chandigarh City Mall,91,0,5.5,5,999
MX-0448,Bhopal City Mall,9,0,0.5,21 days,999
MX-0448,Patna City Mall,138,0,4.6,10,999
MX-0448,Vadodara City Mall,142,0,6.9,21,999
MX-0448,Ludhiana City Mall,101,0,7.6,7,999
MX-0448,Agra City Mall,20,-5,1.5,14,999
MX-0449,Mumbai,17,6,2.1,5,3999
MX-0449,Delhi,19,0,6.4,7,3999
MX-0449,Bengaluru,116,0,3.8,10,3999
MX-0449,Hyderabad,6,0,0.4,14,3999
MX-0449,Chennai,41,0,3.2,10,3999
MX-0449,Kolkata,9,6,0.7,10,3999
MX-0449,Pune, 26 ,0,2.2,5,3999
MX-0449,Ahmedabad,134,0,2.1,21,3999
MX-0449,Jaipur, 128 ,0,4.0,14,3999
MX-0449,Lucknow,36,0,1.8,21,3999
MX-0449,Surat,450,0,7.6,21,3999
MX-0449,Indore,118,0,3.3,14,3999
MX-0449,Nagpur,7,0,2.8,10,3999
MX-0449,Kochi,35,0,5.7,14,3999
MX-0449,Chandigarh,133,0,3.5,21,3999
MX-0449,Bhopal,4,0,6.6,10,3999
MX-0449,Patna,425,0,7.0,21,3999
MX-0449,Vadodara,37,0,4.3,5,3999
MX-0449,Ludhiana,82,0,5.8,14,3999
MX-0449,Agra,191, 42 ,3.0,21,3999
MX-0449,Nashik,9,0,1.8,5,3999
MX-0449,Meerut,87,0,2.9,10,3999
MX-0449,Rajkot,204,0,3.6,21,3999
MX-0449,Varanasi,487,0,7.0,21,3999
MX-0449,Amritsar,112,0,6.9,14,3999
MX-0449,Noida,16,0,1.2,21,3999
MX-0449,Gurugram,10,0,4.3,21,3999
MX-0449,Coimbatore,145, 103 ,6.2,14,3999
MX-0449,Madurai,6,26,5.3,7,3999
MX-0449,Guwahati,25,0,3.4,5,3999
MX-0449,Mumbai City Mall,120,0,7.2,7,3999
MX-0449,Delhi City Mall,80,0,6.0,5,3999
MX-0449,Bengaluru City Mall,2,13,1.1,10,3999
MX-0449,Hyderabad City Mall,74,39,4.5,21,3999
MX-0449,Chennai City Mall,161,0,4.4,21,3999
MX-0449,Kolkata City Mall,61,0,5.4,7,3999
MX-0449,Pune City Mall,2,0,3.6,10,3999
MX-0449,Ahmedabad City Mall,6,15,1.2,21,3999
MX-0449,Jaipur City Mall,136,0,4.3,10,3999
MX-0449,Lucknow City Mall,13,0,4.4,5,3999
MX-0449,Surat City Mall,239,50,7.1,10,3999
MX-0449,Indore City Mall, 135 ,48,7.0,14,3999
MX-0449,Nagpur City Mall,30,0,4.7,5,3999
MX-0449,Kochi City Mall,220, 152 ,7.1,21,3999
MX-0449,Chandigarh City Mall,27.5,0,4.5,10,3999
MX-0449,Bhopal City Mall,63,34,4.1,7,3999
MX-0449,Patna City Mall,317,63,5.5,,3999
MX-0449,Vadodara City Mall,14,0,0.5,14,3999
MX-0449,Ludhiana City Mall,63,0,7.1,7,N/A
MX-0449,Agra City Mall,41,45,6.5,7,3999
MX-0450,Mumbai,230,0,,14,999
MX-0450,Delhi,35,0,7.4,5,999
MX-0450,Bengaluru, 28 ,0,3.4,10,999
MX-0450,Hyderabad,19,6,0.6,10,999
MX-0450,Chennai,41,0,5.7,14,999
MX-0450,Chennai,41,0,5.7,14,999
MX-0450,Kolkata,26,21,3.2,10,999
MX-0450,Pune,133,50,4.2,14,999
MX-0450,Ahmedabad,77,0,6.5,5,999
MX-0450,Jaipur,175,0,6.9,14,999
MX-0450,Lucknow,10,0,0.9,5,999
MX-0450,Surat,49,0,3.6,5,999
MX-0450,Indore,87,0,2.8,14,999
MX-0450,Nagpur,89, 39 ,7.6,5,999
MX-0450,Kochi,19,25,1.4,21,999
MX-0450,Chandigarh,107,0,7.4,5,999
MX-0450,Bhopal,105,0,2.0,21,999
MX-0450,Patna,17,0,6.1,5,999
MX-0450,Vadodara,17,0,3.1,21,999
MX-0450,Ludhiana,58,0,4.9,14,999
MX-0450,Agra,29,0,4.1,5,999
MX-0450,Nashik,21,-6,3.0,7,999
,Meerut,(9),0,4.3,7,999
MX-0450,Rajkot,13,0,1.7,5,999
MX-0450,Varanasi,9,0,1.3,10,999
MX-0450,Amritsar,41,0,4.7,10 days,999
MX-0450,Noida, 42 ,0,2.2,14,999
MX-0450,Gurugram, 114 ,0,2.2,21,999
MX-0450,Coimbatore, 16 ,0,2.5,10,999
MX-0450,Madurai,0,0,0.4,14,999
MX-0450,Guwahati,0,0,0.8,10,999
MX-0450,Mumbai City Mall,35,0,4.1,14,999
MX-0450,Delhi City Mall,39,0,3.3,7,999
MX-0450,Bengaluru City Mall,7,0,1.1,10,999
MX-0450,Hyderabad City Mall,65,62,6.5,7,999
MX-0450,Chennai City Mall,227,0,4.0,21,999
MX-0450,Kolkata City Mall,18,0,2.7,5,999
MX-0450,Pune City Mall,1,0,0.4,5,999
MX-0450,Ahmedabad City Mall,12,0,2.8,7,999
MX-0450,Jaipur City Mall,27,0,1.3,10,999
MX-0450,Lucknow City Mall,19,0,5.5,10,999
MX-0450,Surat City Mall,11,0,1.2,5,999
MX-0450,Indore City Mall,172,0,6.5,14,999
MX-0450,Nagpur City Mall,82,43,5.3,14,999
MX-0450,Kochi City Mall,71,16,1.3,21,999
MX-0450,Chandigarh City Mall,64,0,7.9,5,999
MX-0450,Bhopal City Mall,176,52,7.7,10,999
MX-0450,Patna City Mall,22,0,0.8,10,999
MX-0450,Vadodara City Mall,234.5, 97 ,5.2,14,999
MX-0450,Ludhiana City Mall,50,101,7.8,10,999
MX-0450,Agra City Mall,76,0,4.9,5,999
MX-0451,Mumbai,15,0,1.2,7,1999
MX-0451,Delhi,105,0,3.3,14,1999
MX-0451,Bengaluru,30,10,1.5,10,1999
MX-0451,Hyderabad,32,0,0.8,14,1999
MX-0451,Chennai,89,0,3.4,21,1999
MX-0451,Kolkata,85,38,6.5,5,1999
MX-0451,Pune,28,0,6.8,21,1999
MX-0451,Ahmedabad,18,0,0.6,10,N/A
MX-0451,Jaipur,47,0,4.1,10,1999
MX-0451,Lucknow,137,0,6.0,7,1999
MX-0451,Surat,7,0,2.9,10,1999
MX-0451,Indore,339,147,7.7,14,1999
MX-0451,Nagpur,80,28,4.1,14,1999
MX-0451,Kochi,307,0,6.7,14,1999
MX-0451,Chandigarh,118,0,2.1,21,1999
MX-0451,Bhopal,142,0,6.2,14,1999
MX-0451,Patna,79,0,5.5,14,1999
MX-0451,Vadodara,0,40,2.9,14,1999
MX-0451,Ludhiana,61,0,1.7,21,1999
MX-0451,Agra,10,0,7.6,,1999
MX-0451,Nashik,106,0,7.5,7,1999
MX-0451,Meerut,190,0,4.6,14,1999
MX-0451,Rajkot,19,0,7.1,7,1999
MX-0451,Varanasi,60,29,3.0,10,1999
MX-0451,Amritsar,87,0,3.4,10,1999
MX-0451,Noida, 13 ,0,3.7,14,1999
MX-0451,Gurugram,287,0,6.7,14,1999
MX-0451,Coimbatore,138,0,3.9,21,1999
MX-0451,Madurai,14,0,7.0,10,1999
MX-0451,Guwahati,75,0,6.3,7,1999
MX-0451,Mumbai City Mall, 7 ,4,0.5,7,1999
MX-0451,Delhi City Mall,0,0,0.4,10,1999
MX-0451,Bengaluru City Mall,16,0,8.0,5,1999
MX-0451,Hyderabad City Mall,265,89,,14,1999
MX-0451,Chennai City Mall, 22 ,0,1.5,7,1999
MX-0451,Kolkata City Mall,45,53,2.8,21,1999
MX-0451,Pune City Mall,1,16,1.0,14,1999
MX-0451,Ahmedabad City Mall,63,0,4.7,5,1999
MX-0451,Jaipur City Mall,52,0,4.4,7,1999
MX-0451,Lucknow City Mall,33,29,3.4,7,1999
MX-0451,Surat City Mall,13,0,4.6,5,1999
MX-0451,Indore City Mall,59,-1,6.1,14,1999
MX-0451,Nagpur City Mall,65,0,6.3,5,1999
MX-0451,Kochi City Mall,36,26,2.1,10,1999
MX-0451,Chandigarh City Mall,144,0,4.8,21,1999
MX-0451,Bhopal City Mall, 36 ,0,5.6,14,1999
MX-0451,Patna City Mall,23,20,2.6,7,1999
MX-0451,Vadodara City Mall, 64 ,0,3.2,14,1999
MX-0451,Ludhiana City Mall,258,155,7.9,21,1999
MX-0451,Agra City Mall,68,0,5.5,10,1999
MX-0452,Mumbai,16.5,0,4.3,5,499
MX-0452,Delhi,75,0,7.1,7,499
MX-0452,Delhi,75,0,7.1,7,499
MX-0452,Bengaluru,183,0,4.9,14,499
MX-0452,Hyderabad,84,0,2.1,21 days,499
MX-0452,Chennai,63,0,4.2,14,499
MX-0452,Kolkata,26,0,6.1,7,499
MX-0452,Pune,51,0,1.7,10,499
MX-0452,Ahmedabad,5, 1 ,0.3,7,499
MX-0452,Jaipur,117,0,7.1,10,499
MX-0452,Lucknow,393,119,7.8,21,499
MX-0452,Surat,(7),0,2.3,10,499
MX-0452,Indore, 2 ,20,3.0,5,499
MX-0452,Nagpur,271,0,6.4,21,499
MX-0452,Kochi,148,0,4.1,21,499
MX-0452,Chandigarh,172,0,7.1,10,499
MX-0452,Bhopal,106,0,5.5,10,499
MX-0452,Patna,93,109,4.0,21,N/A
MX-0452,Vadodara,208,0,3.2,21,499
MX-0452,Ludhiana,4,3,0.3,21,499
MX-0452,Agra,57,0,4.1,5,499
MX-0452,Nashik, 250 ,0,7.4,14,499
MX-0452,Meerut, 101 ,0,6.5,5,499
,Rajkot,56,0,7.9,7,499
MX-0452,Varanasi,112,0,5.1,7,499
MX-0452,Amritsar,84,61,4.0,14,499
MX-0452,Noida,99,0,7.6,10,499
MX-0452,Gurugram,73,0,6.2,5,499
MX-0452,Coimbatore,41,0,7.6,5,499
MX-0452,Madurai,249,0,7.5,21,499
MX-0452,Guwahati,23,17,2.7,5,499
MX-0452,Mumbai City Mall,55,0,4.8,7,499
MX-0452,Delhi City Mall,31,0,1.1,10,499
MX-0452,Bengaluru City Mall,112,0,6.6,14,499
MX-0452,Hyderabad City Mall,12,0,5.2,14,499
MX-0452,Chennai City Mall, 45 ,32,5.5,7,499
MX-0452,Kolkata City Mall,45,0,7.6,5,499
MX-0452,Pune City Mall,124,0,6.1,14,499
MX-0452,Ahmedabad City Mall,96,0,5.7,14,499
MX-0452,Jaipur City Mall,382,0,5.9,21,499
MX-0452,Lucknow City Mall, 159 ,0,7.8,7,499
MX-0452,Surat City Mall,61,0,5.4,21,499
MX-0452,Indore City Mall,124,0,3.6,14,499
MX-0452,Nagpur City Mall,1,11,0.5,,499
MX-0452,Kochi City Mall,22,0,2.4,10,499
MX-0452,Chandigarh City Mall,170,0,6.9,10,499
MX-0452,Bhopal City Mall,78,0,3.6,7,499
MX-0452,Patna City Mall,35,0,2.3,14,499
MX-0452,Vadodara City Mall,22,20,2.2,14,499
MX-0452,Ludhiana City Mall,23,46,7.9,7,499
MX-0452,Agra City Mall,118,35,7.5,5,499
MX-0453,Mumbai,85,25,5.0,7,199
MX-0453,Delhi,57,0,1.8,10,199
MX-0453,Bengaluru,8,0,0.4,7,199
MX-0453,Hyderabad,35.5,0,4.5,7,199
MX-0453,Chennai,20,0,1.3,10,199
MX-0453,Kolkata,30,0,3.2,7,199
MX-0453,Pune,48,0,5.4,7,199
MX-0453,Ahmedabad,18,0,1.6,10,199
MX-0453,Jaipur,83,0,3.8,21,199
MX-0453,Lucknow,97,0,6.0,5,199
MX-0453,Surat,45,0,7.8,5,199
MX-0453,Indore,144,0,4.7,14,199
MX-0453,Nagpur,104,-2,6.7,7,199
MX-0453,Kochi,109,54,4.8,21,199
MX-0453,Chandigarh,274,0,5.1,21,199
MX-0453,Bhopal,2,0,0.5,7,199
MX-0453,Patna,271,55,,14,199
MX-0453,Vadodara,69,0,4.6,5,199
MX-0453,Ludhiana,122,0,3.1,21,199
MX-0453,Agra,56,0,6.1,5,199
MX-0453,Nashik,102,0,6.6,14,199
MX-0453,Meerut,22, 5 ,1.4,7,199
MX-0453,Rajkot,88,26,5.9,5,199
MX-0453,Varanasi,9,0,0.3,10,199
MX-0453,Amritsar,48,0,7.5,7,199
MX-0453,Noida,107,0,6.6,7,N/A
MX-0453,Gurugram,23,0,2.0,10,199
MX-0453,Coimbatore,11,3,1.4,5,199
MX-0453,Madurai,14,0,0.7,7,199
MX-0453,Guwahati,33,0,2.1,5,199
MX-0453,Mumbai City Mall,154,0,4.1,14,199
MX-0453,Delhi City Mall,42,0,2.4,21,199
MX-0453,Bengaluru City Mall,9,0,7.8,5 days,199
MX-0453,Hyderabad City Mall,7,0,1.0,21,199
MX-0453,Chennai City Mall, 62 ,0,2.0,21,199
MX-0453,Kolkata City Mall, 44 ,0,1.0,14,199
MX-0453,Pune City Mall,22,24,2.8,10,199
MX-0453,Ahmedabad City Mall,31,0,0.8,21,199
MX-0453,Jaipur City Mall, 26 ,0,5.6,5,199
MX-0453,Lucknow City Mall,6,0,2.7,7,199
MX-0453,Surat City Mall,276,0,5.0,21,199
MX-0453,Indore City Mall,174,30,7.8,7,199
MX-0453,Nagpur City Mall,18,0,8.0,14,199
MX-0453,Kochi City Mall,131,0,5.7,7,199
MX-0453,Chandigarh City Mall,75,0,4.4,10,199
MX-0453,Bhopal City Mall,84,0,1.2,21,199
MX-0453,Patna City Mall,35,0,5.0,7,199
MX-0453,Vadodara City Mall,119,0,6.7,10,199
MX-0453,Ludhiana City Mall,63,59,7.3,10,199
MX-0453,Ludhiana City Mall,63,59,7.3,10,199
MX-0453,Agra City Mall,-8,21,5.8,7,199
MX-0454,Mumbai,98,0,3.8,10,199
MX-0454,Delhi,15,0,2.1,5,199
MX-0454,Bengaluru,217,0,7.5,10,199
MX-0454,Hyderabad,57,0,4.4,21,199
MX-0454,Chennai,61,0,3.7,7,199
MX-0454,Kolkata,96,0,5.6,10,199
MX-0454,Pune,291.5,0,6.9,14,199
MX-0454,Ahmedabad,53,15,3.3,5,199
MX-0454,Jaipur,60,0,4.5,7,199
MX-0454,Lucknow,345,0,6.1,21,199
MX-0454,Surat,365,0,7.1,21,199
MX-0454,Indore,68,0,1.1,21,199
MX-0454,Nagpur,82,0,7.8,21,199
MX-0454,Kochi,233,0,7.2,14,199
MX-0454,Chandigarh,14,0,1.7,14,199
MX-0454,Bhopal,20,14,2.6,,199
MX-0454,Patna,31,13,0.5,21,199
MX-0454,Vadodara,78,0,5.5,5,199
MX-0454,Ludhiana,12,16,1.3,10,199
MX-0454,Agra,2,1,0.6,5,199
MX-0454,Nashik,29,0,6.2,5,199
MX-0454,Meerut,43,0,6.3,14,199
MX-0454,Rajkot,54,0,6.1,7,199
,Varanasi,199,0,3.6,21,199
MX-0454,Amritsar,16,0,1.4,14,199
MX-0454,Noida,468, 194 ,6.7,21,199
MX-0454,Gurugram,98,0,4.4,7,199
MX-0454,Coimbatore,33,0,6.4,5,199
MX-0454,Madurai,8,0,0.8,5,199
MX-0454,Guwahati,34,0,7.4,14,199
MX-0454,Mumbai City Mall,31,0,3.7,14,199
MX-0454,Delhi City Mall,24,0,3.0,10,199
MX-0454,Bengaluru City Mall,44,0,4.3,7,199
MX-0454,Hyderabad City Mall,53,-4,3.2,7,199
MX-0454,Chennai City Mall,190,0,5.6,10,N/A
MX-0454,Kolkata City Mall,153,68,5.6,10,199
MX-0454,Pune City Mall,44,0,1.3,21,199
MX-0454,Ahmedabad City Mall,153,0,6.8,7,199
MX-0454,Jaipur City Mall,84,0,5.5,5,199
MX-0454,Lucknow City Mall,237,0,7.6,10,199
MX-0454,Surat City Mall,2,0,3.8,14,199
MX-0454,Indore City Mall,66,39,4.2,14,199
MX-0454,Nagpur City Mall,347,0,7.5,14,199
MX-0454,Kochi City Mall,49,0,4.0,5,199
MX-0454,Chandigarh City Mall,16,0,0.5,10,199
MX-0454,Bhopal City Mall,5,0,1.6,7,199
MX-0454,Patna City Mall,8,0,1.5,5,199
MX-0454,Vadodara City Mall, 16 ,0,1.0,7,199
MX-0454,Ludhiana City Mall,27,28,1.9,21,199
MX-0454,Agra City Mall,151,0,,14,199
MX-0455,Mumbai,1,0,2.0,5,199
MX-0455,Delhi,23,0,2.8,5,199
MX-0455,Bengaluru,28,0,5.1,7,199
MX-0455,Hyderabad,78,0,2.6,21,199
MX-0455,Chennai,70,0,1.1,21,199
MX-0455,Kolkata,113,24,5.5,10,199
MX-0455,Pune,8,14,2.2,5,199
MX-0455,Ahmedabad,49,0,3.4,5,199
MX-0455,Jaipur,217,0,3.6,21,199
MX-0455,Lucknow,17.5,20,4.3,7,199
MX-0455,Surat,74,0,5.4,21,199
MX-0455,Indore,26,0,7.3,5 days,199
MX-0455,Nagpur,44,0,4.0,7,199
MX-0455,Kochi,233,0,5.2,21,199
MX-0455,Chandigarh,267,0,6.9,14,199
MX-0455,Bhopal,58,0,5.4,5,199
MX-0455,Patna, 120 ,0,7.8,7,199
MX-0455,Vadodara,195,0,7.6,14,199
MX-0455,Ludhiana,9,0,1.0,5,199
MX-0455,Agra,127,33,6.2,10,199
MX-0455,Nashik,29,0,1.5,14,199
MX-0455,Meerut,24,48,4.9,10,199
MX-0455,Rajkot, 33 ,0,2.0,5,199
MX-0455,Varanasi,65,0,1.4,14,199
MX-0455,Amritsar,32,16,1.7,7,199
MX-0455,Noida, 139 ,0,8.0,14,199
MX-0455,Gurugram,34,34,6.1,14,199
MX-0455,Coimbatore,48,0,4.2,5,199
MX-0455,Madurai, 228 ,0,7.9,14,199
MX-0455,Guwahati,394,0,5.8,21,199
MX-0455,Mumbai City Mall,125,29,5.6,10,199
MX-0455,Delhi City Mall,13,0,2.1,21,199
MX-0455,Bengaluru City Mall,22,0,1.5,21,199
MX-0455,Hyderabad City Mall,132,0,6.0,21,199
MX-0455,Chennai City Mall,161,0,5.1,10,199
MX-0455,Kolkata City Mall,36,0,1.8,10,199
MX-0455,Pune City Mall,83,26,4.2,7,199
MX-0455,Ahmedabad City Mall,144,0,5.1,14,199
MX-0455,Jaipur City Mall,(9),0,6.4,,199
MX-0455,Lucknow City Mall,49,0,3.6,5,199
MX-0455,Surat City Mall,94,50,4.1,14,199
MX-0455,Indore City Mall,3,0,4.6,14,199
MX-0455,Nagpur City Mall,116,0,3.9,21,199
MX-0455,Kochi City Mall,1,0,0.5,5,N/A
MX-0455,Chandigarh City Mall,13,0,0.7,7,199
MX-0455,Bhopal City Mall,6,13,3.7,7,199
MX-0455,Bhopal City Mall,6,13,3.7,7,199
MX-0455,Patna City Mall,47,26,1.3,21,199
MX-0455,Vadodara City Mall,3,0,0.7,5,199
MX-0455,Ludhiana City Mall,197,102,4.5,21,199
MX-0455,Agra City Mall,194,0,7.6,10,199
MX-0456,Mumbai,21,0,0.8,10,1999
MX-0456,Delhi,156,0,6.4,21,1999
MX-0456,Bengaluru,23,0,1.9,5,1999
MX-0456,Hyderabad,55,0,1.7,10,1999
MX-0456,Chennai,91,-3,4.2,7,1999
MX-0456,Kolkata,103,0,7.9,14,1999
MX-0456,Pune,34,0,6.6,14,1999
MX-0456,Ahmedabad,28,0,4.7,14,1999
MX-0456,Jaipur,5,0,2.2,14,1999
MX-0456,Lucknow,29,0,1.4,14,1999
MX-0456,Surat,1,12,2.1,5,1999
MX-0456,Indore,56,0,1.3,14,1999
MX-0456,Nagpur,106.5,0,6.5,7,1999
MX-0456,Kochi,135,0,2.2,21,1999
MX-0456,Chandigarh,64,0,1.5,14,1999
MX-0456,Bhopal,61,26,1.4,14,1999
MX-0456,Patna,56,0,1.7,10,1999
MX-0456,Vadodara,118,39,7.3,7,1999
MX-0456,Ludhiana,65,61,4.0,14,1999
MX-0456,Agra,122,0,5.0,10,1999
MX-0456,Nashik,16,0,1.8,5,1999
MX-0456,Meerut,46,24,3.9,5,1999
MX-0456,Rajkot,85,0,5.3,5,1999
MX-0456,Varanasi,81,0,7.6,21,1999
,Amritsar, 58 ,0,4.9,10,1999
MX-0456,Noida,56,0,4.2,7,1999
MX-0456,Gurugram,89,0,1.8,21,1999
MX-0456,Coimbatore,33,0,5.6,14,1999
MX-0456,Madurai,4,0,3.4,7,1999
MX-0456,Guwahati,16,0,0.7,7,1999
MX-0456,Mumbai City Mall,271,0,6.0,21,1999
MX-0456,Delhi City Mall,54,0,5.3,10,1999
MX-0456,Bengaluru City Mall,8,0,,10,1999
MX-0456,Hyderabad City Mall,170,0,5.1,10,1999
MX-0456,Chennai City Mall, 26 ,0,1.3,7,1999
MX-0456,Kolkata City Mall,113,81,5.9,10,1999
MX-0456,Pune City Mall,65,0,3.2,7,1999
MX-0456,Ahmedabad City Mall,307,0,6.4,21,1999
MX-0456,Jaipur City Mall,1,6,2.1,5,1999
MX-0456,Lucknow City Mall,14,0,4.4,14,1999
MX-0456,Surat City Mall,227,0,4.8,14 days,1999
MX-0456,Indore City Mall,166,0,3.5,14,1999
MX-0456,Nagpur City Mall,168,45,2.7,21,1999
MX-0456,Kochi City Mall,47,0,3.7,10,1999
MX-0456,Chandigarh City Mall,15,0,1.6,21,1999
MX-0456,Bhopal City Mall,282,0,7.3,14,1999
MX-0456,Patna City Mall,111,29,3.4,10,1999
MX-0456,Vadodara City Mall,34,30,4.3,7,1999
MX-0456,Ludhiana City Mall,226,124,5.0,21,1999
MX-0456,Agra City Mall,26,14,5.7,5,1999
MX-0457,Mumbai,131,77,3.2,21,199
MX-0457,Delhi,139,56,4.3,10,199
MX-0457,Bengaluru,137,0,2.8,21,N/A
MX-0457,Hyderabad,18, 5 ,0.6,14,199
MX-0457,Chennai,58,0,5.3,5,199
MX-0457,Kolkata,57,0,1.7,21,199
MX-0457,Pune,1,0,4.5,10,199
MX-0457,Ahmedabad,80,0,4.2,7,199
MX-0457,Jaipur,272,138,5.2,21,199
MX-0457,Lucknow,40,0,2.3,10,199
MX-0457,Surat,11,27,3.0,21,199
MX-0457,Indore,12,0,3.6,,199
MX-0457,Nagpur,50,0,3.6,7,199
MX-0457,Kochi,22,60,3.4,14,199
MX-0457,Chandigarh,33,49,3.4,14,199
MX-0457,Bhopal,56.5,0,2.7,21,199
MX-0457,Patna,30,0,3.6,10,199
MX-0457,Vadodara,7,0,0.9,5,199
MX-0457,Ludhiana,46,0,2.8,7,199
MX-0457,Agra,8,0,0.6,10,199
MX-0457,Nashik,67,0,5.0,10,199
MX-0457,Meerut, 51 ,49,7.0,10,199
MX-0457,Rajkot,241,0,7.9,21,199
MX-0457,Varanasi,9,13,3.1,7,199
MX-0457,Amritsar,111,49,1.8,21,199
MX-0457,Noida,114,-10,5.6,7,199
MX-0457,Gurugram,77,0,5.7,5,199
MX-0457,Coimbatore,(4),177,7.0,21,199
MX-0457,Madurai,208,68,3.9,21,199
MX-0457,Guwahati,13,0,6.1,5,199
MX-0457,Mumbai City Mall,187,0,7.7,14,199
MX-0457,Delhi City Mall,1,0,0.5,5,199
MX-0457,Bengaluru City Mall,2,0,0.3,5,199
MX-0457,Hyderabad City Mall, 2 ,4,0.6,7,199
MX-0457,Chennai City Mall,112,0,5.4,7,199
MX-0457,Kolkata City Mall,23,0,0.6,14,199
MX-0457,Pune City Mall,0,0,6.1,5,199
MX-0457,Ahmedabad City Mall,22,0,1.6,5,199
MX-0457,Jaipur City Mall,15,0,1.7,10,199
MX-0457,Lucknow City Mall,342,0,5.4,21,199
MX-0457,Surat City Mall,21,0,3.0,5,199
MX-0457,Indore City Mall,247,0,4.9,21,199
MX-0457,Nagpur City Mall,234,46,6.8,14,199
MX-0457,Nagpur City Mall,234,46,6.8,14,199
MX-0457,Kochi City Mall,42,0,4.7,5,199
MX-0457,Chandigarh City Mall,141,0,4.2,10,199
MX-0457,Bhopal City Mall,131,0,7.7,7,199
MX-0457,Patna City Mall,212,0,7.1,21,199
MX-0457,Vadodara City Mall,162,0,5.2,21,199
MX-0457,Ludhiana City Mall,52,0,6.4,10,199
MX-0457,Agra City Mall,162,0,4.8,10,199
MX-0458,Mumbai,31,0,1.0,14,999
MX-0458,Delhi,86,0,3.6,14,999
MX-0458,Bengaluru,56,0,3.4,21,999
MX-0458,Hyderabad,50,0,3.7,7,999
MX-0458,Chennai,9,0,4.8,5,999
MX-0458,Kolkata,11,0,1.2,14,999
MX-0458,Pune, 23 ,0,2.4,5,999
MX-0458,Ahmedabad,15,0,1.7,5,999
MX-0458,Jaipur,57,10,4.3,5,999
MX-0458,Lucknow,111,0,4.8,10,999
MX-0458,Surat,89,32,3.2,14,999
MX-0458,Indore,18,0,3.9,21,N/A
MX-0458,Nagpur,237,122,7.3,14,999
MX-0458,Kochi,188,51,3.1,21,999
MX-0458,Chandigarh,3,0,5.2,10,999
MX-0458,Bhopal,38,0,,14,999
MX-0458,Patna,177,71,5.7,10,999
MX-0458,Vadodara,60,52,3.3,14,999
MX-0458,Ludhiana,97.5,0,5.6,14,999
MX-0458,Agra,63,0,1.9,10 days,999
MX-0458,Nashik,12,0,2.9,10,999
MX-0458,Meerut,26,0,3.6,5,999
MX-0458,Rajkot,111,21,4.9,7,999
MX-0458,Varanasi,70,0,3.6,7,999
MX-0458,Amritsar,47,0,5.2,5,999
,Noida,237,0,5.5,21,999
MX-0458,Gurugram,171,0,4.4,14,999
MX-0458,Coimbatore,91,0,6.4,7,999
MX-0458,Madurai,104,0,3.1,10,999
MX-0458,Guwahati,75,43,5.2,7,999
MX-0458,Mumbai City Mall,7,0,0.7,7,999
MX-0458,Delhi City Mall,145,0,7.3,21,999
MX-0458,Bengaluru City Mall,25,0,5.9,5,999
MX-0458,Hyderabad City Mall,142,0,5.4,14,999
MX-0458,Chennai City Mall,124,0,6.0,,999
MX-0458,Kolkata City Mall,48,32,3.6,7,999
MX-0458,Pune City Mall,46, 89 ,5.4,14,999
MX-0458,Ahmedabad City Mall,32,0,0.9,14,999
MX-0458,Jaipur City Mall,64,0,3.5,10,999
MX-0458,Lucknow City Mall,28,0,3.3,10,999
MX-0458,Surat City Mall,143,44,6.3,7,999
MX-0458,Indore City Mall,114,0,7.2,5,999
MX-0458,Nagpur City Mall,173,0,6.4,10,999
MX-0458,Kochi City Mall,86,0,1.4,21,999
MX-0458,Chandigarh City Mall,7,0,2.9,5,999
MX-0458,Bhopal City Mall,80,0,5.1,10,999
MX-0458,Patna City Mall,3,-12,1.5,10,999
MX-0458,Vadodara City Mall,25,39,4.0,14,999
MX-0458,Ludhiana City Mall,323,0,7.4,21,999
MX-0458,Agra City Mall,136,0,6.0,14,999
MX-0459,Mumbai,50,0,2.7,10,499
MX-0459,Delhi,97,0,2.6,14,499
MX-0459,Bengaluru,65,0,7.4,14,499
MX-0459,Hyderabad,4,0,3.6,5,499
MX-0459,Chennai,19,0,0.4,21,499
MX-0459,Kolkata,0,0,3.2,5,499
MX-0459,Pune,74,36,5.5,7,499
MX-0459,Ahmedabad, 12 ,0,5.9,5,499
MX-0459,Jaipur,117,45,4.7,14,499
MX-0459,Lucknow,26,54,6.4,7,499
MX-0459,Surat,23,0,2.5,7,499
MX-0459,Indore, 7 ,0,0.3,21,499
MX-0459,Nagpur,166,0,4.2,14,499
MX-0459,Kochi,19,0,2.2,10,499
MX-0459,Chandigarh, 41 , 10 ,2.5,10,499
MX-0459,Bhopal,227,0,7.1,10,499
MX-0459,Patna,-7,0,5.2,14,499
MX-0459,Vadodara,2,0,1.1,7,499
MX-0459,Ludhiana,113,143,7.5,14,499
MX-0459,Agra,7,0,0.4,7,499
MX-0459,Nashik, 2 ,0,0.2,21,N/A
MX-0459,Meerut,0.5,0,1.4,21,499
MX-0459,Rajkot,78,0,1.9,14,499
MX-0459,Varanasi,151,81,3.2,21,499
MX-0459,Amritsar,55,51,6.6,14,499
MX-0459,Noida,32,27,4.7,5,499
MX-0459,Gurugram,40,0,2.9,14,499
MX-0459,Coimbatore,95,0,7.1,14,499
MX-0459,Madurai,185,0,8.0,14,499
MX-0459,Guwahati,52,0,4.2,14,499
MX-0459,Mumbai City Mall,68,0,1.3,21,499
MX-0459,Delhi City Mall,2,0,0.2,7,499
MX-0459,Bengaluru City Mall,27,9,2.5,5,499
MX-0459,Hyderabad City Mall,214,47,6.3,10,499
MX-0459,Chennai City Mall,103,0,6.9,7,499
MX-0459,Kolkata City Mall,166,0,7.3,10,499
MX-0459,Pune City Mall,37,0,4.9,14,499
MX-0459,Ahmedabad City Mall,15,0,7.3,7,499
MX-0459,Jaipur City Mall,103,0,5.3,14,499
MX-0459,Lucknow City Mall,3,16,0.9,21,499
MX-0459,Lucknow City Mall,3,16,0.9,21,499
MX-0459,Surat City Mall,46,0,3.7,7,499
MX-0459,Indore City Mall, 40 ,0,2.0,7,499
MX-0459,Nagpur City Mall,21,0,5.9,7,499
MX-0459,Kochi City Mall,93,0,6.2,10,499
MX-0459,Chandigarh City Mall,137,0,7.6,10,499
MX-0459,Bhopal City Mall,35,0,2.2,10,499
MX-0459,Patna City Mall,13,0,4.2,7,499
MX-0459,Vadodara City Mall,11,12,2.6,5,499
MX-0459,Ludhiana City Mall,196,0,,14 days,499
MX-0459,Agra City Mall,109,14,4.9,7,499
MX-0460,Mumbai,180,80,7.0,21,199
MX-0460,Delhi,64,0,6.8,10,199
MX-0460,Bengaluru,7,4,0.3,21,199
MX-0460,Hyderabad,93,0,7.1,5,199
MX-0460,Chennai,198,0,6.6,14,199
MX-0460,Kolkata,1,0,2.4,5,199
MX-0460,Pune,0,0,1.9,10,199
MX-0460,Ahmedabad,19,0,3.8,,199
MX-0460,Jaipur,25,120,7.8,21,199
MX-0460,Lucknow,13,0,5.9,5,199
MX-0460,Surat,32,0,2.5,5,199
MX-0460,Indore,309,107,5.6,21,199
MX-0460,Nagpur,93,26,4.0,7,199
MX-0460,Kochi,64,0,5.8,5,199
MX-0460,Chandigarh,77,0,6.1,5,199
MX-0460,Bhopal,21,0,2.8,14,199
MX-0460,Patna,87,0,4.8,10,199
MX-0460,Vadodara,5,-18,5.5,10,199
MX-0460,Ludhiana,10,0,1.1,5,199
MX-0460,Agra,40,0,1.9,7,199
MX-0460,Nashik,10,2,0.7,5,199
MX-0460,Meerut,17,16,3.7,7,199
MX-0460,Rajkot,326,0,4.8,21,199
MX-0460,Varanasi,62,0,1.9,14,199
MX-0460,Amritsar,19.5,0,6.6,10,199
MX-0460,Noida,222,0,7.2,14,199
,Gurugram,45,0,8.0,7,199
MX-0460,Coimbatore,44,0,4.3,21,199
MX-0460,Madurai,16,15,1.5,10,199
MX-0460,Guwahati,24,0,1.1,7,N/A
MX-0460,Mumbai City Mall,116,0,6.7,10,199
MX-0460,Delhi City Mall,5,10,1.7,5,199
MX-0460,Bengaluru City Mall,14,14,5.2,5,199
MX-0460,Hyderabad City Mall,21,0,0.8,21,199
MX-0460,Chennai City Mall,1,0,0.8,10,199
MX-0460,Kolkata City Mall, 16 ,0,5.2,5,199
MX-0460,Pune City Mall,13,0,5.5,5,199
MX-0460,Ahmedabad City Mall,10,0,4.2,10,199
MX-0460,Jaipur City Mall,63,0,4.2,7,199
MX-0460,Lucknow City Mall,5,0,2.7,14,199
MX-0460,Surat City Mall,17,0,5.7,7,199
MX-0460,Indore City Mall,81,0,7.7,10,199
MX-0460,Nagpur City Mall,23,9,0.4,21,199
MX-0460,Kochi City Mall,92,0,2.2,21,199
MX-0460,Chandigarh City Mall, 85 ,0,6.3,5,199
MX-0460,Bhopal City Mall,51,0,4.5,5,199
MX-0460,Patna City Mall,448,0,7.8,21,199
MX-0460,Vadodara City Mall,6,0,1.1,10,199
MX-0460,Ludhiana City Mall,33,0,3.7,14,199
MX-0460,Agra City Mall,4,0,0.4,21,199
MX-0461,Mumbai,268,0,7.4,14,999
MX-0461,Delhi,227,0,4.4,21,999
MX-0461,Bengaluru,57,54,6.3,7,999
MX-0461,Hyderabad,16,0,0.6,10,999
MX-0461,Chennai,2,0,0.2,14,999
MX-0461,Kolkata,(6),0,5.8,21,999
MX-0461,Pune,249,0,3.9,21,999
MX-0461,Ahmedabad,27,14,1.0,21,999
MX-0461,Jaipur,94,0,1.8,21,999
MX-0461,Lucknow,74,48,4.5,10,999
MX-0461,Surat,53,0,1.3,14,999
MX-0461,Indore,108,0,6.7,5,999
MX-0461,Nagpur,61,0,7.8,7,999
MX-0461,Kochi,7,0,1.7,5,999
MX-0461,Chandigarh,105,0,4.3,14,999
MX-0461,Bhopal,49,0,7.4,21,999
MX-0461,Patna,66,0,2.1,10,999
MX-0461,Vadodara,50,176,6.2,21,999
MX-0461,Ludhiana,90,0,2.7,14,999
MX-0461,Agra,25,0,2.3,10,999
MX-0461,Nashik,5,0,0.4,5,999
MX-0461,Meerut,35,0,2.7,10,999
MX-0461,Rajkot,110,0,6.7,5,999
MX-0461,Varanasi,27,0,3.5,7,999
MX-0461,Amritsar,3,0,1.5,7,999
MX-0461,Noida,65,159,6.3,21,999
MX-0461,Gurugram,8,17,7.3,5,999
MX-0461,Coimbatore,54.5,0,7.3,7 days,999
MX-0461,Madurai,56,0,1.6,14,999
MX-0461,Guwahati,299,0,7.3,14,999
MX-0461,Mumbai City Mall,42,66,6.4,,999
MX-0461,Delhi City Mall,33,75,,21,999
MX-0461,Bengaluru City Mall,30,37,5.8,5,999
MX-0461,Hyderabad City Mall,92,0,2.0,14,999
MX-0461,Chennai City Mall, 42 ,0,6.9,10,999
MX-0461,Kolkata City Mall,68,0,1.6,14,999
MX-0461,Pune City Mall,35,0,3.2,14,999
MX-0461,Pune City Mall,35,0,3.2,14,999
MX-0461,Ahmedabad City Mall,188,0,6.4,14,999
MX-0461,Jaipur City Mall,279,-1,6.3,14,N/A
MX-0461,Lucknow City Mall,155,0,5.7,21,999
MX-0461,Surat City Mall,19,0,1.0,7,999
MX-0461,Indore City Mall,98,0,6.2,5,999
MX-0461,Nagpur City Mall, 20 ,0,6.5,10,999
MX-0461,Kochi City Mall,19,0,0.6,14,999
MX-0461,Chandigarh City Mall,78,83,7.8,14,999
MX-0461,Bhopal City Mall,16,22,2.7,7,999
MX-0461,Patna City Mall,20,0,3.5,10,999
MX-0461,Vadodara City Mall,78,0,5.4,5,999
MX-0461,Ludhiana City Mall,418,71,7.0,21,999
MX-0461,Agra City Mall,1,0,2.8,21,999
MX-0462,Mumbai,5,0,0.4,21,499
MX-0462,Delhi,111,0,1.9,21,499
MX-0462,Bengaluru,49,0,1.1,21,499
MX-0462,Hyderabad,10,0,1.6,5,499
MX-0462,Chennai,24,0,1.6,5,499
MX-0462,Kolkata,186,65,4.9,14,499
MX-0462,Pune,84, 30 ,2.1,21,499
MX-0462,Ahmedabad,39,93,5.3,21,499
MX-0462,Jaipur,434,0,7.3,21,499
MX-0462,Lucknow,17,0,1.5,5,499
MX-0462,Surat,165,0,3.4,21,499
MX-0462,Indore,22,0,0.5,21,499
MX-0462,Nagpur,99,0,4.5,14,499
MX-0462,Kochi,57,0,4.2,10,499
MX-0462,Chandigarh,55,0,6.9,5,499
MX-0462,Bhopal,16,0,1.9,5,499
MX-0462,Patna,16,0,1.2,21,499
MX-0462,Vadodara,47,28,5.7,7,499
MX-0462,Ludhiana,127,0,3.5,14,499
MX-0462,Agra,305, 47 ,5.4,21,499
MX-0462,Nashik,13,0,0.5,21,499
MX-0462,Meerut,22,14,5.8,5,499
MX-0462,Rajkot,123,0,3.7,14,499
MX-0462,Varanasi,40,0,0.7,21,499
MX-0462,Amritsar,65,35,3.2,21,499
MX-0462,Noida, 248 ,55,6.0,14,499
MX-0462,Gurugram,7,5,0.2,21,499
,Coimbatore,43,47,5.2,10,499
MX-0462,Madurai,134,21,6.7,7,499
MX-0462,Guwahati,4,0,3.4,7,499
MX-0462,Mumbai City Mall,0.5,9,3.0,5,499
MX-0462,Delhi City Mall,30,0,4.3,14,499
MX-0462,Bengaluru City Mall,27,0,4.2,5,499
MX-0462,Hyderabad City Mall,9,0,1.4,5,499
MX-0462,Chennai City Mall,21,0,2.5,5,499
MX-0462,Kolkata City Mall,239,86,7.2,10,499
MX-0462,Pune City Mall,75,0,7.7,7,499
MX-0462,Ahmedabad City Mall,138,43,3.7,14,499
MX-0462,Jaipur City Mall,82,0,1.6,21,499
MX-0462,Lucknow City Mall,63,42,4.9,10,499
MX-0462,Surat City Mall,169, 65 ,7.6,7,499
MX-0462,Indore City Mall,119,0,3.8,21,499
MX-0462,Nagpur City Mall,21,0,1.8,5,499
MX-0462,Kochi City Mall, 41 ,0,3.3,5,499
MX-0462,Chandigarh City Mall,(4),0,1.5,5,499
MX-0462,Bhopal City Mall,409,0,5.8,21,499
MX-0462,Patna City Mall,24,0,1.4,7,499
MX-0462,Vadodara City Mall,132,0,7.3,21,N/A
MX-0462,Ludhiana City Mall,127,0,6.7,14,499
MX-0462,Agra City Mall,365,128,8.0,14,499
MX-0463,Mumbai,199,0,7.3,10,999
MX-0463,Delhi,132,0,2.0,21,999
MX-0463,Bengaluru,31,40,5.4,7,999
MX-0463,Hyderabad,61,0,2.7,,999
MX-0463,Chennai,20,0,5.5,7,999
MX-0463,Kolkata,66,0,6.9,21,999
MX-0463,Pune,280,0,5.3,21 days,999
MX-0463,Ahmedabad,105,43,3.0,21,999
MX-0463,Jaipur,200,0,3.0,21,999
MX-0463,Lucknow,26,-14,1.6,5,999
MX-0463,Surat,133,0,3.8,14,999
MX-0463,Indore,106,0,5.6,10,999
MX-0463,Nagpur, 36 ,0,5.2,21,999
MX-0463,Kochi,9,0,0.7,10,999
MX-0463,Chandigarh,165,51,,14,999
MX-0463,Bhopal,34,0,2.6,14,999
MX-0463,Patna,64,0,3.9,10,999
MX-0463,Vadodara,140,143,5.9,21,999
MX-0463,Ludhiana,68,0,5.6,10,999
MX-0463,Agra,149,0,3.2,14,999
MX-0463,Nashik,135,0,5.7,10,999
MX-0463,Meerut,110,50,2.6,14,999
MX-0463,Rajkot,87,26,1.3,21,999
MX-0463,Varanasi,2,0,0.7,5,999
MX-0463,Amritsar,29,0,2.3,14,999
MX-0463,Noida,24,0,1.0,14,999
MX-0463,Gurugram,14,48,5.9,7,999
MX-0463,Coimbatore,85,34,1.7,21,999
MX-0463,Madurai,7,0,0.7,7,999
MX-0463,Guwahati,257,0,5.8,14,999
MX-0463,Mumbai City Mall,4,0,3.5,10,999
MX-0463,Delhi City Mall,1,0,2.8,7,999
MX-0463,Bengaluru City Mall,97,25,6.5,5,999
MX-0463,Hyderabad City Mall,4.5,0,0.2,7,999
MX-0463,Hyderabad City Mall,4.5,0,0.2,7,999
MX-0463,Chennai City Mall,187,0,7.1,10,999
MX-0463,Kolkata City Mall,13,5,0.5,10,999
MX-0463,Pune City Mall,12,0,0.2,21,999
MX-0463,Ahmedabad City Mall,25,0,0.8,14,999
MX-0463,Jaipur City Mall,137,0,4.4,10,999
MX-0463,Lucknow City Mall,24,0,0.7,14,999
MX-0463,Surat City Mall,1,9,1.4,7,999
MX-0463,Indore City Mall,178,0,7.7,14,999
MX-0463,Nagpur City Mall,50,69,4.7,14,999
MX-0463,Kochi City Mall,74,0,2.3,10,999
MX-0463,Chandigarh City Mall,0,0,1.8,7,999
MX-0463,Bhopal City Mall,78,0,3.4,14,999
MX-0463,Patna City Mall,14,23,6.9,5,999
MX-0463,Vadodara City Mall,22,8,2.4,5,999
MX-0463,Ludhiana City Mall,68,0,2.3,21,999
MX-0463,Agra City Mall,107,0,5.0,10,999
MX-0464,Mumbai,66,10,2.0,10,999
MX-0464,Delhi,50,0,4.0,21,999
MX-0464,Bengaluru,189,0,3.5,21,999
MX-0464,Hyderabad,55,0,3.8,5,999
MX-0464,Chennai,117,0,7.8,5,999
MX-0464,Kolkata,96,0,7.8,5,999
MX-0464,Pune,73,0,1.9,14,N/A
MX-0464,Ahmedabad,104,0,3.0,14,999
MX-0464,Jaipur,6,0,0.4,5,999
MX-0464,Lucknow,16,0,4.1,5,999
MX-0464,Surat,41,0,2.9,21,999
MX-0464,Indore,16,0,5.4,5,999
MX-0464,Nagpur,103,0,3.7,10,999
MX-0464,Kochi,27,0,7.3,10,999
MX-0464,Chandigarh,97,0,6.7,5,999
MX-0464,Bhopal,223, 46 ,3.8,21,999
MX-0464,Patna, 23 ,22,3.7,5,999
MX-0464,Vadodara,23,0,1.2,21,999
MX-0464,Ludhiana,97,24,2.9,10,999
MX-0464,Agra,2,0,1.4,5,999
MX-0464,Nashik,89,0,7.9,14,999
MX-0464,Meerut,203,0,5.3,14,999
MX-0464,Rajkot, 97 ,0,3.6,10,999
MX-0464,Varanasi,72,0,4.3,21,999
MX-0464,Amritsar, 1 ,0,7.5,10,999
MX-0464,Noida,12,2,0.6,7,999
MX-0464,Gurugram,40,0,1.1,,999
MX-0464,Coimbatore,79,20,4.4,7,999
,Madurai,94,0,3.0,10,999
MX-0464,Guwahati,368,0,6.3,21,999
MX-0464,Mumbai City Mall,111,-10,5.3,14,999
MX-0464,Delhi City Mall,235,102,5.5,14,999
MX-0464,Bengaluru City Mall,131,0,4.2,14,999
MX-0464,Hyderabad City Mall,-2,0,2.8,7,999
MX-0464,Chennai City Mall,32,12,1.0,10,999
MX-0464,Kolkata City Mall,151,0,4.6,14 days,999
MX-0464,Pune City Mall,10.5,0,5.6,5,999
MX-0464,Ahmedabad City Mall,20,0,2.6,10,999
MX-0464,Jaipur City Mall,258,0,7.6,21,999
MX-0464,Lucknow City Mall,72,0,2.1,14,999
MX-0464,Surat City Mall,68,47,5.9,7,999
MX-0464,Indore City Mall,26,0,2.9,21,999
MX-0464,Nagpur City Mall,171,0,7.8,10,999
MX-0464,Kochi City Mall,23,0,1.7,5,999
MX-0464,Chandigarh City Mall,6,0,0.8,5,999
MX-0464,Bhopal City Mall,28,41,6.3,5,999
MX-0464,Patna City Mall,67,0,6.6,5,999
MX-0464,Vadodara City Mall,85,68,,10,999
MX-0464,Ludhiana City Mall,106,0,7.0,5,999
MX-0464,Agra City Mall,10,0,6.2,10,999
MX-0465,Mumbai,0,0,0.8,5,199
MX-0465,Delhi, 69 ,0,5.4,21,199
MX-0465,Bengaluru,60,0,5.1,5,199
MX-0465,Hyderabad,40,10,2.7,5,199
MX-0465,Chennai,43,17,5.7,7,199
MX-0465,Kolkata,285,0,5.6,21,199
MX-0465,Pune,40,32,3.8,10,199
MX-0465,Ahmedabad,6,0,1.8,10,199
MX-0465,Jaipur,6,0,6.9,21,199
MX-0465,Lucknow,8,0,6.3,5,199
MX-0465,Surat,104,0,4.6,10,199
MX-0465,Indore,87,17,4.3,7,199
MX-0465,Nagpur,22,0,0.4,21,199
MX-0465,Kochi,64,30,4.4,5,199
MX-0465,Chandigarh,43,0,1.6,10,199
MX-0465,Bhopal,5,0,0.4,10,N/A
MX-0465,Patna,72,16,4.9,7,199
MX-0465,Vadodara,7,0,1.9,5,199
MX-0465,Ludhiana,16,0,7.6,5,199
MX-0465,Agra,10,0,3.1,7,199
MX-0465,Nashik,7,0,2.8,21,199
MX-0465,Meerut, 52 ,0,4.8,7,199
MX-0465,Rajkot,283,0,7.7,14,199
MX-0465,Varanasi,83,0,7.7,10,199
MX-0465,Amritsar,24, 31 ,3.5,7,199
MX-0465,Noida,25,41,5.9,10,199
MX-0465,Gurugram,7,3,0.8,7,199
MX-0465,Coimbatore,12,0,1.3,7,199
MX-0465,Madurai,131,68,6.0,21,199
MX-0465,Guwahati,114,0,5.0,7,199
MX-0465,Mumbai City Mall,22,0,2.5,7,199
MX-0465,Mumbai City Mall,22,0,2.5,7,199
MX-0465,Delhi City Mall,12,0,0.3,21,199
MX-0465,Bengaluru City Mall,6,0,1.4,14,199
MX-0465,Hyderabad City Mall,69,0,3.7,10,199
MX-0465,Chennai City Mall,71,0,6.7,7,199
MX-0465,Kolkata City Mall,80,0,5.6,7,199
MX-0465,Pune City Mall,13,0,6.3,7,199
MX-0465,Ahmedabad City Mall,66,0,1.8,14,199
MX-0465,Jaipur City Mall,108,0,6.1,7,199
MX-0465,Lucknow City Mall,65.5,25,1.8,21,199
MX-0465,Surat City Mall,42,22,2.7,7,199
MX-0465,Indore City Mall,23,34,7.9,5,199
MX-0465,Nagpur City Mall,22,0,1.9,5,199
MX-0465,Kochi City Mall,61,40,4.1,21,199
MX-0465,Chandigarh City Mall,45, 14 ,1.7,10,199
MX-0465,Bhopal City Mall,121,0,5.3,7,199
MX-0465,Patna City Mall,22,0,4.1,10,199
MX-0465,Vadodara City Mall,59,69,4.1,21,199
MX-0465,Ludhiana City Mall,221,75,7.2,10,199
MX-0465,Agra City Mall,57,160,6.5,,199
MX-0466,Mumbai,19,0,7.4,7,3999
MX-0466,Delhi,234,-12,7.2,21,3999
MX-0466,Bengaluru,52,0,3.5,5,3999
MX-0466,Hyderabad,84,0,4.0,7,3999
MX-0466,Chennai, 52 ,0,6.4,7,3999
MX-0466,Kolkata,45,0,7.2,7,3999
MX-0466,Pune,10,0,2.5,5,3999
MX-0466,Ahmedabad, 1 ,0,0.5,5,3999
MX-0466,Jaipur,47,59,6.0,14,3999
MX-0466,Lucknow,89,0,6.7,21,3999
MX-0466,Surat, 119 ,92,6.8,10,3999
MX-0466,Indore,64,35,6.5,5,3999
MX-0466,Nagpur,33,32,4.3,7,3999
MX-0466,Kochi,41,0,1.3,14,3999
MX-0466,Chandigarh,6,4,1.2,5 days,3999
MX-0466,Bhopal,91,19,1.5,21,3999
MX-0466,Patna,10,0,5.4,5,3999
MX-0466,Vadodara,54,0,3.9,10,3999
MX-0466,Ludhiana,64,0,5.5,5,3999
MX-0466,Agra,27,0,2.9,10,3999
MX-0466,Nashik,283,0,6.4,14,3999
MX-0466,Meerut,10,0,2.6,21,3999
MX-0466,Rajkot,-4,0,0.7,14,3999
MX-0466,Varanasi,318,0,7.9,14,3999
MX-0466,Amritsar,6,38,3.7,10,N/A
MX-0466,Noida,261,0,4.4,21,3999
MX-0466,Gurugram,63,0,2.1,10,3999
MX-0466,Coimbatore,37,0,4.0,5,3999
MX-0466,Madurai,22,0,1.4,10,3999
,Guwahati,10,0,0.6,10,3999
MX-0466,Mumbai City Mall,52,0,,5,3999
MX-0466,Delhi City Mall,12,0,0.6,7,3999
MX-0466,Bengaluru City Mall,47,49,7.3,10,3999
MX-0466,Hyderabad City Mall,3,0,0.3,10,3999
MX-0466,Chennai City Mall,134,0,4.3,10,3999
MX-0466,Kolkata City Mall,58,0,3.2,7,3999
MX-0466,Pune City Mall, 66 ,195,7.8,21,3999
MX-0466,Ahmedabad City Mall,79,0,3.5,7,3999
MX-0466,Jaipur City Mall,0,0,4.8,5,3999
MX-0466,Lucknow City Mall,37,0,1.8,10,3999
MX-0466,Surat City Mall,25,0,1.1,7,3999
MX-0466,Indore City Mall,108,0,2.6,14,3999
MX-0466,Nagpur City Mall,23.5,5,1.9,7,3999
MX-0466,Kochi City Mall,7,32,5.7,5,3999
MX-0466,Chandigarh City Mall,13,0,2.9,7,3999
MX-0466,Bhopal City Mall,17,0,1.4,5,3999
MX-0466,Patna City Mall,3,0,4.5,10,3999
MX-0466,Vadodara City Mall,100,0,4.4,10,3999
MX-0466,Ludhiana City Mall,19,0,3.9,14,3999
MX-0466,Agra City Mall, 5 ,0,1.1,5,3999
MX-0467,Mumbai,19,0,1.2,10,3999
MX-0467,Delhi,33,34,1.3,21,3999
MX-0467,Bengaluru,12,0,3.9,5,3999
MX-0467,Hyderabad, 13 ,0,0.3,14,3999
MX-0467,Chennai,76,38,2.2,21,3999
MX-0467,Kolkata,63,0,7.5,7,3999
MX-0467,Pune,71,0,4.9,5,3999
MX-0467,Ahmedabad,92,69,3.0,21,3999
MX-0467,Jaipur,59,0,6.2,7,3999
MX-0467,Lucknow,26,0,4.5,7,3999
MX-0467,Surat,58,0,6.9,14,3999
MX-0467,Indore,25,0,1.3,21,3999
MX-0467,Nagpur,69,0,6.0,10,3999
MX-0467,Kochi,29,0,1.9,7,3999
MX-0467,Chandigarh,19,0,1.1,7,3999
MX-0467,Bhopal,116,0,7.0,14,3999
MX-0467,Patna,79,0,2.6,10,3999
MX-0467,Vadodara,65,0,4.7,7,3999
MX-0467,Ludhiana, 10 ,0,7.9,5,3999
MX-0467,Agra,68,0,7.6,5,3999
MX-0467,Nashik,23,0,2.3,10,3999
MX-0467,Meerut,24,37,3.3,21,3999
MX-0467,Rajkot,231,-11,7.8,,3999
MX-0467,Varanasi,66,0,3.3,7,3999
MX-0467,Amritsar,270,0,4.2,21,3999
MX-0467,Noida,82,0,6.3,14,3999
MX-0467,Gurugram,132,0,5.0,10,3999
MX-0467,Coimbatore,120,0,6.4,14,3999
MX-0467,Coimbatore,120,0,6.4,14,3999
MX-0467,Madurai,6,0,6.1,10,3999
MX-0467,Guwahati,112,0,6.5,7,3999
MX-0467,Mumbai City Mall,5,0,1.2,5,3999
MX-0467,Delhi City Mall,17,0,4.2,5,3999
MX-0467,Bengaluru City Mall,4,0,1.2,5,3999
MX-0467,Hyderabad City Mall,63,46,5.8,7,N/A
MX-0467,Chennai City Mall,141,0,5.5,14,3999
MX-0467,Kolkata City Mall,8,0,0.3,10,3999
MX-0467,Pune City Mall,72,0,6.2,5,3999
MX-0467,Ahmedabad City Mall,61,0,5.3,5,3999
MX-0467,Jaipur City Mall,23,0,1.9,10,3999
MX-0467,Lucknow City Mall,42,28,7.0,10,3999
MX-0467,Surat City Mall,37,0,2.3,21,3999
MX-0467,Indore City Mall,78,0,5.8,5,3999
MX-0467,Nagpur City Mall,39,38,4.2,7,3999
MX-0467,Kochi City Mall,71,0,6.3,5 days,3999
MX-0467,Chandigarh City Mall,31,0,2.5,5,3999
MX-0467,Bhopal City Mall,144.5,91,7.7,10,3999
MX-0467,Patna City Mall,33,13,2.4,10,3999
MX-0467,Vadodara City Mall,10,0,3.4,5,3999
MX-0467,Ludhiana City Mall,80,0,5.7,5,3999
MX-0467,Agra City Mall,53,63,6.1,10,3999
MX-0468,Mumbai,23,0,3.7,14,999
MX-0468,Delhi,51,0,7.8,5,999
MX-0468,Bengaluru,46,34,2.3,21,999
MX-0468,Hyderabad,55,0,4.4,7,999
MX-0468,Chennai,2,0,0.8,10,999
MX-0468,Kolkata,220,0,7.1,14,999
MX-0468,Pune,67,0,7.6,10,999
MX-0468,Ahmedabad,104,0,5.1,14,999
MX-0468,Jaipur,13,0,0.4,14,999
MX-0468,Lucknow,32,0,1.6,21,999
MX-0468,Surat,9,3,0.6,5,999
MX-0468,Indore,(6),0,5.8,10,999
MX-0468,Nagpur,5,0,0.2,14,999
MX-0468,Kochi,88,0,,14,999
MX-0468,Chandigarh,20,0,1.6,5,999
MX-0468,Bhopal,215,0,3.5,21,999
MX-0468,Patna,34,0,2.1,21,999
MX-0468,Vadodara,16,0,1.4,21,999
MX-0468,Ludhiana,67,0,3.2,7,999
MX-0468,Agra,23,72,5.5,21,999
MX-0468,Nashik,60,23,5.2,5,999
MX-0468,Meerut,28,0,3.4,7,999
MX-0468,Rajkot,48,0,3.3,7,999
MX-0468,Varanasi,87,0,5.9,5,999
MX-0468,Amritsar,46,0,7.9,10,999
MX-0468,Noida,77, 57 ,6.7,7,999
MX-0468,Gurugram, 3 ,0,0.3,5,999
MX-0468,Coimbatore,20,0,1.6,7,999
MX-0468,Madurai,251,0,4.5,21,999
MX-0468,Guwahati,119,0,2.7,21,999
,Mumbai City Mall,12,6,0.7,10,999
MX-0468,Delhi City Mall,157,34,4.5,14,999
MX-0468,Bengaluru City Mall,218,43,4.9,14,999
MX-0468,Hyderabad City Mall,46,0,4.1,7,999
MX-0468,Chennai City Mall,12,0,3.2,5,999
MX-0468,Kolkata City Mall,16,62,6.6,10,999
MX-0468,Pune City Mall,206, 67 ,6.4,10,999
MX-0468,Ahmedabad City Mall,30,0,4.6,14,999
MX-0468,Jaipur City Mall,111,0,4.1,14,999
MX-0468,Lucknow City Mall,30,0,1.4,7,999
MX-0468,Surat City Mall,74,15,5.7,5,999
MX-0468,Indore City Mall,17,14,1.5,10,999
MX-0468,Nagpur City Mall,77,0,5.8,5,N/A
MX-0468,Kochi City Mall,38,-16,2.2,7,999
MX-0468,Chandigarh City Mall,104,0,3.1,10,999
MX-0468,Bhopal City Mall,102,26,3.3,,999
MX-0468,Patna City Mall,54,0,7.6,5,999
MX-0468,Vadodara City Mall,151,0,5.1,10,999
MX-0468,Ludhiana City Mall,94.5,152,7.1,21,999
MX-0468,Agra City Mall,2,8,1.6,5,999
MX-0469,Mumbai,4,0,2.8,5,499
MX-0469,Delhi,152,64,7.1,7,499
MX-0469,Bengaluru,54,0,4.5,5,499
MX-0469,Hyderabad,1,4,0.8,5,499
MX-0469,Chennai,14,0,0.5,21,499
MX-0469,Kolkata,156,0,4.8,14,499
MX-0469,Pune,4,0,6.8,7,499
MX-0469,Ahmedabad,24,0,3.0,10,499
MX-0469,Jaipur,43,16,2.5,14,499
MX-0469,Lucknow,221,0,7.0,14,499
MX-0469,Surat,100,37,3.6,14,499
MX-0469,Indore,336,122,5.6,21,499
MX-0469,Nagpur,6,0,0.9,7,499
MX-0469,Kochi,22,0,4.8,14,499
MX-0469,Chandigarh,33,0,2.0,21,499
MX-0469,Bhopal, 99 ,0,2.1,14,499
MX-0469,Patna,242,0,7.5,21,499
MX-0469,Vadodara,129,0,2.0,21,499
MX-0469,Ludhiana,39,0,5.0,5,499
MX-0469,Agra,78,68,7.0,14,499
MX-0469,Nashik,116,0,1.8,21,499
MX-0469,Meerut,61,10,4.2,5,499
MX-0469,Rajkot,28,0,4.2,5 days,499
MX-0469,Varanasi,116,0,5.2,7,499
MX-0469,Amritsar,217,0,3.8,21,499
MX-0469,Amritsar,217,0,3.8,21,499
MX-0469,Noida,2,0,0.6,5,499
MX-0469,Gurugram,21,0,1.0,7,499
MX-0469,Coimbatore, 243 ,63,6.2,14,499
MX-0469,Madurai,31,0,2.2,7,499
MX-0469,Guwahati,274,0,7.1,21,499
MX-0469,Mumbai City Mall,35,0,3.4,7,499
MX-0469,Delhi City Mall,67,11,5.9,5,499
MX-0469,Bengaluru City Mall,22,28,3.9,7,499
MX-0469,Hyderabad City Mall,10,0,1.5,7,499
MX-0469,Chennai City Mall,154,22,2.3,21,499
MX-0469,Kolkata City Mall,54,0,4.6,7,499
MX-0469,Pune City Mall,62,47,6.9,10,499
MX-0469,Ahmedabad City Mall,39,30,5.3,5,499
MX-0469,Jaipur City Mall,2,6,0.9,7,499
MX-0469,Lucknow City Mall,28,19,2.8,7,499
MX-0469,Surat City Mall,10,10,0.7,21,499
MX-0469,Indore City Mall,16,0,5.2,7,499
MX-0469,Nagpur City Mall,20,0,3.7,10,499
MX-0469,Kochi City Mall,58,0,1.9,10,499
MX-0469,Chandigarh City Mall,81,0,7.8,5,499
MX-0469,Bhopal City Mall,13,0,1.2,21,499
MX-0469,Patna City Mall,92,0,,14,499
MX-0469,Vadodara City Mall, 40 ,43,7.3,5,499
MX-0469,Ludhiana City Mall, 45 ,0,1.2,21,499
MX-0469,Agra City Mall,11,11,3.2,5,499
MX-0470,Mumbai,(9),0,3.6,10,999
MX-0470,Delhi,3.5,0,6.2,14,N/A
MX-0470,Bengaluru,83,42,2.1,21,999
MX-0470,Hyderabad,24,0,1.5,5,999
MX-0470,Chennai,45,16,3.9,5,999
MX-0470,Kolkata,19,0,7.6,7,999
MX-0470,Pune,42,0,2.6,7,999
MX-0470,Ahmedabad,106,36,3.9,14,999
MX-0470,Jaipur,35,0,2.8,21,999
MX-0470,Lucknow,9,36,3.1,10,999
MX-0470,Surat,12,32,5.3,14,999
MX-0470,Indore,81,0,2.9,21,999
MX-0470,Nagpur, 47 ,34,5.1,7,999
MX-0470,Kochi,28,34,3.1,10,999
MX-0470,Chandigarh,81,-17,4.3,7,999
MX-0470,Bhopal,66,0,2.8,10,999
MX-0470,Patna,122,0,6.4,14,999
MX-0470,Vadodara,70,67,5.7,10,999
MX-0470,Ludhiana,176,0,7.1,,999
MX-0470,Agra,36,0,6.6,10,999
MX-0470,Nashik, 25 ,0,3.7,5,999
MX-0470,Meerut,4,0,2.0,21,999
MX-0470,Rajkot,95,0,5.7,7,999
MX-0470,Varanasi,38,0,6.4,5,999
MX-0470,Amritsar,6,4,0.6,14,999
MX-0470,Noida,6,0,1.7,7,999
MX-0470,Gurugram,360,0,7.6,14,999
MX-0470,Coimbatore,101,0,4.4,10,999
MX-0470,Madurai,5,0,2.3,5,999
MX-0470,Guwahati,133,0,6.5,7,999
MX-0470,Mumbai City Mall,45,0,5.0,7,999
,Delhi City Mall,17, 12 ,2.1,5,999
MX-0470,Bengaluru City Mall,235,130,7.4,21,999
MX-0470,Hyderabad City Mall,13,0,4.2,14,999
MX-0470,Chennai City Mall,4,0,4.4,7,999
MX-0470,Kolkata City Mall,3,0,0.6,7,999
MX-0470,Pune City Mall,40,11,1.5,10,999
MX-0470,Ahmedabad City Mall,318,50,5.9,21,999
MX-0470,Jaipur City Mall,29,0,1.6,10,999
MX-0470,Lucknow City Mall,42,0,6.6,10,999
MX-0470,Surat City Mall,136,0,6.3,7,999
MX-0470,Indore City Mall,102,0,5.4,10,999
MX-0470,Nagpur City Mall,226,76,7.3,10,999
MX-0470,Kochi City Mall,26,27,5.0,5,999
MX-0470,Chandigarh City Mall,187,0,5.7,14,999
MX-0470,Bhopal City Mall,88,0,3.8,7,999
MX-0470,Patna City Mall,72,0,4.1,14,999
MX-0470,Vadodara City Mall,265,63,6.9,14,999
MX-0470,Ludhiana City Mall,9,0,1.1,10,999
MX-0470,Agra City Mall,11,0,1.7,7,999
MX-0471,Mumbai,0,4,0.6,10,199
MX-0471,Delhi,6,0,0.4,21 days,199
MX-0471,Bengaluru,97,0,7.5,10,199
MX-0471,Hyderabad,46,52,7.6,7,199
MX-0471,Chennai,82.5,0,4.2,10,199
MX-0471,Kolkata,13,0,2.1,7,199
MX-0471,Pune,80,0,6.5,10,199
MX-0471,Ahmedabad,15,0,7.0,5,199
MX-0471,Jaipur,20,0,3.5,5,199
MX-0471,Lucknow,108,0,5.9,10,199
MX-0471,Surat,33,0,4.0,21,N/A
MX-0471,Indore,134,0,5.3,10,199
MX-0471,Nagpur,13,0,1.4,5,199
MX-0471,Kochi,155,0,4.7,21,199
MX-0471,Chandigarh,5,0,3.1,5,199
MX-0471,Bhopal,78,0,3.7,14,199
MX-0471,Patna,31,0,3.2,7,199
MX-0471,Vadodara,1,0,0.3,5,199
MX-0471,Ludhiana,177,0,7.0,21,199
MX-0471,Agra,123,0,4.2,21,199
MX-0471,Nashik,26,42,1.5,21,199
MX-0471,Meerut,13,17,2.7,5,199
MX-0471,Meerut,13,17,2.7,5,199
MX-0471,Rajkot,102,21,6.9,7,199
MX-0471,Varanasi,155,0,2.9,21,199
MX-0471,Amritsar,8,8,2.4,5,199
MX-0471,Noida,134,0,3.1,14,199
MX-0471,Gurugram,44,0,2.3,10,199
MX-0471,Coimbatore, 33 ,27,2.9,10,199
MX-0471,Madurai,3,0,0.2,14,199
MX-0471,Guwahati,38,15,,5,199
MX-0471,Mumbai City Mall,260,0,6.2,21,199
MX-0471,Delhi City Mall,123,0,5.8,10,199
MX-0471,Bengaluru City Mall,26,0,7.9,5,199
MX-0471,Hyderabad City Mall,52,0,2.8,10,199
MX-0471,Chennai City Mall,110,64,5.3,21,199
MX-0471,Kolkata City Mall,10,-20,0.8,14,199
MX-0471,Pune City Mall,24,0,5.1,5,199
MX-0471,Ahmedabad City Mall,20,3,1.3,5,199
MX-0471,Jaipur City Mall,148,0,7.8,7,199
MX-0471,Lucknow City Mall,(5), 57 ,5.9,7,199
MX-0471,Surat City Mall, 27 ,0,2.7,14,199
MX-0471,Indore City Mall,292,0,5.5,,199
MX-0471,Nagpur City Mall,28,0,1.2,7,199
MX-0471,Kochi City Mall,11,5,0.5,10,199
MX-0471,Chandigarh City Mall,6,0,0.3,10,199
MX-0471,Bhopal City Mall,0,0,0.3,10,199
MX-0471,Patna City Mall,128,0,2.5,21,199
MX-0471,Vadodara City Mall,179,93,7.8,14,199
MX-0471,Ludhiana City Mall,140,0,4.8,14,199
MX-0471,Agra City Mall,440,110,7.0,21,199
MX-0472,Mumbai,24,0,5.6,10,499
MX-0472,Delhi,20,39,7.6,5,499
MX-0472,Bengaluru,24,0,1.8,5,499
MX-0472,Hyderabad,114,47,2.4,21,499
MX-0472,Chennai,285,0,7.8,14,499
MX-0472,Kolkata,30,0,3.7,5,499
MX-0472,Pune,101,0,4.7,21,499
MX-0472,Ahmedabad,68.5,0,4.3,21,499
MX-0472,Jaipur,0,0,2.3,5,499
MX-0472,Lucknow,114,0,3.7,14,499
MX-0472,Surat,370,0,7.7,21,499
MX-0472,Indore,14,10,0.9,10,499
MX-0472,Nagpur,249,0,7.1,14,499
MX-0472,Kochi,24,0,1.1,7,499
MX-0472,Chandigarh,16,0,4.6,14,499
MX-0472,Bhopal,102,0,7.7,5,499
MX-0472,Patna,169,0,4.4,21,499
MX-0472,Vadodara,66,0,4.8,10,499
MX-0472,Ludhiana,0,0,1.3,7,499
MX-0472,Agra,22,0,4.3,14,N/A
MX-0472,Nashik,63,58,3.1,14,499
MX-0472,Meerut,6,4,0.7,5,499
MX-0472,Rajkot,85,0,5.7,21,499
MX-0472,Varanasi,20,0,2.2,14,499
MX-0472,Amritsar,11,0,1.0,5,499
MX-0472,Noida,15,0,7.3,21,499
MX-0472,Gurugram, 71 ,0,2.1,14,499
MX-0472,Coimbatore,150,0,6.9,10,499
MX-0472,Madurai,8,42,3.1,21,499
MX-0472,Guwahati,42,0,1.6,10,499
MX-0472,Mumbai City Mall,21,19,3.2,14 days,499
MX-0472,Delhi City Mall,91,22,3.3,10,499
,Bengaluru City Mall,24,0,0.6,14,499
MX-0472,Hyderabad City Mall,13,0,5.0,7,499
MX-0472,Chennai City Mall,19,0,1.4,10,499
MX-0472,Kolkata City Mall,38,0,4.1,14,499
MX-0472,Pune City Mall,35,27,2.4,10,499
MX-0472,Ahmedabad City Mall,0,0,5.0,7,499
MX-0472,Jaipur City Mall,43,17,2.4,10,499
MX-0472,Lucknow City Mall,2,10,2.3,10,499
MX-0472,Surat City Mall,27,0,2.3,5,499
MX-0472,Indore City Mall,13,23,4.1,7,499
MX-0472,Nagpur City Mall,177,0,6.6,10,499
MX-0472,Kochi City Mall,55,0,3.3,21,499
MX-0472,Chandigarh City Mall,20,0,1.1,7,499
MX-0472,Bhopal City Mall,55,0,2.7,14,499
MX-0472,Patna City Mall,24,0,3.3,5,499
MX-0472,Vadodara City Mall,20,0,4.0,7,499
MX-0472,Ludhiana City Mall,275,150,5.5,21,499
MX-0472,Agra City Mall,18,0,6.9,7,499
MX-0473,Mumbai,104,0,6.9,14,999
MX-0473,Delhi,56,0,2.6,21,999
MX-0473,Bengaluru,1,5,0.9,5,999
MX-0473,Hyderabad,52,0,6.3,21,999
MX-0473,Chennai,76,151,6.0,21,999
MX-0473,Kolkata,195,0,7.7,21,999
MX-0473,Pune,64,-7,3.9,7,999
MX-0473,Ahmedabad, 322 ,44,7.5,14,999
MX-0473,Jaipur,48,0,5.2,21,999
MX-0473,Lucknow,21,4,1.6,5,999
MX-0473,Surat,37.5,0,3.2,5,999
MX-0473,Indore,42,0,3.9,7,999
MX-0473,Nagpur,69,0,,14,999
MX-0473,Kochi,117,117,7.2,21,999
MX-0473,Chandigarh,119,0,5.3,,999
MX-0473,Bhopal,7,0,1.1,7,999
MX-0473,Patna,52,0,4.9,7,999
MX-0473,Vadodara,140,79,5.4,21,999
MX-0473,Ludhiana,21,19,3.8,7,999
MX-0473,Ludhiana,21,19,3.8,7,999
MX-0473,Agra, 71 ,48,3.5,10,999
MX-0473,Nashik,6,0,6.2,10,999
MX-0473,Meerut,23,0,2.6,10,999
MX-0473,Rajkot,58,0,3.5,5,999
MX-0473,Varanasi,66,31,1.9,21,999
MX-0473,Amritsar,191,0,8.0,10,999
MX-0473,Noida,49,0,4.0,14,999
MX-0473,Gurugram,25,0,1.6,7,999
MX-0473,Coimbatore,143,0,4.9,10,999
MX-0473,Madurai,(3),0,2.6,7,N/A
MX-0473,Guwahati,6,0,1.2,10,999
MX-0473,Mumbai City Mall,47,0,7.7,5,999
MX-0473,Delhi City Mall,32,0,4.7,5,999
MX-0473,Bengaluru City Mall,114,0,3.2,14,999
MX-0473,Hyderabad City Mall,94,0,6.3,10,999
MX-0473,Chennai City Mall,144,0,5.7,10,999
MX-0473,Kolkata City Mall,433,133,6.3,21,999
MX-0473,Pune City Mall,36,0,3.4,10,999
MX-0473,Ahmedabad City Mall,299,108,6.4,21,999
MX-0473,Jaipur City Mall,27,0,5.3,10,999
MX-0473,Lucknow City Mall,134,0,6.8,14,999
MX-0473,Surat City Mall,156,43,4.9,14,999
MX-0473,Indore City Mall,70,11,1.7,14,999
MX-0473,Nagpur City Mall,57,0,6.8,7,999
MX-0473,Kochi City Mall,83,0,6.9,5,999
MX-0473,Chandigarh City Mall,61,0,4.2,14,999
MX-0473,Bhopal City Mall,6,0,7.7,7,999
MX-0473,Patna City Mall,191,0,6.7,14,999
MX-0473,Vadodara City Mall,117,0,7.1,5,999
MX-0473,Ludhiana City Mall,53,29,7.5,7,999
MX-0473,Agra City Mall,54,0,3.9,10,999
MX-0474,Mumbai,51,0,2.5,14,1999
MX-0474,Delhi,14,12,1.2,10,1999
MX-0474,Bengaluru,7,0,1.6,7,1999
MX-0474,Hyderabad, 35 ,0,1.2,14,1999
MX-0474,Chennai,35,0,1.4,14,1999
MX-0474,Kolkata,12,0,2.2,5,1999
MX-0474,Pune,71,0,5.0,10,1999
MX-0474,Ahmedabad,231,0,7.9,14,1999
MX-0474,Jaipur,4,4,0.3,14,1999
MX-0474,Lucknow,92,19,6.5,5 days,1999
MX-0474,Surat,5,2,0.3,10,1999
MX-0474,Indore,31,0,2.1,14,1999
MX-0474,Nagpur,36,10,1.7,14,1999
MX-0474,Kochi,179.5,0,4.3,21,1999
MX-0474,Chandigarh,257,107,5.5,14,1999
MX-0474,Bhopal, 19 ,13,4.0,5,1999
MX-0474,Patna,112,0,6.0,10,1999
MX-0474,Vadodara,89,56,5.8,10,1999
MX-0474,Ludhiana,51,0,2.6,10,1999
MX-0474,Agra,70,0,3.7,10,1999
MX-0474,Nashik, 38 ,14,0.9,14,1999
MX-0474,Meerut,13,0,1.2,10,1999
MX-0474,Rajkot,54,0,1.2,14,1999
MX-0474,Varanasi, 18 ,0,2.8,21,1999
MX-0474,Amritsar,23,27,2.0,21,1999
MX-0474,Noida, 12 ,0,2.9,7,1999
MX-0474,Gurugram,112,43,4.0,14,1999
MX-0474,Coimbatore,68,-17,4.1,7,1999
MX-0474,Madurai,53,0,3.7,7,1999
MX-0474,Guwahati,203,0,7.8,10,1999
MX-0474,Mumbai City Mall,40,0,3.0,10,1999
MX-0474,Delhi City Mall,100,0,6.4,21,1999
MX-0474,Bengaluru City Mall,15,0,5.2,5,1999
,Hyderabad City Mall,36,0,4.7,7,1999
MX-0474,Chennai City Mall, 358 ,0,5.4,21,1999
MX-0474,Kolkata City Mall,10,9,3.3,5,1999
MX-0474,Pune City Mall,78,0,7.5,14,1999
MX-0474,Ahmedabad City Mall,30,0,2.5,,N/A
MX-0474,Jaipur City Mall,67,0,6.4,5,1999
MX-0474,Lucknow City Mall,42, 32 ,6.6,7,1999
MX-0474,Surat City Mall,109,0,5.7,7,1999
MX-0474,Indore City Mall,62,0,4.4,10,1999
MX-0474,Nagpur City Mall, 110 ,0,6.8,5,1999
MX-0474,Kochi City Mall,76,0,3.7,10,1999
MX-0474,Chandigarh City Mall,102,0,4.8,7,1999
MX-0474,Bhopal City Mall,54,0,,7,1999
MX-0474,Patna City Mall,49,23,1.2,14,1999
MX-0474,Vadodara City Mall,69,0,6.8,7,1999
MX-0474,Ludhiana City Mall,84,16,5.3,5,1999
MX-0474,Agra City Mall,136,88,5.1,14,1999
MX-0475,Mumbai,8,0,3.6,5,499
MX-0475,Delhi,96,0,7.8,21,499
MX-0475,Bengaluru,130,0,5.4,21,499
MX-0475,Hyderabad,158,0,5.2,10,499
MX-0475,Chennai,0,0,1.3,7,499
MX-0475,Kolkata,146,35,4.5,10,499
MX-0475,Pune,80,0,6.3,5,499
MX-0475,Ahmedabad,1,0,0.4,10,499
MX-0475,Jaipur,94,0,7.5,5,499
MX-0475,Lucknow,135,0,4.9,10,499
MX-0475,Surat,64,0,6.4,14,499
MX-0475,Indore,5,0,5.5,10,499
MX-0475,Nagpur,15,0,2.6,21,499
MX-0475,Kochi, 12 ,0,6.1,5,499
MX-0475,Chandigarh,30,0,1.9,5,499
MX-0475,Bhopal,72,0,6.4,7,499
MX-0475,Bhopal,72,0,6.4,7,499
MX-0475,Patna,7.5,0,2.8,5,499
MX-0475,Vadodara,(1),0,7.0,7,499
MX-0475,Ludhiana,33,0,6.5,5,499
MX-0475,Agra,20,8,0.8,10,499
MX-0475,Nashik,121,0,4.5,14,499
MX-0475,Meerut,35,0,5.9,7,499
MX-0475,Rajkot,5,0,0.3,10,499
MX-0475,Varanasi,11,0,4.9,10,499
MX-0475,Amritsar,113,0,6.4,21,499
MX-0475,Noida,10,7,1.4,5,499
MX-0475,Gurugram,2,1,0.7,5,499
MX-0475,Coimbatore,154,70,4.3,14,499
MX-0475,Madurai,263,0,4.8,21,499
MX-0475,Guwahati, 54 ,0,6.1,21,499
MX-0475,Mumbai City Mall,40,0,2.0,7,499
MX-0475,Delhi City Mall,116,0,5.1,14,499
MX-0475,Bengaluru City Mall,208,91,4.0,21,499
MX-0475,Hyderabad City Mall, 62 ,30,3.3,7,499
MX-0475,Chennai City Mall,6,0,0.8,5,499
MX-0475,Kolkata City Mall,23,7,2.9,5,499
MX-0475,Pune City Mall, 55 ,0,5.3,14,499
MX-0475,Ahmedabad City Mall,321,59,8.0,14,499
MX-0475,Jaipur City Mall,33,0,1.7,7 days,499
MX-0475,Lucknow City Mall,21, 28 ,4.7,7,499
MX-0475,Surat City Mall,89,35,7.6,7,499
MX-0475,Indore City Mall,26,0,5.6,5,499
MX-0475,Nagpur City Mall,30,0,1.1,21,499
MX-0475,Kochi City Mall,34,24,6.7,7,499
MX-0475,Chandigarh City Mall,180,0,6.9,21,499
MX-0475,Bhopal City Mall,12,0,6.8,7,499
MX-0475,Patna City Mall,15,0,2.1,7,N/A
MX-0475,Vadodara City Mall,6,0,3.4,21,499
MX-0475,Ludhiana City Mall,56,-10,5.0,14,499
MX-0475,Agra City Mall,105,0,7.0,21,499
MX-0476,Mumbai,62,0,3.3,7,999
MX-0476,Delhi,167,0,4.7,21,999
MX-0476,Bengaluru,94,0,5.9,5,999
MX-0476,Hyderabad,425,0,7.8,21,999
MX-0476,Chennai,144,83,4.9,14,999
MX-0476,Kolkata,53,0,1.2,14,999
MX-0476,Pune,102,0,6.8,5,999
MX-0476,Ahmedabad,6,0,4.4,10,999
MX-0476,Jaipur,203,0,5.8,14,999
MX-0476,Lucknow,145,0,7.6,10,999
MX-0476,Surat,4,9,1.4,,999
MX-0476,Indore,119,0,1.9,21,999
MX-0476,Nagpur, 13 ,0,1.9,7,999
MX-0476,Kochi,12,0,5.7,7,999
MX-0476,Chandigarh, 15 ,0,2.7,5,999
MX-0476,Bhopal,27,0,7.8,5,999
MX-0476,Patna,15,0,3.9,5,999
MX-0476,Vadodara,25,0,4.0,7,999
MX-0476,Ludhiana,312,0,7.6,14,999
MX-0476,Agra,174.5,0,4.0,14,999
MX-0476,Nashik,251,87,5.7,14,999
MX-0476,Meerut,182,0,5.5,14,999
MX-0476,Rajkot,75,25,3.9,7,999
MX-0476,Varanasi,13,0,1.0,5,999
MX-0476,Amritsar,17,0,5.1,7,999
MX-0476,Noida,154,0,4.7,10,999
MX-0476,Gurugram,24,0,1.5,10,999
MX-0476,Coimbatore,5,0,5.7,5,999
MX-0476,Madurai,18,0,,5,999
MX-0476,Guwahati,29, 39 ,4.3,21,999
MX-0476,Mumbai City Mall,129,0,6.5,7,999
MX-0476,Delhi City Mall,115,43,6.3,7,999
MX-0476,Bengaluru City Mall,229,82,3.7,21,999
MX-0476,Hyderabad City Mall,5,0,3.1,10,999
,Chennai City Mall,2,0,3.9,14,999
MX-0476,Kolkata City Mall,24,0,1.3,7,999
MX-0476,Pune City Mall,102,0,8.0,7,999
MX-0476,Ahmedabad City Mall,137,0,6.3,7,999
MX-0476,Jaipur City Mall,75,0,7.0,10,999
MX-0476,Lucknow City Mall,5,0,1.1,7,999
MX-0476,Surat City Mall,97,104,7.5,10,999
MX-0476,Indore City Mall,1,0,0.3,21,999
MX-0476,Nagpur City Mall,36,0,4.4,14,999
MX-0476,Kochi City Mall, 7 ,0,1.1,14,999
MX-0476,Chandigarh City Mall,10,0,5.4,10,999
MX-0476,Bhopal City Mall,6,0,6.4,5,999
MX-0476,Patna City Mall,341,86,7.3,14,999
MX-0476,Vadodara City Mall,23,0,7.8,14,999
MX-0476,Ludhiana City Mall,24,0,2.8,14,999
MX-0476,Agra City Mall,32,0,2.7,7,999
MX-0477,Mumbai,39,0,1.0,14,3999
MX-0477,Delhi,30,76,3.2,21,3999
MX-0477,Bengaluru,24,0,2.0,5,3999
MX-0477,Hyderabad, 47 ,0,1.5,21,3999
MX-0477,Chennai,62,44,5.5,7,3999
MX-0477,Kolkata,34,11,2.1,5,N/A
MX-0477,Pune,(5),0,3.2,14,3999
MX-0477,Ahmedabad,269,67,7.2,14,3999
MX-0477,Jaipur,129,0,3.0,14,3999
MX-0477,Lucknow,26,0,2.5,14,3999
MX-0477,Surat,198,0,7.3,14,3999
MX-0477,Indore,110,0,6.8,7,3999
MX-0477,Nagpur,495,0,7.2,21,3999
MX-0477,Nagpur,495,0,7.2,21,3999
MX-0477,Kochi,8,0,0.4,10,3999
MX-0477,Chandigarh,17,0,4.7,5,3999
MX-0477,Bhopal,8,33,3.9,7,3999
MX-0477,Patna,159,0,7.5,14,3999
MX-0477,Vadodara,237,163,6.7,21 days,3999
MX-0477,Ludhiana,44,19,1.1,21,3999
MX-0477,Agra,230,-11,6.6,14,3999
MX-0477,Nashik,81,0,6.4,21,3999
MX-0477,Meerut,15,18,1.9,10,3999
MX-0477,Rajkot,47.5,0,2.3,10,3999
MX-0477,Varanasi,60,55,6.6,7,3999
MX-0477,Amritsar,13,11,1.0,10,3999
MX-0477,Noida,66,15,3.2,10,3999
MX-0477,Gurugram,14,0,0.7,10,3999
MX-0477,Coimbatore, 91 ,0,4.4,7,3999
MX-0477,Madurai,72,0,7.7,7,3999
MX-0477,Guwahati,143,51,7.6,14,3999
MX-0477,Mumbai City Mall,83,44,1.7,21,3999
MX-0477,Delhi City Mall,48,0,1.6,10,3999
MX-0477,Bengaluru City Mall,89,0,3.8,10,3999
MX-0477,Hyderabad City Mall,98,25,6.8,,3999
MX-0477,Chennai City Mall,8,0,6.4,7,3999
MX-0477,Kolkata City Mall,206,30,2.9,21,3999
MX-0477,Pune City Mall,0,0,0.7,21,3999
MX-0477,Ahmedabad City Mall,73,0,3.7,14,3999
MX-0477,Jaipur City Mall,413,0,5.8,21,3999
MX-0477,Lucknow City Mall,304,0,7.3,21,3999
MX-0477,Surat City Mall,2,58,6.0,14,3999
MX-0477,Indore City Mall,272,0,4.9,21,3999
MX-0477,Nagpur City Mall, 159 ,0,7.2,7,3999
MX-0477,Kochi City Mall,8,0,0.3,14,3999
MX-0477,Chandigarh City Mall,437,0,6.9,21,3999
MX-0477,Bhopal City Mall,0,0,2.6,7,3999
MX-0477,Patna City Mall,252,0,7.9,10,3999
MX-0477,Vadodara City Mall,14,0,0.3,14,3999
MX-0477,Ludhiana City Mall,0,2,0.2,14,3999
MX-0477,Agra City Mall,3,18,1.8,14,3999
MX-0478,Mumbai,182,0,4.0,21,999
MX-0478,Delhi,201,0,6.8,21,999
MX-0478,Bengaluru,27,0,6.4,7,999
MX-0478,Hyderabad,26,0,1.8,10,999
MX-0478,Chennai,50,0,6.2,7,999
MX-0478,Kolkata,156,0,4.4,14,999
MX-0478,Pune,8,0,2.1,5,999
MX-0478,Ahmedabad,13,0,0.5,10,999
MX-0478,Jaipur,81,0,4.8,5,999
MX-0478,Lucknow,112,0,3.4,21,999
MX-0478,Surat,118,0,4.3,14,999
MX-0478,Indore,265,0,,21,999
MX-0478,Nagpur,61,0,5.8,5,999
MX-0478,Kochi, 198 ,82,3.0,21,999
MX-0478,Chandigarh,131,0,5.0,14,N/A
MX-0478,Bhopal,2,0,6.2,7,999
MX-0478,Patna,58,0,2.4,14,999
MX-0478,Vadodara, 24 ,9,2.2,5,999
MX-0478,Ludhiana,8,0,5.6,21,999
MX-0478,Agra,5,0,0.9,5,999
MX-0478,Nashik,400,0,6.0,21,999
MX-0478,Meerut,28,0,4.9,14,999
MX-0478,Rajkot,6,0,5.5,10,999
MX-0478,Varanasi, 21 ,7,1.6,10,999
MX-0478,Amritsar,163,0,7.2,7,999
MX-0478,Noida,25.5,0,0.8,10,999
MX-0478,Gurugram, 19 ,0,7.6,7,999
MX-0478,Coimbatore,161,0,4.6,14,999
MX-0478,Madurai,39,0,2.7,7,999
MX-0478,Guwahati,33,11,4.0,5,999
MX-0478,Mumbai City Mall,166,0,7.9,10,999
MX-0478,Delhi City Mall,67,0,7.5,21,999
MX-0478,Bengaluru City Mall,41,0,3.7,5,999
MX-0478,Hyderabad City Mall,23,0,6.4,7,999
MX-0478,Chennai City Mall,84,45,5.2,7,999
,Kolkata City Mall,29,0,1.3,14,999
MX-0478,Pune City Mall,7,20,3.7,5,999
MX-0478,Ahmedabad City Mall,10,0,5.5,5,999
MX-0478,Jaipur City Mall,20,0,4.8,5,999
MX-0478,Lucknow City Mall,55,0,6.9,21,999
MX-0478,Surat City Mall,113,-8,5.9,14,999
MX-0478,Indore City Mall,381,0,6.4,21,999
MX-0478,Nagpur City Mall,110,0,7.9,5,999
MX-0478,Kochi City Mall,15,0,4.6,14,999
MX-0478,Chandigarh City Mall,124,0,7.7,5,999
MX-0478,Bhopal City Mall,-5,137,7.3,14,999
MX-0478,Patna City Mall,115,96,5.4,21 days,999
MX-0478,Vadodara City Mall,106,0,5.5,10,999
MX-0478,Ludhiana City Mall, 71 ,0,6.2,7,999
MX-0478,Agra City Mall,25,0,2.5,14,999
MX-0479,Mumbai,378,0,7.2,21,499
MX-0479,Delhi,131,0,7.7,7,499
MX-0479,Bengaluru,63,0,2.0,14,499
MX-0479,Hyderabad,0,2,0.5,10,499
MX-0479,Chennai,30,44,4.7,10,499
MX-0479,Kolkata,36,0,5.2,14,499
MX-0479,Pune,275,57,6.6,,499
MX-0479,Ahmedabad,200,0,5.3,21,499
MX-0479,Jaipur,210,0,8.0,10,499
MX-0479,Lucknow,61,42,6.5,5,499
MX-0479,Lucknow,61,42,6.5,5,499
MX-0479,Surat,101,0,1.9,21,499
MX-0479,Indore,29,34,2.7,14,499
MX-0479,Nagpur,11,0,2.4,10,499
MX-0479,Kochi,19,9,2.0,5,499
MX-0479,Chandigarh,36,43,3.2,10,499
MX-0479,Bhopal,42,24,5.5,5,499
MX-0479,Patna,51,0,1.1,14,499
MX-0479,Vadodara,87,0,3.2,10,499
MX-0479,Ludhiana,50,103,7.5,21,499
MX-0479,Agra,100,0,6.0,21,499
MX-0479,Nashik,145,0,6.7,7,499
MX-0479,Meerut,176,0,7.5,10,499
MX-0479,Rajkot,1,0,7.4,21,499
MX-0479,Varanasi,24,64,7.1,7,N/A
MX-0479,Amritsar,28,0,1.9,7,499
MX-0479,Noida,17,0,0.5,21,499
MX-0479,Gurugram,25,152,6.5,21,499
MX-0479,Coimbatore,17,0,3.9,7,499
MX-0479,Madurai,40.5,0,6.9,14,499
MX-0479,Guwahati,106,0,3.2,14,499
MX-0479,Mumbai City Mall,124,0,4.4,10,499
MX-0479,Delhi City Mall,8,18,1.1,21,499
MX-0479,Bengaluru City Mall,15,25,6.5,5,499
MX-0479,Hyderabad City Mall,217,0,8.0,10,499
MX-0479,Chennai City Mall,186,46,5.5,10,499
MX-0479,Kolkata City Mall,38,0,3.2,10,499
MX-0479,Pune City Mall,151,0,7.2,10,499
MX-0479,Ahmedabad City Mall,125,0,5.6,7,499
MX-0479,Jaipur City Mall,191,0,3.1,21,499
MX-0479,Lucknow City Mall,43,0,4.1,7,499
MX-0479,Surat City Mall,23,0,1.2,7,499
MX-0479,Indore City Mall, 2 ,0,0.3,10,499
MX-0479,Nagpur City Mall,89,0,2.0,14,499
MX-0479,Kochi City Mall,154,0,6.7,7,499
MX-0479,Chandigarh City Mall,46,0,,5,499
MX-0479,Bhopal City Mall,51,52,6.0,7,499
MX-0479,Patna City Mall,2,0,2.4,14,499
MX-0479,Vadodara City Mall,128,26,5.6,7,499
MX-0479,Ludhiana City Mall,143,0,6.8,14,499
MX-0479,Agra City Mall,44,0,2.5,10,499
MX-0480,Mumbai,88,30,4.7,14,1999
MX-0480,Delhi,63,0,2.7,7,1999
MX-0480,Bengaluru,80,0,3.4,14,1999
MX-0480,Hyderabad,107,0,6.3,7,1999
MX-0480,Chennai,82,0,7.4,21,1999
MX-0480,Kolkata,103,29,4.9,7,1999
MX-0480,Pune,73,0,4.8,5,1999
MX-0480,Ahmedabad,7,0,1.3,10,1999
MX-0480,Jaipur,41,68,5.0,10,1999
MX-0480,Lucknow,4,0,7.6,21,1999
MX-0480,Surat,210,0,3.0,21,1999
MX-0480,Indore,90,-14,4.4,14,1999
MX-0480,Nagpur,323,0,5.8,21,1999
MX-0480,Kochi,22,0,7.8,5,1999
MX-0480,Chandigarh,33,0,4.2,5,1999
MX-0480,Bhopal,103,17,3.7,10,1999
MX-0480,Patna,40,0,2.0,7,1999
MX-0480,Vadodara,6,0,0.7,10,1999
MX-0480,Ludhiana,324,94,6.0,21,1999
MX-0480,Agra,55,0,3.5,10,1999
MX-0480,Nashik,110,0,5.5,7,1999
MX-0480,Meerut,267,0,3.9,21,1999
MX-0480,Rajkot, 63 ,0,5.7,5,1999
MX-0480,Varanasi,7,14,1.7,10,1999
MX-0480,Amritsar,141,50,3.1,21,1999
MX-0480,Noida,11,0,7.0,21 days,1999
MX-0480,Gurugram,33,25,7.8,5,1999
MX-0480,Coimbatore,20,0,1.1,7,1999
MX-0480,Madurai,2,0,0.2,7,1999
MX-0480,Guwahati,16,0,5.6,,1999
MX-0480,Mumbai City Mall,183,0,6.5,10,1999
MX-0480,Delhi City Mall,66.5,0,3.2,7,1999
MX-0480,Bengaluru City Mall,38,0,3.7,10,N/A
MX-0480,Hyderabad City Mall,2,0,1.1,7,1999
MX-0480,Chennai City Mall,-8,0,8.0,10,1999
MX-0480,Kolkata City Mall,31,13,0.7,21,1999
,Pune City Mall,38,0,4.3,7,1999
MX-0480,Ahmedabad City Mall,58,0,1.8,21,1999
MX-0480,Jaipur City Mall,48,0,2.8,10,1999
MX-0480,Lucknow City Mall,64,0,7.0,5,1999
MX-0480,Surat City Mall,20,10,2.0,5,1999
MX-0480,Indore City Mall,93,0,6.0,5,1999
MX-0480,Nagpur City Mall,4,0,0.4,10,1999
MX-0480,Kochi City Mall,246,0,7.7,21,1999
MX-0480,Chandigarh City Mall,31,0,1.6,14,1999
MX-0480,Bhopal City Mall, 112 ,0,3.8,21,1999
MX-0480,Patna City Mall,30,0,0.7,14,1999
MX-0480,Vadodara City Mall,145,61,4.4,10,1999
MX-0480,Ludhiana City Mall,259,0,4.9,21,1999
MX-0480,Agra City Mall,43,8,2.0,7,1999
MX-0481,Mumbai,25,0,1.9,10,199
MX-0481,Delhi,120,0,7.6,10,199
MX-0481,Bengaluru,29,20,7.7,5,199
MX-0481,Hyderabad,29,0,2.4,5,199
MX-0481,Chennai,119,38,5.0,10,199
MX-0481,Kolkata,8,0,0.9,10,199
MX-0481,Pune,7,0,4.5,5,199
MX-0481,Pune,7,0,4.5,5,199
MX-0481,Ahmedabad,50,0,1.3,14,199
MX-0481,Jaipur,35,33,2.8,14,199
MX-0481,Lucknow,38,0,2.2,7,199
MX-0481,Surat,65,0,4.5,7,199
MX-0481,Indore,2,0,1.9,5,199
MX-0481,Nagpur,32,0,5.4,14,199
MX-0481,Kochi,1,1,0.3,10,199
MX-0481,Chandigarh,40,8,2.7,5,199
MX-0481,Bhopal, 14 ,3,0.5,10,199
MX-0481,Patna,52,0,3.9,7,199
MX-0481,Vadodara,2,0,1.1,10,199
MX-0481,Ludhiana,2,0,0.3,7,199
MX-0481,Agra,32,7,2.1,7,199
MX-0481,Nashik,198,0,6.4,10,199
MX-0481,Meerut,107,0,6.4,10,199
MX-0481,Rajkot,26,0,2.7,7,199
MX-0481,Varanasi,41,40,2.5,14,199
MX-0481,Amritsar,131,0,6.4,10,199
MX-0481,Noida,12,0,0.5,21,199
MX-0481,Gurugram,258,0,7.3,21,199
MX-0481,Coimbatore,25,0,,10,199
MX-0481,Madurai,44,0,4.6,7,199
MX-0481,Guwahati, 146 ,0,6.3,14,199
MX-0481,Mumbai City Mall,10,0,1.0,5,199
MX-0481,Delhi City Mall,48,27,1.3,21,199
MX-0481,Bengaluru City Mall,43,-11,3.4,5,199
MX-0481,Hyderabad City Mall,70,0,3.0,7,199
MX-0481,Chennai City Mall,0.5,0,0.4,5,199
MX-0481,Kolkata City Mall,122,0,3.2,14,199
MX-0481,Pune City Mall,89,0,6.7,5,199
MX-0481,Ahmedabad City Mall,109,0,7.9,14,199
MX-0481,Jaipur City Mall,133,0,4.4,10,199
MX-0481,Lucknow City Mall,171,0,5.9,10,199
MX-0481,Surat City Mall,222,0,6.3,14,199
MX-0481,Indore City Mall,111,0,7.3,5,N/A
MX-0481,Nagpur City Mall,5,0,0.4,10,199
MX-0481,Kochi City Mall,174,0,6.1,21,199
MX-0481,Chandigarh City Mall,54,0,5.6,5,199
MX-0481,Bhopal City Mall,199,88,3.4,21,199
MX-0481,Patna City Mall,8,0,0.3,21,199
MX-0481,Vadodara City Mall,153,40,3.8,14,199
MX-0481,Ludhiana City Mall,1,0,7.2,5,199
MX-0481,Agra City Mall, 40 ,0,2.6,14,199
MX-0482,Mumbai,237,44,6.8,14,199
MX-0482,Delhi,1,0,0.6,21,199
MX-0482,Bengaluru,29,0,1.0,,199
MX-0482,Hyderabad,80,0,3.7,21,199
MX-0482,Chennai,46,0,4.1,21 days,199
MX-0482,Kolkata,8,0,0.5,7,199
MX-0482,Pune,106,0,5.0,7,199
MX-0482,Ahmedabad,13,4,0.9,5,199
MX-0482,Jaipur,96,0,2.7,21,199
MX-0482,Lucknow,173,0,5.7,14,199
MX-0482,Surat,51,0,6.4,5,199
MX-0482,Indore,10,14,1.5,7,199
MX-0482,Nagpur,32,0,1.0,21,199
MX-0482,Kochi,1,0,4.5,7,199
MX-0482,Chandigarh,5,0,3.6,5,199
MX-0482,Bhopal,34,0,2.1,5,199
MX-0482,Patna, 133 ,0,3.2,14,199
MX-0482,Vadodara,10,0,2.8,5,199
MX-0482,Ludhiana,413,148,7.4,21,199
MX-0482,Agra,261,0,6.3,14,199
MX-0482,Nashik,74,0,7.9,5,199
MX-0482,Meerut,98,0,7.1,5,199
MX-0482,Rajkot, 54 ,0,2.7,10,199
MX-0482,Varanasi,(2),0,7.6,21,199
MX-0482,Amritsar, 160 ,0,6.9,7,199
MX-0482,Noida, 36 ,0,1.9,10,199
MX-0482,Gurugram,5,0,0.4,14,199
MX-0482,Coimbatore,166,0,7.4,7,199
MX-0482,Madurai,250,0,6.5,14,199
MX-0482,Guwahati,12,0,0.6,14,199
MX-0482,Mumbai City Mall,51,0,6.2,7,199
MX-0482,Delhi City Mall,33,0,5.1,5,199
MX-0482,Bengaluru City Mall,38,0,1.6,10,199
MX-0482,Hyderabad City Mall,92,38,3.4,21,199
MX-0482,Chennai City Mall,3,0,0.3,5,199
MX-0482,Kolkata City Mall,82,0,4.0,14,199
MX-0482,Pune City Mall,123,0,3.7,14,199
,Ahmedabad City Mall,129.5,0,5.8,7,199
MX-0482,Jaipur City Mall,121,0,6.0,7,199
MX-0482,Lucknow City Mall,8,0,0.8,5,199
MX-0482,Surat City Mall,202,33,3.6,21,199
MX-0482,Indore City Mall,95,0,5.6,5,199
MX-0482,Nagpur City Mall,10,0,1.0,10,199
MX-0482,Kochi City Mall,138,0,6.1,10,199
MX-0482,Chandigarh City Mall,132,0,4.2,14,199
MX-0482,Bhopal City Mall,5,0,0.6,10,199
MX-0482,Patna City Mall,77,15,7.1,5,199
MX-0482,Vadodara City Mall,95,0,4.0,10,199
MX-0482,Ludhiana City Mall,37,0,7.6,21,199
MX-0482,Agra City Mall,35,0,1.1,14,199
MX-0483,Mumbai,60,0,4.9,7,N/A
MX-0483,Delhi,82,0,3.7,21,999
MX-0483,Bengaluru,119,0,2.1,21,999
MX-0483,Hyderabad,6,-17,7.5,7,999
MX-0483,Hyderabad,6,-17,7.5,7,999
MX-0483,Chennai,86,0,5.2,5,999
MX-0483,Kolkata,94,0,7.6,5,999
MX-0483,Pune,32,0,5.6,5,999
MX-0483,Ahmedabad,24,17,3.2,7,999
MX-0483,Jaipur,64,0,4.8,7,999
MX-0483,Lucknow,363,112,6.3,21,999
MX-0483,Surat,221,183,,21,999
MX-0483,Indore,46,0,5.4,21,999
MX-0483,Nagpur,52,0,1.2,21,999
MX-0483,Kochi,10,4,1.6,5,999
MX-0483,Chandigarh,4,0,0.6,14,999
MX-0483,Bhopal,17,0,2.9,7,999
MX-0483,Patna,117,47,2.5,14,999
MX-0483,Vadodara,66,0,5.2,14,999
MX-0483,Ludhiana,14,3,1.0,5,999
MX-0483,Agra,313,0,5.5,21,999
MX-0483,Nashik,182,0,6.6,21,999
MX-0483,Meerut,37,0,2.8,7,999
MX-0483,Rajkot,41,0,1.0,14,999
MX-0483,Varanasi,17,0,0.8,7,999
MX-0483,Amritsar,50,0,3.1,14,999
MX-0483,Noida,61,50,7.2,,999
MX-0483,Gurugram,147,0,7.2,10,999
MX-0483,Coimbatore,2,13,1.0,10,999
MX-0483,Madurai,67,0,3.0,10,999
MX-0483,Guwahati,55,0,2.8,7,999
MX-0483,Mumbai City Mall,11,0,4.5,10,999
MX-0483,Delhi City Mall,164,0,8.0,7,999
MX-0483,Bengaluru City Mall,66,29,4.7,7,999
MX-0483,Hyderabad City Mall,163,0,7.4,7 days,999
MX-0483,Chennai City Mall,60,66,7.1,10,999
MX-0483,Kolkata City Mall,33,0,5.1,14,999
MX-0483,Pune City Mall, 66 ,18,2.8,7,999
MX-0483,Ahmedabad City Mall,12,0,2.8,10,999
MX-0483,Jaipur City Mall,104,0,6.0,14,999
MX-0483,Lucknow City Mall,150,0,5.5,14,999
MX-0483,Surat City Mall,475.5,0,6.8,21,999
MX-0483,Indore City Mall,76,0,3.7,7,999
MX-0483,Nagpur City Mall,22,0,6.1,7,999
MX-0483,Kochi City Mall,97,0,4.8,7,999
MX-0483,Chandigarh City Mall,11,82,4.5,14,999
MX-0483,Bhopal City Mall,292,0,6.5,14,999
MX-0483,Patna City Mall,64,0,6.5,21,999
MX-0483,Vadodara City Mall, 61 ,0,4.3,7,999
MX-0483,Ludhiana City Mall,34,0,5.4,5,999
MX-0483,Agra City Mall,10,0,0.7,7,999
MX-0484,Mumbai,16,14,4.1,5,499
MX-0484,Delhi,74,0,5.8,5,499
MX-0484,Bengaluru,34,0,4.8,10,499
MX-0484,Hyderabad,6,44,7.2,10,499
MX-0484,Chennai,155,0,5.2,10,499
MX-0484,Kolkata,47,0,2.1,21,499
MX-0484,Pune,16,0,6.9,14,499
MX-0484,Ahmedabad,77,0,4.8,21,499
MX-0484,Jaipur,4,0,6.8,5,499
MX-0484,Lucknow,28,0,5.7,5,N/A
MX-0484,Surat,10,0,3.6,14,499
MX-0484,Indore,66,0,4.9,21,499
MX-0484,Nagpur,(5),0,4.1,10,499
MX-0484,Kochi,4,0,6.2,5,499
MX-0484,Chandigarh,10,0,4.7,7,499
MX-0484,Bhopal,53,19,5.7,5,499
MX-0484,Patna,239,0,7.3,21,499
MX-0484,Vadodara,51,0,3.5,7,499
MX-0484,Ludhiana,9,0,4.2,5,499
MX-0484,Agra,50,0,3.2,5,499
MX-0484,Nashik,144,0,6.6,7,499
MX-0484,Meerut,19,0,1.4,10,499
MX-0484,Rajkot,38,0,6.3,10,499
MX-0484,Varanasi,109,0,7.3,10,499
MX-0484,Amritsar,135,-13,7.8,10,499
MX-0484,Noida,136,0,5.6,10,499
MX-0484,Gurugram,86,0,6.8,10,499
MX-0484,Coimbatore,137,0,4.8,10,499
MX-0484,Madurai,339,0,5.4,21,499
MX-0484,Guwahati,3,0,3.1,5,499
MX-0484,Mumbai City Mall,85,0,1.4,21,499
MX-0484,Delhi City Mall,51,0,3.5,7,499
MX-0484,Bengaluru City Mall,306,0,4.6,21,499
MX-0484,Hyderabad City Mall, 26 ,26,5.4,7,499
MX-0484,Chennai City Mall,114,0,4.7,10,499
MX-0484,Kolkata City Mall,40,21,6.8,5,499
MX-0484,Pune City Mall,33,12,5.8,5,499
MX-0484,Ahmedabad City Mall,238,0,5.7,14,499
,Jaipur City Mall,25,0,5.9,5,499
MX-0484,Lucknow City Mall,351,0,5.2,21,499
MX-0484,Surat City Mall,8,0,0.4,10,499
MX-0484,Indore City Mall,3,0,0.3,5,499
MX-0484,Nagpur City Mall,101,34,6.6,5,499
MX-0484,Kochi City Mall,22.5,12,,5,499
MX-0484,Chandigarh City Mall,368,72,7.8,14,499
MX-0484,Bhopal City Mall,73,0,6.6,5,499
MX-0484,Patna City Mall,32,30,7.5,5,499
MX-0484,Vadodara City Mall,23,12,1.4,10,499
MX-0484,Ludhiana City Mall,2,0,0.7,,499
MX-0484,Agra City Mall,24,0,7.2,7,499
MX-0485,Mumbai,6,0,4.1,5,499
MX-0485,Mumbai,6,0,4.1,5,499
MX-0485,Delhi,32,0,0.8,21,499
MX-0485,Bengaluru,27,0,4.8,10,499
MX-0485,Hyderabad,89,0,4.8,7,499
MX-0485,Chennai,110,0,5.4,7,499
MX-0485,Kolkata,75,54,2.6,21,499
MX-0485,Pune,24,0,0.7,14,499
MX-0485,Ahmedabad,55,43,3.0,14,499
MX-0485,Jaipur,33,0,0.7,21,499
MX-0485,Lucknow,67,0,7.0,10,499
MX-0485,Surat, 194 ,0,4.1,14,499
MX-0485,Indore,15,0,3.0,10,499
MX-0485,Nagpur,56,0,4.3,7 days,499
MX-0485,Kochi,98,0,6.2,7,499
MX-0485,Chandigarh,119,0,6.4,14,499
MX-0485,Bhopal,52,21,5.5,5,499
MX-0485,Patna,123,0,7.6,7,499
MX-0485,Vadodara,76,0,6.3,14,499
MX-0485,Ludhiana,6,0,0.2,21,N/A
MX-0485,Agra,127,0,5.4,10,499
MX-0485,Nashik,117,0,6.5,10,499
MX-0485,Meerut,0,0,0.8,10,499
MX-0485,Rajkot,408,138,5.9,21,499
MX-0485,Varanasi,342,0,5.8,21,499
MX-0485,Amritsar,52,41,4.3,7,499
MX-0485,Noida,32,40,6.3,7,499
MX-0485,Gurugram,5,0,0.4,7,499
MX-0485,Coimbatore,3,1,0.2,14,499
MX-0485,Madurai,71,0,5.5,7,499
MX-0485,Guwahati,17,0,6.8,14,499
MX-0485,Mumbai City Mall,57,0,2.7,7,499
MX-0485,Delhi City Mall, 3 ,17,3.5,5,499
MX-0485,Bengaluru City Mall,97,0,6.6,5,499
MX-0485,Hyderabad City Mall,2,0,4.7,14,499
MX-0485,Chennai City Mall,15,0,0.4,21,499
MX-0485,Kolkata City Mall,13,0,6.9,5,499
MX-0485,Pune City Mall, 1 ,0,0.7,5,499
MX-0485,Ahmedabad City Mall,44,0,4.0,10,499
MX-0485,Jaipur City Mall,505,0,7.5,21,499
MX-0485,Lucknow City Mall,41,0,2.8,7,499
MX-0485,Surat City Mall,211,0,7.8,14,499
MX-0485,Indore City Mall,27,7,1.4,7,499
MX-0485,Nagpur City Mall,162,30,6.9,10,499
MX-0485,Kochi City Mall,135,0,5.1,14,499
MX-0485,Chandigarh City Mall,186,48,5.7,10,499
MX-0485,Bhopal City Mall,68,-8,1.5,14,499
MX-0485,Patna City Mall,44.5,0,1.7,10,499
MX-0485,Vadodara City Mall,71,0,3.4,10,499
MX-0485,Ludhiana City Mall,26,0,1.5,10,499
MX-0485,Agra City Mall,30,69,2.8,21,499
MX-0486,Mumbai, 70 ,26,6.4,5,3999
MX-0486,Delhi,(9),0,5.0,21,3999
MX-0486,Bengaluru,110,0,3.0,21,3999
MX-0486,Hyderabad,10,0,4.6,10,3999
MX-0486,Chennai,50,0,1.5,21,3999
MX-0486,Kolkata,14,0,0.6,10,3999
MX-0486,Pune,202,0,5.5,21,3999
MX-0486,Ahmedabad,13,0,3.3,5,3999
MX-0486,Jaipur,30,27,3.5,14,3999
MX-0486,Lucknow,89,0,3.2,10,3999
MX-0486,Surat,16,0,1.1,10,3999
MX-0486,Indore,3,0,1.1,5,3999
MX-0486,Nagpur,15,0,6.7,7,3999
MX-0486,Kochi,22,0,0.5,14,3999
MX-0486,Chandigarh,147,0,6.0,14,3999
MX-0486,Bhopal, 157 ,0,2.4,21,3999
MX-0486,Patna,86,0,5.3,10,3999
MX-0486,Vadodara,43,0,6.2,5,3999
MX-0486,Ludhiana,47,0,7.5,5,3999
MX-0486,Agra,140,0,7.4,7,3999
MX-0486,Nashik,12,5,0.6,7,3999
MX-0486,Meerut,31,0,2.0,,3999
MX-0486,Rajkot,8,0,0.7,5,3999
MX-0486,Varanasi,31,0,3.7,5,3999
MX-0486,Amritsar,27,55,3.1,14,3999
MX-0486,Noida,69,0,5.9,10,3999
MX-0486,Gurugram,111,123,,14,3999
MX-0486,Coimbatore,17,44,5.0,10,N/A
MX-0486,Madurai,7,0,3.7,14,3999
MX-0486,Guwahati,49,0,7.6,10,3999
MX-0486,Mumbai City Mall,284,59,4.3,21,3999
MX-0486,Delhi City Mall,20,0,4.2,7,3999
MX-0486,Bengaluru City Mall,51,0,3.0,21,3999
MX-0486,Hyderabad City Mall,94,37,3.1,10,3999
MX-0486,Chennai City Mall,48,0,1.6,14,3999
MX-0486,Kolkata City Mall,106,0,2.6,14,3999
MX-0486,Pune City Mall,249,0,7.3,21,3999
MX-0486,Ahmedabad City Mall,35,17,2.5,5,3999
MX-0486,Jaipur City Mall,200,99,5.4,14,3999
,Lucknow City Mall,20,0,2.4,10,3999
MX-0486,Surat City Mall,37,0,3.4,7,3999
MX-0486,Indore City Mall,177,0,4.7,21 days,3999
MX-0486,Nagpur City Mall,15,127,6.6,14,3999
MX-0486,Kochi City Mall,49,0,3.6,5,3999
MX-0486,Chandigarh City Mall,42,0,3.1,5,3999
MX-0486,Bhopal City Mall,4,0,2.2,7,3999
MX-0486,Patna City Mall,117,0,7.1,14,3999
MX-0486,Vadodara City Mall,70,0,5.5,14,3999
MX-0486,Vadodara City Mall,70,0,5.5,14,3999
MX-0486,Ludhiana City Mall,153,0,3.0,21,3999
MX-0486,Agra City Mall,19.5,0,2.0,10,3999
MX-0487,Mumbai,83,0,7.3,7,199
MX-0487,Delhi,98,0,5.3,7,199
MX-0487,Bengaluru,27,0,5.2,21,199
MX-0487,Hyderabad,34,0,5.3,21,199
MX-0487,Chennai,24, 100 ,5.6,14,199
MX-0487,Kolkata,31,0,3.3,5,199
MX-0487,Pune,25,16,2.2,7,199
MX-0487,Ahmedabad,27,0,2.0,21,199
MX-0487,Jaipur,100,0,6.8,5,199
MX-0487,Lucknow,110,0,6.9,10,199
MX-0487,Surat,5,6,1.3,5,199
MX-0487,Indore,63,0,6.0,21,199
MX-0487,Nagpur,77,0,4.8,10,199
MX-0487,Kochi,25,0,0.9,21,199
MX-0487,Chandigarh,88, 12 ,3.9,7,199
MX-0487,Bhopal,403,74,6.1,21,199
MX-0487,Patna,39,-11,7.6,5,199
MX-0487,Vadodara,71,46,7.5,7,199
MX-0487,Ludhiana,288,0,6.1,21,199
MX-0487,Agra,178,0,5.7,14,199
MX-0487,Nashik,192,70,7.4,14,199
MX-0487,Meerut,22,22,4.0,5,199
MX-0487,Rajkot,2,0,2.1,5,199
MX-0487,Varanasi,22,0,1.5,5,199
MX-0487,Amritsar,19,0,1.8,21,199
MX-0487,Noida,1,0,1.0,5,199
MX-0487,Gurugram,16,0,1.2,5,199
MX-0487,Coimbatore,220,0,4.4,21,199
MX-0487,Madurai,164,59,5.3,14,199
MX-0487,Guwahati,27,0,1.1,14,199
MX-0487,Mumbai City Mall,20,0,1.9,7,199
MX-0487,Delhi City Mall, 3 ,0,3.5,14,199
MX-0487,Bengaluru City Mall,104,0,3.1,10,199
MX-0487,Hyderabad City Mall,217,0,5.0,14,199
MX-0487,Chennai City Mall,37,37,1.5,21,199
MX-0487,Kolkata City Mall,9,0,2.9,5,199
MX-0487,Pune City Mall,273,107,4.6,21,N/A
MX-0487,Ahmedabad City Mall,8,0,2.0,7,199
MX-0487,Jaipur City Mall,416,0,5.9,21,199
MX-0487,Lucknow City Mall,47,0,7.5,5,199
MX-0487,Surat City Mall,-1,0,2.0,10,199
MX-0487,Indore City Mall,95,0,3.9,10,199
MX-0487,Nagpur City Mall,3,0,2.6,5,199
MX-0487,Kochi City Mall,69,28,1.2,21,199
MX-0487,Chandigarh City Mall, 231 ,0,7.8,,199
MX-0487,Bhopal City Mall,218,55,3.8,21,199
MX-0487,Patna City Mall,17,0,1.5,21,199
MX-0487,Vadodara City Mall,76,0,6.6,5,199
MX-0487,Ludhiana City Mall,16,0,4.5,5,199
MX-0487,Agra City Mall,6,0,2.0,10,199
MX-0488,Mumbai,21,11,1.7,10,1999
MX-0488,Delhi,130,0,6.5,10,1999
MX-0488,Bengaluru,0.5,0,1.0,5,1999
MX-0488,Hyderabad,3,0,4.4,10,1999
MX-0488,Chennai,169,0,6.3,14,1999
MX-0488,Kolkata,12,17,2.5,10,1999
MX-0488,Pune,489,0,7.0,21,1999
MX-0488,Ahmedabad,128, 85 ,4.8,21,1999
MX-0488,Jaipur,235,0,5.8,21,1999
MX-0488,Lucknow,18,0,,21,1999
MX-0488,Surat,5,0,1.6,5,1999
MX-0488,Indore,0,0,6.3,21,1999
MX-0488,Nagpur,16,0,2.2,10,1999
MX-0488,Kochi,106,0,4.3,14,1999
MX-0488,Chandigarh,47,0,2.8,10,1999
MX-0488,Bhopal, 7 ,2,0.9,5,1999
MX-0488,Patna,436,0,7.9,21,1999
MX-0488,Vadodara,22,0,4.6,10,1999
MX-0488,Ludhiana,50,0,1.9,10,1999
MX-0488,Agra,10,0,0.9,10,1999
MX-0488,Nashik,17,23,3.4,5 days,1999
MX-0488,Meerut,41,19,3.2,5,1999
MX-0488,Rajkot,69,0,7.5,5,1999
MX-0488,Varanasi,131, 59 ,2.3,21,1999
MX-0488,Amritsar,282,0,6.0,14,1999
MX-0488,Noida,31,0,2.3,10,1999
MX-0488,Gurugram,6,0,2.6,5,1999
MX-0488,Coimbatore,71,0,2.1,14,1999
MX-0488,Madurai,38,0,5.2,7,1999
MX-0488,Guwahati,1,0,2.8,7,1999
MX-0488,Mumbai City Mall, 170 ,0,5.9,14,1999
MX-0488,Delhi City Mall,31,0,4.6,5,1999
MX-0488,Bengaluru City Mall,6,0,1.4,5,1999
MX-0488,Hyderabad City Mall,12,0,0.5,14,1999
MX-0488,Chennai City Mall,18,20,3.3,5,1999
MX-0488,Kolkata City Mall,90,0,6.5,7,1999
MX-0488,Pune City Mall,109,74,4.1,21,1999
MX-0488,Ahmedabad City Mall, 58 ,-18,5.2,21,1999
MX-0488,Jaipur City Mall,62,0,4.4,7,1999
MX-0488,Lucknow City Mall,87,22,3.7,7,1999
,Surat City Mall,46,0,4.0,14,1999
MX-0488,Indore City Mall,53,0,6.9,7,1999
MX-0488,Nagpur City Mall,26,0,7.0,7,1999
MX-0488,Kochi City Mall,455,152,6.6,21,1999
MX-0488,Chandigarh City Mall,3,0,4.0,5,1999
MX-0488,Chandigarh City Mall,3,0,4.0,5,1999
MX-0488,Bhopal City Mall, 91 ,0,1.7,21,N/A
MX-0488,Patna City Mall,42,0,1.7,21,1999
MX-0488,Vadodara City Mall,29,0,3.6,7,1999
MX-0488,Ludhiana City Mall,461,0,7.2,21,1999
MX-0488,Agra City Mall,14,41,3.8,10,1999
MX-0489,Mumbai,35,0,2.9,7,199
MX-0489,Delhi,69,0,6.1,10,199
MX-0489,Bengaluru,142,0,5.9,10,199
MX-0489,Hyderabad,5,0,0.3,10,199
MX-0489,Chennai,10,0,1.7,7,199
MX-0489,Kolkata,12.5,0,0.8,5,199
MX-0489,Pune,3,0,5.0,7,199
MX-0489,Ahmedabad,8,0,3.3,21,199
MX-0489,Jaipur,14,0,3.6,7,199
MX-0489,Lucknow,20,0,7.5,5,199
MX-0489,Surat,56,0,2.0,14,199
MX-0489,Indore,319,0,4.8,21,199
MX-0489,Nagpur, 25 ,0,2.5,14,199
MX-0489,Kochi,28,0,2.4,7,199
MX-0489,Chandigarh,49,0,0.7,21,199
MX-0489,Bhopal,69,0,7.3,7,199
MX-0489,Patna,29,0,5.0,5,199
MX-0489,Vadodara,45,0,4.6,,199
MX-0489,Ludhiana,56,176,6.9,21,199
MX-0489,Agra,1,15,1.8,14,199
MX-0489,Nashik,178,0,7.4,14,199
MX-0489,Meerut, 2 ,0,3.1,10,199
MX-0489,Rajkot,391,0,6.4,21,199
MX-0489,Varanasi,96,0,7.3,10,199
MX-0489,Amritsar,16,0,3.9,7,199
MX-0489,Noida,6,0,0.3,10,199
MX-0489,Gurugram,17,0,3.7,21,199
MX-0489,Coimbatore,101,0,4.4,10,199
MX-0489,Madurai,35,0,2.2,10,199
MX-0489,Guwahati,-8,0,3.9,10,199
MX-0489,Mumbai City Mall,33,0,7.6,14,199
MX-0489,Delhi City Mall,6,64,2.7,21,199
MX-0489,Bengaluru City Mall,15,38,4.0,10,199
MX-0489,Hyderabad City Mall,22,0,2.3,5,199
MX-0489,Chennai City Mall,26,0,5.9,14,199
MX-0489,Kolkata City Mall, 0 ,0,1.4,10,199
MX-0489,Pune City Mall,11,0,6.3,5,199
MX-0489,Ahmedabad City Mall,55,0,3.7,7,199
MX-0489,Jaipur City Mall,277,0,3.9,21,199
MX-0489,Lucknow City Mall,28,0,4.4,5,199
MX-0489,Surat City Mall,13,0,1.7,21,199
MX-0489,Indore City Mall,7,0,2.6,14,199
MX-0489,Nagpur City Mall,55,21,,5,199
MX-0489,Kochi City Mall,49,0,5.1,10,199
MX-0489,Chandigarh City Mall,5,0,0.3,14,199
MX-0489,Bhopal City Mall,66,0,2.6,10,199
MX-0489,Patna City Mall,0,0,3.1,14,199
MX-0489,Vadodara City Mall,16,17,0.7,21,199
MX-0489,Ludhiana City Mall,5,0,3.4,5,199
MX-0489,Agra City Mall,246,88,6.0,14 days,199
MX-0490,Mumbai,203,0,6.2,14,999
MX-0490,Delhi,1,0,1.0,7,999
MX-0490,Bengaluru,64,0,2.9,10,999
MX-0490,Hyderabad,280,0,6.4,21,999
MX-0490,Chennai,68,0,4.3,7,N/A
MX-0490,Kolkata,114,0,4.1,10,999
MX-0490,Pune,54,39,6.3,7,999
MX-0490,Ahmedabad,171,0,3.6,21,999
MX-0490,Jaipur,32.5,-2,1.1,10,999
MX-0490,Lucknow,34,0,5.8,5,999
MX-0490,Surat,28,3,1.2,7,999
MX-0490,Indore,7,0,1.3,7,999
MX-0490,Nagpur,27,0,1.9,14,999
MX-0490,Kochi,43,0,1.9,14,999
MX-0490,Chandigarh,15,0,0.7,7,999
MX-0490,Bhopal,17,19,4.1,5,999
MX-0490,Patna,13,24,2.6,7,999
MX-0490,Vadodara,2,0,1.6,7,999
MX-0490,Ludhiana,41,0,5.7,14,999
MX-0490,Agra,244,0,4.8,21,999
MX-0490,Nashik,9,0,3.6,14,999
MX-0490,Meerut,163,42,6.1,14,999
MX-0490,Rajkot,238,0,7.1,14,999
MX-0490,Varanasi,10,7,1.8,5,999
MX-0490,Amritsar,33,21,1.9,10,999
MX-0490,Noida,92,0,3.8,10,999
MX-0490,Gurugram,16,0,2.3,5,999
MX-0490,Coimbatore,1,4,0.4,10,999
MX-0490,Madurai,126,24,6.2,7,999
MX-0490,Guwahati, 16 ,0,4.5,14,999
MX-0490,Mumbai City Mall,253,0,3.9,21,999
MX-0490,Delhi City Mall,27,0,3.5,7,999
MX-0490,Bengaluru City Mall,5,1,0.4,5,999
MX-0490,Hyderabad City Mall,95,0,5.8,10,999
MX-0490,Chennai City Mall,3,0,2.2,7,999
MX-0490,Kolkata City Mall,94,0,2.5,14,999
MX-0490,Pune City Mall,85, 29 ,7.0,5,999
MX-0490,Ahmedabad City Mall,101,0,5.1,14,999
MX-0490,Jaipur City Mall,194,0,7.8,10,999
MX-0490,Lucknow City Mall,137,0,4.5,14,999
MX-0490,Surat City Mall,4,0,0.4,,999
,Indore City Mall,22,0,4.4,21,999
,Indore City Mall,22,0,4.4,21,999
MX-0490,Nagpur City Mall,73,0,4.2,7,999
MX-0490,Kochi City Mall,36,0,2.9,5,999
MX-0490,Chandigarh City Mall,39,33,4.4,10,999
MX-0490,Bhopal City Mall,17,0,7.9,14,999
MX-0490,Patna City Mall,1,0,0.7,5,999
MX-0490,Vadodara City Mall,2,0,0.2,21,999
MX-0490,Ludhiana City Mall,84,0,6.2,21,999
MX-0490,Agra City Mall,26,0,1.0,10,999
MX-0491,Mumbai,140,0,3.9,14,999
MX-0491,Delhi,2,3,0.7,7,999
MX-0491,Bengaluru,103,0,7.8,7,999
MX-0491,Hyderabad,182,0,7.4,21,999
MX-0491,Chennai,12,0,7.9,14,999
MX-0491,Kolkata,47,0,6.9,5,999
MX-0491,Pune,103,25,3.2,10,999
MX-0491,Ahmedabad,37,0,7.0,5,999
MX-0491,Jaipur,16,0,3.0,5,999
MX-0491,Lucknow,39,0,1.7,10,999
MX-0491,Surat,414,0,6.3,21,999
MX-0491,Indore,15.5,0,0.3,21,999
MX-0491,Nagpur,48,0,6.9,7,999
MX-0491,Kochi,26,0,3.6,21,N/A
MX-0491,Chandigarh,34,0,5.7,7,999
MX-0491,Bhopal,245,0,7.0,14,999
MX-0491,Patna,166,0,6.9,10,999
MX-0491,Vadodara,10,0,0.6,14,999
MX-0491,Ludhiana,(4),0,0.9,21,999
MX-0491,Agra,0,4,0.7,7,999
MX-0491,Nashik,36,28,4.3,10,999
MX-0491,Meerut,0,2,0.3,7,999
MX-0491,Rajkot,132,0,3.4,14,999
MX-0491,Varanasi,52,0,7.2,5,999
MX-0491,Amritsar,33,0,7.7,7,999
MX-0491,Noida,83,0,,10,999
MX-0491,Gurugram,116,0,6.6,7,999
MX-0491,Coimbatore,183,0,5.8,10,999
MX-0491,Madurai,67,0,3.5,7 days,999
MX-0491,Guwahati,17,-9,7.2,5,999
MX-0491,Mumbai City Mall,2,0,0.3,10,999
MX-0491,Delhi City Mall,18,0,2.8,10,999
MX-0491,Bengaluru City Mall,65,0,5.3,7,999
MX-0491,Hyderabad City Mall,43,15,4.0,5,999
MX-0491,Chennai City Mall,10,0,1.0,10,999
MX-0491,Kolkata City Mall,69,0,5.0,7,999
MX-0491,Pune City Mall,181,89,6.6,14,999
MX-0491,Ahmedabad City Mall,147,0,7.9,14,999
MX-0491,Jaipur City Mall,118,52,4.7,14,999
MX-0491,Lucknow City Mall,29,0,1.0,14,999
MX-0491,Surat City Mall,14,0,5.5,7,999
MX-0491,Indore City Mall,9,0,3.1,10,999
MX-0491,Nagpur City Mall,16,0,4.8,7,999
MX-0491,Kochi City Mall,28,0,6.5,7,999
MX-0491,Chandigarh City Mall,64,0,6.8,21,999
MX-0491,Bhopal City Mall,347,0,6.4,21,999
MX-0491,Patna City Mall,25,12,1.3,7,999
MX-0491,Vadodara City Mall,221,0,7.6,21,999
MX-0491,Ludhiana City Mall,4,0,0.7,5,999
MX-0491,Agra City Mall,2,0,3.6,10,999
MX-0492,Mumbai,55,0,6.6,5,1999
MX-0492,Delhi, 140 ,0,5.9,21,1999
MX-0492,Bengaluru,16,0,0.8,14,1999
MX-0492,Hyderabad,59,0,1.4,21,1999
MX-0492,Chennai,23,0,1.3,7,1999
MX-0492,Kolkata,191,0,7.3,10,1999
MX-0492,Pune,11,17,4.4,7,1999
MX-0492,Ahmedabad,50,0,3.3,10,1999
MX-0492,Jaipur,35,0,4.0,5,1999
MX-0492,Lucknow,41,52,2.5,21,1999
MX-0492,Surat,20,0,3.4,7,1999
MX-0492,Indore,82,0,6.4,10,1999
MX-0492,Nagpur,1,0,3.4,5,1999
MX-0492,Kochi,15,88,5.4,,1999
MX-0492,Chandigarh,124.5,0,2.9,14,1999
MX-0492,Bhopal,53,0,3.1,7,1999
MX-0492,Patna,13,0,1.1,7,1999
MX-0492,Vadodara,244,0,5.9,21,1999
MX-0492,Ludhiana,14,0,3.9,5,1999
MX-0492,Agra,175,0,6.4,10,1999
MX-0492,Nashik,36,0,2.2,7,1999
MX-0492,Meerut,41,0,5.8,5,1999
MX-0492,Rajkot,8,0,2.2,5,N/A
MX-0492,Varanasi,265,0,6.8,21,1999
MX-0492,Amritsar,4,0,1.8,10,1999
MX-0492,Noida,134,45,3.0,14,1999
MX-0492,Gurugram,15,11,3.2,5,1999
MX-0492,Coimbatore,42,24,2.6,14,1999
MX-0492,Madurai,2,3,0.5,7,1999
MX-0492,Guwahati, 16 ,0,2.7,10,1999
MX-0492,Mumbai City Mall,105,0,4.1,10,1999
MX-0492,Delhi City Mall,33,0,2.0,7,1999
MX-0492,Bengaluru City Mall,33,0,1.1,10,1999
MX-0492,Hyderabad City Mall,6,4,1.2,5,1999
MX-0492,Chennai City Mall,103,0,6.5,14,1999
MX-0492,Kolkata City Mall,43,0,3.9,5,1999
MX-0492,Pune City Mall,128,0,2.9,14,1999
MX-0492,Ahmedabad City Mall,122,0,2.0,21,1999
MX-0492,Jaipur City Mall,18,0,4.4,5,1999
MX-0492,Jaipur City Mall,18,0,4.4,5,1999
MX-0492,Lucknow City Mall,1,0,7.6,10,1999
MX-0492,Surat City Mall,40,0,0.8,21,1999
MX-0492,Indore City Mall,291,0,6.8,21,1999
,Nagpur City Mall,135,0,3.4,14,1999
MX-0492,Kochi City Mall,51,16,3.5,5,1999
MX-0492,Chandigarh City Mall,68,0,4.5,7,1999
MX-0492,Bhopal City Mall, 44 ,0,6.2,7,1999
MX-0492,Patna City Mall,146,0,4.8,14,1999
MX-0492,Vadodara City Mall,31,0,2.2,14,1999
MX-0492,Ludhiana City Mall,66,0,3.3,14,1999
MX-0492,Agra City Mall,26,0,0.5,21,1999
MX-0493,Mumbai,122,-20,3.8,14,499
MX-0493,Delhi,64,0,2.8,10,499
MX-0493,Bengaluru,0,0,0.3,5,499
MX-0493,Hyderabad,78,0,2.6,14,499
MX-0493,Chennai,54,0,4.4,10,499
MX-0493,Kolkata,58,68,4.6,14,499
MX-0493,Pune,262,0,6.2,21,499
MX-0493,Ahmedabad,-6,17,2.6,10 days,499
MX-0493,Jaipur,122,0,,21,499
MX-0493,Lucknow,55,0,2.1,10,499
MX-0493,Surat,54,0,4.9,10,499
MX-0493,Indore, 40 ,27,5.2,5,499
MX-0493,Nagpur,31,0,0.5,21,499
MX-0493,Kochi,1,0,5.2,10,499
MX-0493,Chandigarh,11,0,1.0,10,499
MX-0493,Bhopal,47,0,2.3,14,499
MX-0493,Patna,105,0,6.3,21,499
MX-0493,Vadodara,48.5,0,3.8,5,499
MX-0493,Ludhiana,57,0,1.0,21,499
MX-0493,Agra,148,0,5.3,14,499
MX-0493,Nashik,161,0,7.7,7,499
MX-0493,Meerut,35,0,3.4,5,499
MX-0493,Rajkot,74,0,7.6,5,499
MX-0493,Varanasi,27,56,7.1,10,499
MX-0493,Amritsar,8,0,0.9,10,499
MX-0493,Noida,97,0,7.6,7,499
MX-0493,Gurugram,66,0,3.3,10,499
MX-0493,Coimbatore,66,13,4.3,7,499
MX-0493,Madurai,1,0,0.5,5,499
MX-0493,Guwahati,53,0,5.2,7,499
MX-0493,Mumbai City Mall,66,0,4.1,14,499
MX-0493,Delhi City Mall,118,0,6.3,14,N/A
MX-0493,Bengaluru City Mall,2,0,0.3,10,499
MX-0493,Hyderabad City Mall,82,0,6.3,7,499
MX-0493,Chennai City Mall, 96 ,42,5.5,7,499
MX-0493,Kolkata City Mall,284,0,6.9,14,499
MX-0493,Pune City Mall,91,48,1.7,,499
MX-0493,Ahmedabad City Mall,166,0,4.4,14,499
MX-0493,Jaipur City Mall,39,0,5.9,14,499
MX-0493,Lucknow City Mall,141,72,7.7,10,499
MX-0493,Surat City Mall,17,0,6.7,7,499
MX-0493,Indore City Mall,5,0,0.5,5,499
MX-0493,Nagpur City Mall,19,3,1.3,5,499
MX-0493,Kochi City Mall,30,0,2.7,7,499
MX-0493,Chandigarh City Mall,19,0,3.8,10,499
MX-0493,Bhopal City Mall,197,48,4.6,14,499
MX-0493,Patna City Mall,73,0,2.4,10,499
MX-0493,Vadodara City Mall,188,0,6.6,21,499
MX-0493,Ludhiana City Mall,124,0,7.6,7,499
MX-0493,Agra City Mall,4,0,0.2,21,499
MX-0494,Mumbai, 30 ,0,7.0,5,3999
MX-0494,Delhi,2,0,6.7,5,3999
MX-0494,Bengaluru,18,20,4.2,5,3999
MX-0494,Hyderabad,157,38,3.9,21,3999
MX-0494,Chennai,94,0,3.0,10,3999
MX-0494,Kolkata,6,0,2.1,5,3999
MX-0494,Pune,95,42,5.4,7,3999
MX-0494,Ahmedabad,10,3,0.4,10,3999
MX-0494,Jaipur,0,0,1.4,7,3999
MX-0494,Lucknow,0,0,1.3,14,3999
MX-0494,Surat,307,103,6.9,14,3999
MX-0494,Indore,12,0,4.7,5,3999
MX-0494,Nagpur,90,0,6.1,5,3999
MX-0494,Kochi,0,0,1.0,5,3999
MX-0494,Chandigarh,15,0,4.0,14,3999
MX-0494,Bhopal,32,0,3.3,21,3999
MX-0494,Patna,12,0,4.7,5,3999
MX-0494,Vadodara,64,29,2.4,14,3999
MX-0494,Ludhiana,106,52,2.8,14,3999
MX-0494,Agra,87,44,7.4,5,3999
MX-0494,Nashik,11.5,0,2.3,10,3999
MX-0494,Meerut, 118 ,-2,7.6,10,3999
MX-0494,Rajkot,227,0,7.7,14,3999
MX-0494,Varanasi,123,28,4.6,10,3999
MX-0494,Amritsar,44,0,7.0,10,3999
MX-0494,Noida,59,35,2.3,21,3999
MX-0494,Gurugram,7,0,4.2,7,3999
MX-0494,Coimbatore,46,0,4.3,10,3999
MX-0494,Madurai,13,0,0.3,21,3999
MX-0494,Guwahati,13,0,1.2,10,3999
MX-0494,Mumbai City Mall,97,44,6.2,7,3999
MX-0494,Delhi City Mall,24,0,6.2,5,3999
MX-0494,Bengaluru City Mall, 49 ,26,6.7,7,3999
MX-0494,Hyderabad City Mall,70,0,3.1,14,3999
MX-0494,Chennai City Mall,85,0,4.1,10,3999
MX-0494,Kolkata City Mall,87,0,7.9,5,3999
MX-0494,Kolkata City Mall,87,0,7.9,5,3999
MX-0494,Pune City Mall,21,0,0.5,14 days,3999
MX-0494,Ahmedabad City Mall,19,0,4.0,21,3999
MX-0494,Jaipur City Mall,57,0,3.5,7,3999
MX-0494,Lucknow City Mall,103,0,4.5,14,3999
MX-0494,Surat City Mall,40,0,7.5,5,N/A
MX-0494,Indore City Mall,82,0,,10,3999
MX-0494,Nagpur City Mall,70,21,4.7,7,3999
,Kochi City Mall,18,0,4.1,7,3999
MX-0494,Chandigarh City Mall,29,0,7.7,5,3999
MX-0494,Bhopal City Mall,28,20,0.7,21,3999
MX-0494,Patna City Mall,-2,0,5.9,10,3999
MX-0494,Vadodara City Mall,25,0,4.7,21,3999
MX-0494,Ludhiana City Mall, 17 ,0,0.8,21,3999
MX-0494,Agra City Mall,33,0,2.4,5,3999
MX-0495,Mumbai,8,0,0.7,10,499
MX-0495,Delhi,132,0,6.9,7,499
MX-0495,Bengaluru,63,0,3.0,7,499
MX-0495,Hyderabad,2,0,0.4,5,499
MX-0495,Chennai,76,0,3.0,10,499
MX-0495,Kolkata,59,0,2.8,7,499
MX-0495,Pune,20,0,2.5,7,499
MX-0495,Ahmedabad,10,2,0.2,21,499
MX-0495,Jaipur,57,25,3.9,7,499
MX-0495,Lucknow,26,0,1.5,,499
MX-0495,Surat,54,0,7.8,5,499
MX-0495,Indore,9, 2 ,0.7,7,499
MX-0495,Nagpur,149,0,4.1,14,499
MX-0495,Kochi,25,0,1.8,14,499
MX-0495,Chandigarh,74,0,2.3,10,499
MX-0495,Bhopal,79,90,4.0,21,499
MX-0495,Patna, 25 ,24,5.9,5,499
MX-0495,Vadodara,1,0,5.3,5,499
MX-0495,Ludhiana,176,0,5.0,14,499
MX-0495,Agra,45,36,6.2,7,499
MX-0495,Nashik,8,0,0.7,10,499
MX-0495,Meerut,3,0,0.4,5,499
MX-0495,Rajkot,102,0,6.5,10,499
MX-0495,Varanasi,85.5,0,6.6,5,499
MX-0495,Amritsar,75,75,7.5,10,499
MX-0495,Noida,6,13,1.0,14,499
MX-0495,Gurugram,47, 7 ,1.4,10,499
MX-0495,Coimbatore,55,0,1.5,14,499
MX-0495,Madurai,27,0,0.6,14,499
MX-0495,Guwahati,5,0,2.2,5,499
MX-0495,Mumbai City Mall,120,0,7.8,10,499
MX-0495,Delhi City Mall,148,87,5.5,21,499
MX-0495,Bengaluru City Mall,120,0,6.3,14,499
MX-0495,Hyderabad City Mall,107,0,8.0,14,499
MX-0495,Chennai City Mall,47,0,6.2,7,499
MX-0495,Kolkata City Mall,3,1,0.2,7,499
MX-0495,Pune City Mall,37,0,2.2,7,499
MX-0495,Ahmedabad City Mall,52,0,4.4,7,499
MX-0495,Jaipur City Mall, 57 ,0,3.7,10,499
MX-0495,Lucknow City Mall,73,29,3.5,10,499
MX-0495,Surat City Mall,133,0,3.1,14,499
MX-0495,Indore City Mall,21,0,1.3,5,499
MX-0495,Nagpur City Mall,12,-3,5.1,7,499
MX-0495,Kochi City Mall,34,0,2.4,7,499
MX-0495,Chandigarh City Mall,45,0,4.6,5,499
MX-0495,Bhopal City Mall,338,0,6.3,21,499
MX-0495,Patna City Mall,4,0,0.4,7,499
MX-0495,Vadodara City Mall,86,0,6.9,7,499
MX-0495,Ludhiana City Mall,220,96,7.4,21,499
MX-0495,Agra City Mall,87,0,1.5,21,N/A
MX-0496,Mumbai,118,0,7.1,21,199
MX-0496,Delhi,168,0,7.0,21,199
MX-0496,Bengaluru,38,0,1.4,14,199
MX-0496,Hyderabad,9,0,1.5,14,199
MX-0496,Chennai,51,0,2.8,7,199
MX-0496,Kolkata,46,0,3.8,5,199
MX-0496,Pune,43,0,4.9,10,199
MX-0496,Ahmedabad,16,4,0.8,7,199
MX-0496,Jaipur,83,0,2.9,10,199
MX-0496,Lucknow,5,0,3.3,14,199
MX-0496,Surat,16,0,0.6,21,199
MX-0496,Indore,134,0,2.8,21,199
MX-0496,Nagpur,82,0,6.6,10,199
MX-0496,Kochi,2,0,1.4,5,199
MX-0496,Chandigarh,113,0,6.3,21,199
MX-0496,Bhopal,68,0,6.4,5 days,199
MX-0496,Patna,45,0,7.3,5,199
MX-0496,Vadodara,44,22,4.0,7,199
MX-0496,Ludhiana,36,18,1.7,10,199
MX-0496,Agra,81,0,2.2,14,199
MX-0496,Nashik,76,0,5.6,14,199
MX-0496,Meerut,56,0,6.4,7,199
MX-0496,Rajkot,68,0,4.8,7,199
MX-0496,Varanasi,115, 50 ,6.0,14,199
MX-0496,Amritsar,216,0,,10,199
MX-0496,Noida,18,0,2.1,5,199
MX-0496,Gurugram,19.5,0,6.1,21,199
MX-0496,Coimbatore,127,0,2.4,21,199
MX-0496,Madurai,25,0,4.7,14,199
MX-0496,Guwahati,1,0,0.4,5,199
MX-0496,Mumbai City Mall,260,0,6.7,14,199
MX-0496,Delhi City Mall,48,0,3.3,7,199
MX-0496,Bengaluru City Mall,0,35,2.6,,199
MX-0496,Bengaluru City Mall,0,35,2.6,,199
MX-0496,Hyderabad City Mall,90,88,4.2,21,199
MX-0496,Chennai City Mall,15,3,1.1,5,199
MX-0496,Kolkata City Mall,-9,0,7.0,14,199
MX-0496,Pune City Mall,141,0,6.7,7,199
MX-0496,Ahmedabad City Mall,18,0,0.9,7,199
MX-0496,Jaipur City Mall,155,0,3.7,14,199
MX-0496,Lucknow City Mall,8,0,6.4,5,199
MX-0496,Surat City Mall,54,0,4.4,7,199
MX-0496,Indore City Mall,223,0,4.8,14,199
MX-0496,Nagpur City Mall,26,0,3.0,5,199
MX-0496,Kochi City Mall,10,0,3.6,5,199
,Chandigarh City Mall,30,0,4.9,7,199
MX-0496,Bhopal City Mall,38,12,1.9,7,199
MX-0496,Patna City Mall,60,0,7.1,10,199
MX-0496,Vadodara City Mall,25,0,3.6,10,199
MX-0496,Ludhiana City Mall,89,0,6.9,7,199
MX-0496,Agra City Mall,8,0,2.3,21,199
MX-0497,Mumbai,27,0,1.3,21,199
MX-0497,Delhi,3,0,0.3,10,199
MX-0497,Bengaluru, 243 ,58,4.2,21,199
MX-0497,Hyderabad,119,0,3.9,21,199
MX-0497,Chennai,24,9,3.6,5,199
MX-0497,Kolkata,85,0,4.0,10,199
MX-0497,Pune,133,0,4.4,21,199
MX-0497,Ahmedabad,106,0,1.9,21,199
MX-0497,Jaipur,181,0,6.6,14,N/A
MX-0497,Lucknow,54,0,7.4,5,199
MX-0497,Surat,117,0,6.7,7,199
MX-0497,Indore,0,0,0.8,21,199
MX-0497,Nagpur,23,0,4.4,10,199
MX-0497,Kochi,63,-2,5.1,14,199
MX-0497,Chandigarh,257,63,4.9,21,199
MX-0497,Bhopal,25,0,0.7,21,199
MX-0497,Patna,74,0,3.5,10,199
MX-0497,Vadodara,23,16,2.2,7,199
MX-0497,Ludhiana,121,0,4.1,10,199
MX-0497,Agra,26,0,4.1,5,199
MX-0497,Nashik,216,117,4.1,21,199
MX-0497,Meerut,229,0,7.5,21,199
MX-0497,Rajkot,14,30,2.4,10,199
MX-0497,Varanasi,259,0,7.9,14,199
MX-0497,Amritsar, 112 ,0,3.4,21,199
MX-0497,Noida,22,0,4.4,7,199
MX-0497,Gurugram, 15 ,0,4.3,10,199
MX-0497,Coimbatore,196,132,6.2,21,199
MX-0497,Madurai,9,0,7.3,5,199
MX-0497,Guwahati,224.5,0,4.2,21,199
MX-0497,Mumbai City Mall,27,0,2.0,5,199
MX-0497,Delhi City Mall,18,0,4.7,5,199
MX-0497,Bengaluru City Mall,16,6,1.4,7,199
MX-0497,Hyderabad City Mall,71,0,3.9,14,199
MX-0497,Chennai City Mall,121,0,5.4,14,199
MX-0497,Kolkata City Mall,54,58,3.0,21,199
MX-0497,Pune City Mall, 8 ,0,4.1,10,199
MX-0497,Ahmedabad City Mall,40,0,1.8,10,199
MX-0497,Jaipur City Mall,334,0,6.0,21,199
MX-0497,Lucknow City Mall,220,66,5.4,14,199
MX-0497,Surat City Mall,58,0,4.1,5,199
MX-0497,Indore City Mall,138,0,6.4,7,199
MX-0497,Nagpur City Mall, 61 ,71,6.5,10,199
MX-0497,Kochi City Mall,262,0,6.7,14,199
MX-0497,Chandigarh City Mall,6,0,6.5,10 days,199
MX-0497,Bhopal City Mall,41,0,1.3,14,199
MX-0497,Patna City Mall,28,35,4.4,7,199
MX-0497,Vadodara City Mall,144,0,7.7,7,199
MX-0497,Ludhiana City Mall,33,0,7.4,5,199
MX-0497,Agra City Mall,2,0,4.5,10,199
MX-0498,Mumbai,188,0,7.9,10,199
MX-0498,Delhi,16,0,3.3,21,199
MX-0498,Bengaluru,45,0,3.4,21,199
MX-0498,Hyderabad,95,0,4.8,7,199
MX-0498,Chennai,75,0,2.7,10,199
MX-0498,Kolkata,5,0,0.5,,199
MX-0498,Pune,3,0,1.5,5,199
MX-0498,Ahmedabad,79,0,,5,199
MX-0498,Jaipur,13,0,3.5,21,199
MX-0498,Lucknow,195,0,4.2,14,199
MX-0498,Surat,52,34,6.0,7,199
MX-0498,Indore, 31 ,0,6.5,5,199
MX-0498,Nagpur,5,41,3.9,21,199
MX-0498,Kochi,17,14,1.2,14,199
MX-0498,Chandigarh,44,0,3.0,10,199
MX-0498,Bhopal,24,0,1.1,21,199
MX-0498,Patna,18,0,1.4,14,199
MX-0498,Vadodara,27,0,1.1,10,N/A
MX-0498,Ludhiana,31,0,2.3,5,199
MX-0498,Agra,8,0,0.3,21,199
MX-0498,Nashik,37,0,3.3,5,199
MX-0498,Meerut,72,0,2.2,10,199
MX-0498,Rajkot,21,0,3.1,14,199
MX-0498,Varanasi,124,0,3.0,14,199
MX-0498,Amritsar,(9),4,0.6,14,199
MX-0498,Noida,32,0,7.4,7,199
MX-0498,Gurugram,104,0,3.6,21,199
MX-0498,Coimbatore,290,177,6.8,21,199
MX-0498,Madurai,20,0,5.7,21,199
MX-0498,Guwahati,16,0,2.2,10,199
MX-0498,Guwahati,16,0,2.2,10,199
MX-0498,Mumbai City Mall,42,14,2.3,10,199
MX-0498,Delhi City Mall,19,0,7.5,10,199
MX-0498,Bengaluru City Mall,205.5,0,6.3,21,199
MX-0498,Hyderabad City Mall,83,0,5.0,5,199
MX-0498,Chennai City Mall,20,-2,5.9,5,199
MX-0498,Kolkata City Mall,17,0,1.9,5,199
MX-0498,Pune City Mall,36,16,2.7,5,199
MX-0498,Ahmedabad City Mall,6,4,1.2,7,199
MX-0498,Jaipur City Mall,42,0,2.5,21,199
MX-0498,Lucknow City Mall, 28 ,13,1.2,21,199
MX-0498,Surat City Mall,205,0,5.2,14,199
MX-0498,Indore City Mall,59,0,1.6,21,199
MX-0498,Nagpur City Mall,72,14,2.4,14,199
MX-0498,Kochi City Mall,266,0,5.4,21,199
MX-0498,Chandigarh City Mall,265,0,4.6,21,199
,Bhopal City Mall,42,0,3.9,5,199
MX-0498,Patna City Mall,39,0,7.9,5,199
MX-0498,Vadodara City Mall,184,41,4.0,14,199
MX-0498,Ludhiana City Mall,74,0,6.1,5,199
MX-0498,Agra City Mall,44,0,1.5,21,199
MX-0499,Mumbai,156,0,7.3,7,499
MX-0499,Delhi,129,0,4.3,10,499
MX-0499,Bengaluru,278,113,7.0,14,499
MX-0499,Hyderabad, 90 ,0,4.4,7,499
MX-0499,Chennai,0,0,1.7,7,499
MX-0499,Kolkata,13,0,2.1,5,499
MX-0499,Pune,7,0,5.4,21,499
MX-0499,Ahmedabad,23,0,1.3,7,499
MX-0499,Jaipur,75,0,5.3,7,499
MX-0499,Lucknow,152,34,5.0,10,499
MX-0499,Surat,17,0,4.1,7,499
MX-0499,Indore,4,0,0.3,5,499
MX-0499,Nagpur,29,28,5.0,7,499
MX-0499,Kochi,199,29,2.8,21,499
MX-0499,Chandigarh, 29 , 87 ,3.1,21,499
MX-0499,Bhopal,6,0,0.7,21,499
MX-0499,Patna,6,0,5.8,5,499
MX-0499,Vadodara,10,0,1.8,5,499
MX-0499,Ludhiana,110,0,5.9,10,499
MX-0499,Agra,22,0,2.8,5,499
MX-0499,Nashik,26,0,1.9,10,499
MX-0499,Meerut,63,0,7.6,5,499
MX-0499,Rajkot,92,0,5.3,7,499
MX-0499,Varanasi,78,0,7.1,7 days,499
MX-0499,Amritsar,21,32,5.8,5,499
MX-0499,Noida,12,0,2.1,5,499
MX-0499,Gurugram,27,0,6.1,5,N/A
MX-0499,Coimbatore,170,67,7.6,7,499
MX-0499,Madurai,291,0,4.4,,499
MX-0499,Guwahati,74,0,1.5,21,499
MX-0499,Mumbai City Mall,51,42,4.0,10,499
MX-0499,Delhi City Mall,236,0,6.1,21,499
MX-0499,Bengaluru City Mall,13,0,3.7,5,499
MX-0499,Hyderabad City Mall,83,0,2.4,14,499
MX-0499,Chennai City Mall,40,0,2.8,7,499
MX-0499,Kolkata City Mall,106.5,141,6.5,21,499
MX-0499,Pune City Mall,42,0,3.4,10,499
MX-0499,Ahmedabad City Mall,155,0,7.9,7,499
MX-0499,Jaipur City Mall,21,0,0.5,21,499
MX-0499,Lucknow City Mall,51,55,4.0,21,499
MX-0499,Surat City Mall,0,0,,7,499
MX-0499,Indore City Mall,128,0,3.5,14,499
MX-0499,Nagpur City Mall,52,0,4.8,7,499
MX-0499,Kochi City Mall,20,31,2.1,21,499
MX-0499,Chandigarh City Mall,35,129,7.6,14,499
MX-0499,Bhopal City Mall,12,0,6.0,5,499
MX-0499,Patna City Mall,51,16,2.6,7,499
MX-0499,Vadodara City Mall,237,0,6.9,21,499
MX-0499,Ludhiana City Mall,21,9,4.8,5,499
MX-0499,Agra City Mall,65,23,4.1,10,499
MX-0500,Mumbai,96,0,6.6,14,499
MX-0500,Delhi,25,0,5.8,10,499
MX-0500,Bengaluru,1,0,6.8,7,499
MX-0500,Hyderabad,81,60,4.4,10,499
MX-0500,Chennai,23,32,5.7,7,499
MX-0500,Kolkata,120,-14,8.0,5,499
MX-0500,Pune,14,0,1.7,5,499
MX-0500,Ahmedabad, 39 ,0,4.2,5,499
MX-0500,Jaipur,7,0,3.2,10,499
MX-0500,Lucknow,25,0,0.6,14,499
MX-0500,Surat,90,0,5.3,21,499
MX-0500,Indore,96,0,6.0,7,499
MX-0500,Nagpur,145,89,7.4,10,499
MX-0500,Kochi,(2),0,0.8,10,499
MX-0500,Chandigarh, 16 ,0,5.5,5,499
MX-0500,Bhopal,8,0,7.5,21,499
MX-0500,Patna,45,30,4.5,7,499
MX-0500,Vadodara,12,0,4.9,5,499
MX-0500,Ludhiana,101,0,7.5,21,499
MX-0500,Agra,12,0,0.8,10,499
MX-0500,Nashik,26,0,8.0,5,499
MX-0500,Meerut,27,0,3.2,5,499
MX-0500,Rajkot,130,0,2.8,21,499
MX-0500,Varanasi,37,0,1.0,14,499
MX-0500,Amritsar,108,0,5.2,21,499
MX-0500,Noida,119,0,7.1,7,499
MX-0500,Gurugram,0,4,0.5,10,499
MX-0500,Gurugram,0,4,0.5,10,499
MX-0500,Coimbatore,15,9,1.9,5,499
MX-0500,Madurai, 257 ,0,6.1,14,499
MX-0500,Guwahati,42,11,2.4,7,499
MX-0500,Mumbai City Mall,22,29,4.4,5,499
MX-0500,Delhi City Mall,73,0,3.3,14,499
MX-0500,Bengaluru City Mall,99,60,7.2,10,499
MX-0500,Hyderabad City Mall,45,0,5.0,5,499
MX-0500,Chennai City Mall,27,38,4.2,14,499
MX-0500,Kolkata City Mall,19,9,1.5,5,N/A
MX-0500,Pune City Mall,51,0,3.3,5,499
MX-0500,Ahmedabad City Mall,9,0,0.8,5,499
MX-0500,Jaipur City Mall,162.5,0,7.8,14,499
MX-0500,Lucknow City Mall,3,1,0.3,5,499
MX-0500,Surat City Mall,62,0,1.9,14,499
MX-0500,Indore City Mall,43,0,1.7,10,499
MX-0500,Nagpur City Mall, 7 ,65,3.7,14,499
MX-0500,Kochi City Mall,6,2,0.8,7,499
MX-0500,Chandigarh City Mall,84,0,1.7,21,499
MX-0500,Bhopal City Mall,11,0,1.5,14,499
,Patna City Mall,96,0,7.1,7,499
MX-0500,Vadodara City Mall,39,0,1.9,14,499
MX-0500,Ludhiana City Mall,317,0,4.9,21,499
MX-0500,Agra City Mall, 166 ,0,5.6,10,499
